vendor_id,pickup_datetime,dropoff_datetime,passenger_count,trip_distance,pickup_longitude,pickup_latitude,rate_code_id,store_and_fwd_flag,dropoff_longitude,dropoff_latitude,payment_type,fare_amount,extra,mta_tax,tip_amount,tolls_amount,total_amount
2,2016-04-22 03:18:14,2016-04-22 03:21:23,2,0.82,-73.98332214355469,40.756038665771484,1.0,N,-73.9742202758789,40.76485061645508,2,4.5,0.5,0.5,0.0,0.0,0.3
VTS,2013-11-25 00:15:00,2013-11-25 00:19:00,6,0.72,-73.994442,40.751237,1.0,,-73.98778,40.760232,CSH,5.5,0.5,0.5,0.0,0.0,6.5
CMT,2013-09-14 18:00:58,2013-09-14 18:11:43,1,1.8,-73.964742,40.760261,1.0,N,-73.980316,40.742945,CSH,8.5,0.0,0.5,0.0,0.0,9.0
CMT,2013-07-29 21:30:48,2013-07-29 21:40:24,1,1.4,-73.98594,40.760893,1.0,N,-73.989632,40.745119,CRD,8.5,0.5,0.5,0.5,0.0,10.0
VTS,2012-03-09 20:44:00,2012-03-09 20:51:00,1,1.66,-73.99489,40.731662,1.0,,-73.997575,40.746457,CSH,6.5,0.5,0.5,0.0,0.0,7.5
VTS,2013-02-07 21:05:00,2013-02-07 21:13:00,5,1.79,-73.978742,40.777437,1.0,,-73.958562,40.78107,CRD,9.0,0.5,0.5,0.75,0.0,10.75
2,2015-09-15 12:18:12,2015-09-15 12:25:17,1,1.02,-73.97383880615234,40.754390716552734,1.0,N,-73.98455810546875,40.7443962097168,1,6.5,0.0,0.5,2.19,0.0,0.3
VTS,2012-04-29 00:57:00,2012-04-29 01:08:00,1,2.0,-73.998585,40.740002,1.0,,-73.982795,40.722827,CRD,8.1,0.5,0.5,1.4,0.0,10.5
VTS,2012-06-02 10:54:00,2012-06-02 11:08:00,1,5.85,-73.953992,40.76397,1.0,,-74.004937,40.710487,CRD,15.7,0.0,0.5,3.14,0.0,19.34
VTS,2009-12-12 12:18:00,2009-12-12 12:33:00,3,2.01,-73.991332,40.7505,,,-73.972482,40.756767,CASH,9.3,0.0,0.5,0.0,0.0,9.8
VTS,2014-12-21 16:15:00,2014-12-21 16:26:00,1,2.31,-73.969868,40.784667,1.0,,-73.950932,40.804357,CSH,10.5,0.0,0.5,0.0,0.0,11.0
VTS,2013-07-15 07:30:00,2013-07-15 07:53:00,1,10.87,-73.99395,40.700632,1.0,,-73.861542,40.76818,CSH,31.5,0.0,0.5,0.0,0.0,32.0
CMT,2011-07-12 14:20:17,2011-07-12 14:26:53,1,1.0,-73.985678,40.768073,1.0,N,-73.997092,40.760377,CSH,5.7,0.0,0.5,0.0,0.0,6.2
CMT,2009-11-10 23:13:42,2009-11-10 23:28:19,2,5.3,-73.959716,40.820189,,0,-73.955595,40.768204,Credit,14.5,0.5,0.5,2.0,0.0,17.5
VTS,2009-10-26 14:22:00,2009-10-26 14:28:00,1,1.09,-73.993422,40.756477,,,-74.005198,40.746615,CASH,5.3,0.0,,0.0,0.0,5.3
VTS,2011-10-15 10:56:00,2011-10-15 11:03:00,1,0.97,-74.007667,40.70454,1.0,,-73.994363,40.712663,CSH,5.7,0.0,0.5,0.0,0.0,6.2
CMT,2012-11-29 12:37:08,2012-11-29 12:44:26,1,1.4,-73.998364,40.726044,1.0,N,-73.981097,40.733518,CSH,7.5,0.0,0.5,0.0,0.0,8.0
CMT,2012-09-19 23:58:20,2012-09-20 00:06:51,1,1.9,-73.995878,40.742531,1.0,N,-73.985333,40.723546,CRD,8.5,0.5,0.5,1.9,0.0,11.4
CMT,2009-09-14 15:18:23,2009-09-14 15:26:07,1,1.1,-73.989695,40.752281,,0,-73.986823,40.765156,Cash,6.1,0.0,,0.0,0.0,6.1
CMT,2009-04-09 23:06:46,2009-04-09 23:25:59,1,4.7,-73.984774,40.768358,,0,-73.943348,40.768981,Cash,15.0,0.0,,0.0,0.0,15.0
CMT,2010-05-16 13:04:48,2010-05-16 13:20:11,1,2.2,-73.993136,40.722626,1.0,0,-73.978299,40.751273,Cas,10.5,0.0,0.5,0.0,0.0,11.0
CMT,2012-07-21 15:59:24,2012-07-21 16:46:30,1,10.0,-73.981851,40.768983,1.0,N,-73.977018,40.681606,CSH,30.9,0.0,0.5,0.0,0.0,31.4
VTS,2010-04-24 20:23:00,2010-04-24 20:26:00,1,0.76,-73.977738,40.752315,1.0,,-73.982248,40.74294,CAS,4.1,0.5,0.5,0.0,0.0,5.1
2,2015-01-24 11:38:29,2015-01-24 11:50:42,5,2.38,-73.95414733886719,40.77883529663086,1.0,N,-73.97984313964844,40.77449035644531,1,10.5,0.0,0.5,2.0,0.0,0.3
VTS,2009-12-05 13:01:00,2009-12-05 13:16:00,1,1.07,-73.982138,40.76958,,,-73.971905,40.765768,CASH,8.5,0.0,0.5,0.0,0.0,9.0
VTS,2014-09-08 20:07:00,2014-09-08 20:16:00,1,1.62,-73.983937,40.746392,1.0,,-74.000198,40.73784,CRD,8.0,0.5,0.5,2.12,0.0,11.12
CMT,2009-08-30 19:49:43,2009-08-30 20:02:19,3,3.2,-73.964915,40.758968,,0,-74.000328,40.737367,Cash,10.1,0.0,,0.0,0.0,10.1
VTS,2014-11-14 18:22:00,2014-11-14 18:26:00,1,0.71,-73.961967,40.776392,1.0,,-73.971492,40.782087,CSH,5.5,1.0,0.5,0.0,0.0,7.0
CMT,2011-07-03 07:11:41,2011-07-03 07:15:52,1,0.9,-73.9967,40.7373,1.0,N,-73.9818,40.7328,CSH,4.9,0.0,0.5,0.0,0.0,5.4
CMT,2011-09-07 19:10:27,2011-09-07 19:31:43,1,3.2,-73.957111,40.780423,1.0,N,-73.991268,40.750322,CRD,12.9,1.0,0.5,2.0,0.0,16.4
CMT,2013-10-13 06:17:38,2013-10-13 06:30:06,2,4.7,-74.003408,40.732718,1.0,N,-73.959073,40.690507,CRD,16.0,0.0,0.5,4.1,0.0,20.6
VTS,2011-10-07 09:27:00,2011-10-07 09:56:00,1,4.1,-74.009355,40.713588,1.0,,-73.987563,40.75108,CRD,17.7,0.0,0.5,3.54,0.0,21.74
CMT,2009-11-24 21:43:12,2009-11-24 22:00:35,1,6.7,-73.992194,40.759166,,0,-73.944457,40.825598,Credit,18.1,0.5,0.5,1.9,0.0,21.0
CMT,2014-09-19 10:36:57,2014-09-19 10:45:27,1,4.1,-74.00824,40.705677,1.0,N,-73.972702,40.743411,CRD,13.5,0.0,0.5,2.8,0.0,16.8
CMT,2011-10-15 20:32:58,2011-10-15 20:39:22,1,2.0,-73.977386,40.746841,1.0,N,-73.956782,40.766755,CRD,7.3,0.5,0.5,0.8,0.0,9.1
VTS,2013-01-16 17:42:00,2013-01-16 18:08:00,1,9.39,-73.973557,40.758415,1.0,,-73.871263,40.774303,CRD,28.0,1.0,0.5,7.25,4.8,41.55
CMT,2013-01-12 15:14:10,2013-01-12 15:19:25,1,1.8,-74.007565,40.72612,1.0,N,-74.01765,40.710401,CSH,7.5,0.0,0.5,0.0,0.0,8.0
CMT,2011-08-23 12:47:41,2011-08-23 12:58:39,2,1.4,-73.98,40.7463,1.0,N,-73.9938,40.7325,CSH,7.7,0.0,0.5,0.0,0.0,8.2
VTS,2013-09-20 23:36:00,2013-09-20 23:52:00,2,1.57,-73.982135,40.730332,1.0,,-74.006948,40.741622,CRD,11.0,0.5,0.5,2.0,0.0,14.0
VTS,2014-07-29 11:51:00,2014-07-29 11:56:00,2,0.85,-73.986937,40.752807,1.0,,-73.978937,40.761877,CSH,5.5,0.0,0.5,0.0,0.0,6.0
CMT,2009-01-10 21:21:54,2009-01-10 21:28:18,3,1.0,-73.965461,40.755337,,,-73.977498,40.753595,Cash,5.8,0.0,,0.0,0.0,5.8
2,2015-05-20 13:58:41,2015-05-20 14:13:09,2,1.09,-73.98856353759766,40.75343704223633,1.0,N,-73.98416900634766,40.743221282958984,2,10.0,0.0,0.5,0.0,0.0,0.3
CMT,2012-01-28 02:54:09,2012-01-28 03:09:57,2,4.2,-73.951233,40.712232,1.0,N,-73.981374,40.741144,CRD,13.3,0.5,0.5,2.0,0.0,16.3
2,2015-06-07 04:07:07,2015-06-07 04:17:13,1,3.69,-74.00749206542969,40.70723342895508,1.0,N,-73.98778533935547,40.728458404541016,1,12.5,0.5,0.5,1.3,0.0,0.3
CMT,2013-04-03 21:06:31,2013-04-03 21:19:27,1,3.0,-73.975587,40.756753,1.0,N,-73.975058,40.790019,CSH,12.0,0.5,0.5,0.0,0.0,13.0
VTS,2010-06-30 09:38:00,2010-06-30 09:49:00,2,1.45,-73.964313,40.770313,1.0,,-73.978048,40.759745,CAS,7.3,0.0,0.5,0.0,0.0,7.8
CMT,2014-11-13 18:54:20,2014-11-13 19:09:09,1,2.3,-74.000664,40.730891,1.0,N,-74.004508,40.756538,CRD,12.0,1.0,0.5,0.0,0.0,13.5
VTS,2013-09-13 21:05:00,2013-09-13 21:36:00,1,3.17,-73.970233,40.785752,1.0,,-73.979075,40.75028,CSH,11.0,0.5,0.5,0.0,0.0,12.0
1,2016-05-20 14:43:04,2016-05-20 15:05:20,5,1.7,-73.99923706054688,40.7422981262207,1.0,N,-73.99796295166016,40.756256103515625,1,14.5,0.0,0.5,3.05,0.0,0.3
CMT,2009-04-18 13:31:56,2009-04-18 13:48:09,1,3.0,-74.007659,40.704749,,0,-74.00645,40.739321,Credit,10.9,0.0,,2.0,0.0,12.9
VTS,2009-12-31 09:27:00,2009-12-31 09:30:00,1,0.49,-73.955348,40.772963,,,-73.959777,40.766983,CASH,3.7,0.0,0.5,0.0,0.0,4.2
CMT,2013-05-31 12:59:06,2013-05-31 13:47:40,1,10.2,-73.94674,40.700291,1.0,N,-73.955915,40.780252,CRD,39.5,0.0,0.5,8.0,0.0,48.0
VTS,2011-03-08 09:42:00,2011-03-08 09:57:00,1,2.24,-74.002605,40.74467,1.0,,-73.975742,40.755182,CSH,9.3,0.0,0.5,0.0,0.0,9.8
2,2015-07-01 08:56:06,2015-07-01 08:59:33,1,0.31,-73.9762954711914,40.74407196044922,1.0,N,-73.98176574707031,40.74642562866211,1,4.0,0.0,0.5,1.2,0.0,0.3
1,2015-02-20 15:14:07,2015-02-20 15:32:33,2,2.2,-73.95745849609375,40.782840728759766,1.0,N,-73.98773956298828,40.779510498046875,1,13.0,0.0,0.5,1.5,0.0,0.3
VTS,2012-12-31 19:45:00,2012-12-31 19:51:00,3,1.03,-73.97609,40.75386,1.0,,-73.964163,40.756462,CRD,6.0,1.0,0.5,1.4,0.0,8.9
VTS,2012-10-13 00:34:00,2012-10-13 00:42:00,3,1.66,-74.002948,40.744432,1.0,,-73.997,40.762693,CSH,7.5,0.5,0.5,0.0,0.0,8.5
VTS,2011-06-19 19:23:00,2011-06-19 19:29:00,2,1.84,-73.945112,40.778902,1.0,,-73.963143,40.75856,CSH,6.5,0.0,0.5,0.0,0.0,7.0
VTS,2012-01-22 04:30:00,2012-01-22 04:40:00,1,2.85,-73.985408,40.722067,1.0,,-74.00418,40.705625,CRD,9.3,0.5,0.5,0.0,0.0,10.3
1,2015-02-06 18:43:38,2015-02-06 18:56:28,1,1.1,-74.00270080566406,40.73030471801758,1.0,N,-73.99964141845703,40.71943664550781,2,9.5,1.0,0.5,0.0,0.0,0.3
CMT,2012-05-10 21:49:46,2012-05-10 21:54:47,1,0.9,-74.00489,40.740817,1.0,N,-73.99686,40.742155,CRD,4.9,0.5,0.5,1.15,0.0,7.05
CMT,2013-11-25 12:26:48,2013-11-25 12:37:42,1,1.7,-73.961786,40.771771,1.0,N,-73.981802,40.767331,CRD,9.0,0.0,0.5,1.9,0.0,11.4
VTS,2012-12-31 14:26:00,2012-12-31 14:36:00,5,2.19,-73.991685,40.749887,1.0,,-73.996895,40.72526,CRD,10.0,0.0,0.5,2.0,0.0,12.5
1,2015-03-17 20:12:47,2015-03-17 20:16:46,1,0.7,-73.98399353027344,40.6758918762207,1.0,N,-73.97577667236328,40.6801872253418,2,5.0,0.5,0.5,0.0,0.0,0.3
2,2015-11-23 08:46:49,2015-11-23 08:55:24,1,0.98,-73.98300170898438,40.74184036254883,1.0,N,-73.9950180053711,40.73976135253906,1,7.0,0.0,0.5,1.0,0.0,0.3
VTS,2014-08-16 09:49:00,2014-08-16 09:55:00,1,1.37,-73.992105,40.743727,1.0,,-74.000747,40.756165,CRD,6.5,0.0,0.5,1.95,0.0,8.95
CMT,2011-07-20 19:11:57,2011-07-20 19:16:14,1,1.7,-73.940157,40.751126,1.0,N,-73.964414,40.764313,CRD,6.1,1.0,0.5,1.52,0.0,9.12
1,2016-04-07 21:25:22,2016-04-07 21:29:46,2,0.8,-73.96753692626953,40.76356887817383,1.0,N,-73.96150970458984,40.77135467529297,1,5.5,0.5,0.5,1.35,0.0,0.3
VTS,2009-02-06 16:53:00,2009-02-06 17:01:00,1,1.53,-73.979417,40.749845,,,-73.995908,40.733323,CASH,6.9,1.0,,0.0,0.0,7.9
1,2015-06-15 14:38:51,2015-06-15 14:48:22,1,0.6,-73.97528076171875,40.755863189697266,1.0,N,-73.96891021728516,40.76383590698242,2,7.5,0.0,0.5,0.0,0.0,0.3
VTS,2013-12-01 15:29:00,2013-12-01 15:33:00,5,0.66,-73.95926,40.771365,1.0,,-73.956152,40.778827,CSH,5.0,0.0,0.5,0.0,0.0,5.5
CMT,2014-11-20 09:03:23,2014-11-20 09:15:03,1,1.4,-74.014533,40.714317,1.0,N,-74.002025,40.721803,CRD,9.0,0.0,0.5,1.9,0.0,11.4
VTS,2013-09-19 19:47:00,2013-09-19 19:52:00,1,1.57,-73.974958,40.790485,1.0,,-73.96449,40.77593,CRD,7.0,1.0,0.5,1.0,0.0,9.5
VTS,2011-09-25 03:20:00,2011-09-25 03:24:00,3,1.04,-73.938325,40.703885,1.0,,-73.946907,40.711392,CSH,4.9,0.5,0.5,0.0,0.0,5.9
VTS,2010-04-29 23:45:00,2010-04-29 23:57:00,5,3.22,-73.999447,40.732707,1.0,,-73.982563,40.771442,Cre,10.1,0.5,0.5,2.0,0.0,13.1
VTS,2010-09-19 22:58:00,2010-09-19 23:04:00,5,1.85,-73.981027,40.774593,1.0,,-73.977745,40.763102,CSH,6.5,0.5,0.5,0.0,0.0,7.5
VTS,2013-01-16 18:36:00,2013-01-16 19:04:00,1,0.58,-74.011362,40.709127,1.0,,-73.991055,40.750555,CRD,23.5,1.0,0.5,4.9,0.0,29.9
VTS,2009-09-17 17:00:00,2009-09-17 17:11:00,1,2.04,-73.964155,40.792437,,,-73.965188,40.76949,CASH,8.5,1.0,,0.0,0.0,9.5
CMT,2012-06-03 16:27:13,2012-06-03 16:32:36,1,1.2,-73.96203,40.77626,1.0,N,-73.974472,40.787447,CSH,5.7,0.0,0.5,0.0,0.0,6.2
CMT,2011-10-08 23:06:03,2011-10-08 23:16:54,2,1.5,-73.997546,40.736873,1.0,N,-73.980094,40.727838,CRD,7.7,0.5,0.5,1.08,0.0,9.78
VTS,2012-09-17 19:22:00,2012-09-17 19:28:00,1,0.88,-73.987105,40.761005,1.0,,-73.989287,40.75216,CRD,5.5,1.0,0.5,1.95,0.0,8.95
CMT,2012-09-17 17:00:44,2012-09-17 17:37:21,1,15.8,-73.788945,40.663037,2.0,N,-73.990647,40.745808,CSH,52.0,0.0,0.5,0.0,4.8,57.3
VTS,2010-06-23 00:34:00,2010-06-23 00:40:00,2,1.01,-73.969085,40.76286,1.0,,-73.967095,40.764127,CAS,5.3,0.5,0.5,0.0,0.0,6.3
CMT,2013-10-05 22:06:02,2013-10-05 22:12:33,1,1.1,-74.000146,40.732748,1.0,N,-73.99011,40.746751,CRD,6.5,0.5,0.5,1.5,0.0,9.0
CMT,2014-06-18 19:52:49,2014-06-18 20:15:09,4,3.2,-73.985932,40.758707,1.0,N,-73.994512,40.726037,CRD,16.0,1.0,0.5,3.5,0.0,21.0
VTS,2011-02-13 07:12:00,2011-02-13 07:31:00,5,9.9,-73.996652,40.762667,1.0,,-73.903638,40.848857,CSH,24.1,0.0,0.5,0.0,0.0,24.6
CMT,2014-07-16 00:19:19,2014-07-16 00:22:01,1,0.4,-73.986642,40.741231,1.0,N,-73.98986,40.735452,CRD,4.0,0.5,0.5,3.0,0.0,8.0
VTS,2012-09-24 13:04:00,2012-09-24 13:10:00,1,0.77,-73.955655,40.781965,1.0,,-73.956978,40.778215,CSH,5.0,0.0,0.5,0.0,0.0,5.5
VTS,2009-11-07 10:28:00,2009-11-07 10:37:00,5,2.31,-73.993767,40.747217,,,-73.968347,40.760537,CASH,8.1,0.0,0.5,0.0,0.0,8.6
CMT,2009-10-25 00:48:28,2009-10-25 00:58:18,1,1.2,-73.987066,40.739304,,0,-73.992739,40.745433,Cash,6.9,0.5,0.0,0.0,0.0,7.4
CMT,2013-03-23 13:27:27,2013-03-23 13:32:28,1,0.9,-73.991009,40.734835,1.0,N,-74.00029,40.725201,CRD,5.5,0.0,0.5,1.0,0.0,7.0
CMT,2009-01-23 18:54:26,2009-01-23 19:14:28,1,3.3,-73.999868,40.719319,,,-73.972518,40.759279,Cash,13.9,0.0,,0.0,0.0,13.9
CMT,2014-09-11 18:12:09,2014-09-11 18:22:34,1,1.7,-73.995871,40.72551,1.0,Y,-74.00108,40.743294,CRD,9.0,1.0,0.5,1.2,0.0,11.7
CMT,2009-02-06 15:56:18,2009-02-06 16:39:56,3,10.4,-73.862751,40.768862,,,-73.98805,40.748277,Cash,29.7,0.0,,0.0,5.0,34.7
CMT,2014-07-17 19:12:41,2014-07-17 19:19:23,1,1.0,-73.990798,40.734614,1.0,N,-74.000729,40.727486,CRD,6.5,1.0,0.5,1.0,0.0,9.0
CMT,2010-03-11 08:12:54,2010-03-11 08:16:39,1,0.6,-73.98527,40.744321,1.0,0,-73.98002,40.752104,Cas,4.1,0.0,0.5,0.0,0.0,4.6
CMT,2010-02-17 18:53:59,2010-02-17 19:03:01,1,1.2,-74.005234,40.751208,1.0,0,-73.995372,40.739987,CAS,6.5,1.0,0.5,0.0,0.0,8.0
VTS,2011-02-24 23:45:00,2011-02-24 23:57:00,1,1.8,-73.984215,40.729457,1.0,,-74.007892,40.738182,CRD,8.5,0.5,0.5,1.0,0.0,10.5
CMT,2009-10-03 14:50:21,2009-10-03 14:53:13,1,0.3,-73.953099,40.783294,,0,-73.955422,40.785632,Cash,3.7,0.0,,0.0,0.0,3.7
2,2015-04-27 12:15:12,2015-04-27 12:17:28,2,0.42,-73.99652862548828,40.75809860229492,1.0,N,-73.99099731445312,40.76111602783203,2,3.5,0.0,0.5,0.0,0.0,0.3
2,2016-05-12 09:57:59,2016-05-12 10:18:35,5,1.71,-74.00801086425781,40.706031799316406,1.0,N,-73.99649047851562,40.72368240356445,1,13.5,0.0,0.5,2.86,0.0,0.3
CMT,2014-08-13 15:08:43,2014-08-13 15:18:37,1,1.7,-73.97881,40.724011,1.0,N,-74.002847,40.738852,CSH,8.5,0.0,0.5,0.0,0.0,9.0
1,2015-08-04 08:42:37,2015-08-04 08:58:41,1,1.6,-74.00396728515625,40.747798919677734,1.0,N,-73.9866714477539,40.75464630126953,2,11.0,0.0,0.5,0.0,0.0,0.3
CMT,2011-11-19 14:46:20,2011-11-19 14:56:10,1,2.3,-74.003523,40.748285,1.0,N,-74.00796,40.716954,CSH,8.1,0.0,0.5,0.0,0.0,8.6
VTS,2013-05-20 16:52:00,2013-05-20 17:48:00,5,17.4,-73.783565,40.648692,2.0,,-73.982992,40.755782,CSH,52.0,0.0,0.5,0.0,5.33,57.83
VTS,2012-01-05 19:13:00,2012-01-05 19:21:00,5,1.21,-73.983162,40.756475,1.0,,-73.96726,40.756933,CRD,6.1,1.0,0.5,2.0,0.0,9.6
CMT,2012-01-02 16:01:29,2012-01-02 16:07:17,1,1.5,-73.95774,40.77466,1.0,Y,-73.966126,40.789707,CSH,6.5,1.0,0.5,0.0,0.0,8.0
2,2015-05-10 10:33:58,2015-05-10 10:43:32,2,1.6,-73.98757934570312,40.73313903808594,1.0,N,-73.99185943603516,40.748870849609375,1,8.5,0.0,0.5,1.86,0.0,0.3
VTS,2012-04-27 17:39:00,2012-04-27 17:46:00,1,1.07,-73.998735,40.746037,1.0,,-73.993315,40.736375,CRD,5.7,1.0,0.5,1.34,0.0,8.54
CMT,2009-06-03 22:02:17,2009-06-03 22:14:40,1,3.4,-73.938995,40.81095,,0,-73.960235,40.770048,Cash,10.5,0.0,,0.0,0.5,11.0
CMT,2011-06-30 00:05:09,2011-06-30 00:09:44,1,1.9,-73.966341,40.75374,1.0,N,-73.950883,40.777563,CSH,6.1,0.5,0.5,0.0,0.0,7.1
CMT,2013-02-26 03:22:30,2013-02-26 03:32:37,1,3.5,-73.979653,40.762113,1.0,N,-73.943489,40.799183,CSH,12.0,0.5,0.5,0.0,0.0,13.0
CMT,2011-04-27 14:45:11,2011-04-27 14:49:13,2,0.8,-73.968806,40.792246,1.0,N,-73.976295,40.780837,CRD,4.5,0.0,0.5,1.0,0.0,6.0
CMT,2012-04-29 01:31:06,2012-04-29 01:50:25,2,3.7,-73.956381,40.71715,1.0,N,-73.950825,40.666443,CSH,12.9,0.5,0.5,0.0,0.0,13.9
1,2015-04-23 21:32:31,2015-04-23 21:38:28,1,1.9,-73.95670318603516,40.78667068481445,1.0,N,-73.97838592529297,40.779998779296875,1,7.5,0.5,0.5,2.0,0.0,0.3
VTS,2012-01-24 10:11:00,2012-01-24 10:33:00,1,5.55,-73.953943,40.784333,1.0,,-73.9927,40.736725,CRD,16.5,0.0,0.5,3.3,0.0,20.3
VTS,2011-05-28 09:27:00,2011-05-28 09:31:00,5,0.81,-73.977743,40.763057,1.0,,-73.975488,40.754878,CSH,4.5,0.0,0.5,0.0,0.0,5.0
CMT,2013-10-03 14:27:39,2013-10-03 14:31:51,1,0.3,-74.005759,40.743769,1.0,N,-74.004152,40.747634,CSH,4.5,0.0,0.5,0.0,0.0,5.0
CMT,2011-10-07 14:03:35,2011-10-07 14:06:40,1,0.7,-73.999828,40.753574,1.0,N,-73.993528,40.762561,CSH,4.1,0.0,0.5,0.0,0.0,4.6
CMT,2009-11-01 03:24:19,2009-11-01 03:28:49,1,1.4,-73.957074,40.77127,,0,-73.948446,40.784777,Cash,5.7,0.5,0.5,0.0,0.0,6.7
VTS,2012-04-07 15:58:00,2012-04-07 16:05:00,1,1.42,-73.990125,40.755508,1.0,,-73.980237,40.758983,CSH,6.1,0.0,0.5,0.0,0.0,6.6
VTS,2011-05-25 20:20:00,2011-05-25 20:32:00,1,1.61,-73.982432,40.753095,1.0,,-73.96194,40.759565,CSH,8.1,0.5,0.5,0.0,0.0,9.1
CMT,2010-12-16 21:50:12,2010-12-16 22:04:52,1,3.5,-73.986682,40.729864,1.0,N,-73.955419,40.719998,CSH,11.7,0.5,0.5,0.0,0.0,12.7
1,2015-04-30 15:36:45,2015-04-30 15:52:59,3,1.6,-73.95032501220703,40.77141189575195,1.0,N,-73.96943664550781,40.78520584106445,2,11.5,0.0,0.5,0.0,0.0,0.3
1,2016-05-07 15:47:30,2016-05-07 15:51:26,1,0.6,-73.99061584472656,40.740135192871094,1.0,N,-73.99593353271484,40.7327766418457,1,4.5,0.0,0.5,0.6,0.0,0.3
CMT,2013-08-12 07:50:17,2013-08-12 08:00:06,1,1.0,-73.975927,40.751342,1.0,N,-73.991724,40.752653,CSH,8.0,0.0,0.5,0.0,0.0,8.5
VTS,2013-05-14 08:19:00,2013-05-14 08:43:00,1,3.14,-73.998942,40.734182,1.0,,-73.966177,40.761922,CRD,17.0,0.0,0.5,2.0,0.0,19.5
VTS,2009-03-22 07:41:00,2009-03-22 07:55:00,1,6.8,-73.982928,40.761877,,,-73.958135,40.694295,CASH,16.5,0.0,,0.0,0.0,16.5
1,2015-04-09 06:44:01,2015-04-09 06:55:12,1,1.9,-73.97823333740234,40.76193618774414,1.0,N,-73.9754409790039,40.781925201416016,2,10.0,0.0,0.5,0.0,0.0,0.3
VTS,2011-06-07 17:53:00,2011-06-07 18:03:00,1,2.04,-73.974622,40.787468,1.0,,-73.971678,40.766078,CSH,8.1,1.0,0.5,0.0,0.0,9.6
VTS,2012-09-16 02:37:00,2012-09-16 02:50:00,1,3.91,-74.006478,40.732877,1.0,,-74.00779,40.729843,CSH,14.0,0.5,0.5,0.0,0.0,15.0
VTS,2013-12-13 00:05:00,2013-12-13 00:21:00,1,4.63,-73.955927,40.7638,1.0,,-73.918445,40.768857,CRD,16.5,0.5,0.5,4.25,0.0,21.75
2,2015-11-03 16:47:42,2015-11-03 16:54:55,6,0.82,-73.9958724975586,40.73699188232422,1.0,N,-73.98697662353516,40.7322998046875,1,6.5,0.0,0.5,3.0,0.0,0.3
CMT,2014-05-10 18:51:18,2014-05-10 19:01:31,2,2.5,-73.990711,40.702551,1.0,N,-73.994149,40.72267,CSH,10.0,0.0,0.5,0.0,0.0,10.5
2,2015-03-19 06:01:15,2015-03-19 06:13:11,3,2.52,-73.98908233642578,40.77349853515625,1.0,N,-73.96671295166016,40.80398178100586,1,11.0,0.5,0.5,2.46,0.0,0.3
VTS,2011-04-11 18:41:00,2011-04-11 18:57:00,1,1.41,-73.992345,40.72905,1.0,,-74.002562,40.72122,CSH,9.3,1.0,0.5,0.0,0.0,10.8
CMT,2010-11-05 18:33:53,2010-11-05 18:38:34,1,1.0,-73.981137,40.689471,1.0,N,-73.968961,40.693111,CSH,5.3,1.0,0.5,0.0,0.0,6.8
CMT,2012-03-22 23:52:24,2012-03-23 00:09:09,2,2.9,-73.989381,40.727865,1.0,N,-73.950934,40.709864,CSH,11.7,0.5,0.5,0.0,0.0,12.7
VTS,2012-02-04 04:31:00,2012-02-04 04:38:00,1,0.93,-73.988425,40.72299,1.0,,-74.002157,40.729487,CRD,5.7,0.5,0.5,0.5,0.0,7.2
VTS,2012-04-26 14:57:00,2012-04-26 15:14:00,3,2.62,-73.987115,40.771145,1.0,,-73.956953,40.783187,CSH,10.9,0.0,0.5,0.0,0.0,11.4
VTS,2011-09-28 22:30:00,2011-09-28 22:38:00,3,1.46,-73.981757,40.767572,1.0,,-73.98011,40.753257,CRD,6.9,0.5,0.5,1.0,0.0,8.9
VTS,2014-12-31 02:06:00,2014-12-31 02:13:00,1,2.39,-74.00264,40.73968,1.0,,-73.9824,40.76782,CSH,9.0,0.5,0.5,0.0,0.0,10.0
VTS,2009-02-05 17:05:00,2009-02-05 17:10:00,5,1.13,-73.952197,40.78239,,,-73.948472,40.79618,CASH,5.7,1.0,,0.0,0.0,6.7
CMT,2009-01-08 18:20:43,2009-01-08 18:45:57,1,9.7,-73.988384,40.754335,,,-73.861727,40.768379,Credit,25.9,0.0,,4.63,5.0,35.53
VTS,2010-03-14 00:03:00,2010-03-14 00:14:00,1,2.26,-73.99234,40.737585,1.0,,-74.003862,40.748035,CRD,8.5,0.5,0.5,2.0,0.0,11.5
VTS,2010-10-11 19:37:00,2010-10-11 19:45:00,1,1.19,-73.976393,40.751778,1.0,,-73.978048,40.764758,CSH,6.1,0.0,0.5,0.0,0.0,6.6
VTS,2012-10-05 07:25:00,2012-10-05 07:32:00,2,1.12,-73.870103,40.773478,1.0,,-73.870103,40.773478,CRD,6.5,0.0,0.5,1.95,0.0,8.95
VTS,2014-06-27 10:49:00,2014-06-27 10:53:00,1,0.82,-73.994877,40.745105,1.0,,-74.005522,40.74522,CRD,5.0,0.0,0.5,1.0,0.0,6.5
CMT,2010-03-01 13:24:56,2010-03-01 13:37:42,1,2.7,-73.974845,40.749967,1.0,0,-73.974845,40.749967,Cas,9.7,0.0,0.5,0.0,0.0,10.2
VTS,2014-06-28 00:13:00,2014-06-28 00:22:00,1,1.84,-73.994142,40.761447,1.0,,-73.993565,40.74313,CSH,8.5,0.5,0.5,0.0,0.0,9.5
VTS,2011-10-31 12:03:00,2011-10-31 12:10:00,5,0.9,-74.01623,40.715182,1.0,,-74.011513,40.720032,CSH,5.7,0.0,0.5,0.0,0.0,6.2
VTS,2011-09-05 19:47:00,2011-09-05 20:13:00,1,14.13,-73.863547,40.770852,1.0,,-74.003815,40.729633,CRD,31.3,0.0,0.5,6.26,4.8,42.86
VTS,2011-06-11 19:27:00,2011-06-11 19:30:00,5,0.9,-73.989775,40.741398,1.0,,-73.995605,40.734202,CSH,4.1,0.0,0.5,0.0,0.0,4.6
VTS,2010-06-07 16:23:00,2010-06-07 16:38:00,1,2.94,-73.964507,40.80732,1.0,,-73.985015,40.768872,Cre,10.9,1.0,0.5,3.0,0.0,15.4
VTS,2011-02-13 15:33:00,2011-02-13 15:36:00,1,0.76,-73.970858,40.761252,1.0,,-73.975063,40.75294,CRD,4.1,0.0,0.5,2.0,0.0,6.6
2,2015-12-12 16:02:17,2015-12-12 16:14:01,1,2.75,-73.99269104003906,40.748260498046875,1.0,N,-74.01394653320312,40.71687316894531,1,11.0,0.0,0.5,2.0,0.0,0.3
2,2016-04-11 15:25:16,2016-04-11 15:38:41,1,1.7,-73.95011901855469,40.775978088378906,1.0,N,-73.96681213378906,40.75742721557617,1,10.0,0.0,0.5,2.16,0.0,0.3
VTS,2011-01-30 04:47:00,2011-01-30 05:03:00,2,5.05,-73.98979,40.743015,1.0,,-73.950563,40.798235,CSH,13.7,0.5,0.5,0.0,0.0,14.7
VTS,2012-10-11 20:47:00,2012-10-11 21:37:00,5,9.74,-73.970035,40.765425,1.0,,-73.963393,40.675785,CRD,39.0,0.5,0.5,7.9,0.0,47.9
VTS,2011-10-21 09:09:00,2011-10-21 09:15:00,1,0.7,-74.006655,40.73306,1.0,,-74.007533,40.725865,CRD,5.3,0.0,0.5,1.0,0.0,6.8
2,2016-03-11 18:58:58,2016-03-11 19:03:42,1,0.93,-73.97013854980469,40.75906753540039,1.0,N,-73.96530151367188,40.76885986328125,2,5.5,1.0,0.5,0.0,0.0,0.3
1,2015-08-28 21:40:43,2015-08-28 21:58:47,1,7.6,-73.78821563720703,40.642032623291016,1.0,N,-73.78960418701172,40.71257781982422,1,23.5,0.5,0.5,6.2,0.0,0.3
VTS,2014-02-24 11:22:00,2014-02-24 11:29:00,6,1.23,-73.98545,40.75304,1.0,,-73.98258,40.7666,CSH,7.0,0.0,0.5,0.0,0.0,7.5
1,2015-01-22 10:38:29,2015-01-22 10:48:00,1,0.8,-73.98223114013672,40.74558639526367,1.0,N,-73.9916000366211,40.73927307128906,1,7.5,0.0,0.5,1.0,0.0,0.3
1,2015-04-15 07:26:07,2015-04-15 07:39:31,1,2.7,-73.9948959350586,40.72568130493164,1.0,N,-73.97039031982422,40.758975982666016,1,12.0,0.0,0.5,2.0,0.0,0.3
CMT,2009-07-20 17:09:00,2009-07-20 17:19:50,1,2.3,-73.953217,40.782768,,0,-73.982449,40.779143,Cash,8.9,0.0,,0.0,0.0,8.9
2,2016-05-12 17:45:06,2016-05-12 18:00:36,3,3.22,-73.97917175292969,40.78475570678711,1.0,N,-73.94981384277344,40.82368850708008,2,13.5,1.0,0.5,0.0,0.0,0.3
2,2016-03-12 12:11:22,2016-03-12 12:16:17,1,0.96,-73.96916198730469,40.76097106933594,1.0,N,-73.97815704345703,40.74951171875,1,5.5,0.0,0.5,1.26,0.0,0.3
CMT,2009-03-18 20:50:47,2009-03-18 21:09:16,2,9.0,-73.8627,40.769428,,0,-73.98411,40.745688,Credit,22.6,0.0,,6.68,4.15,33.43
CMT,2010-02-11 13:18:20,2010-02-11 13:24:27,1,1.0,-73.958922,40.768969,1.0,0,-73.970992,40.761877,CRE,5.7,0.0,0.5,0.93,0.0,7.13
VTS,2012-03-17 23:46:00,2012-03-17 23:53:00,1,1.57,-73.932542,40.753288,1.0,,-73.933628,40.76634,CSH,6.5,0.5,0.5,0.0,0.0,7.5
VTS,2014-05-23 13:26:00,2014-05-23 13:39:00,1,1.02,-73.994637,40.74074,1.0,,-73.979747,40.740105,CRD,9.0,0.0,0.5,1.8,0.0,11.3
CMT,2013-12-03 10:06:02,2013-12-03 10:22:36,1,1.3,-73.990197,40.756727,1.0,N,-73.972545,40.762118,CRD,11.5,0.0,0.5,2.4,0.0,14.4
2,2015-05-20 15:42:56,2015-05-20 16:47:48,1,18.07,-73.7898178100586,40.64707565307617,2.0,N,-73.99996948242188,40.734588623046875,1,52.0,0.0,0.5,14.58,5.54,0.3
1,2015-10-27 13:15:09,2015-10-27 13:31:06,1,1.5,-73.99394989013672,40.75096893310547,1.0,N,-73.9854965209961,40.75685119628906,1,11.0,0.0,0.5,2.95,0.0,0.3
VTS,2014-12-12 23:18:00,2014-12-12 23:37:00,6,4.47,-73.968018,40.757235,1.0,,-73.989102,40.718978,CRD,17.0,0.5,0.5,3.5,0.0,21.5
CMT,2011-05-15 22:09:03,2011-05-15 22:44:31,1,14.5,-74.00138,40.731199,1.0,N,-73.844262,40.721698,CSH,35.3,0.5,0.5,0.0,0.0,36.3
CMT,2010-05-02 01:34:44,2010-05-02 01:43:08,2,2.3,-73.992257,40.72501,1.0,0,-73.973281,40.747964,Cre,7.7,0.5,0.5,1.74,0.0,10.44
1,2015-03-08 17:38:45,2015-03-08 17:46:07,1,1.3,-73.94451904296875,40.79475784301758,1.0,N,-73.94676971435547,40.78084182739258,2,7.0,0.0,0.5,0.0,0.0,0.3
CMT,2013-12-24 07:47:39,2013-12-24 07:53:31,1,1.2,-73.959535,40.762712,1.0,N,-73.953903,40.777958,CSH,6.5,0.0,0.5,0.0,0.0,7.0
VTS,2012-06-12 17:35:00,2012-06-12 18:07:00,5,3.45,-73.959992,40.776342,1.0,,-73.993953,40.73849,CRD,17.3,1.0,0.5,3.66,0.0,22.46
CMT,2011-07-18 19:06:35,2011-07-18 19:07:58,1,0.4,-73.995729,40.724604,1.0,N,-73.991905,40.729419,CSH,3.3,1.0,0.5,0.0,0.0,4.8
1,2016-03-02 11:45:39,2016-03-02 12:02:36,1,1.8,-73.99419403076172,40.75117874145508,1.0,N,-73.99568939208984,40.76918411254883,2,12.0,0.0,0.5,0.0,0.0,0.3
CMT,2013-11-07 09:12:36,2013-11-07 09:27:13,1,1.2,-73.981886,40.765502,1.0,N,-73.979279,40.751819,CSH,10.0,0.0,0.5,0.0,0.0,10.5
CMT,2013-07-26 08:29:39,2013-07-26 08:36:16,1,1.3,-74.007658,40.732065,1.0,N,-73.992965,40.740911,CRD,6.5,0.0,0.5,1.5,0.0,8.5
CMT,2010-07-20 10:31:06,2010-07-20 10:52:30,3,1.8,-73.988342,40.761466,1.0,0,-73.984156,40.748582,Cas,11.7,0.0,0.5,0.0,0.0,12.2
CMT,2014-08-01 22:00:11,2014-08-01 22:03:52,1,0.5,-73.986051,40.741061,1.0,N,-73.992508,40.737464,CRD,4.5,0.5,0.5,1.0,0.0,6.5
CMT,2010-01-09 21:30:19,2010-01-09 21:36:01,2,1.2,-74.000726,40.73604,1.0,0,-74.007372,40.719807,Cre,5.7,0.5,0.5,1.34,0.0,8.04
VTS,2012-11-08 10:31:00,2012-11-08 10:42:00,1,2.3,-73.962647,40.763087,1.0,,-73.984937,40.739672,CRD,10.5,0.0,0.5,1.0,0.0,12.0
VTS,2009-03-17 12:25:00,2009-03-17 12:32:00,1,0.91,-73.961437,40.774293,,,-73.954102,40.76639,CASH,6.1,0.0,,0.0,0.0,6.1
VTS,2010-05-04 09:25:00,2010-05-04 09:29:00,1,1.1,-73.95743,40.777328,1.0,,-73.969285,40.768537,CAS,4.9,0.0,0.5,0.0,0.0,5.4
VTS,2009-04-08 08:54:00,2009-04-08 09:00:00,1,1.14,-73.998323,40.726178,,,-73.9938,40.736072,Credit,5.3,0.0,,2.0,0.0,7.3
2,2015-07-10 11:28:15,2015-07-10 11:40:35,1,1.5,-73.97132873535156,40.76438903808594,1.0,N,-73.9854507446289,40.747188568115234,1,9.5,0.0,0.5,2.58,0.0,0.3
2,2016-02-10 15:24:11,2016-02-10 15:34:03,5,1.5,-73.97563171386719,40.789649963378906,1.0,N,-73.9898910522461,40.77241897583008,1,9.0,0.0,0.5,2.45,0.0,0.3
CMT,2010-08-15 14:36:33,2010-08-15 14:37:21,1,0.3,-73.983478,40.721475,1.0,N,-73.979177,40.737232,CSH,2.9,0.0,0.5,0.0,0.0,3.4
CMT,2011-05-08 11:51:23,2011-05-08 12:07:11,2,3.0,-73.990099,40.732743,1.0,N,-73.987272,40.7653,CSH,10.9,0.0,0.5,0.0,0.0,11.4
VTS,2012-06-27 13:41:00,2012-06-27 13:49:00,3,1.2,-73.989517,40.73594,1.0,,-73.974608,40.741947,CSH,6.5,0.0,0.5,0.0,0.0,7.0
2,2016-05-31 17:53:56,2016-05-31 17:57:07,3,0.61,-74.00166320800781,40.74660873413086,1.0,N,-73.99498748779297,40.75007247924805,1,4.5,1.0,0.5,1.26,0.0,0.3
VTS,2012-07-30 17:17:00,2012-07-30 18:15:00,1,13.85,-73.782042,40.644652,1.0,,-73.906452,40.661337,CSH,38.9,1.0,0.5,0.0,0.0,40.4
CMT,2013-12-21 19:57:26,2013-12-21 20:07:58,3,0.9,-73.990126,40.756188,1.0,N,-73.979479,40.764288,CRD,8.0,0.5,0.5,1.0,0.0,10.0
CMT,2011-09-03 01:08:10,2011-09-03 01:16:38,2,2.4,-73.9774,40.7795,1.0,N,-73.9776,40.7533,CSH,8.1,0.5,0.5,0.0,0.0,9.1
CMT,2012-11-14 17:49:43,2012-11-14 18:01:43,1,2.1,-73.953387,40.767948,1.0,N,-73.974931,40.752912,CRD,10.5,1.0,0.5,2.0,0.0,14.0
VTS,2012-11-27 09:37:00,2012-11-27 09:51:00,1,1.57,-73.987792,40.769957,1.0,,-73.973845,40.76373,CRD,10.0,0.0,0.5,2.0,0.0,12.5
CMT,2011-10-09 19:53:00,2011-10-09 20:04:47,1,2.1,-73.988022,40.72449,1.0,N,-73.97672,40.749314,CSH,8.5,0.5,0.5,0.0,0.0,9.5
CMT,2009-10-03 14:48:38,2009-10-03 14:57:34,1,2.2,-74.012308,40.708326,,0,-74.006646,40.735819,Cash,7.7,0.0,,0.0,0.0,7.7
VTS,2011-03-25 21:20:00,2011-03-25 21:40:00,1,5.56,-73.955888,40.779025,1.0,,-74.00732,40.741408,CRD,16.5,0.5,0.5,3.4,0.0,20.9
CMT,2013-03-30 22:00:51,2013-03-30 22:14:44,2,2.4,-74.003712,40.741908,1.0,N,-73.971669,40.747997,CRD,11.0,0.5,0.5,1.0,0.0,13.0
VTS,2010-01-08 23:46:00,2010-01-09 00:04:00,2,5.83,-73.954537,40.780723,1.0,,-73.994987,40.721387,Cre,16.1,0.5,0.5,3.32,0.0,20.42
VTS,2014-10-24 14:33:00,2014-10-24 14:55:00,2,1.71,-73.982237,40.771155,1.0,,-73.99116,40.750442,CSH,14.0,0.0,0.5,0.0,0.0,14.5
CMT,2011-09-12 11:35:08,2011-09-12 11:40:20,1,0.6,-73.959746,40.773531,1.0,N,-73.952861,40.768824,CRD,4.9,0.0,0.5,1.35,0.0,6.75
CMT,2014-12-20 16:08:23,2014-12-20 16:19:48,1,1.3,-73.990148,40.757316,1.0,N,-73.973896,40.748488,CRD,9.0,0.0,0.5,1.0,0.0,10.5
CMT,2013-06-02 12:46:43,2013-06-02 13:07:31,1,2.6,-73.981828,40.762885,1.0,N,-73.983234,40.735788,CRD,14.5,0.0,0.5,1.0,0.0,16.0
VTS,2009-04-18 11:55:00,2009-04-18 12:02:00,1,2.06,-73.963248,40.757892,,,-73.95754,40.780468,CASH,7.3,0.0,,0.0,0.0,7.3
VTS,2012-08-30 19:58:00,2012-08-30 20:07:00,5,1.42,-73.974717,40.793505,1.0,,-73.978977,40.777383,CSH,6.9,1.0,0.5,0.0,0.0,8.4
CMT,2010-09-13 17:44:18,2010-09-13 17:58:37,1,2.2,-73.975818,40.748935,1.0,N,-73.995098,40.722423,CSH,9.7,1.0,0.5,0.0,0.0,11.2
2,2015-06-24 04:55:53,2015-06-24 05:23:30,1,12.33,-73.77671813964844,40.64548873901367,1.0,N,-73.95894622802734,40.67805099487305,2,36.5,0.5,0.5,0.0,0.0,0.3
CMT,2011-03-21 17:22:13,2011-03-21 17:29:01,1,1.3,-73.955107,40.764947,1.0,N,-73.958223,40.778773,CSH,6.1,1.0,0.5,0.0,0.0,7.6
VTS,2013-07-03 18:44:00,2013-07-03 19:03:00,1,2.42,-73.99794,40.723862,1.0,,-73.989337,40.74763,CSH,12.0,1.0,0.5,0.0,0.0,13.5
CMT,2009-08-02 01:52:09,2009-08-02 02:29:26,1,8.2,-74.002507,40.75016,,0,-73.957419,40.65369,Cash,25.3,0.0,,0.0,0.0,25.3
VTS,2011-05-21 12:51:00,2011-05-21 13:08:00,1,1.41,-73.985987,40.731822,1.0,,-73.981542,40.746115,CRD,9.7,0.0,0.5,1.8,0.0,12.0
CMT,2011-12-03 23:07:29,2011-12-03 23:09:31,1,0.6,-73.960033,40.77051,1.0,N,-73.953782,40.779026,CSH,3.7,0.5,0.5,0.0,0.0,4.7
2,2015-10-01 11:22:31,2015-10-01 11:25:56,1,0.7,-73.9712142944336,40.76393508911133,1.0,N,-73.96430206298828,40.773380279541016,2,4.5,0.0,0.5,0.0,0.0,0.3
1,2015-08-20 17:05:23,2015-08-20 17:56:18,2,8.1,-73.98374938964844,40.769649505615234,1.0,N,-73.95795440673828,40.6995849609375,2,35.0,1.0,0.5,0.0,0.0,0.3
VTS,2010-05-10 17:04:00,2010-05-10 17:13:00,3,2.27,-73.98746,40.750308,1.0,,-73.960573,40.761565,CAS,8.1,1.0,0.5,0.0,0.0,9.6
CMT,2014-05-09 21:31:49,2014-05-09 21:39:54,4,1.1,-73.970437,40.761525,1.0,N,-73.985456,40.763304,CSH,7.5,0.5,0.5,0.0,0.0,8.5
CMT,2014-05-31 02:49:20,2014-05-31 02:52:11,1,0.7,-73.918369,40.769804,1.0,N,-73.915326,40.764868,CSH,4.5,0.5,0.5,0.0,0.0,5.5
1,2015-05-31 07:22:42,2015-05-31 07:31:59,1,4.7,-74.00436401367188,40.70750045776367,1.0,N,-73.97763061523438,40.751808166503906,2,15.0,0.0,0.5,0.0,0.0,0.3
CMT,2013-06-19 09:39:37,2013-06-19 09:51:53,1,2.2,-73.960121,40.773564,1.0,N,-73.989308,40.767958,CRD,10.5,0.0,0.5,1.5,0.0,12.5
VTS,2014-02-16 03:57:00,2014-02-16 04:04:00,1,3.22,-73.988382,40.723452,1.0,,-73.958493,40.764332,CRD,10.5,0.5,0.5,2.2,0.0,13.7
DDS,2009-03-05 23:52:14,2009-03-06 00:20:37,1,2.8,-74.001982,40.735095,,,-73.994284,40.72679,CASH,9.3,0.5,,0.0,0.0,9.8
CMT,2012-07-19 21:00:58,2012-07-19 21:04:08,1,0.5,-73.989862,40.744063,1.0,N,-73.991157,40.748246,CRD,4.1,0.5,0.5,1.02,0.0,6.12
VTS,2011-12-09 12:26:00,2011-12-09 12:45:00,5,2.62,-73.973515,40.764222,1.0,,-73.987543,40.732843,CRD,11.7,0.0,0.5,4.0,0.0,16.2
VTS,2013-05-12 21:20:00,2013-05-12 21:53:00,5,8.54,-73.995667,40.759297,1.0,,-73.990532,40.657827,CRD,29.5,0.5,0.5,6.0,5.33,41.83
VTS,2012-09-07 17:42:00,2012-09-07 18:00:00,2,4.13,-74.014845,40.709523,1.0,,-73.989577,40.758773,CSH,17.0,1.0,0.5,0.0,0.0,18.5
VTS,2012-10-12 14:12:00,2012-10-12 14:18:00,1,0.95,-73.96131,40.774517,1.0,,-73.956277,40.766525,CRD,5.5,0.0,0.5,1.1,0.0,7.1
CMT,2011-01-28 21:27:14,2011-01-28 21:41:34,1,1.3,-73.993994,40.735302,1.0,N,-73.98262,40.723412,CRD,8.5,0.5,0.5,1.9,0.0,11.4
CMT,2014-11-09 09:32:32,2014-11-09 09:36:19,2,1.1,-73.96563,40.75843,1.0,N,-73.975804,40.744572,CRD,5.5,0.0,0.5,1.0,0.0,7.0
CMT,2009-05-09 21:14:51,2009-05-09 21:21:04,1,1.1,-73.97651,40.733568,,0,-73.988382,40.727517,Cash,5.7,0.0,,0.0,0.0,5.7
VTS,2009-05-24 12:35:00,2009-05-24 12:48:00,1,2.81,-73.98545,40.735792,,,-73.963577,40.77,CASH,8.5,0.0,,0.0,0.0,8.5
CMT,2014-06-10 07:29:56,2014-06-10 07:40:57,1,2.8,-73.946236,40.773265,1.0,N,-73.938702,40.804965,CSH,11.0,0.0,0.5,0.0,0.0,11.5
CMT,2009-12-02 10:41:35,2009-12-02 11:09:42,2,19.7,-73.966012,40.768168,,0,-73.788008,40.647454,Cash,45.0,0.0,0.5,0.0,4.57,50.07
1,2015-06-20 20:46:30,2015-06-20 20:52:34,1,1.0,-74.00312042236328,40.74405288696289,1.0,N,-73.98971557617188,40.745548248291016,1,6.0,0.5,0.5,1.45,0.0,0.3
CMT,2014-05-01 10:59:42,2014-05-01 11:38:00,1,3.6,-73.984008,40.780668,1.0,N,-73.971697,40.757223,CRD,23.5,0.0,0.5,1.5,0.0,25.5
VTS,2011-06-05 22:59:00,2011-06-05 23:02:00,2,0.66,-73.976968,40.752302,1.0,,-73.97598,40.744537,CRD,4.1,0.5,0.5,1.0,0.0,6.1
CMT,2012-12-25 21:01:10,2012-12-25 21:21:00,1,11.2,-73.872916,40.774076,1.0,N,-73.997326,40.719725,CRD,31.5,0.5,0.5,8.12,0.0,40.62
CMT,2012-04-22 01:20:43,2012-04-22 01:28:38,1,2.5,-73.987273,40.744837,1.0,N,-73.978481,40.77267,CRD,8.1,0.5,0.5,1.82,0.0,10.92
VTS,2014-11-18 21:51:00,2014-11-18 22:06:00,6,4.35,-73.964887,40.806845,1.0,,-73.935692,40.857037,CRD,14.5,0.5,0.5,0.0,0.0,15.5
CMT,2011-01-29 20:43:45,2011-01-29 21:04:11,1,2.2,-73.999128,40.729003,1.0,N,-73.981379,40.749578,CSH,11.3,0.5,0.5,0.0,0.0,12.3
CMT,2011-09-12 10:31:50,2011-09-12 10:42:58,1,1.1,-74.007043,40.738578,1.0,N,-74.00159,40.727627,CSH,7.3,0.0,0.5,0.0,0.0,7.8
VTS,2010-08-08 21:33:00,2010-08-08 21:49:00,1,4.04,-73.985323,40.759613,1.0,,-73.973092,40.755235,CSH,12.1,0.5,0.5,0.0,0.0,13.1
CMT,2012-09-06 17:58:40,2012-09-06 18:44:51,1,17.5,-73.782006,40.64465,2.0,N,-73.981126,40.752154,CRD,52.0,0.0,0.5,5.0,4.8,62.3
1,2016-05-25 21:42:41,2016-05-25 21:54:08,1,2.1,-73.97760009765625,40.75165939331055,1.0,N,-73.95573425292969,40.76825714111328,2,9.5,0.5,0.5,0.0,0.0,0.3
VTS,2009-03-29 10:04:00,2009-03-29 10:08:00,2,0.9,-73.979543,40.743917,,,-73.99149,40.743347,CASH,4.9,0.0,,0.0,0.0,4.9
1,2016-02-28 16:06:51,2016-02-28 16:09:53,1,0.4,-73.96529388427734,40.7660026550293,1.0,N,-73.96881866455078,40.76108169555664,1,4.0,0.0,0.5,0.95,0.0,0.3
CMT,2012-11-24 17:39:43,2012-11-24 17:45:46,1,1.1,-73.9679,40.762942,1.0,N,-73.982252,40.771742,CSH,6.0,0.0,0.5,0.0,0.0,6.5
VTS,2012-10-09 07:28:00,2012-10-09 07:35:00,5,1.48,-73.994583,40.73457,1.0,,-74.001997,40.748452,CRD,7.0,0.0,0.5,1.0,0.0,8.5
VTS,2011-07-25 19:16:00,2011-07-25 19:23:00,1,1.24,-74.006392,40.751187,1.0,,-74.005755,40.737198,CRD,5.7,1.0,0.5,2.0,0.0,9.2
VTS,2012-02-06 17:56:00,2012-02-06 18:01:00,5,0.63,-73.992458,40.753593,1.0,,-73.985635,40.755362,CRD,4.1,1.0,0.5,0.8,0.0,6.4
VTS,2009-08-27 09:46:00,2009-08-27 09:49:00,1,0.35,-73.961222,40.768312,,,-73.958565,40.773007,CASH,3.3,0.0,,0.0,0.0,3.3
VTS,2012-08-14 18:18:00,2012-08-14 18:29:00,2,2.48,-73.975243,40.751793,1.0,,-73.966852,40.772195,CRD,8.9,1.0,0.5,1.98,0.0,12.38
CMT,2011-04-09 19:07:55,2011-04-09 19:45:34,1,0.0,-75.341909161005,40.646857165653,1.0,N,-73.954462978733,40.716744334475,CSH,34.9,0.0,0.5,0.0,0.0,35.4
CMT,2013-07-26 12:51:19,2013-07-26 13:15:06,1,10.1,-73.863908,40.768803,1.0,N,-73.988612,40.727048,CSH,30.0,0.0,0.5,0.0,5.33,35.83
CMT,2011-04-13 15:41:40,2011-04-13 15:55:28,1,3.7,-73.986232,40.734393,1.0,N,-73.953377,40.771277,CSH,11.3,0.0,0.5,0.0,0.0,11.8
1,2015-07-09 00:05:40,2015-07-09 00:20:54,1,2.2,-74.0053482055664,40.7182731628418,1.0,N,-73.97865295410156,40.72871017456055,1,11.5,0.5,0.5,1.0,0.0,0.3
VTS,2012-07-31 10:21:00,2012-07-31 10:27:00,1,1.07,-74.006183,40.723265,1.0,,-74.005715,40.712052,CRD,5.7,0.0,0.5,1.71,0.0,7.91
1,2015-12-18 22:37:56,2015-12-18 23:03:40,1,10.8,-73.9293212890625,40.80816650390625,1.0,N,-73.92149353027344,40.88165283203125,1,31.0,0.5,0.5,6.46,0.0,0.3
VTS,2014-07-26 19:02:00,2014-07-26 19:15:00,5,1.14,-73.981693,40.768362,1.0,,-73.988202,40.759892,CRD,9.0,0.0,0.5,2.25,0.0,11.75
2,2015-12-20 23:37:12,2015-12-20 23:54:24,2,5.01,-73.98454284667969,40.72467803955078,1.0,N,-73.92340087890625,40.70168685913086,1,17.5,0.5,0.5,3.76,0.0,0.3
1,2015-01-24 00:11:48,2015-01-24 00:46:21,1,5.0,-73.9886703491211,40.745384216308594,1.0,N,-73.96422576904297,40.719032287597656,1,24.5,0.5,0.5,4.2,0.0,0.3
CMT,2010-09-16 09:57:52,2010-09-16 10:26:53,1,8.6,-73.990953,40.735322,1.0,N,-73.99558,40.729898,CSH,24.1,0.0,0.5,0.0,0.0,24.6
CMT,2011-08-04 13:49:58,2011-08-04 14:03:14,1,2.3,-73.95431,40.787358,1.0,N,-73.980769,40.774739,CSH,9.3,0.0,0.5,0.0,0.0,9.8
VTS,2014-04-26 08:48:00,2014-04-26 09:01:00,1,2.41,-73.968388,40.799082,1.0,,-73.95474,40.779077,CSH,11.0,0.0,0.5,0.0,0.0,11.5
VTS,2014-08-05 09:43:00,2014-08-05 09:52:00,1,1.09,-73.98031,40.75438,1.0,,-73.9875,40.74144,CRD,7.0,0.0,0.5,1.75,0.0,9.25
VTS,2009-03-21 00:23:00,2009-03-21 00:26:00,1,0.48,-73.97985,40.784092,,,-73.976097,40.77968,CASH,3.7,0.5,,0.0,0.0,4.2
VTS,2012-11-26 20:15:00,2012-11-26 20:20:00,1,1.19,-73.98342,40.765817,1.0,,-73.985963,40.777968,CSH,6.0,0.5,0.5,0.0,0.0,7.0
VTS,2009-02-13 14:30:00,2009-02-13 14:54:00,2,3.66,-73.94984,40.780547,,,-73.990102,40.751133,CASH,14.5,0.0,,0.0,0.0,14.5
VTS,2012-05-12 21:28:00,2012-05-12 21:47:00,1,5.1,-74.01803,40.705095,1.0,,-73.984827,40.72248,CSH,15.7,0.5,0.5,0.0,0.0,16.7
CMT,2009-03-20 09:36:28,2009-03-20 09:44:45,2,1.3,-73.978031,40.765289,,0,-73.98758,40.750675,Cash,6.5,0.0,,0.0,0.0,6.5
CMT,2014-03-18 10:05:48,2014-03-18 10:26:40,1,3.7,-73.957915,40.801072,1.0,N,-73.972932,40.758318,CRD,17.0,0.5,0.5,3.6,0.0,21.6
VTS,2014-04-18 00:42:00,2014-04-18 00:57:00,2,2.7,-73.988585,40.72254,1.0,,-74.004087,40.747857,CRD,12.0,0.5,0.5,2.5,0.0,15.5
CMT,2014-03-21 20:51:58,2014-03-21 20:52:01,1,0.0,-73.984622,40.742465,1.0,N,-73.984614,40.742462,NOC,2.5,0.5,0.5,0.0,0.0,3.5
VTS,2011-05-30 17:58:00,2011-05-30 18:08:00,1,2.24,-73.95571,40.772538,1.0,,-73.978237,40.748287,CRD,8.5,0.0,0.5,2.0,0.0,11.0
VTS,2012-09-09 13:21:00,2012-09-09 13:29:00,6,1.51,-73.967502,40.756252,1.0,,-73.984895,40.74773,CSH,8.0,0.0,0.5,0.0,0.0,8.5
CMT,2014-04-09 19:33:41,2014-04-09 19:41:07,1,0.7,-73.992614,40.75671,1.0,N,-73.992614,40.75671,CRD,6.0,1.0,0.5,1.5,0.0,9.0
CMT,2010-11-23 00:25:57,2010-11-23 00:44:06,2,4.6,-73.99041,40.734365,1.0,N,-73.937473,40.702658,CSH,14.5,0.5,0.5,0.0,0.0,15.5
2,2015-01-29 21:37:29,2015-01-29 21:44:05,2,1.4,-74.00929260253906,40.71643829345703,1.0,N,-73.99835968017578,40.72869110107422,1,6.5,0.5,0.5,1.0,0.0,0.3
2,2015-10-09 17:02:50,2015-10-09 17:33:36,1,3.38,-73.98848724365234,40.731624603271484,1.0,N,-73.98245239257812,40.76824188232422,1,19.5,1.0,0.5,3.5,0.0,0.3
CMT,2010-12-07 16:50:19,2010-12-07 17:03:24,1,2.4,-73.956473,40.768171,1.0,N,-73.988908,40.763625,CSH,9.3,1.0,0.5,0.0,0.0,10.8
CMT,2009-06-25 23:42:48,2009-06-26 00:07:59,4,4.8,-74.006661,40.744128,,1,-73.948972,40.771628,Cash,16.5,0.0,,0.0,0.0,16.5
2,2015-05-11 20:46:14,2015-05-11 20:54:35,3,2.59,-74.00682067871094,40.74871826171875,1.0,N,-73.98789978027344,40.777610778808594,1,9.5,0.5,0.5,2.7,0.0,0.3
2,2016-05-09 19:34:42,2016-05-09 19:44:51,6,2.52,-74.01215362548828,40.71379089355469,1.0,N,-74.00052642822266,40.742462158203125,2,10.5,1.0,0.5,0.0,0.0,0.3
VTS,2014-04-23 15:04:00,2014-04-23 15:24:00,1,3.5,-73.978598,40.777547,1.0,,-73.945422,40.817932,CRD,16.0,0.0,0.5,0.0,0.0,16.5
VTS,2010-06-06 12:22:00,2010-06-06 12:26:00,5,0.46,-73.99141,40.764602,1.0,,-73.983913,40.763163,Cre,3.7,0.0,0.5,1.0,0.0,5.2
VTS,2010-02-13 21:24:00,2010-02-13 21:33:00,2,1.79,-73.998628,40.723065,1.0,,-74.00815,40.737738,CSH,6.9,0.5,0.5,0.0,0.0,7.9
CMT,2012-04-25 04:52:44,2012-04-25 05:04:14,1,3.7,-74.005352,40.736755,1.0,N,-73.962984,40.713726,CRD,11.3,0.5,0.5,2.0,0.0,14.3
CMT,2009-01-01 19:54:14,2009-01-01 20:03:01,1,2.5,-73.988997,40.763608,,,-73.988865,40.737009,Cash,8.6,0.0,,0.0,0.0,8.6
VTS,2011-06-29 17:19:00,2011-06-29 17:29:00,5,1.09,-73.979762,40.766357,1.0,,-73.975573,40.75578,CSH,6.5,1.0,0.5,0.0,0.0,8.0
1,2015-04-29 03:10:41,2015-04-29 03:15:18,1,1.8,-73.98410034179688,40.737369537353516,1.0,N,-73.97046661376953,40.759056091308594,1,7.0,0.5,0.5,1.65,0.0,0.3
VTS,2012-04-11 13:48:00,2012-04-11 14:03:00,1,2.18,-73.957165,40.7745,1.0,,-73.978738,40.777525,CSH,8.9,0.0,0.5,0.0,0.0,9.4
VTS,2010-01-11 18:50:00,2010-01-11 18:58:00,1,1.77,-73.96719,40.788167,1.0,,-73.96696,40.807437,Cre,6.9,1.0,0.5,1.5,0.0,9.9
CMT,2014-05-18 14:52:00,2014-05-18 14:55:35,2,0.8,-73.953671,40.770925,1.0,N,-73.943784,40.777969,CSH,5.0,0.0,0.5,0.0,0.0,5.5
CMT,2012-10-28 20:03:44,2012-10-28 20:21:16,1,4.8,-73.994686,40.718264,1.0,N,-73.992592,40.767495,CRD,18.0,0.5,0.5,5.7,0.0,24.7
CMT,2013-03-26 20:55:25,2013-03-26 21:05:09,1,3.7,-73.985414,40.727555,1.0,N,-73.997882,40.764015,CRD,12.5,0.5,0.5,2.7,0.0,16.2
VTS,2012-02-14 10:52:00,2012-02-14 10:54:00,1,0.41,-73.968257,40.7649,1.0,,-73.969597,40.760138,CSH,3.7,0.0,0.5,0.0,0.0,4.2
VTS,2011-12-03 00:11:00,2011-12-03 00:30:00,2,3.94,-74.00454,40.707872,1.0,,-73.965132,40.679373,CSH,13.3,0.5,0.5,0.0,0.0,14.3
CMT,2012-06-04 00:37:40,2012-06-04 00:42:40,1,1.5,-74.015922,40.711181,1.0,N,-74.003305,40.706064,CRD,6.1,0.5,0.5,1.0,0.0,8.1
1,2015-01-10 17:05:00,2015-01-10 17:11:29,1,0.8,-73.98460388183594,40.72804260253906,1.0,N,-73.9954833984375,40.733489990234375,1,6.0,0.0,0.5,0.0,0.0,0.3
1,2015-12-10 22:28:55,2015-12-10 22:36:13,1,1.3,-73.9901123046875,40.71940231323242,1.0,N,-73.99394989013672,40.732662200927734,1,7.0,0.5,0.5,1.0,0.0,0.3
CMT,2012-10-12 10:16:38,2012-10-12 11:49:42,1,0.9,-73.981974,40.754316,1.0,N,-73.988917,40.736746,CSH,9.0,0.0,0.5,0.0,0.0,9.5
2,2015-01-23 14:39:34,2015-01-23 14:43:24,1,0.66,-73.97698974609375,40.75029373168945,1.0,N,-73.9833755493164,40.74369812011719,1,4.5,0.0,0.5,1.06,0.0,0.3
VTS,2014-01-19 12:08:00,2014-01-19 12:18:00,1,1.88,-73.972397,40.781042,1.0,,-73.954692,40.7664,CRD,9.0,0.0,0.5,2.25,0.0,11.75
VTS,2009-11-13 16:59:00,2009-11-13 17:19:00,5,2.44,-73.941202,40.722655,,,-73.940615,40.72752,Credit,11.3,1.0,0.5,3.0,0.0,15.8
CMT,2009-09-27 11:19:21,2009-09-27 11:30:02,1,1.7,-73.96097,40.761651,,0,-73.975894,40.749162,Credit,8.1,0.0,,1.21,0.0,9.31
CMT,2014-01-22 07:02:26,2014-01-22 07:08:54,1,1.0,-73.982242,40.757202,1.0,Y,-73.99143,40.749794,CSH,6.0,0.0,0.5,0.0,0.0,6.5
VTS,2012-08-09 14:30:00,2012-08-09 15:35:00,1,27.09,-73.789477,40.64358,4.0,,-73.86942,40.926852,CSH,77.7,0.0,0.5,0.0,9.6,87.8
CMT,2011-11-01 11:36:04,2011-11-01 11:42:42,1,1.2,-73.975534,40.781928,1.0,N,-73.981168,40.765953,CRD,5.7,0.0,0.5,1.0,0.0,7.2
CMT,2012-09-29 13:16:02,2012-09-29 13:33:23,1,4.1,-73.939799,40.751349,1.0,N,-73.985997,40.73989,CSH,16.0,0.0,0.5,0.0,0.0,16.5
VTS,2010-12-10 18:53:00,2010-12-10 19:10:00,1,1.55,-73.981162,40.742117,1.0,,-73.981562,40.75856,CRD,9.7,1.0,0.5,1.0,0.0,12.2
CMT,2010-03-24 10:05:04,2010-03-24 10:10:06,1,0.6,-73.984302,40.759993,1.0,0,-73.975821,40.764086,Cre,4.5,0.0,0.5,1.0,0.0,6.0
CMT,2013-01-16 21:11:41,2013-01-16 21:22:57,2,2.0,-73.993277,40.727821,1.0,N,-73.973699,40.747143,CRD,10.0,0.5,0.5,2.2,0.0,13.2
CMT,2011-09-09 01:26:09,2011-09-09 01:41:09,2,4.6,-73.980058,40.765361,1.0,N,-73.918484,40.762308,CSH,13.3,0.5,0.5,0.0,0.0,14.3
CMT,2009-05-02 09:07:41,2009-05-02 09:11:00,2,0.6,-73.957155,40.768266,,0,-73.949826,40.772158,Cash,4.1,0.0,,0.0,0.0,4.1
CMT,2010-11-19 22:18:41,2010-11-19 22:30:58,1,1.9,-73.997153,40.722303,1.0,N,-73.981043,40.747199,CRD,8.5,0.5,0.5,2.37,0.0,11.87
VTS,2009-12-19 01:32:00,2009-12-19 01:38:00,2,1.51,-73.967528,40.756303,,,-73.951848,40.768675,CASH,6.1,0.5,0.5,0.0,0.0,7.1
VTS,2014-01-16 13:02:00,2014-01-16 14:10:00,1,21.7,-73.786112,40.647147,2.0,,-74.013035,40.708832,CSH,52.0,0.0,0.5,0.0,5.33,57.83
CMT,2011-03-12 00:50:16,2011-03-12 01:05:42,2,5.4,-73.981188,40.724921,1.0,N,-73.946364,40.781226,CSH,14.9,0.5,0.5,0.0,0.0,15.9
VTS,2009-11-06 17:41:00,2009-11-06 17:42:00,1,0.0,-73.98773,40.710645,,,-73.987727,40.710628,Credit,45.0,0.0,0.5,9.0,0.0,54.5
CMT,2011-03-06 15:03:19,2011-03-06 15:13:00,0,1.7,-73.996287,40.768178,1.0,N,-73.977667,40.761635,CSH,7.3,0.0,0.5,0.0,0.0,7.8
CMT,2013-03-10 17:04:34,2013-03-10 17:16:05,1,2.7,-73.981768,40.768511,1.0,N,-73.951176,40.778786,CSH,11.0,0.0,0.5,0.0,0.0,11.5
CMT,2010-07-02 18:42:34,2010-07-02 19:05:47,2,4.5,-73.976897,40.779906,1.0,0,-74.006811,40.719269,Cas,15.7,1.0,0.5,0.0,0.0,17.2
VTS,2014-09-20 13:01:00,2014-09-20 13:15:00,1,1.93,-73.985017,40.727895,2.0,,-73.985172,40.727715,CSH,52.0,0.0,0.5,0.0,0.0,52.5
CMT,2010-04-16 19:44:55,2010-04-16 20:06:46,1,4.8,-73.995117,40.723253,1.0,0,-73.980724,40.774734,Cas,15.7,1.0,0.5,0.0,0.0,17.2
CMT,2012-07-23 06:59:04,2012-07-23 07:09:12,1,4.2,-73.987338,40.72015,1.0,N,-73.95613,40.763508,CRD,11.7,0.0,0.5,1.5,0.0,13.7
2,2016-03-10 02:59:32,2016-03-10 03:05:49,1,2.62,-73.9575424194336,40.77035140991211,1.0,N,-73.98170471191406,40.739898681640625,1,9.0,0.5,0.5,2.06,0.0,0.3
CMT,2011-07-21 23:54:33,2011-07-22 00:01:29,2,1.8,-74.0052,40.7406,1.0,N,-73.9883,40.7592,CRD,6.5,0.5,0.5,2.0,0.0,9.5
VTS,2013-10-30 23:00:00,2013-10-30 23:06:00,1,1.2,-73.977582,40.774102,1.0,,-73.977843,40.786567,CRD,6.5,0.5,0.5,1.4,0.0,8.9
VTS,2009-04-22 00:50:00,2009-04-22 01:05:00,5,7.52,-73.98262,40.764703,,,-73.93806,40.847518,CASH,18.5,0.5,,0.0,0.0,19.0
VTS,2013-04-15 15:48:00,2013-04-15 15:55:00,6,0.42,-73.974192,40.787742,1.0,,-73.968065,40.787205,CRD,5.5,0.0,0.5,1.1,0.0,7.1
CMT,2013-11-02 23:07:53,2013-11-02 23:19:47,2,3.2,-73.980436,40.748356,1.0,N,-73.947236,40.779812,CSH,13.0,0.5,0.5,0.0,0.0,14.0
VTS,2013-05-06 19:18:00,2013-05-06 19:27:00,2,1.51,-73.99296,40.752465,1.0,,-73.982982,40.771455,CSH,8.0,1.0,0.5,0.0,0.0,9.5
VTS,2009-05-17 19:04:00,2009-05-17 19:09:00,3,1.05,-73.981675,40.767935,,,-73.972347,40.757713,CASH,4.9,0.0,,0.0,0.0,4.9
VTS,2013-07-24 22:56:00,2013-07-24 23:09:00,2,2.19,-73.983305,40.761612,1.0,,-74.007263,40.741282,CSH,11.0,0.5,0.5,0.0,0.0,12.0
VTS,2014-12-31 15:46:00,2014-12-31 16:10:00,1,4.37,-73.97239,40.76518,1.0,,-73.91102,40.7687,CSH,18.5,0.0,0.5,0.0,0.0,19.0
CMT,2009-10-10 05:41:45,2009-10-10 05:54:14,1,5.5,-73.953678,40.822244,,0,-73.992923,40.757993,Credit,14.9,0.0,,1.0,0.0,15.9
CMT,2009-12-07 10:45:56,2009-12-07 10:52:01,1,1.2,-73.98146,40.780848,,0,-73.975333,40.792605,Cash,5.7,0.0,0.5,0.0,0.0,6.2
1,2016-03-31 02:27:47,2016-03-31 02:30:25,1,0.4,-73.98709106445312,40.725181579589844,1.0,N,-73.9872817993164,40.72025680541992,2,4.0,0.5,0.5,0.0,0.0,0.3
DDS,2009-08-20 07:21:25,2009-08-20 07:21:44,1,0.0,-73.783217,40.648598,,,-73.783999,40.648634,CASH,2.5,0.0,,0.0,0.0,2.5
CMT,2014-02-11 09:56:21,2014-02-11 10:08:45,1,1.1,-73.994247,40.750997,1.0,N,-74.00709,40.746488,CRD,9.0,0.0,0.5,2.0,0.0,11.5
VTS,2013-05-12 20:19:00,2013-05-12 20:33:00,1,4.05,-74.007128,40.718205,1.0,,-73.973372,40.760737,CRD,14.0,0.5,0.5,2.5,0.0,17.5
VTS,2009-08-31 23:50:00,2009-09-01 00:01:00,3,3.61,-73.95687,40.812673,,,-73.985998,40.769872,CASH,10.5,0.5,,0.0,0.0,11.0
VTS,2013-03-16 14:08:00,2013-03-16 14:19:00,3,0.89,-74.009495,40.713335,1.0,,-74.000845,40.72333,CSH,8.5,0.0,0.5,0.0,0.0,9.0
VTS,2009-02-28 15:43:00,2009-02-28 15:49:00,5,1.29,-73.981207,40.774172,,,-73.989107,40.758717,CASH,6.1,0.0,,0.0,0.0,6.1
CMT,2013-06-02 14:30:11,2013-06-02 14:33:51,1,0.3,-73.971726,40.75551,1.0,N,-73.975164,40.757408,CSH,4.0,0.0,0.5,0.0,0.0,4.5
CMT,2014-01-18 03:14:08,2014-01-18 03:26:58,1,4.6,-74.000188,40.730526,1.0,N,-73.975979,40.783857,CRD,15.0,0.5,0.5,3.2,0.0,19.2
CMT,2009-01-18 12:53:07,2009-01-18 13:04:46,1,1.9,-73.986484,40.739872,,,-73.992081,40.758879,Credit,8.5,0.0,,1.7,0.0,10.2
2,2016-02-24 23:03:54,2016-02-24 23:12:42,1,1.4,-73.99503326416016,40.72229766845703,1.0,N,-74.01043701171875,40.7093505859375,1,7.5,0.5,0.5,1.76,0.0,0.3
VTS,2012-01-24 05:44:00,2012-01-24 05:48:00,1,1.15,-73.977782,40.729747,1.0,,-73.974718,40.74192,CRD,4.9,0.5,0.5,1.0,0.0,6.9
1,2015-07-21 18:33:57,2015-07-21 19:13:54,1,10.4,-73.88529205322266,40.77320098876953,1.0,N,-73.999267578125,40.689273834228516,1,35.0,1.0,0.5,7.35,0.0,0.3
VTS,2012-06-17 02:17:00,2012-06-17 02:25:00,1,1.19,-73.997425,40.721347,1.0,,-73.982625,40.719822,CRD,6.1,0.5,0.5,1.0,0.0,8.1
CMT,2013-01-22 07:54:43,2013-01-22 08:04:31,1,1.8,-73.953888,40.821971,1.0,N,-73.939115,40.805039,CRD,9.0,0.0,0.5,2.5,0.0,12.0
1,2015-03-21 15:50:36,2015-03-21 15:59:24,1,1.0,-73.98815155029297,40.759525299072266,1.0,N,-73.9731674194336,40.75471496582031,1,7.0,0.0,0.5,1.95,0.0,0.3
VTS,2014-08-03 16:16:00,2014-08-03 16:21:00,2,1.13,-73.97661,40.78813,1.0,,-73.97076,40.8008,CSH,6.0,0.0,0.5,0.0,0.0,6.5
2,2015-12-01 04:16:44,2015-12-01 04:23:30,1,2.09,-73.99420166015625,40.75102996826172,1.0,N,-73.9878921508789,40.775001525878906,1,8.0,0.5,0.5,4.0,0.0,0.3
VTS,2009-01-17 00:18:00,2009-01-17 00:32:00,2,6.24,-73.985557,40.727262,,,-73.956875,40.729237,Credit,17.3,0.5,,4.45,0.0,22.25
DDS,2010-06-15 13:19:30,2010-06-15 13:25:36,1,0.4,-73.984145,40.759527,1.0,,-73.991796,40.759312,CAS,4.1,0.0,0.5,0.0,0.0,4.6
VTS,2011-09-09 23:30:00,2011-09-09 23:44:00,6,2.78,-73.991435,40.750447,1.0,,-74.008697,40.716102,CSH,9.7,0.5,0.5,0.0,0.0,10.7
CMT,2009-05-01 15:18:55,2009-05-01 15:26:50,3,1.0,-73.990254,40.734612,,0,-73.97862,40.74072,Cash,6.1,0.0,,0.0,0.0,6.1
2,2015-10-20 02:22:18,2015-10-20 02:34:03,2,3.45,-73.98404693603516,40.764732360839844,1.0,N,-73.95352172851562,40.80684280395508,1,13.0,0.5,0.5,2.86,0.0,0.3
CMT,2012-05-30 08:47:18,2012-05-30 09:00:04,1,1.7,-73.964548,40.775778,1.0,N,-73.980458,40.753811,CRD,8.5,0.0,0.5,1.0,0.0,10.0
VTS,2010-08-01 10:29:00,2010-08-01 10:38:00,1,1.64,-73.973185,40.754883,1.0,,-73.988415,40.749897,CSH,6.9,0.0,0.5,0.0,0.0,7.4
VTS,2010-09-01 14:12:00,2010-09-01 14:17:00,1,0.69,-73.968943,40.763537,1.0,,-73.972772,40.758148,CSH,4.5,0.0,0.5,0.0,0.0,5.0
CMT,2013-01-21 14:20:59,2013-01-21 14:41:27,2,8.0,-73.874507,40.773986,1.0,N,-73.964186,40.803968,CRD,25.0,0.0,0.5,5.0,4.8,35.3
VTS,2010-08-17 19:46:00,2010-08-17 19:54:00,1,0.96,-74.005673,40.75079,1.0,,-74.00814,40.738135,CSH,6.1,1.0,0.5,0.0,0.0,7.6
VTS,2009-10-22 10:53:00,2009-10-22 11:05:00,1,1.85,-73.978743,40.736837,,,-74.001197,40.726532,CASH,8.5,0.0,,0.0,0.0,8.5
VTS,2010-08-21 16:09:00,2010-08-21 16:23:00,3,3.25,-73.978477,40.763472,1.0,,-73.99656,40.725542,CSH,11.3,0.0,0.5,0.0,0.0,11.8
VTS,2013-06-03 17:27:00,2013-06-03 17:30:00,2,0.04,-73.979932,40.749245,1.0,,-73.984075,40.745617,CRD,4.0,1.0,0.5,1.5,0.0,7.0
VTS,2012-02-26 00:26:00,2012-02-26 00:49:00,2,9.39,-73.977957,40.754783,1.0,,-73.870557,40.773845,CSH,22.9,0.5,0.5,0.0,0.0,23.9
VTS,2011-12-31 08:35:00,2011-12-31 08:37:00,1,0.67,-73.965628,40.762853,1.0,,-73.961372,40.770958,CSH,3.7,0.0,0.5,0.0,0.0,4.2
CMT,2011-04-08 18:30:06,2011-04-08 18:43:38,1,1.8,-74.005217,40.740002,1.0,N,-73.989081,40.725719,CSH,8.9,1.0,0.5,0.0,0.0,10.4
VTS,2009-07-06 15:28:00,2009-07-06 15:34:00,1,1.98,-73.966828,40.757832,,,-73.947832,40.778808,CASH,6.5,0.0,,0.0,0.0,6.5
1,2015-04-25 21:19:33,2015-04-25 21:46:08,1,4.1,-73.99695587158203,40.72526168823242,1.0,N,-73.96168518066406,40.764923095703125,1,19.0,0.5,0.5,4.05,0.0,0.3
VTS,2012-08-08 11:36:00,2012-08-08 11:58:00,6,4.47,-73.921447,40.766787,1.0,,-73.977277,40.745517,CRD,15.3,0.0,0.5,4.59,0.0,20.39
VTS,2013-07-27 11:17:00,2013-07-27 11:28:00,1,1.64,-73.981327,40.781087,1.0,,-73.97548,40.760942,CRD,9.0,0.0,0.5,0.0,0.0,9.5
CMT,2009-07-18 23:51:47,2009-07-18 23:57:14,2,1.5,-73.977454,40.784318,,0,-73.95527,40.777617,Credit,6.1,0.0,,1.0,0.0,7.1
CMT,2010-05-10 13:28:16,2010-05-10 13:42:24,1,2.8,-73.976903,40.756858,1.0,0,-73.952567,40.78957,Cre,10.5,0.0,0.5,1.0,0.0,12.0
CMT,2010-01-30 23:23:42,2010-01-30 23:38:37,2,2.7,-73.958385,40.764562,1.0,0,-73.986961,40.744,Cre,10.5,0.5,0.5,2.87,0.0,14.37
CMT,2009-06-04 20:37:56,2009-06-04 20:46:50,1,1.0,-74.006273,40.734368,,0,-73.991502,40.733386,Cash,6.1,0.0,,0.0,0.0,6.1
VTS,2012-09-29 13:04:00,2012-09-29 13:32:00,6,6.44,-73.921087,40.76744,1.0,,-74.00292,40.749502,CRD,24.5,0.0,0.5,4.9,0.0,29.9
VTS,2012-05-01 08:41:00,2012-05-01 08:56:00,1,0.3,-73.982732,40.751072,1.0,,-73.986232,40.750627,CSH,8.1,0.0,0.5,0.0,0.0,8.6
CMT,2014-04-06 20:37:08,2014-04-06 20:41:04,2,0.5,-73.957669,40.71432,1.0,N,-73.951407,40.712661,CSH,4.5,0.5,0.5,0.0,0.0,5.5
VTS,2009-03-20 11:05:00,2009-03-20 11:15:00,5,2.25,-73.9925,40.7585,,,-74.003182,40.733047,CASH,8.1,0.0,,0.0,0.0,8.1
CMT,2014-07-17 09:01:48,2014-07-17 09:06:12,1,0.4,-73.977088,40.742782,1.0,N,-73.981912,40.745658,CRD,4.5,0.0,0.5,1.1,0.0,6.1
VTS,2010-12-20 00:16:00,2010-12-20 00:19:00,2,0.62,-73.993245,40.742212,1.0,,-73.991832,40.74897,CSH,3.7,0.5,0.5,0.0,0.0,4.7
VTS,2009-07-07 13:31:00,2009-07-07 13:36:00,2,0.75,-73.978288,40.776927,,,-73.979777,40.782007,CASH,4.5,0.0,,0.0,0.0,4.5
CMT,2014-11-26 17:23:05,2014-11-26 17:29:02,1,0.8,-74.003512,40.717476,1.0,N,-73.999439,40.725027,CSH,5.5,1.0,0.5,0.0,0.0,7.0
CMT,2012-05-02 20:20:36,2012-05-02 20:32:53,1,1.8,-74.012584,40.717431,1.0,N,-74.006141,40.743167,CSH,8.5,0.5,0.5,0.0,0.0,9.5
CMT,2009-01-06 16:34:31,2009-01-06 16:43:30,1,0.8,-73.984252,40.744863,,,-73.993434,40.749736,Cash,7.1,0.0,,0.0,0.0,7.1
CMT,2013-08-24 15:02:14,2013-08-24 15:20:17,1,2.9,-73.983994,40.755935,1.0,N,-73.996435,40.72591,CRD,13.5,0.0,0.5,2.8,0.0,16.8
1,2015-03-27 18:01:20,2015-03-27 18:13:43,2,0.9,-74.0079574584961,40.70830535888672,1.0,N,-74.015625,40.71550750732422,1,9.0,1.0,0.5,1.0,0.0,0.3
1,2015-08-27 22:21:38,2015-08-27 22:29:15,1,2.1,-73.97846984863281,40.75173568725586,1.0,N,-73.97565460205078,40.72868347167969,1,8.5,0.5,0.5,1.95,0.0,0.3
VTS,2011-06-27 13:19:00,2011-06-27 13:21:00,5,0.28,-73.96322,40.77539,1.0,,-73.959438,40.776025,CSH,3.3,0.0,0.5,0.0,0.0,3.8
VTS,2011-11-29 14:40:00,2011-11-29 14:49:00,1,0.82,-73.98185,40.746307,1.0,,-73.975035,40.756122,CRD,6.5,0.0,0.5,1.5,0.0,8.5
CMT,2013-10-22 21:02:58,2013-10-22 21:11:13,1,1.1,-73.989368,40.736633,1.0,N,-74.006916,40.741588,CRD,7.0,0.5,0.5,1.6,0.0,9.6
VTS,2012-05-31 14:25:00,2012-05-31 14:53:00,1,5.76,-73.977135,40.779317,1.0,,-74.006512,40.721367,CSH,19.3,0.0,0.5,0.0,0.0,19.8
CMT,2014-03-21 05:28:47,2014-03-21 05:30:38,1,0.9,-74.0028,40.728616,1.0,N,-73.994749,40.740359,CRD,4.5,0.5,0.5,1.1,0.0,6.6
CMT,2014-02-03 19:16:09,2014-02-03 19:22:48,2,1.3,-73.978832,40.765252,1.0,N,-73.975761,40.753747,CRD,6.5,1.0,0.5,1.6,0.0,9.6
CMT,2013-05-27 20:49:16,2013-05-27 20:57:59,2,1.9,-73.990431,40.751373,1.0,N,-73.986082,40.733663,CRD,8.5,0.5,0.5,1.0,0.0,10.5
1,2015-05-14 23:48:47,2015-05-14 23:56:04,1,1.3,-73.99364471435547,40.755462646484375,1.0,N,-73.97537231445312,40.757808685302734,2,7.0,0.5,0.5,0.0,0.0,0.3
CMT,2011-07-03 23:19:21,2011-07-03 23:21:49,1,0.9,-73.958732,40.76416,1.0,N,-73.952193,40.775609,CRD,4.1,0.5,0.5,1.02,0.0,6.12
2,2016-04-28 14:16:30,2016-04-28 14:32:10,1,1.64,-73.98292541503906,40.74490737915039,1.0,N,-74.00110626220703,40.75204086303711,2,11.0,0.0,0.5,0.0,0.0,0.3
CMT,2014-03-15 00:54:59,2014-03-15 01:02:28,1,2.2,-74.00487,40.72388,1.0,N,-73.986421,40.751718,CSH,8.5,0.5,0.5,0.0,0.0,9.5
VTS,2009-12-25 01:07:00,2009-12-25 01:16:00,5,1.64,-74.007797,40.74027,,,-73.990638,40.75667,CASH,7.7,0.5,0.5,0.0,0.0,8.7
DDS,2009-08-13 15:00:25,2009-08-13 15:32:25,1,3.0,-74.008473,40.745105,,,-74.013708,40.70539,CREDIT,16.1,0.0,,0.9,0.0,17.0
CMT,2011-06-15 12:11:35,2011-06-15 12:31:18,1,1.6,-73.985183,40.768787,1.0,N,-73.995009,40.749878,CSH,10.9,0.0,0.5,0.0,0.0,11.4
VTS,2013-03-15 00:14:00,2013-03-15 00:45:00,1,12.79,-73.789407,40.646992,1.0,,-73.971662,40.670905,CRD,37.5,0.5,0.5,9.5,0.0,48.0
VTS,2011-11-23 22:26:00,2011-11-23 22:39:00,5,2.89,-73.955245,40.778373,1.0,,-73.984597,40.74832,CSH,9.7,0.5,0.5,0.0,0.0,10.7
VTS,2013-09-11 17:42:00,2013-09-11 17:44:00,1,0.54,-73.952207,40.784335,1.0,,-73.95539,40.77983,CSH,4.0,1.0,0.5,0.0,0.0,5.5
2,2015-02-08 01:17:14,2015-02-08 01:32:50,5,3.73,-73.98756408691406,40.733036041259766,1.0,N,-73.99083709716797,40.692718505859375,1,14.5,0.5,0.5,3.16,0.0,0.3
VTS,2012-01-30 07:59:00,2012-01-30 08:11:00,1,2.96,-74.000013,40.733052,1.0,,-73.970312,40.763147,CSH,9.3,0.0,0.5,0.0,0.0,9.8
1,2016-01-01 00:15:53,2016-01-01 00:25:18,2,1.2,-73.97586822509766,40.7763786315918,1.0,N,-73.98868560791016,40.76378631591797,1,8.0,0.5,0.5,2.0,0.0,0.3
VTS,2010-01-23 13:24:00,2010-01-23 13:31:00,3,1.01,-73.989527,40.736848,1.0,,-74.001115,40.73163,CAS,5.7,0.0,0.5,0.0,0.0,6.2
CMT,2011-06-16 11:08:03,2011-06-16 11:14:24,1,0.9,-73.984041,40.746764,1.0,N,-73.975457,40.759848,CSH,5.7,0.0,0.5,0.0,0.0,6.2
2,2015-04-14 15:40:19,2015-04-14 16:06:33,5,8.82,-73.87091064453125,40.77381134033203,1.0,N,-73.96892547607422,40.70922088623047,1,27.5,0.0,0.5,5.0,0.0,0.3
VTS,2013-09-25 19:10:00,2013-09-25 19:25:00,1,1.48,-73.991862,40.759797,1.0,,-73.963392,40.76176,CSH,10.5,1.0,0.5,0.0,0.0,12.0
CMT,2013-04-16 12:07:48,2013-04-16 12:15:13,1,1.8,-73.951984,40.784616,1.0,N,-73.934854,40.798298,CRD,8.0,0.0,0.5,1.0,0.0,9.5
CMT,2012-04-23 13:46:22,2012-04-23 13:53:10,1,2.1,-73.984772,40.774297,1.0,N,-73.966582,40.800873,CSH,6.9,0.0,0.5,0.0,0.0,7.4
1,2016-01-05 07:27:20,2016-01-05 07:35:01,1,1.5,-73.9802474975586,40.74585723876953,1.0,N,-73.97982025146484,40.76023864746094,1,7.5,0.0,0.5,1.65,0.0,0.3
1,2016-04-08 09:00:16,2016-04-08 09:05:54,1,0.7,-73.99507904052734,40.73988723754883,1.0,N,-74.005126953125,40.74470138549805,1,6.0,0.0,0.5,1.35,0.0,0.3
VTS,2010-12-24 14:55:00,2010-12-24 15:10:00,1,3.21,-73.995138,40.717712,1.0,,-73.977968,40.758195,CRD,11.3,0.0,0.5,3.0,0.0,14.8
VTS,2009-07-03 18:09:00,2009-07-03 18:17:00,2,1.26,-74.005387,40.739018,,,-73.987382,40.738107,CASH,6.1,1.0,,0.0,0.0,7.1
CMT,2009-04-11 16:05:46,2009-04-11 16:20:31,1,2.7,-73.99709,40.737178,,0,-73.968535,40.762505,Cash,10.1,0.0,,0.0,0.0,10.1
CMT,2012-12-16 18:27:39,2012-12-16 18:34:30,1,1.0,-73.974287,40.791442,1.0,N,-73.979792,40.777736,CSH,7.0,0.0,0.5,0.0,0.0,7.5
VTS,2012-10-25 23:31:00,2012-10-25 23:46:00,2,4.37,-73.983883,40.765795,1.0,,-73.926075,40.772,CRD,15.5,0.5,0.5,3.2,0.0,19.7
1,2015-11-11 15:58:06,2015-11-11 16:29:51,1,4.2,-73.99443817138672,40.761131286621094,1.0,N,-73.95003509521484,40.7957878112793,1,21.5,0.0,0.5,4.45,0.0,0.3
CMT,2009-10-18 15:58:40,2009-10-18 16:15:47,1,7.8,-73.87264,40.774414,,0,-73.795191,40.712914,Cash,18.9,0.0,,0.0,0.0,18.9
CMT,2012-01-28 06:53:01,2012-01-28 06:58:41,1,2.2,-73.999119,40.739161,4.0,N,-74.009779,40.711206,CSH,7.3,0.0,0.5,0.0,0.0,7.8
2,2015-07-12 03:15:31,2015-07-12 03:37:17,1,7.44,-73.98873138427734,40.7636604309082,1.0,N,-73.99446868896484,40.698238372802734,2,24.0,0.5,0.5,0.0,0.0,0.3
VTS,2010-01-21 21:13:00,2010-01-21 21:20:00,1,2.02,-73.966655,40.804325,1.0,,-73.985337,40.781207,CAS,7.3,0.5,0.5,0.0,0.0,8.3
VTS,2014-10-31 23:08:00,2014-10-31 23:36:00,5,3.51,-73.989185,40.763667,1.0,,-74.005557,40.72931,CSH,20.0,0.5,0.5,0.0,0.0,21.0
CMT,2011-04-04 08:33:08,2011-04-04 08:36:09,1,0.8,-73.966568,40.753189,1.0,N,-73.957444,40.761328,CSH,4.1,0.0,0.5,0.0,0.0,4.6
VTS,2012-05-22 12:35:00,2012-05-22 12:52:00,1,6.26,-73.966595,40.757505,1.0,,-74.00452,40.715708,CRD,16.5,0.0,0.5,3.3,0.0,20.3
VTS,2009-04-12 11:06:00,2009-04-12 11:08:00,1,0.64,-73.961283,40.760523,,,-73.958605,40.768008,CASH,3.7,0.0,,0.0,0.0,3.7
CMT,2014-01-18 16:46:07,2014-01-18 16:50:20,1,1.2,-73.991451,40.760173,1.0,N,-73.99941,40.744728,CSH,6.0,0.0,0.5,0.0,0.0,6.5
CMT,2011-12-30 20:12:31,2011-12-30 20:21:38,1,1.0,-74.0082,40.7382,1.0,N,-74.0007,40.7298,CSH,6.5,0.5,0.5,0.0,0.0,7.5
VTS,2014-05-22 20:04:00,2014-05-22 20:16:00,1,1.21,-73.989015,40.736455,1.0,,-73.991417,40.74918,CRD,9.0,0.5,0.5,2.38,0.0,12.38
VTS,2009-05-05 21:09:00,2009-05-05 21:36:00,1,5.51,-74.005248,40.718303,,,-73.97061,40.785937,Credit,17.7,0.5,,3.64,0.0,21.84
2,2016-04-02 22:18:32,2016-04-02 22:27:37,1,1.62,-73.94509887695312,40.77870178222656,1.0,N,-73.96012878417969,40.76213073730469,2,8.5,0.5,0.5,0.0,0.0,0.3
VTS,2009-01-24 07:56:00,2009-01-24 08:00:00,1,0.79,-73.964992,40.771465,,,-73.961078,40.764995,CASH,4.1,0.0,,0.0,0.0,4.1
CMT,2011-06-12 03:10:30,2011-06-12 03:14:55,3,0.7,-73.979883,40.722843,1.0,N,-73.989194,40.726531,CSH,4.5,0.5,0.5,0.0,0.0,5.5
VTS,2009-04-05 01:30:00,2009-04-05 01:52:00,3,13.94,-73.956095,40.776388,,,-73.83551,40.707278,CASH,30.9,0.5,,0.0,4.15,35.55
CMT,2014-02-02 22:21:11,2014-02-02 22:25:17,1,1.3,-73.966951,40.756993,1.0,N,-73.979702,40.742267,CSH,6.0,0.5,0.5,0.0,0.0,7.0
VTS,2014-12-09 08:20:00,2014-12-09 08:28:00,1,0.96,-73.985217,40.768952,1.0,,-73.975072,40.760945,CSH,6.5,0.0,0.5,0.0,0.0,7.0
VTS,2011-11-22 12:40:00,2011-11-22 12:46:00,1,0.74,-73.986753,40.750902,1.0,,-73.980405,40.7601,CSH,4.5,0.0,0.5,0.0,0.0,5.0
VTS,2012-07-12 17:44:00,2012-07-12 18:06:00,5,2.39,-73.962737,40.768402,1.0,,-73.992017,40.759372,CRD,12.5,1.0,0.5,3.38,0.0,17.38
VTS,2010-04-27 16:58:00,2010-04-27 17:00:00,3,0.45,-73.98268,40.772255,1.0,,-73.98647,40.766695,CAS,3.3,1.0,0.5,0.0,0.0,4.8
VTS,2014-04-05 18:54:00,2014-04-05 19:11:00,1,3.48,-73.954225,40.781292,1.0,,-73.99113,40.750407,CRD,14.0,0.0,0.5,2.8,0.0,17.3
1,2016-04-19 22:43:52,2016-04-19 23:08:05,1,5.6,-73.97565460205078,40.749969482421875,1.0,N,-73.88995361328125,40.74928283691406,2,21.0,0.5,0.5,0.0,0.0,0.3
VTS,2014-08-16 22:47:00,2014-08-16 22:58:00,1,2.43,-73.956545,40.780742,1.0,,-73.98199,40.757905,CRD,11.0,0.5,0.5,1.0,0.0,13.0
CMT,2013-07-23 15:05:13,2013-07-23 15:20:01,1,2.2,-73.972823,40.764913,1.0,N,-74.001036,40.736321,CSH,2.5,0.0,0.5,0.0,0.0,3.0
CMT,2009-07-19 02:30:53,2009-07-19 02:44:43,1,3.2,-74.004484,40.721512,,0,-73.973284,40.747938,Cash,10.9,0.0,,0.0,0.0,10.9
VTS,2011-02-22 07:10:00,2011-02-22 07:14:00,5,1.24,-73.965722,40.765312,1.0,,-73.9537,40.77926,CSH,4.9,0.0,0.5,0.0,0.0,5.4
VTS,2012-07-19 08:31:00,2012-07-19 08:50:00,3,3.61,-74.015933,40.711177,1.0,,-73.998542,40.74957,CSH,13.3,0.0,0.5,0.0,0.0,13.8
CMT,2012-03-06 11:34:24,2012-03-06 11:42:17,1,1.3,-74.006888,40.741603,1.0,N,-73.990935,40.745345,CRD,6.1,0.0,0.5,1.4,0.0,8.0
VTS,2013-09-30 12:45:00,2013-09-30 12:56:00,1,1.28,-73.976315,40.747872,1.0,,-73.964732,40.763762,CRD,8.5,0.0,0.5,1.0,0.0,10.0
2,2015-10-12 18:58:30,2015-10-12 19:07:18,4,2.1,-73.95760345458984,40.779685974121094,1.0,N,-73.96652221679688,40.79925537109375,1,9.0,0.0,0.5,1.96,0.0,0.3
1,2016-02-15 11:47:30,2016-02-15 11:56:05,2,1.8,-73.98164367675781,40.76348876953125,1.0,N,-73.98079681396484,40.744808197021484,1,8.0,0.0,0.5,1.75,0.0,0.3
CMT,2009-11-07 18:08:24,2009-11-07 18:15:43,1,1.4,-73.987571,40.728777,,0,-73.976176,40.715767,Cash,6.5,0.0,0.5,0.0,0.0,7.0
VTS,2013-09-04 15:58:00,2013-09-04 16:11:00,1,2.49,-73.976315,40.765412,1.0,,-73.949327,40.781997,CRD,11.5,0.0,0.5,2.3,0.0,14.3
2,2015-04-08 08:44:44,2015-04-08 09:02:28,1,2.42,-73.95608520507812,40.77874755859375,1.0,N,-73.98210144042969,40.76848220825195,1,13.5,0.0,0.5,2.86,0.0,0.3
VTS,2013-10-13 21:27:00,2013-10-13 21:35:00,6,1.97,-73.982203,40.740015,1.0,,-73.971668,40.763417,CRD,8.5,0.5,0.5,1.8,0.0,11.3
2,2016-04-06 07:54:15,2016-04-06 08:03:25,1,1.96,-73.95113372802734,40.785648345947266,1.0,N,-73.96997833251953,40.759708404541016,1,8.5,0.0,0.5,0.0,0.0,0.3
CMT,2010-05-27 14:24:07,2010-05-27 14:24:46,1,0.1,-73.97379,40.757353,1.0,0,-73.972389,40.757239,Cas,2.5,0.0,0.5,0.0,0.0,3.0
VTS,2009-12-30 14:42:00,2009-12-30 14:47:00,1,0.97,-74.005413,40.728508,,,-74.004248,40.716112,CASH,4.9,0.0,0.5,0.0,0.0,5.4
2,2015-09-22 18:59:31,2015-09-22 19:34:03,4,7.2,-73.98190307617188,40.765750885009766,1.0,N,-73.96324157714844,40.710418701171875,1,28.0,1.0,0.5,5.96,0.0,0.3
CMT,2014-03-16 15:04:28,2014-03-16 15:09:18,1,0.8,-73.986166,40.762225,1.0,N,-73.974537,40.762184,CSH,5.5,0.0,0.5,0.0,0.0,6.0
VTS,2012-11-25 14:34:00,2012-11-25 14:36:00,5,0.75,-73.946923,40.791468,1.0,,-73.95366,40.78206,CRD,4.0,0.0,0.5,0.8,0.0,5.3
VTS,2012-05-19 20:06:00,2012-05-19 20:34:00,1,4.32,-73.99309,40.76763,1.0,,-73.995755,40.725087,CSH,16.5,0.5,0.5,0.0,0.0,17.5
CMT,2011-09-08 17:13:07,2011-09-08 17:40:11,1,2.8,-73.997302,40.721671,1.0,N,-73.987335,40.75647,CRD,14.5,1.0,0.5,4.0,0.0,20.0
VTS,2011-05-08 08:19:00,2011-05-08 08:25:00,2,0.99,-73.99812,40.755995,1.0,,-73.99812,40.755995,CSH,5.3,0.0,0.5,0.0,0.0,5.8
VTS,2011-05-21 23:19:00,2011-05-21 23:30:00,1,1.12,-74.005738,40.717595,1.0,,-73.99217,40.72544,CRD,7.3,0.5,0.5,2.0,0.0,10.3
VTS,2013-07-15 17:00:00,2013-07-15 17:21:00,1,3.55,-73.98713,40.750562,1.0,,-73.947597,40.775512,CSH,16.0,1.0,0.5,0.0,0.0,17.5
2,2015-03-01 20:42:55,2015-03-01 20:52:35,5,1.52,-73.98780822753906,40.72150421142578,1.0,N,-74.00650024414062,40.730865478515625,2,8.0,0.5,0.5,0.0,0.0,0.3
CMT,2009-04-08 14:07:09,2009-04-08 14:14:07,1,1.8,-73.985485,40.735828,,0,-73.97718,40.757406,Cash,6.9,0.0,,0.0,0.0,6.9
VTS,2009-01-22 14:48:00,2009-01-22 14:52:00,1,0.72,-73.972382,40.762405,,,-73.963992,40.767967,CASH,4.5,0.0,,0.0,0.0,4.5
VTS,2010-12-31 13:32:00,2010-12-31 13:50:00,5,5.02,-73.955508,40.780182,1.0,,-73.981325,40.727395,CRD,15.3,0.0,0.5,3.06,0.0,18.86
CMT,2013-07-31 19:47:31,2013-07-31 20:16:29,1,4.6,-73.99031,40.752444,1.0,N,-73.989368,40.703202,CRD,21.0,1.0,0.5,4.5,0.0,27.0
VTS,2010-09-02 07:43:00,2010-09-02 08:13:00,1,7.08,-73.997893,40.682697,1.0,,-73.981778,40.761523,CRD,21.3,0.0,0.5,4.26,0.0,26.06
CMT,2013-03-13 02:09:53,2013-03-13 02:15:11,1,2.1,-73.9673,40.756737,1.0,N,-73.948095,40.778285,CRD,8.0,0.5,0.5,1.8,0.0,10.8
2,2016-06-01 09:45:15,2016-06-01 09:48:19,2,0.54,-73.94703674316406,40.7845458984375,1.0,N,-73.95365905761719,40.781978607177734,1,4.0,0.0,0.5,0.96,0.0,0.3
CMT,2013-01-10 21:43:10,2013-01-10 21:50:08,1,1.2,-73.986644,40.739927,1.0,N,-73.975673,40.753411,CRD,7.0,0.5,0.5,1.6,0.0,9.6
1,2015-09-28 21:07:06,2015-09-28 21:15:20,2,1.1,-73.97730255126953,40.754302978515625,1.0,N,-73.99140167236328,40.75023651123047,2,7.0,0.5,0.5,0.0,0.0,0.3
CMT,2009-01-22 20:30:33,2009-01-22 20:41:01,1,2.4,-73.970339,40.789219,,,-73.984683,40.758173,Cash,9.0,0.0,,0.0,0.0,9.0
VTS,2013-08-19 12:56:00,2013-08-19 13:13:00,1,2.23,-73.970635,40.750827,1.0,,-73.982448,40.767937,CRD,12.5,0.0,0.5,1.0,0.0,14.0
VTS,2014-10-31 00:21:00,2014-10-31 00:44:00,2,2.74,-73.97725,40.68118,1.0,,-73.93633,40.67179,CSH,16.5,0.5,0.5,0.0,0.0,17.5
1,2015-06-25 11:52:25,2015-06-25 12:12:23,1,1.8,-73.99407958984375,40.75419235229492,1.0,N,-73.9970474243164,40.766998291015625,1,13.5,0.0,0.5,5.0,0.0,0.3
VTS,2014-04-18 04:03:00,2014-04-18 04:20:00,1,4.3,-74.00405,40.74211,1.0,,-74.00617,40.70624,CRD,16.5,0.5,0.5,4.25,0.0,21.75
CMT,2010-08-07 17:39:52,2010-08-07 17:57:29,1,2.9,-73.951454,40.769805,1.0,N,-73.952091,40.798154,CRD,11.7,0.0,0.5,1.83,0.0,14.03
VTS,2010-10-24 00:28:00,2010-10-24 00:40:00,1,0.63,-73.99159,40.726642,1.0,,-73.987917,40.720857,CSH,6.9,0.5,0.5,0.0,0.0,7.9
VTS,2014-07-27 01:18:00,2014-07-27 01:38:00,4,7.01,-73.987187,40.750572,1.0,,-73.94252,40.837152,CSH,22.0,0.5,0.5,0.0,0.0,23.0
VTS,2009-10-14 12:17:00,2009-10-14 12:34:00,6,1.16,-73.981362,40.773843,,,-73.982285,40.759273,CASH,9.7,0.0,,0.0,0.0,9.7
2,2015-08-18 23:06:30,2015-08-18 23:11:11,6,0.66,-73.99150848388672,40.74992370605469,1.0,N,-73.9908447265625,40.755943298339844,1,5.0,0.5,0.5,1.26,0.0,0.3
VTS,2012-06-23 02:47:00,2012-06-23 02:59:00,5,4.74,-74.005328,40.74188,1.0,,-73.966827,40.793763,CRD,12.5,0.5,0.5,2.6,0.0,16.1
VTS,2013-12-23 00:08:00,2013-12-23 00:38:00,5,12.53,-73.95918,40.809137,1.0,,-73.99412,40.695225,CRD,37.0,0.5,0.5,0.0,0.0,38.0
CMT,2012-11-30 20:41:35,2012-11-30 20:54:22,1,5.3,-73.973657,40.752198,1.0,N,-74.008248,40.707257,CRD,17.0,0.5,0.5,4.5,0.0,22.5
VTS,2011-06-28 00:48:00,2011-06-28 01:04:00,1,3.73,-73.979088,40.776887,1.0,,-73.9791,40.737307,CSH,12.1,0.5,0.5,0.0,0.0,13.1
VTS,2010-09-22 14:34:00,2010-09-22 14:47:00,1,2.27,-73.78716,40.641662,1.0,,-74.006047,40.748628,CRD,9.3,0.0,0.5,2.0,0.0,11.8
VTS,2012-02-25 12:02:00,2012-02-25 12:06:00,1,0.06,-73.985772,40.730907,1.0,,-73.977022,40.726512,CSH,4.5,0.0,0.5,0.0,0.0,5.0
2,2015-06-11 19:39:36,2015-06-11 19:42:02,1,0.54,-73.94522857666016,40.778648376464844,1.0,N,-73.94554901123047,40.77378845214844,2,4.0,1.0,0.5,0.0,0.0,0.3
CMT,2009-04-22 08:27:44,2009-04-22 08:32:58,1,1.7,-73.951195,40.782874,,0,-73.937033,40.80435,Cash,6.1,0.0,,0.0,0.0,6.1
VTS,2010-11-04 09:36:00,2010-11-04 09:42:00,5,1.54,-74.012007,40.702548,1.0,,-74.012007,40.702548,CRD,5.7,0.0,0.5,2.0,0.0,8.2
VTS,2014-08-22 10:44:00,2014-08-22 10:56:00,1,1.01,-73.977462,40.753617,1.0,,-73.99023,40.750807,CRD,9.0,0.0,0.5,1.8,0.0,11.3
CMT,2014-05-06 18:05:06,2014-05-06 18:38:15,1,3.1,-73.949187,40.773346,1.0,N,-73.986769,40.760118,CRD,21.5,1.0,0.5,4.6,0.0,27.6
CMT,2011-09-22 08:52:59,2011-09-22 09:00:18,2,1.3,-73.972149,40.790613,1.0,N,-73.979169,40.775808,CRD,6.1,0.0,0.5,1.32,0.0,7.92
VTS,2011-12-09 08:51:00,2011-12-09 09:04:00,5,1.75,-73.982382,40.745892,1.0,,-74.005222,40.740877,CSH,8.9,0.0,0.5,0.0,0.0,9.4
1,2015-11-03 14:31:56,2015-11-03 15:08:01,1,3.2,-73.96227264404297,40.77896499633789,1.0,N,-73.9893569946289,40.74185562133789,2,22.0,0.0,0.5,0.0,0.0,0.3
VTS,2014-04-14 11:17:00,2014-04-14 11:24:00,5,1.12,-73.962337,40.779007,1.0,,-73.976127,40.781215,CRD,6.5,0.0,0.5,1.3,0.0,8.3
1,2016-03-05 21:59:18,2016-03-05 22:18:55,1,1.9,-73.99083709716797,40.73146438598633,1.0,N,-73.9950180053711,40.750038146972656,2,13.0,0.5,0.5,0.0,0.0,0.3
VTS,2013-12-07 03:18:00,2013-12-07 03:25:00,1,1.58,-73.967265,40.756587,1.0,,-73.98701,40.766045,CRD,7.0,0.5,0.5,1.5,0.0,9.5
VTS,2013-06-25 20:00:00,2013-06-25 20:24:00,5,3.46,-73.977647,40.750372,1.0,,-74.002975,40.724967,CSH,17.5,0.5,0.5,0.0,0.0,18.5
CMT,2013-07-24 11:54:06,2013-07-24 12:05:31,1,1.5,-73.980349,40.775376,1.0,N,-73.971081,40.761013,CRD,9.5,0.0,0.5,1.5,0.0,11.5
1,2016-01-27 10:48:13,2016-01-27 10:58:29,1,0.9,-73.9734115600586,40.75837707519531,1.0,N,-73.97960662841797,40.74662780761719,1,8.0,0.0,0.5,1.2,0.0,0.3
CMT,2011-11-12 16:39:06,2011-11-12 16:44:44,1,1.0,-73.980177,40.753243,1.0,N,-73.991624,40.745759,CRD,5.3,0.0,0.5,1.0,0.0,6.8
CMT,2012-05-15 23:11:26,2012-05-15 23:18:17,1,1.0,-73.98345,40.756165,1.0,N,-73.996327,40.76368,CSH,5.7,0.5,0.5,0.0,0.0,6.7
VTS,2009-03-17 16:41:00,2009-03-17 16:47:00,1,1.23,-73.993712,40.727183,,,-73.991168,40.73929,CASH,6.1,1.0,,0.0,0.0,7.1
2,2015-02-23 15:41:42,2015-02-23 16:00:15,1,1.97,-73.9811782836914,40.78097152709961,1.0,N,-73.99523162841797,40.755001068115234,1,13.5,0.0,0.5,2.86,0.0,0.3
2,2016-04-29 13:56:59,2016-04-29 14:10:22,3,2.88,-73.9821548461914,40.75788116455078,1.0,N,-73.95178985595703,40.78178787231445,1,11.5,0.0,0.5,3.08,0.0,0.3
VTS,2011-01-22 11:23:00,2011-01-22 11:27:00,1,0.55,-73.98461,40.76922,1.0,,-73.989097,40.77451,CSH,4.1,0.0,0.5,0.0,0.0,4.6
CMT,2009-07-27 23:39:30,2009-07-28 00:14:18,2,9.3,-73.98984,40.758993,,0,-73.991891,40.759852,Cash,26.5,0.0,,0.0,0.0,26.5
2,2015-10-22 03:41:30,2015-10-22 03:46:48,5,0.96,-73.99420166015625,40.73513412475586,1.0,N,-74.00202941894531,40.726375579833984,2,5.5,0.5,0.5,0.0,0.0,0.3
CMT,2009-03-23 18:40:36,2009-03-23 18:55:47,1,3.1,-73.985584,40.763565,,0,-73.948674,40.781666,Cash,11.9,0.0,,0.0,0.0,11.9
CMT,2014-10-30 18:59:22,2014-10-30 19:12:28,1,1.6,-73.972378,40.756596,1.0,N,-73.95262,40.768572,CRD,10.5,1.0,0.5,2.4,0.0,14.4
VTS,2010-06-19 16:25:00,2010-06-19 16:34:00,1,1.45,-73.978855,40.765143,1.0,,-73.997583,40.760997,CAS,6.9,0.0,0.5,0.0,0.0,7.4
CMT,2014-04-27 10:15:21,2014-04-27 10:25:33,1,1.7,-73.982925,40.73966,1.0,N,-73.983972,40.755133,CSH,9.0,0.0,0.5,0.0,0.0,9.5
1,2015-11-18 19:55:32,2015-11-18 20:12:07,1,2.8,-73.98246765136719,40.748634338378906,1.0,N,-73.95389556884766,40.774845123291016,1,12.5,1.0,0.5,2.85,0.0,0.3
CMT,2013-05-13 21:41:31,2013-05-13 22:11:34,1,0.5,-73.964962,40.77532,2.0,N,-73.7902,40.643593,CSH,52.0,0.0,0.5,0.0,5.33,57.83
CMT,2013-09-27 10:07:41,2013-09-27 10:25:56,2,8.9,-73.952753,40.767913,1.0,N,-73.861853,40.768488,CRD,26.5,0.0,0.5,6.46,5.33,38.79
CMT,2013-02-27 10:48:45,2013-02-27 11:00:34,1,1.2,-73.961673,40.757211,1.0,N,-73.967251,40.763872,CSH,8.5,0.0,0.5,0.0,0.0,9.0
VTS,2009-10-20 12:04:00,2009-10-20 12:32:00,1,17.85,-73.948145,40.774443,,,-73.785963,40.638892,CASH,45.0,0.0,,0.0,4.57,49.57
CMT,2014-08-27 20:22:52,2014-08-27 20:31:36,1,2.1,-73.974919,40.749767,1.0,N,-73.9559,40.776141,CRD,9.0,0.5,0.5,2.0,0.0,12.0
VTS,2009-02-11 23:02:00,2009-02-11 23:06:00,5,1.2,-73.978263,40.741643,,,-73.983465,40.728402,Credit,4.9,0.5,,2.0,0.0,7.4
1,2015-05-07 17:47:47,2015-05-07 18:20:05,1,1.0,-73.9939193725586,40.740169525146484,1.0,N,-73.99384307861328,40.751834869384766,2,18.5,1.0,0.5,0.0,0.0,0.3
CMT,2012-09-13 08:54:05,2012-09-13 09:01:42,1,1.2,-73.974663,40.741972,1.0,N,-73.985874,40.731806,CRD,7.5,0.0,0.5,1.6,0.0,9.6
CMT,2014-01-26 14:42:47,2014-01-26 14:51:02,3,1.0,-73.986907,40.761411,1.0,N,-73.995846,40.769023,CRD,7.5,0.0,0.5,0.0,0.0,8.0
1,2015-11-06 19:28:59,2015-11-06 19:59:42,1,6.4,-74.00721740722656,40.73387908935547,1.0,N,-73.94738006591797,40.78018569946289,1,23.5,1.0,0.5,5.05,0.0,0.3
VTS,2013-11-25 17:55:00,2013-11-25 18:07:00,1,2.19,-74.008207,40.747202,1.0,,-74.014312,40.717315,CSH,11.0,1.0,0.5,0.0,0.0,12.5
CMT,2010-09-10 23:42:47,2010-09-10 23:59:51,2,2.2,-74.005437,40.739362,1.0,N,-73.974655,40.763288,CSH,10.1,0.5,0.5,0.0,0.0,11.1
CMT,2010-02-09 09:47:57,2010-02-09 09:52:44,1,0.5,-73.958478,40.764688,1.0,0,-73.966249,40.764944,CAS,4.5,0.0,0.5,0.0,0.0,5.0
CMT,2012-10-15 09:54:57,2012-10-15 10:17:02,1,6.3,-73.952593,40.766295,1.0,N,-74.009332,40.711002,CRD,23.0,0.0,0.5,2.5,0.0,26.0
CMT,2010-12-11 23:16:55,2010-12-11 23:45:56,1,7.4,-73.990362,40.689179,1.0,N,-73.966596,40.761215,CSH,21.3,0.5,0.5,0.0,0.0,22.3
VTS,2014-03-14 08:10:00,2014-03-14 08:45:00,1,7.89,-73.977065,40.726717,1.0,,-73.988617,40.753332,UNK,29.0,0.0,0.5,5.8,5.33,42.62
CMT,2011-10-23 07:48:28,2011-10-23 07:55:16,1,1.7,-73.953885,40.779716,1.0,N,-73.976308,40.775847,CRD,6.9,0.0,0.5,1.48,0.0,8.88
VTS,2014-03-28 02:07:00,2014-03-28 02:31:00,5,11.27,-74.0051,40.728512,1.0,,-73.934818,40.828602,CRD,33.5,0.5,0.5,0.0,0.0,34.5
VTS,2009-10-09 22:43:00,2009-10-09 22:58:00,1,3.37,-73.989778,40.732527,,,-73.957332,40.775135,CASH,11.7,0.5,,0.0,0.0,12.2
CMT,2012-09-16 23:10:43,2012-09-16 23:19:25,1,3.6,-73.947668,40.78368,1.0,N,-73.981682,40.736823,CRD,12.0,0.5,0.5,0.0,0.0,13.0
VTS,2011-09-26 15:30:00,2011-09-26 15:42:00,5,1.32,-73.994087,40.741452,1.0,,-73.980693,40.752027,CSH,7.3,0.0,0.5,0.0,0.0,7.8
2,2015-02-28 10:49:30,2015-02-28 10:54:19,6,0.77,-73.99433898925781,40.73503112792969,1.0,N,-73.99459838867188,40.726768493652344,1,5.5,0.0,0.5,1.0,0.0,0.3
VTS,2013-03-18 10:57:00,2013-03-18 11:12:00,5,2.01,-73.958097,40.776123,1.0,,-73.979918,40.758957,CSH,11.0,0.0,0.5,0.0,0.0,11.5
VTS,2012-07-08 17:57:00,2012-07-08 18:45:00,5,18.84,-74.005333,40.721853,2.0,,-73.777733,40.644753,CSH,45.0,0.0,0.5,0.0,0.0,45.5
CMT,2011-07-03 17:49:37,2011-07-03 17:52:54,4,0.4,-73.987602,40.760125,1.0,N,-73.981864,40.759127,CSH,3.7,0.0,0.5,0.0,0.0,4.2
CMT,2009-05-08 19:11:40,2009-05-08 19:21:13,1,1.3,-73.984605,40.740144,,0,-74.000497,40.73315,Cash,6.9,0.0,,0.0,0.0,6.9
CMT,2010-09-23 05:54:29,2010-09-23 05:55:14,1,0.4,-73.998967,40.744514,1.0,N,-73.995171,40.749804,CSH,3.3,0.5,0.5,0.0,0.0,4.3
CMT,2014-07-11 20:12:31,2014-07-11 20:20:56,1,1.4,-74.005482,40.739496,1.0,N,-73.98979,40.738983,CRD,7.5,0.5,0.5,2.1,0.0,10.6
VTS,2012-06-19 10:49:00,2012-06-19 11:08:00,1,8.15,-73.978322,40.736998,1.0,,-73.924813,40.827318,CSH,19.7,0.0,0.5,0.0,0.0,20.2
CMT,2014-10-03 07:17:30,2014-10-03 07:24:59,1,1.1,-73.97679,40.743601,1.0,N,-73.983075,40.729824,CSH,7.0,0.0,0.5,0.0,0.0,7.5
CMT,2013-12-06 16:49:00,2013-12-06 16:55:43,1,1.1,-73.937659,40.748865,1.0,N,-73.921184,40.756243,CRD,6.5,1.0,0.5,0.0,0.0,8.0
CMT,2013-05-30 21:38:06,2013-05-30 21:51:24,1,2.9,-73.983056,40.726746,1.0,N,-73.948682,40.70677,CRD,12.5,0.5,0.5,3.37,0.0,16.87
CMT,2013-10-28 19:42:22,2013-10-28 19:53:11,1,2.4,-73.972534,40.759241,1.0,N,-73.946419,40.777322,CSH,10.5,1.0,0.5,0.0,0.0,12.0
1,2015-07-14 18:31:48,2015-07-14 18:37:16,2,0.5,-73.98207092285156,40.76423645019531,1.0,N,-73.98006439208984,40.76590347290039,1,5.5,1.0,0.5,0.0,0.0,0.3
1,2015-12-12 14:54:34,2015-12-12 15:02:01,1,1.1,-73.97189331054688,40.74586486816406,1.0,N,-73.9618911743164,40.75947570800781,2,7.0,0.0,0.5,0.0,0.0,0.3
CMT,2014-12-17 06:03:37,2014-12-17 06:22:58,1,3.6,-73.983976,40.764764,1.0,N,-73.995111,40.724912,CSH,16.0,0.5,0.5,0.0,0.0,17.0
1,2016-03-20 19:10:24,2016-03-20 19:21:55,1,3.4,-73.96788787841797,40.755985260009766,1.0,N,-73.92361450195312,40.74346160888672,2,12.5,1.0,0.5,0.0,0.0,0.3
CMT,2011-04-17 18:37:41,2011-04-17 18:43:13,1,1.6,-73.987705,40.770286,1.0,N,-73.972959,40.790513,CSH,6.1,0.0,0.5,0.0,0.0,6.6
VTS,2011-07-19 18:38:00,2011-07-19 19:03:00,1,4.64,-73.981842,40.766275,1.0,,-74.005625,40.718402,CRD,16.1,1.0,0.5,4.28,0.0,21.88
CMT,2013-09-04 16:19:16,2013-09-04 16:34:31,1,1.6,-73.973298,40.764054,1.0,N,-73.990939,40.75141,CRD,10.5,1.0,0.5,1.5,0.0,13.5
VTS,2011-04-21 08:05:00,2011-04-21 08:09:00,5,0.66,-73.977605,40.756627,1.0,,-73.97934,40.761888,CRD,4.5,0.0,0.5,1.5,0.0,6.5
CMT,2010-08-16 17:27:28,2010-08-16 17:31:42,1,0.9,-73.954258,40.774682,1.0,N,-73.955698,40.764377,CSH,4.9,1.0,0.5,0.0,0.0,6.4
CMT,2010-07-19 14:43:23,2010-07-19 14:48:53,2,1.0,-73.954889,40.765391,1.0,0,-73.968159,40.762468,Cas,5.3,0.0,0.5,0.0,0.0,5.8
2,2016-05-29 05:00:14,2016-05-29 05:14:50,1,4.25,-73.98681640625,40.72972869873047,1.0,N,-73.96985626220703,40.69908142089844,2,15.5,0.5,0.5,0.0,0.0,0.3
CMT,2010-02-05 15:46:44,2010-02-05 15:57:59,2,1.8,-73.961073,40.775158,1.0,0,-73.977474,40.753423,CAS,8.1,0.0,0.5,0.0,0.0,8.6
VTS,2012-01-27 20:48:00,2012-01-27 20:51:00,1,0.76,-73.98621,40.756202,1.0,,-73.985322,40.763172,CRD,4.1,0.5,0.5,0.92,0.0,6.02
CMT,2009-03-01 02:23:44,2009-03-01 02:32:29,1,1.0,-73.977161,40.72612,,0,-73.987292,40.72037,Credit,7.0,0.0,,1.5,0.0,8.5
VTS,2011-12-02 14:27:00,2011-12-02 14:31:00,1,0.47,-73.952332,40.777528,1.0,,-73.95096,40.772705,CSH,4.1,0.0,0.5,0.0,0.0,4.6
CMT,2011-03-31 21:26:38,2011-03-31 21:31:06,1,1.0,-73.990742,40.745975,1.0,N,-73.978513,40.75239,CRD,4.9,0.5,0.5,1.18,0.0,7.08
1,2016-03-14 15:29:42,2016-03-14 15:45:05,1,2.1,-73.95328521728516,40.807498931884766,1.0,N,-73.95623779296875,40.784706115722656,1,11.5,0.0,0.5,2.0,0.0,0.3
1,2015-04-07 19:09:10,2015-04-07 19:18:07,1,0.9,-73.99710083007812,40.73337173461914,1.0,N,-73.98887634277344,40.73732376098633,1,7.0,1.0,0.5,1.25,0.0,0.3
CMT,2011-12-12 06:26:05,2011-12-12 06:36:10,1,4.1,-74.0151,40.715955,1.0,N,-73.988804,40.768766,CRD,11.3,0.0,0.5,3.54,0.0,15.34
CMT,2011-11-16 03:54:24,2011-11-16 04:11:02,1,6.7,-73.988934,40.730857,1.0,N,-73.914645,40.775589,CSH,16.5,0.5,0.5,0.0,0.0,17.5
VTS,2010-12-12 22:22:00,2010-12-12 22:36:00,5,8.37,-73.865708,40.771163,1.0,,-73.948485,40.779067,CRD,19.7,0.5,0.5,6.06,4.57,31.33
VTS,2014-03-01 11:02:00,2014-03-01 11:15:00,3,2.82,-73.989815,40.734295,1.0,,-74.002787,40.760597,CRD,11.5,0.0,0.5,2.88,0.0,14.88
CMT,2014-11-26 16:49:10,2014-11-26 17:07:11,1,2.5,-73.944467,40.779672,1.0,N,-73.973007,40.76181,CRD,13.0,1.0,0.5,2.9,0.0,17.4
VTS,2013-09-04 00:10:00,2013-09-04 00:22:00,5,2.01,-73.979342,40.740392,1.0,,-74.006232,40.743757,CRD,10.5,0.5,0.5,2.2,0.0,13.7
VTS,2012-10-22 00:55:00,2012-10-22 01:17:00,1,7.06,-73.988093,40.690112,1.0,,-73.985392,40.776265,CRD,23.5,0.5,0.5,2.0,0.0,26.5
CMT,2014-06-21 16:41:19,2014-06-21 16:54:49,3,1.7,-73.962203,40.779241,1.0,N,-73.97889,40.756016,CSH,10.5,0.0,0.5,0.0,0.0,11.0
CMT,2013-08-23 06:13:59,2013-08-23 06:17:45,1,0.6,-74.002439,40.718786,1.0,N,-74.009532,40.720762,CRD,4.5,0.0,0.5,0.5,0.0,5.5
VTS,2010-06-17 19:16:00,2010-06-17 19:35:00,2,3.42,-73.998077,40.72263,1.0,,-73.970147,40.764813,Cre,12.5,1.0,0.5,2.0,0.0,16.0
2,2015-05-23 10:16:04,2015-05-23 10:21:24,1,0.97,-73.98194122314453,40.76961135864258,1.0,N,-73.9793701171875,40.783599853515625,2,6.0,0.0,0.5,0.0,0.0,0.3
VTS,2013-05-16 20:53:00,2013-05-16 21:16:00,1,11.64,-73.781935,40.644762,1.0,,-73.794787,40.748635,CSH,32.0,0.5,0.5,0.0,0.0,33.0
VTS,2009-08-17 13:20:00,2009-08-17 13:59:00,1,18.38,-73.965245,40.79274,,,-73.863853,40.855762,CASH,43.3,0.0,,0.0,0.0,43.3
1,2016-04-14 13:15:26,2016-04-14 13:23:05,1,0.8,-74.00499725341797,40.75166320800781,1.0,N,-74.00770568847656,40.740970611572266,1,7.0,0.0,0.5,1.55,0.0,0.3
VTS,2010-03-17 17:30:00,2010-03-17 17:38:00,1,1.57,-73.96726,40.763488,1.0,,-73.951843,40.773518,CSH,6.5,1.0,0.5,0.0,0.0,8.0
1,2015-07-19 14:39:20,2015-07-19 14:49:50,1,1.8,-73.9853515625,40.7236328125,1.0,N,-73.9950942993164,40.740753173828125,1,9.0,0.0,0.5,1.96,0.0,0.3
CMT,2011-08-10 18:10:17,2011-08-10 18:18:03,1,1.4,-73.965442,40.759436,1.0,N,-73.955473,40.776981,CRD,6.5,1.0,0.5,1.0,0.0,9.0
CMT,2010-07-15 07:37:02,2010-07-15 07:43:45,1,1.8,-73.967151,40.793323,1.0,0,-73.961146,40.774309,Cre,6.9,0.0,0.5,2.0,0.0,9.4
CMT,2013-02-01 20:01:52,2013-02-01 20:06:29,1,0.7,-73.993621,40.736163,1.0,N,-73.995588,40.74411,CRD,5.0,0.5,0.5,1.0,0.0,7.0
VTS,2013-12-18 12:42:00,2013-12-18 13:09:00,1,2.99,-73.984125,40.761685,1.0,,-73.996445,40.725785,CRD,18.0,0.0,0.5,3.6,0.0,22.1
CMT,2011-09-17 18:39:12,2011-09-17 18:51:38,1,1.7,-73.996,40.7596,1.0,N,-74.0056,40.7381,CRD,8.5,0.0,0.5,1.5,0.0,10.5
CMT,2011-08-21 00:51:30,2011-08-21 00:54:45,1,1.6,-73.975061,40.749679,1.0,N,-73.959907,40.771102,CSH,5.7,0.5,0.5,0.0,0.0,6.7
CMT,2012-01-10 18:00:54,2012-01-10 18:02:45,1,0.5,-73.950462,40.775261,1.0,N,-73.946024,40.780622,CRD,3.3,1.0,0.5,1.5,0.0,6.3
1,2015-12-25 23:28:51,2015-12-25 23:39:43,2,2.6,-73.98080444335938,40.75016784667969,1.0,N,-73.98910522460938,40.72304153442383,1,10.5,0.5,0.5,2.35,0.0,0.3
VTS,2009-03-06 09:41:00,2009-03-06 09:56:00,1,1.54,-73.99321,40.74809,,,-73.988003,40.762348,Credit,8.9,0.0,,3.0,0.0,11.9
VTS,2013-08-16 08:30:00,2013-08-16 08:45:00,5,6.18,-73.952858,40.76808,1.0,,-74.008027,40.711762,CRD,19.5,0.0,0.5,3.0,0.0,23.0
CMT,2013-11-05 08:28:04,2013-11-05 08:43:36,1,3.2,-73.94977,40.788047,1.0,N,-73.965738,40.752854,CRD,13.5,0.0,0.5,2.8,0.0,16.8
1,2015-03-02 13:22:35,2015-03-02 13:32:13,2,2.4,-73.98133850097656,40.7499885559082,1.0,Y,-73.95433044433594,40.76728439331055,1,9.5,0.0,0.5,2.05,0.0,0.3
CMT,2012-08-12 05:17:50,2012-08-12 05:28:10,1,5.2,-73.942773,40.790098,1.0,N,-73.919926,40.743123,CSH,13.3,0.5,0.5,0.0,0.0,14.3
VTS,2012-04-04 07:13:00,2012-04-04 07:39:00,1,9.41,-73.996755,40.737037,1.0,,-73.94307,40.840492,CRD,25.3,0.0,0.5,2.5,0.0,28.3
1,2016-06-09 23:54:55,2016-06-10 00:04:16,1,1.4,-73.98064422607422,40.75373840332031,1.0,N,-73.99422454833984,40.76152801513672,1,8.0,0.5,0.5,1.7,0.0,0.3
CMT,2009-10-31 00:48:48,2009-10-31 01:10:18,2,5.6,-73.977777,40.725627,,0,-73.976465,40.785888,Cash,16.5,0.5,0.0,0.0,0.0,17.0
CMT,2014-01-11 07:00:19,2014-01-11 07:12:21,1,3.2,-73.983519,40.721955,1.0,N,-74.006686,40.751258,CRD,12.5,0.0,0.5,1.0,0.0,14.0
VTS,2014-02-27 14:46:00,2014-02-27 14:54:00,1,1.41,-73.97421,40.791417,1.0,,-73.984045,40.774657,CRD,7.5,0.0,0.5,1.88,0.0,9.88
CMT,2014-01-30 18:39:44,2014-01-30 19:06:49,3,2.7,-73.972738,40.755577,1.0,Y,-74.00569,40.740352,CRD,17.0,1.0,0.5,1.5,0.0,20.0
1,2015-09-14 22:41:54,2015-09-14 22:46:20,1,0.9,-73.9986801147461,40.723304748535156,1.0,Y,-74.00131225585938,40.73112106323242,1,5.5,0.5,0.5,1.0,0.0,0.3
1,2016-03-07 13:30:31,2016-03-07 13:55:08,1,2.6,-73.96589660644531,40.75899887084961,1.0,N,-73.99286651611328,40.73331832885742,1,17.0,0.0,0.5,2.67,0.0,0.3
1,2016-05-17 20:08:24,2016-05-17 20:20:03,1,2.0,-73.98175811767578,40.750675201416016,1.0,N,-74.00588989257812,40.745391845703125,2,9.5,1.0,0.5,0.0,0.0,0.3
VTS,2009-10-19 07:33:00,2009-10-19 07:49:00,1,3.79,-74.001987,40.715173,,,-73.971105,40.761977,CASH,12.1,0.0,,0.0,0.0,12.1
CMT,2011-08-06 18:26:48,2011-08-06 18:37:14,1,2.1,-73.977839,40.749591,1.0,N,-74.003862,40.742058,CSH,8.1,0.0,0.5,0.0,0.0,8.6
2,2015-03-20 10:27:50,2015-03-20 11:10:42,1,18.17,-73.7820053100586,40.64457702636719,2.0,N,-73.98853302001953,40.7309684753418,1,52.0,0.0,0.5,0.0,5.33,0.3
VTS,2014-12-09 18:06:00,2014-12-09 18:27:00,1,1.94,-73.986982,40.771495,1.0,,-73.97025,40.758882,CRD,13.5,1.0,0.5,3.62,0.0,18.62
VTS,2012-05-28 19:54:00,2012-05-28 19:56:00,5,0.75,-73.97069,40.788512,1.0,,-73.976093,40.781097,CSH,3.7,0.0,0.5,0.0,0.0,4.2
CMT,2011-05-17 08:38:40,2011-05-17 08:42:45,0,0.6,-73.989517,40.752118,1.0,N,-73.980302,40.751668,CSH,4.1,0.0,0.5,0.0,0.0,4.6
CMT,2014-08-27 07:24:36,2014-08-27 07:32:17,1,2.1,-73.901636,40.769864,1.0,N,-73.933216,40.774754,CSH,8.5,0.0,0.5,0.0,0.0,9.0
CMT,2011-11-02 07:59:38,2011-11-02 08:04:56,1,0.8,-73.9602,40.7618,1.0,N,-73.9513,40.774,CSH,4.9,0.0,0.5,0.0,0.0,5.4
VTS,2011-10-16 01:38:00,2011-10-16 01:48:00,1,3.34,-73.982482,40.745222,1.0,,-73.952093,40.781207,CRD,9.7,0.5,0.5,2.0,0.0,12.7
VTS,2012-10-13 02:22:00,2012-10-13 02:30:00,1,1.26,-74.000065,40.73061,1.0,,-74.007507,40.717745,CRD,7.5,0.5,0.5,2.0,0.0,10.5
VTS,2010-08-08 12:35:00,2010-08-08 12:44:00,1,0.1,-73.976997,40.75927,1.0,,-73.981452,40.76866,CSH,6.5,0.0,0.5,0.0,0.0,7.0
CMT,2009-06-06 17:46:36,2009-06-06 17:51:37,1,1.2,-73.998713,40.74496,,0,-73.980456,40.742457,Cash,5.3,0.0,,0.0,0.0,5.3
CMT,2009-06-20 04:56:41,2009-06-20 04:59:46,1,0.6,-73.95456,40.8209,,0,-73.950326,40.828197,Cash,4.1,0.0,,0.0,0.0,4.1
2,2015-09-02 12:37:57,2015-09-02 12:58:05,1,6.43,-73.96796417236328,40.762508392333984,1.0,N,-74.0090560913086,40.7041015625,1,22.0,0.0,0.5,0.0,0.0,0.3
CMT,2010-01-14 10:50:13,2010-01-14 11:03:05,1,2.5,-73.9814,40.755899,1.0,0,-73.975352,40.780247,Cas,9.3,0.0,0.5,0.0,0.0,9.8
VTS,2014-12-02 12:23:00,2014-12-02 12:25:00,1,0.43,-73.99097,40.73436,1.0,,-73.99407,40.72875,CRD,3.5,0.0,0.5,1.05,0.0,5.05
CMT,2012-08-02 22:28:44,2012-08-02 22:53:49,1,10.2,-73.993315,40.757104,1.0,N,-73.861572,40.767864,CRD,25.7,0.5,0.5,6.3,4.8,37.8
2,2015-06-03 12:07:40,2015-06-03 12:41:16,4,4.2,-73.96392059326172,40.808189392089844,1.0,N,-73.95436096191406,40.769710540771484,2,22.0,0.0,0.5,0.0,0.0,0.3
VTS,2013-03-12 08:09:00,2013-03-12 08:34:00,1,6.05,-73.956637,40.783977,1.0,,-73.96669,40.753017,CSH,21.5,0.0,0.5,0.0,0.0,22.0
VTS,2010-02-17 21:51:00,2010-02-17 21:57:00,6,0.8,-73.979932,40.76476,1.0,,-73.98866,40.757573,CRD,4.9,0.5,0.5,2.0,0.0,7.9
CMT,2012-02-17 19:41:00,2012-02-17 19:47:57,1,2.4,-74.002612,40.733888,1.0,N,-74.002397,40.760459,CRD,8.1,1.0,0.5,2.0,0.0,11.6
CMT,2010-04-30 04:46:24,2010-04-30 05:06:59,1,7.2,-74.005096,40.740713,1.0,0,-73.912236,40.764576,Cas,18.9,0.5,0.5,0.0,0.0,19.9
CMT,2014-06-22 01:19:42,2014-06-22 01:47:43,1,6.1,-73.992343,40.72445,1.0,N,-73.920956,40.756517,CSH,22.5,0.5,0.5,0.0,0.0,23.5
2,2016-02-10 15:42:09,2016-02-10 15:59:55,6,2.51,-73.95600128173828,40.7722282409668,1.0,N,-73.98078918457031,40.7635383605957,1,12.5,0.0,0.5,1.7,0.0,0.3
VTS,2013-11-25 09:55:00,2013-11-25 09:58:00,1,0.23,-73.965652,40.765975,1.0,,-73.967187,40.763417,CRD,4.0,0.0,0.5,0.8,0.0,5.3
CMT,2013-03-21 18:36:46,2013-03-21 18:45:01,1,0.8,-73.981819,40.752394,1.0,Y,-73.972466,40.745124,CRD,7.0,1.0,0.5,1.0,0.0,9.5
1,2016-05-26 06:11:20,2016-05-26 06:29:43,1,10.1,-73.97123718261719,40.75577926635742,1.0,N,-73.8707504272461,40.77396774291992,1,28.5,0.0,0.5,6.95,5.54,0.3
CMT,2014-11-03 03:02:47,2014-11-03 03:18:16,2,5.8,-73.939311,40.751511,1.0,N,-73.883496,40.740791,CSH,18.5,0.5,0.5,0.0,0.0,19.5
VTS,2013-03-21 08:59:00,2013-03-21 09:03:00,2,1.08,-73.96781,40.768485,1.0,,-73.959413,40.78019,CRD,5.5,0.0,0.5,1.1,0.0,7.1
CMT,2011-09-13 11:01:41,2011-09-13 11:15:26,3,1.5,-73.98397,40.769878,1.0,N,-73.991314,40.754938,CRD,8.9,0.0,0.5,2.82,0.0,12.22
VTS,2010-11-11 10:14:00,2010-11-11 10:57:00,4,8.71,-73.870718,40.773563,1.0,,-73.986463,40.747385,CSH,27.7,0.0,0.5,0.0,4.57,32.77
CMT,2011-05-18 15:56:08,2011-05-18 16:13:20,1,1.7,-74.002905,40.760425,1.0,N,-73.975737,40.754926,CRD,9.7,1.0,0.5,2.24,0.0,13.44
CMT,2010-05-19 00:28:10,2010-05-19 00:41:27,1,3.5,-73.982301,40.759318,1.0,0,-74.004753,40.716349,Cre,11.3,0.5,0.5,2.0,0.0,14.3
DDS,2010-05-22 00:20:32,2010-05-22 00:27:05,2,1.4,-73.97718,40.742934,1.0,,-73.966449,40.757518,CAS,6.1,0.5,0.5,0.0,0.0,7.1
VTS,2014-09-06 11:24:00,2014-09-06 11:32:00,1,1.21,-74.003867,40.70778,1.0,,-73.990815,40.717252,CRD,7.5,0.0,0.5,1.5,0.0,9.5
VTS,2012-03-06 12:29:00,2012-03-06 12:41:00,1,1.82,-73.96702,40.761445,1.0,,-73.97805,40.741842,CRD,8.1,0.0,0.5,1.62,0.0,10.22
CMT,2011-05-11 15:42:29,2011-05-11 16:01:19,1,9.2,-73.870256,40.773724,1.0,N,-73.986759,40.729878,CRD,22.1,0.0,0.5,5.48,4.8,32.88
VTS,2010-07-25 00:11:00,2010-07-25 00:25:00,2,3.03,-73.963217,40.75759,1.0,,-74.000553,40.737982,Cre,10.5,0.5,0.5,1.5,0.0,13.0
VTS,2014-02-05 15:59:00,2014-02-05 16:03:00,1,0.63,-73.973625,40.763812,1.0,,-73.978775,40.756422,CSH,4.5,0.0,0.5,0.0,0.0,5.0
VTS,2012-01-27 08:07:00,2012-01-27 08:37:00,3,2.44,-73.972102,40.796673,1.0,,-73.963697,40.776005,CRD,14.5,0.0,0.5,2.0,0.0,17.0
CMT,2014-01-23 22:30:50,2014-01-23 22:38:14,2,1.7,-73.974216,40.755396,1.0,N,-73.956654,40.767036,CRD,7.5,0.5,0.5,1.7,0.0,10.2
VTS,2011-12-13 14:59:00,2011-12-13 15:17:00,1,2.61,-73.945803,40.780328,1.0,,-73.971262,40.76173,CSH,10.9,0.0,0.5,0.0,0.0,11.4
CMT,2014-02-28 11:47:39,2014-02-28 12:07:23,3,1.6,-73.973026,40.764207,1.0,N,-73.991038,40.748952,CSH,12.5,0.0,0.5,0.0,0.0,13.0
CMT,2012-04-18 06:58:50,2012-04-18 07:06:08,1,2.0,-73.957292,40.80176,1.0,N,-73.979147,40.781813,CRD,6.9,0.0,0.5,1.0,0.0,8.4
CMT,2012-05-18 10:42:15,2012-05-18 10:46:38,1,1.0,-73.957213,40.774438,1.0,N,-73.952761,40.78661,CRD,4.9,0.0,0.5,0.85,0.0,6.25
VTS,2011-06-02 21:10:00,2011-06-02 21:24:00,2,1.87,-73.98865,40.718773,1.0,,-74.003848,40.733487,CRD,9.3,0.5,0.5,3.0,0.0,13.3
VTS,2014-01-05 11:53:00,2014-01-05 12:09:00,5,1.3,-73.99116,40.755575,1.0,,-73.975865,40.76467,CSH,11.0,0.0,0.5,0.0,0.0,11.5
CMT,2010-08-21 14:11:04,2010-08-21 14:27:36,1,2.6,-73.981,40.782004,1.0,N,-73.946026,40.776422,CRD,9.7,0.0,0.5,1.53,0.0,11.73
VTS,2012-02-04 23:30:00,2012-02-04 23:44:00,1,4.57,-73.959728,40.770905,1.0,,-73.92489,40.818405,CSH,12.9,0.5,0.5,0.0,0.0,13.9
VTS,2012-11-08 23:58:00,2012-11-09 00:03:00,1,0.08,-73.970652,40.761737,1.0,,-73.969825,40.753442,CRD,6.0,0.5,0.5,2.0,0.0,9.0
VTS,2011-05-08 18:30:00,2011-05-08 18:49:00,1,3.86,-73.952328,40.78103,1.0,,-73.9861,40.740798,CRD,12.9,0.0,0.5,0.0,0.0,13.4
2,2016-02-02 13:16:46,2016-02-02 13:31:38,2,4.17,-73.97896575927734,40.740543365478516,1.0,N,-74.00718688964844,40.70713806152344,2,15.5,0.0,0.5,0.0,0.0,0.3
VTS,2014-05-03 23:49:00,2014-05-04 00:02:00,1,3.83,-73.957937,40.721862,1.0,,-73.966283,40.690272,CSH,14.0,0.5,0.5,0.0,0.0,15.0
1,2015-07-17 08:41:21,2015-07-17 09:05:40,2,4.8,-74.00906372070312,40.71577072143555,1.0,N,-73.98464965820312,40.76114273071289,2,20.0,0.0,0.5,0.0,0.0,0.3
CMT,2011-05-29 19:38:42,2011-05-29 19:43:29,1,0.9,-73.979256,40.740314,1.0,N,-73.988394,40.731195,CRD,4.9,0.0,0.5,1.08,0.0,6.48
CMT,2014-04-29 19:41:31,2014-04-29 19:57:59,1,2.4,-74.006002,40.740087,1.0,N,-73.976444,40.728784,CRD,12.5,1.0,0.5,2.8,0.0,16.8
CMT,2013-04-11 11:44:10,2013-04-11 11:48:47,2,0.9,-73.951514,40.785267,1.0,N,-73.948366,40.795783,CSH,5.5,0.0,0.5,0.0,0.0,6.0
CMT,2012-12-05 09:20:48,2012-12-05 09:25:14,1,0.6,-73.977053,40.75054,1.0,N,-73.98403,40.746353,CSH,5.0,0.0,0.5,0.0,0.0,5.5
VTS,2011-07-06 18:36:00,2011-07-06 18:44:00,2,1.07,-73.975672,40.74468,1.0,,-73.993587,40.752198,CRD,6.1,1.0,0.5,0.0,0.0,7.6
CMT,2014-04-29 22:06:04,2014-04-29 22:15:48,1,2.3,-73.952237,40.784204,1.0,N,-73.975278,40.764187,CSH,9.5,0.5,0.5,0.0,0.0,10.5
CMT,2012-08-05 11:21:37,2012-08-05 11:49:19,2,17.4,-73.79028,40.643558,1.0,N,-73.955215,40.689517,CSH,38.5,0.0,0.5,0.0,0.0,39.0
VTS,2011-06-26 20:25:00,2011-06-26 20:34:00,1,1.24,-73.99326,40.744643,1.0,,-73.985135,40.741973,CSH,6.1,0.5,0.5,0.0,0.0,7.1
CMT,2012-08-16 18:18:49,2012-08-16 18:23:37,1,0.5,-74.00532,40.737037,1.0,N,-74.006691,40.741611,CSH,4.5,1.0,0.5,0.0,0.0,6.0
VTS,2010-03-26 22:45:00,2010-03-26 22:55:00,1,1.92,-73.981132,40.754477,1.0,,-73.982028,40.777385,CSH,8.1,0.5,0.5,0.0,0.0,9.1
1,2015-02-06 10:32:58,2015-02-06 10:51:09,1,1.9,-73.98259735107422,40.75067901611328,1.0,N,-73.98604583740234,40.77001190185547,1,12.0,0.0,0.5,2.56,0.0,0.3
VTS,2012-01-26 11:53:00,2012-01-26 12:00:00,1,1.29,-73.978805,40.724188,1.0,,-73.97749,40.73829,CSH,5.7,0.0,0.5,0.0,0.0,6.2
CMT,2010-01-06 12:52:02,2010-01-06 12:57:48,1,1.3,-73.990036,40.757456,1.0,0,-73.995342,40.769547,Cas,5.7,0.0,0.5,0.0,0.0,6.2
1,2016-06-23 17:23:39,2016-06-23 17:31:45,1,0.5,-73.98994445800781,40.752159118652344,1.0,N,-73.98979949951172,40.75703811645508,1,6.0,1.0,0.5,1.17,0.0,0.3
CMT,2011-10-11 13:34:08,2011-10-11 13:39:19,1,1.2,-73.982222,40.774071,1.0,N,-73.975425,40.789546,CRD,5.3,0.0,0.5,1.5,0.0,7.3
CMT,2010-11-13 21:50:51,2010-11-13 21:57:30,2,1.5,-73.964682,40.755426,1.0,N,-73.959331,40.769225,CSH,6.1,0.5,0.5,0.0,0.0,7.1
VTS,2013-03-21 12:45:00,2013-03-21 13:11:00,4,10.67,-73.87465,40.774152,1.0,,-73.98204,40.768797,CSH,33.0,0.0,0.5,0.0,5.33,38.83
CMT,2014-04-21 17:56:42,2014-04-21 18:05:08,1,1.9,-73.996482,40.723738,1.0,N,-73.978578,40.74532,CRD,8.5,1.0,0.5,2.0,0.0,12.0
CMT,2009-03-13 09:41:13,2009-03-13 10:02:34,1,5.1,-73.997483,40.683685,,0,-74.01516,40.711134,Credit,15.7,0.0,,3.14,0.0,18.84
VTS,2009-10-15 08:14:00,2009-10-15 08:35:00,2,1.91,-74.016243,40.715283,,,-74.004882,40.715637,Credit,11.7,0.0,,2.0,0.0,13.7
VTS,2013-10-09 13:10:00,2013-10-09 13:48:00,1,4.56,-74.015957,40.70824,1.0,,-73.983502,40.76143,CRD,25.0,0.0,0.5,5.0,0.0,30.5
1,2015-12-18 18:44:23,2015-12-18 18:52:46,1,1.0,-73.97884368896484,40.78322982788086,1.0,N,-73.98223114013672,40.76976776123047,2,7.5,1.0,0.5,0.0,0.0,0.3
2,2016-02-09 17:03:00,2016-02-09 17:17:00,1,3.1,-74.00684356689453,40.73016357421875,1.0,N,-73.98946380615234,40.76771545410156,1,12.5,1.0,0.5,2.86,0.0,0.3
CMT,2014-06-16 08:29:29,2014-06-16 08:35:09,1,0.9,-73.95254,40.783324,1.0,N,-73.96023,40.771306,CRD,5.5,0.0,0.5,1.2,0.0,7.2
CMT,2013-04-24 23:29:29,2013-04-24 23:37:24,1,2.1,-73.987808,40.735326,1.0,N,-73.99854,40.754518,CSH,9.0,0.5,0.5,0.0,0.0,10.0
VTS,2014-04-23 22:43:00,2014-04-23 22:53:00,2,1.31,-73.99151,40.74984,1.0,,-73.98593,40.75973,CRD,8.0,0.5,0.5,1.0,0.0,10.0
CMT,2010-06-23 07:12:20,2010-06-23 07:20:59,1,1.6,-73.956896,40.770437,1.0,0,-73.97421,40.754871,Cas,6.9,0.0,0.5,0.0,0.0,7.4
VTS,2014-08-18 18:17:00,2014-08-18 18:22:00,1,0.69,-74.010055,40.720827,1.0,,-74.015543,40.71561,CRD,5.5,1.0,0.5,1.5,0.0,8.5
2,2015-06-03 15:15:11,2015-06-03 15:50:52,3,3.67,-74.00241088867188,40.70893859863281,1.0,N,-73.98637390136719,40.751617431640625,2,23.0,0.0,0.5,0.0,0.0,0.3
VTS,2012-11-26 00:30:00,2012-11-26 00:36:00,1,1.73,-73.967302,40.760907,1.0,,-73.98384,40.75507,CSH,7.5,0.5,0.5,0.0,0.0,8.5
VTS,2012-12-28 10:59:00,2012-12-28 11:04:00,1,0.72,-73.992305,40.749582,1.0,,-73.9873,40.742963,CSH,5.0,0.0,0.5,0.0,0.0,5.5
CMT,2014-06-26 15:08:06,2014-06-26 15:13:46,5,0.4,-73.973332,40.749693,1.0,N,-73.976752,40.751742,CSH,5.0,0.0,0.5,0.0,0.0,5.5
CMT,2011-02-14 18:00:32,2011-02-14 18:03:06,1,0.4,-73.984186,40.758937,1.0,N,-73.988139,40.758112,CSH,3.3,1.0,0.5,0.0,0.0,4.8
1,2015-02-19 08:28:04,2015-02-19 08:38:15,1,1.3,-74.002685546875,40.74939727783203,1.0,N,-74.00267791748047,40.734344482421875,2,8.5,0.0,0.5,0.0,0.0,0.3
CMT,2011-03-04 22:20:55,2011-03-04 22:38:52,2,4.6,-73.988398,40.718757,1.0,N,-73.955628,40.7753,CSH,14.1,0.5,0.5,0.0,0.0,15.1
VTS,2014-12-03 14:00:00,2014-12-03 14:14:00,1,2.78,-74.008707,40.713867,1.0,,-74.008255,40.74458,CRD,12.0,0.0,0.5,1.0,0.0,13.5
CMT,2011-05-24 09:05:27,2011-05-24 09:21:50,2,6.1,-73.963065,40.774942,1.0,N,-73.943132,40.840046,CRD,16.1,0.0,0.5,3.0,0.0,19.6
CMT,2009-07-19 18:33:47,2009-07-19 18:42:30,2,2.2,-73.989271,40.74052,,0,-73.983785,40.76183,Cash,7.7,0.0,,0.0,0.0,7.7
CMT,2014-06-02 08:08:47,2014-06-02 08:15:43,1,0.9,-73.962634,40.755548,1.0,N,-73.974838,40.756406,CSH,6.5,0.0,0.5,0.0,0.0,7.0
CMT,2014-04-27 01:51:02,2014-04-27 02:04:41,2,3.5,-73.989589,40.767014,1.0,N,-73.976991,40.732492,CRD,12.5,0.5,0.5,2.7,0.0,16.2
CMT,2009-10-02 11:11:14,2009-10-02 11:14:55,1,1.1,-73.996674,40.73751,,0,-73.986531,40.751492,Cash,4.5,0.0,,0.0,0.0,4.5
VTS,2014-10-27 17:48:00,2014-10-27 18:06:00,2,2.39,-73.98907,40.753147,1.0,,-73.98008,40.78052,CRD,13.5,1.0,0.5,1.5,0.0,16.5
1,2016-03-09 21:33:58,2016-03-09 21:41:31,1,1.8,-73.99942016601562,40.7341423034668,1.0,N,-74.01396179199219,40.71530532836914,1,8.5,0.5,0.5,1.95,0.0,0.3
CMT,2012-11-10 11:49:10,2012-11-10 12:02:28,1,3.1,-73.993882,40.735813,1.0,N,-73.966804,40.767252,CRD,12.5,0.0,0.5,1.5,0.0,14.5
CMT,2014-07-10 02:09:40,2014-07-10 02:18:48,2,1.9,-74.006803,40.739503,1.0,N,-73.988706,40.755047,CSH,9.0,0.5,0.5,0.0,0.0,10.0
CMT,2013-09-25 22:43:35,2013-09-25 22:54:42,1,3.4,-73.959806,40.782262,1.0,N,-73.987407,40.739853,CRD,12.0,0.5,0.5,1.5,0.0,14.5
VTS,2010-06-08 10:35:00,2010-06-08 10:44:00,1,1.66,-73.95655,40.781037,1.0,,-73.971587,40.760353,CAS,7.3,0.0,0.5,0.0,0.0,7.8
CMT,2009-05-23 21:08:41,2009-05-23 21:13:11,4,0.8,-73.996381,40.738078,,0,-73.987534,40.748105,Cash,4.5,0.0,,0.0,0.0,4.5
VTS,2012-08-08 07:27:00,2012-08-08 07:38:00,2,2.7,-73.950962,40.779417,1.0,,-73.980022,40.759005,CRD,9.3,0.0,0.5,1.86,0.0,11.66
VTS,2014-06-21 13:00:00,2014-06-21 13:15:00,5,2.37,-73.99089,40.72802,1.0,,-74.003455,40.731942,CRD,11.5,0.0,0.5,2.3,0.0,14.3
VTS,2010-04-09 17:48:00,2010-04-09 17:58:00,2,1.77,-73.983528,40.756123,1.0,,-73.980477,40.774885,CAS,7.7,1.0,0.5,0.0,0.0,9.2
CMT,2013-07-26 23:45:28,2013-07-26 23:48:02,1,0.6,-73.973025,40.754897,1.0,N,-73.979732,40.748835,CRD,4.0,0.5,0.5,1.0,0.0,6.0
VTS,2010-07-15 16:04:00,2010-07-15 16:10:00,4,1.06,-74.002602,40.739565,1.0,,-73.990283,40.746257,Cre,4.9,1.0,0.5,3.0,0.0,9.4
1,2015-04-23 23:20:17,2015-04-23 23:26:07,1,0.7,-73.97217559814453,40.762794494628906,1.0,N,-73.97587585449219,40.762779235839844,2,5.5,0.5,0.5,0.0,0.0,0.3
2,2016-03-13 18:43:53,2016-03-13 18:48:19,6,0.77,-73.95037841796875,40.78369903564453,1.0,N,-73.93988800048828,40.786258697509766,2,5.0,0.0,0.5,0.0,0.0,0.3
CMT,2012-07-30 17:17:53,2012-07-30 17:59:07,2,17.3,-73.78111,40.644987,2.0,N,-73.973015,40.75486,CSH,45.0,0.0,0.5,0.0,4.8,50.3
VTS,2013-07-16 13:51:00,2013-07-16 14:00:00,6,0.79,-73.988887,40.76033,1.0,,-73.978617,40.761077,CSH,7.0,0.0,0.5,0.0,0.0,7.5
VTS,2013-08-23 21:36:00,2013-08-23 21:44:00,6,2.14,-73.997682,40.756582,1.0,,-73.976802,40.779875,CRD,9.0,0.5,0.5,1.0,0.0,11.0
VTS,2010-11-25 16:39:00,2010-11-25 16:42:00,3,0.81,-73.98819,40.74959,1.0,,-73.981202,40.759968,CRD,4.1,0.0,0.5,0.0,0.0,4.6
VTS,2011-01-06 14:46:00,2011-01-06 14:47:00,5,0.07,-73.991712,40.749713,1.0,,-73.99222,40.748897,CSH,2.5,0.0,0.5,0.0,0.0,3.0
CMT,2013-05-15 17:41:27,2013-05-15 17:46:56,1,2.4,-74.004132,40.706951,1.0,N,-73.980211,40.720651,CRD,9.0,1.0,0.5,1.6,0.0,12.1
1,2016-06-27 11:51:53,2016-06-27 11:56:12,1,0.7,-74.00059509277344,40.74241256713867,1.0,N,-73.99270629882812,40.74052429199219,1,5.0,0.0,0.5,1.45,0.0,0.3
CMT,2012-09-28 20:14:48,2012-09-28 20:21:20,1,1.0,-73.987684,40.749759,1.0,N,-73.982348,40.762854,CRD,6.0,0.5,0.5,1.4,0.0,8.4
CMT,2012-07-30 13:04:14,2012-07-30 13:20:17,1,7.6,-73.944292,40.835174,1.0,N,-74.00755,40.743605,CSH,19.3,0.0,0.5,0.0,0.0,19.8
2,2015-06-01 12:14:25,2015-06-01 12:20:42,5,0.95,-73.96037292480469,40.77592849731445,1.0,N,-73.94979858398438,40.781951904296875,2,6.5,0.0,0.5,0.0,0.0,0.3
VTS,2009-03-25 10:04:00,2009-03-25 10:11:00,1,0.85,-73.99211,40.750635,,,-73.983725,40.751723,CASH,5.7,0.0,,0.0,0.0,5.7
CMT,2011-01-02 13:00:00,2011-01-02 13:20:24,1,4.8,-73.991348,40.72389,1.0,N,-73.982518,40.771601,CSH,14.5,0.0,0.5,0.0,0.0,15.0
CMT,2011-05-20 13:21:58,2011-05-20 13:40:16,1,1.9,-73.980693,40.748143,1.0,Y,-73.961439,40.764391,CSH,10.9,0.0,0.5,0.0,0.0,11.4
CMT,2010-01-26 17:12:44,2010-01-26 17:29:15,1,2.3,-73.995224,40.734094,1.0,0,-74.006942,40.708055,Cas,10.1,1.0,0.5,0.0,0.0,11.6
CMT,2010-12-12 09:09:36,2010-12-12 09:25:25,1,4.4,-74.003839,40.738455,1.0,N,-73.961724,40.779817,CSH,12.9,0.0,0.5,0.0,0.0,13.4
VTS,2014-01-25 19:11:00,2014-01-25 19:27:00,2,2.64,-74.00563,40.72556,1.0,,-73.981642,40.758365,CSH,12.5,0.0,0.5,0.0,0.0,13.0
CMT,2013-12-15 18:57:49,2013-12-15 19:01:48,1,1.0,-73.968823,40.786127,1.0,N,-73.979056,40.776687,CSH,5.5,0.0,0.5,0.0,0.0,6.0
VTS,2011-11-14 12:15:00,2011-11-14 12:51:00,1,3.5,-73.997868,40.726043,1.0,,-73.974758,40.765483,CSH,18.9,0.0,0.5,0.0,0.0,19.4
VTS,2010-09-06 11:37:00,2010-09-06 11:46:00,3,1.51,-73.987632,40.765315,1.0,,-73.998233,40.733968,CRD,6.9,0.0,0.5,0.01,0.0,7.41
VTS,2013-01-26 09:51:00,2013-01-26 09:55:00,1,0.42,-73.982773,40.78112,1.0,,-73.98228,40.774982,CSH,4.5,0.0,0.5,0.0,0.0,5.0
CMT,2012-08-19 23:42:17,2012-08-20 00:05:37,1,6.7,-73.994303,40.728328,1.0,N,-73.920479,40.765273,CSH,18.5,0.5,0.5,0.0,0.0,19.5
VTS,2011-03-17 20:18:00,2011-03-17 20:28:00,4,1.89,-73.980527,40.721787,1.0,,-73.981063,40.741658,CSH,7.3,0.5,0.5,0.0,0.0,8.3
VTS,2014-06-18 08:19:00,2014-06-18 08:31:00,2,2.08,-73.961735,40.77791,1.0,,-73.98232,40.762717,UNK,10.5,0.0,0.5,1.58,0.0,12.58
VTS,2010-06-22 14:47:00,2010-06-22 14:53:00,1,0.85,-73.979732,40.76155,1.0,,-73.983462,40.77151,CAS,4.9,0.0,0.5,0.0,0.0,5.4
CMT,2011-03-29 12:39:07,2011-03-29 12:48:55,1,1.6,-73.973938,40.751446,1.0,N,-73.95873,40.76892,CSH,7.3,0.0,0.5,0.0,0.0,7.8
VTS,2013-05-02 06:59:00,2013-05-02 07:04:00,1,0.7,-74.009375,40.712727,1.0,,-74.009888,40.720262,CSH,5.0,0.0,0.5,0.0,0.0,5.5
VTS,2009-02-02 22:52:00,2009-02-02 23:07:00,2,5.49,-73.988895,40.736672,,,-73.936695,40.79957,CASH,14.1,0.5,,0.0,0.0,14.6
VTS,2009-08-03 17:27:00,2009-08-03 17:36:00,1,1.16,-73.953773,40.775323,,,-73.95922,40.783153,CASH,6.5,1.0,,0.0,0.0,7.5
CMT,2011-12-07 09:17:42,2011-12-07 09:33:12,1,2.0,-73.95982,40.78141,1.0,N,-73.979862,40.757908,CRD,9.7,0.0,0.5,2.04,0.0,12.24
CMT,2014-09-26 15:59:20,2014-09-26 16:23:54,1,3.7,-73.997235,40.7225,1.0,N,-73.963542,40.764523,CRD,17.5,0.0,0.5,3.0,0.0,21.0
1,2016-06-02 06:50:28,2016-06-02 06:53:38,1,0.6,-73.9942398071289,40.7409782409668,1.0,N,-73.99160766601562,40.74728012084961,2,4.5,0.0,0.5,0.0,0.0,0.3
VTS,2014-01-25 19:25:00,2014-01-25 19:33:00,6,1.2,-73.990838,40.744535,1.0,,-73.998377,40.734637,CSH,7.5,0.0,0.5,0.0,0.0,8.0
VTS,2011-05-07 09:53:00,2011-05-07 10:08:00,5,2.38,-73.982388,40.769448,1.0,,-73.95388,40.766623,CRD,9.3,0.0,0.5,0.5,0.0,10.3
VTS,2012-05-10 21:19:00,2012-05-10 21:24:00,1,0.88,-74.004602,40.74231,1.0,,-73.980413,40.745587,CRD,4.9,0.5,0.5,1.08,0.0,6.98
VTS,2009-11-13 13:56:00,2009-11-13 14:22:00,1,3.39,-74.006827,40.729855,,,-73.974958,40.763025,Credit,15.3,0.0,0.5,3.06,0.0,18.86
VTS,2014-05-18 02:18:00,2014-05-18 02:31:00,1,5.07,-73.98775,40.719377,1.0,,-73.953233,40.769387,CRD,16.5,0.5,0.5,3.4,0.0,20.9
VTS,2012-04-14 12:38:00,2012-04-14 12:46:00,1,1.97,-73.995322,40.733502,1.0,,-74.00715,40.718852,CRD,7.3,0.0,0.5,1.46,0.0,9.26
VTS,2010-07-11 21:03:00,2010-07-11 21:08:00,1,0.62,-73.958323,40.764857,1.0,,-73.966243,40.767698,CAS,4.5,0.5,0.5,0.0,0.0,5.5
2,2016-04-26 21:24:39,2016-04-26 21:52:07,6,8.77,-73.9960708618164,40.72404861450195,1.0,N,-73.96338653564453,40.63597106933594,1,28.0,0.5,0.5,5.86,0.0,0.3
VTS,2014-04-22 09:47:00,2014-04-22 09:58:00,2,2.56,-73.974765,40.79298,1.0,,-73.968652,40.767297,CRD,11.0,0.0,0.5,2.2,0.0,13.7
CMT,2014-08-15 07:07:52,2014-08-15 07:14:59,1,1.6,-73.986346,40.744874,1.0,N,-73.969463,40.762558,CRD,7.5,0.0,0.5,1.6,0.0,9.6
CMT,2013-04-13 14:29:42,2013-04-13 14:35:02,2,1.0,-73.961853,40.771163,1.0,N,-73.973322,40.764368,CRD,6.0,0.0,0.5,1.3,0.0,7.8
VTS,2013-12-24 12:57:00,2013-12-24 13:12:00,1,3.3,-73.973397,40.755027,1.0,,-74.002292,40.729252,CSH,13.0,0.0,0.5,0.0,0.0,13.5
CMT,2010-11-10 11:36:40,2010-11-10 12:00:24,1,5.2,-73.966073,40.773959,1.0,N,-74.010338,40.730648,CRD,16.9,0.0,0.5,3.2,0.0,20.6
2,2015-05-15 00:46:09,2015-05-15 00:55:36,1,1.4,-73.95774841308594,40.77619552612305,1.0,N,-73.96648406982422,40.759971618652344,1,8.0,0.5,0.5,1.86,0.0,0.3
CMT,2012-12-23 13:03:36,2012-12-23 13:08:32,1,1.2,-73.982021,40.772164,1.0,N,-73.973458,40.785387,CSH,6.0,0.0,0.5,0.0,0.0,6.5
VTS,2014-06-16 22:00:00,2014-06-16 22:20:00,1,3.96,-73.985612,40.723292,1.0,,-73.97428,40.679547,CRD,17.0,0.5,0.5,3.5,0.0,21.5
CMT,2012-06-29 23:32:30,2012-06-29 23:37:50,1,1.3,-73.985399,40.662432,1.0,Y,-73.980361,40.676529,CSH,5.7,0.5,0.5,0.0,0.0,6.7
VTS,2009-01-05 08:03:00,2009-01-05 08:05:00,1,0.42,-73.979427,40.747345,,,-73.980337,40.751092,CASH,3.3,0.0,,0.0,0.0,3.3
CMT,2012-03-03 19:04:10,2012-03-03 19:12:14,1,1.4,-73.992428,40.724661,1.0,N,-73.993531,40.739859,CRD,6.5,0.0,0.5,1.4,0.0,8.4
VTS,2014-10-18 21:04:00,2014-10-18 21:10:00,2,0.32,-73.992352,40.737747,1.0,,-73.993197,40.733917,CSH,5.5,0.5,0.5,0.0,0.0,6.5
CMT,2009-06-11 09:36:20,2009-06-11 09:55:18,1,2.6,-73.979216,40.750185,,0,-74.007369,40.727293,Cash,11.7,0.0,,0.0,0.0,11.7
CMT,2012-05-11 09:49:06,2012-05-11 10:00:21,1,0.9,-73.97366,40.752657,1.0,N,-73.988132,40.755995,CSH,6.9,0.0,0.5,0.0,0.0,7.4
CMT,2014-09-22 04:31:13,2014-09-22 04:40:18,3,2.8,-73.987207,40.76032,1.0,N,-73.956561,40.784063,NOC,10.5,0.5,0.5,0.0,0.0,11.5
CMT,2013-03-02 11:30:14,2013-03-02 11:33:47,2,0.8,-73.969411,40.769239,1.0,N,-73.977232,40.758751,CSH,5.0,0.0,0.5,0.0,0.0,5.5
VTS,2009-03-17 09:00:00,2009-03-17 09:19:00,2,3.15,-74.00528,40.718183,,,-73.977555,40.750345,CASH,11.7,0.0,,0.0,0.0,11.7
CMT,2013-10-10 10:45:53,2013-10-10 10:56:35,1,1.8,-73.984422,40.735408,1.0,N,-73.97278,40.751299,CSH,9.0,0.0,0.5,0.0,0.0,9.5
CMT,2014-07-25 20:17:00,2014-07-25 20:28:37,1,1.4,-73.984472,40.759868,1.0,N,-73.991248,40.750214,CRD,8.5,1.0,0.5,3.0,0.0,13.0
CMT,2012-01-12 06:13:36,2012-01-12 06:28:10,1,4.4,-73.972634,40.795807,1.0,N,-73.985587,40.749909,CRD,12.9,0.0,0.5,3.35,0.0,16.75
1,2016-05-06 11:49:32,2016-05-06 11:59:25,1,0.7,-73.94728088378906,40.77169418334961,1.0,N,-73.95482635498047,40.76497268676758,2,7.5,0.0,0.5,0.0,0.0,0.3
CMT,2014-08-08 21:22:31,2014-08-08 21:38:53,2,3.3,-73.956084,40.769871,1.0,N,-73.987836,40.744047,CSH,14.5,0.5,0.5,0.0,0.0,15.5
VTS,2014-01-20 07:09:00,2014-01-20 07:12:00,1,0.76,-73.95558,40.788137,1.0,,-73.954777,40.780732,CSH,5.0,0.0,0.5,0.0,0.0,5.5
1,2016-06-30 19:19:16,2016-06-30 19:49:13,1,4.9,-73.99955749511719,40.722049713134766,1.0,N,-73.92420196533203,40.70170974731445,1,22.5,1.0,0.5,6.05,0.0,0.3
CMT,2009-08-17 17:09:25,2009-08-17 17:30:08,1,1.0,-73.99452,40.755676,,0,-73.979013,40.749999,Cash,11.3,0.0,,0.0,0.0,11.3
1,2016-06-10 14:39:12,2016-06-10 14:50:39,1,1.1,-73.97936248779297,40.749542236328125,1.0,N,-73.97498321533203,40.761810302734375,1,8.5,0.0,0.5,2.32,0.0,0.3
CMT,2013-06-22 02:22:23,2013-06-22 02:33:41,1,4.1,-73.980378,40.764805,1.0,N,-73.9259,40.76417,CSH,13.5,0.5,0.5,0.0,0.0,14.5
CMT,2011-08-18 19:47:41,2011-08-18 19:54:01,1,1.0,-73.989774,40.760595,1.0,N,-73.974889,40.762713,CRD,5.3,1.0,0.5,1.36,0.0,8.16
VTS,2011-12-20 22:56:00,2011-12-20 23:08:00,5,3.06,-74.00822,40.712077,1.0,,-73.99886,40.68475,CRD,9.7,0.5,0.5,3.0,0.0,13.7
VTS,2013-08-23 13:12:00,2013-08-23 13:26:00,1,1.26,-73.983238,40.734532,1.0,,-73.98011,40.74294,CRD,10.5,0.0,0.5,2.1,0.0,13.1
CMT,2013-06-15 17:37:13,2013-06-15 17:43:05,1,1.1,-73.984926,40.736384,1.0,N,-73.993411,40.74646,CRD,6.5,0.0,0.5,3.0,0.0,10.0
CMT,2011-11-23 17:26:32,2011-11-23 17:28:06,1,0.4,-73.985498,40.768704,1.0,N,-73.984998,40.763527,CRD,3.3,1.0,0.5,1.1,0.0,5.9
VTS,2013-08-01 02:25:00,2013-08-01 02:27:00,1,0.32,-73.988842,40.72692,1.0,,-73.993303,40.727062,CRD,3.5,0.5,0.5,1.0,0.0,5.5
VTS,2010-08-25 17:17:00,2010-08-25 17:32:00,1,1.88,-73.981635,40.74078,1.0,,-73.976392,40.755868,CSH,9.7,1.0,0.5,0.0,0.0,11.2
2,2015-10-25 12:33:14,2015-10-25 12:43:10,5,0.88,-73.98333740234375,40.76097106933594,1.0,N,-73.9914321899414,40.75080871582031,2,8.0,0.0,0.5,0.0,0.0,0.3
CMT,2013-03-30 04:59:02,2013-03-30 05:11:17,1,3.6,-73.996037,40.76729,1.0,N,-73.958331,40.800867,CSH,14.0,0.5,0.5,0.0,0.0,15.0
CMT,2012-03-31 15:57:25,2012-03-31 16:01:09,1,0.8,-74.016734,40.706127,1.0,N,-74.011464,40.715678,CRD,4.5,0.0,0.5,1.0,0.0,6.0
VTS,2013-08-16 11:32:00,2013-08-16 12:22:00,2,17.33,-73.78357,40.648687,2.0,,-73.990755,40.75584,CSH,52.0,0.0,0.5,0.0,5.33,57.83
CMT,2013-08-21 23:29:55,2013-08-21 23:38:47,1,1.6,-73.945486,40.808011,1.0,N,-73.965285,40.80101,CRD,9.0,0.5,0.5,2.0,0.0,12.0
CMT,2010-05-29 20:03:41,2010-05-29 20:13:32,1,1.6,-73.975257,40.729132,1.0,0,-74.001199,40.736707,Cre,7.7,0.0,0.5,1.23,0.0,9.43
VTS,2014-01-28 07:13:00,2014-01-28 07:24:00,1,2.51,-73.981972,40.776397,1.0,,-73.957502,40.785615,CRD,11.0,0.0,0.5,2.75,0.0,14.25
1,2015-10-06 00:23:07,2015-10-06 00:33:40,1,2.7,-73.9841079711914,40.743385314941406,1.0,N,-73.95610809326172,40.746036529541016,1,11.0,0.5,0.5,3.0,6.0,0.3
VTS,2009-08-01 13:48:00,2009-08-01 13:53:00,1,1.28,-73.97776,40.738087,,,-73.976943,40.752462,Credit,5.3,0.0,,2.0,0.0,7.3
1,2015-04-16 11:31:42,2015-04-16 11:37:19,1,0.5,-73.9821548461914,40.76819610595703,1.0,N,-73.97396087646484,40.76400375366211,2,5.5,0.0,0.5,0.0,0.0,0.3
CMT,2010-09-11 16:28:32,2010-09-11 16:36:21,1,1.1,-73.801077,40.670043,4.0,N,-74.004362,40.740675,CSH,6.1,0.0,0.5,0.0,0.0,6.6
VTS,2014-02-22 17:13:00,2014-02-22 17:20:00,1,1.21,-73.989552,40.713992,1.0,,-73.99017,40.75151,CRD,6.5,0.0,0.5,1.3,0.0,8.3
1,2015-03-30 21:38:39,2015-03-30 21:50:20,1,2.6,-73.9649658203125,40.755943298339844,1.0,N,-73.98283386230469,40.72700881958008,2,11.0,0.5,0.5,0.0,0.0,0.3
VTS,2009-12-11 20:14:00,2009-12-11 20:30:00,5,3.7,-73.94735,40.776043,,,-73.981372,40.74114,CASH,11.7,0.5,0.5,0.0,0.0,12.7
VTS,2014-01-28 15:22:00,2014-01-28 15:28:00,5,0.85,-73.987772,40.73842,1.0,,-73.98044,40.745755,CRD,6.0,0.0,0.5,1.2,0.0,7.7
VTS,2014-09-13 17:54:00,2014-09-13 18:03:00,1,0.97,-73.988202,40.759457,1.0,,-73.978958,40.751952,CRD,7.0,0.0,0.5,2.1,0.0,9.6
CMT,2013-01-06 12:37:30,2013-01-06 12:49:05,2,2.2,-73.984607,40.757998,1.0,N,-73.971703,40.76346,CSH,10.0,0.0,0.5,0.0,0.0,10.5
VTS,2014-03-09 17:15:00,2014-03-09 17:37:00,1,1.48,-73.9995,40.754372,1.0,,-73.980427,40.74339,CSH,14.0,0.0,0.5,0.0,0.0,14.5
VTS,2009-12-28 10:14:00,2009-12-28 10:24:00,4,1.64,-73.965952,40.757923,,,-73.989355,40.751435,CASH,7.3,0.0,0.5,0.0,0.0,7.8
VTS,2009-01-08 13:09:00,2009-01-08 13:23:00,1,2.65,-73.976792,40.785022,,,-74.00253,40.760722,CASH,10.1,0.0,,0.0,0.0,10.1
CMT,2014-05-04 14:02:35,2014-05-04 14:14:22,1,1.4,-74.008258,40.714383,1.0,N,-73.989906,40.719235,CRD,9.5,0.0,0.5,1.0,0.0,11.0
VTS,2011-06-18 02:16:00,2011-06-18 02:26:00,5,2.44,-73.993378,40.730985,1.0,,-74.006535,40.744562,CRD,8.9,0.5,0.5,1.0,0.0,10.9
CMT,2013-10-27 23:16:04,2013-10-27 23:25:55,2,2.2,-73.977593,40.734073,1.0,N,-73.981319,40.755239,CSH,10.0,0.5,0.5,0.0,0.0,11.0
VTS,2014-03-01 18:16:00,2014-03-01 19:04:00,6,16.91,-73.971115,40.758117,2.0,,-73.783622,40.643697,CRD,52.0,0.0,0.5,5.0,5.33,62.83
CMT,2010-11-08 18:07:51,2010-11-08 18:16:02,2,0.9,-73.979796,40.749632,1.0,N,-73.97344,40.759336,CSH,6.1,1.0,0.5,0.0,0.0,7.6
CMT,2011-06-24 08:08:49,2011-06-24 08:13:32,1,1.0,-73.942465,40.81208,1.0,N,-73.956118,40.807239,CSH,5.3,0.0,0.5,0.0,0.0,5.8
1,2015-05-31 13:52:00,2015-05-31 14:08:05,2,2.3,-73.95362854003906,40.76698684692383,1.0,N,-73.97845458984375,40.786643981933594,1,12.0,0.0,0.5,2.55,0.0,0.3
VTS,2012-12-10 16:58:00,2012-12-10 17:06:00,1,1.32,-73.985247,40.73251,1.0,,-73.996017,40.720302,CRD,7.5,1.0,0.5,1.7,0.0,10.7
VTS,2013-10-31 14:32:00,2013-10-31 14:34:00,1,0.31,-73.956677,40.780925,1.0,,-73.96024,40.778967,CSH,3.5,0.0,0.5,0.0,0.0,4.0
CMT,2009-02-01 03:49:38,2009-02-01 03:59:26,3,4.6,-73.989751,40.720393,,,-73.953285,40.767415,Cash,13.0,0.0,,0.0,0.0,13.0
CMT,2009-12-11 05:43:50,2009-12-11 05:57:26,1,5.9,-73.953732,40.781929,,0,-74.008738,40.719025,Credit,14.9,0.5,0.5,1.9,0.0,17.8
CMT,2014-12-01 21:03:21,2014-12-01 21:21:21,1,3.3,-74.005925,40.724482,5.0,N,-74.041235,40.714917,CSH,70.0,0.0,0.0,0.0,0.0,70.0
CMT,2011-11-04 01:37:05,2011-11-04 02:13:21,1,12.0,-73.987876,40.760507,1.0,N,-73.992298,40.696905,CRD,31.7,0.5,0.5,2.0,0.0,34.7
2,2015-01-17 04:32:26,2015-01-17 04:52:17,1,5.57,-73.98939514160156,40.740596771240234,1.0,N,-73.93452453613281,40.69532775878906,1,19.0,0.5,0.5,3.9,0.0,0.3
VTS,2011-06-16 23:42:00,2011-06-16 23:51:00,2,2.13,-73.981953,40.772153,1.0,,-73.956933,40.783455,CSH,7.7,0.5,0.5,0.0,0.0,8.7
VTS,2014-07-27 13:49:00,2014-07-27 14:07:00,5,3.26,-74.007272,40.70718,1.0,,-74.007987,40.745887,CRD,15.0,0.0,0.5,1.0,0.0,16.5
1,2015-08-24 12:51:36,2015-08-24 13:04:10,1,1.9,-73.99281311035156,40.72793960571289,1.0,N,-73.97991943359375,40.7518196105957,1,10.0,0.0,0.5,1.0,0.0,0.3
VTS,2009-10-28 18:56:00,2009-10-28 18:57:00,1,0.12,-74.001135,40.724208,,,-73.999913,40.724992,CASH,2.9,1.0,,0.0,0.0,3.9
VTS,2011-01-09 04:57:00,2011-01-09 05:07:00,2,2.2,-73.933323,40.762865,1.0,,-73.929677,40.760818,CSH,8.1,0.5,0.5,0.0,0.0,9.1
VTS,2009-08-05 21:49:00,2009-08-05 21:54:00,1,1.03,-73.971628,40.754637,,,-73.96082,40.761198,CASH,5.3,0.5,,0.0,0.0,5.8
VTS,2011-10-10 11:07:00,2011-10-10 11:19:00,2,3.06,-74.007627,40.741125,1.0,,-73.979648,40.761183,CSH,10.1,0.0,0.5,0.0,0.0,10.6
CMT,2011-04-17 02:40:24,2011-04-17 02:56:52,1,4.3,-73.991779,40.738573,1.0,N,-73.971821,40.692921,CRD,13.3,0.5,0.5,3.57,0.0,17.87
CMT,2014-02-09 18:13:30,2014-02-09 18:21:36,1,1.5,-73.986439,40.72741,1.0,N,-73.993099,40.739928,CRD,7.5,0.0,0.5,1.0,0.0,9.0
CMT,2010-12-31 00:12:10,2010-12-31 00:20:27,1,3.3,-73.981884,40.740009,1.0,N,-73.977584,40.77701,CRD,10.5,0.5,0.5,2.3,0.0,13.8
VTS,2011-02-02 23:33:00,2011-02-02 23:56:00,1,4.31,-73.968595,40.764457,1.0,,-73.99917,40.718958,CSH,14.9,0.5,0.5,0.0,0.0,15.9
2,2015-08-01 20:19:27,2015-08-01 20:35:59,1,1.13,-73.99490356445312,40.76040267944336,1.0,N,-73.98092651367188,40.75338363647461,1,11.0,0.5,0.5,0.0,0.0,0.3
VTS,2012-12-24 15:54:00,2012-12-24 15:57:00,6,0.78,-73.97993,40.783755,1.0,,-73.971115,40.787715,CSH,4.5,0.0,0.5,0.0,0.0,5.0
2,2015-10-01 09:08:07,2015-10-01 09:16:55,1,2.24,-73.96305084228516,40.766387939453125,1.0,N,-73.94889068603516,40.79341125488281,1,9.0,0.0,0.5,1.0,0.0,0.3
VTS,2013-07-27 03:52:00,2013-07-27 04:08:00,1,4.32,-73.983685,40.762387,1.0,,-73.99629,40.711392,CRD,16.0,0.5,0.5,1.0,0.0,18.0
CMT,2014-03-17 15:17:12,2014-03-17 15:20:55,1,0.6,-73.9785,40.752406,1.0,N,-73.973545,40.761621,CSH,4.5,0.0,0.5,0.0,0.0,5.0
VTS,2014-05-30 00:39:00,2014-05-30 00:42:00,1,0.8,-73.974337,40.75444,1.0,,-73.967545,40.762135,CSH,4.5,0.5,0.5,0.0,0.0,5.5
VTS,2013-03-03 03:43:00,2013-03-03 03:52:00,2,2.01,-73.99228,40.725227,1.0,,-73.99071,40.728375,CRD,9.0,0.5,0.5,2.38,0.0,12.38
VTS,2011-01-03 20:02:00,2011-01-03 20:10:00,1,1.03,-73.989895,40.729542,1.0,,-74.000658,40.737298,CSH,5.7,0.5,0.5,0.0,0.0,6.7
VTS,2009-08-26 01:06:00,2009-08-26 01:08:00,5,0.36,-73.949815,40.776262,,,-73.948237,40.780623,CASH,3.3,0.5,,0.0,0.0,3.8
2,2015-05-12 20:27:13,2015-05-12 20:33:53,5,1.32,-74.00765228271484,40.732200622558594,1.0,N,-74.01423645019531,40.71787643432617,1,7.0,1.0,0.5,1.76,0.0,0.3
2,2016-03-02 06:36:51,2016-03-02 06:42:26,1,1.29,-73.9836196899414,40.73588562011719,1.0,N,-73.98148345947266,40.7496337890625,1,6.5,0.0,0.5,1.46,0.0,0.3
VTS,2009-12-13 18:54:00,2009-12-13 19:15:00,1,6.91,-73.982368,40.75574,,,-73.991585,40.694032,CASH,17.7,0.0,0.5,0.0,0.0,18.2
VTS,2009-10-16 08:41:00,2009-10-16 08:53:00,1,1.58,-73.984957,40.768828,,,-73.973827,40.755323,CASH,8.1,0.0,,0.0,0.0,8.1
1,2015-09-17 00:06:09,2015-09-17 00:24:57,1,6.8,-73.99164581298828,40.72726058959961,1.0,N,-73.99877166748047,40.67574691772461,1,22.0,0.5,0.5,4.0,5.54,0.3
1,2015-08-14 08:43:17,2015-08-14 08:50:14,1,1.0,-73.96365356445312,40.7658576965332,1.0,N,-73.973876953125,40.75601577758789,1,7.0,0.0,0.5,1.55,0.0,0.3
VTS,2014-04-14 10:40:00,2014-04-14 10:58:00,1,2.78,-73.958958,40.777887,1.0,,-73.988747,40.75638,CRD,14.0,0.0,0.5,3.3,0.0,17.8
CMT,2010-09-25 11:08:28,2010-09-25 11:22:12,3,2.5,-73.974154,40.730941,1.0,N,-73.992001,40.749141,CRD,9.7,0.0,0.5,2.04,0.0,12.24
1,2015-11-14 10:19:15,2015-11-14 10:22:36,1,0.7,-73.94478607177734,40.80027389526367,1.0,N,-73.95340728759766,40.80615234375,2,4.5,0.0,0.5,0.0,0.0,0.3
CMT,2009-07-19 23:08:32,2009-07-19 23:19:47,2,2.9,-73.991062,40.73327,,0,-73.964557,40.762867,Credit,9.7,0.0,,1.5,0.0,11.2
CMT,2009-01-30 06:45:53,2009-01-30 06:52:16,1,1.2,-73.984294,40.759811,,,-73.978398,40.74802,Cash,5.7,0.0,,0.0,0.0,5.7
VTS,2010-07-24 23:47:00,2010-07-24 23:58:00,1,1.0,-74.004055,40.731482,1.0,,-73.992917,40.72416,CAS,7.3,0.5,0.5,0.0,0.0,8.3
VTS,2009-02-25 17:03:00,2009-02-25 17:38:00,2,6.96,-73.985097,40.757937,,,-73.997888,40.675532,CASH,21.3,1.0,,0.0,0.0,22.3
CMT,2013-07-23 06:37:41,2013-07-23 06:46:58,1,1.9,-74.001019,40.71685,1.0,N,-73.985993,40.74077,CRD,9.0,0.0,0.5,1.9,0.0,11.4
VTS,2011-08-24 08:41:00,2011-08-24 08:54:00,5,3.76,-73.992145,40.725338,1.0,,-73.955572,40.765877,CRD,10.9,0.0,0.5,2.0,0.0,13.4
1,2016-05-21 15:28:02,2016-05-21 16:41:42,1,20.4,-74.01480865478516,40.707706451416016,2.0,N,-73.78303527832031,40.648799896240234,1,52.0,0.0,0.5,7.5,0.0,0.3
1,2015-12-20 02:30:18,2015-12-20 03:09:19,3,29.5,-73.98731994628906,40.724693298339844,4.0,N,-73.76302337646484,41.014862060546875,2,110.5,0.5,0.5,0.0,0.0,0.3
VTS,2013-12-11 19:07:00,2013-12-11 19:09:00,1,0.31,-73.962298,40.794942,1.0,,-73.964917,40.792727,CRD,3.5,1.0,0.5,1.35,0.0,6.35
CMT,2012-03-02 12:44:59,2012-03-02 12:58:54,1,1.5,-73.991685,40.750233,1.0,N,-73.978873,40.762094,CSH,8.5,0.0,0.5,0.0,0.0,9.0
VTS,2011-03-10 12:11:00,2011-03-10 12:18:00,1,1.25,-73.965072,40.769155,1.0,,-73.953113,40.783317,CSH,6.5,0.0,0.5,0.0,0.0,7.0
2,2016-03-25 22:56:33,2016-03-25 23:12:15,1,2.07,-73.9867172241211,40.761470794677734,1.0,N,-73.98375701904297,40.743629455566406,2,11.5,0.5,0.5,0.0,0.0,0.3
2,2016-05-19 19:10:33,2016-05-19 19:23:42,5,1.04,-73.95758819580078,40.765750885009766,1.0,N,-73.97210693359375,40.76456832885742,1,9.5,1.0,0.5,2.26,0.0,0.3
CMT,2013-05-29 12:21:50,2013-05-29 12:49:31,1,8.2,-73.88526,40.772973,1.0,N,-73.969808,40.758136,CRD,28.0,0.0,0.5,6.76,5.33,40.59
VTS,2012-07-08 21:17:00,2012-07-08 21:18:00,1,0.19,-73.95491,40.783487,1.0,,-73.955342,40.782847,CSH,3.3,0.5,0.5,0.0,0.0,4.3
VTS,2011-01-11 19:34:00,2011-01-11 19:51:00,1,3.22,-73.996338,40.76276,1.0,,-73.98775,40.728368,CSH,11.3,1.0,0.5,0.0,0.0,12.8
CMT,2009-06-25 17:12:37,2009-06-25 17:33:08,1,4.4,-73.993086,40.737412,,0,-73.979891,40.784669,Credit,14.5,0.0,,2.32,0.0,16.82
CMT,2011-11-10 15:05:36,2011-11-10 15:36:21,1,3.7,-73.974757,40.793156,1.0,N,-73.962933,40.759158,CSH,16.5,0.0,0.5,0.0,0.0,17.0
1,2015-01-29 18:49:31,2015-01-29 18:59:48,1,0.6,-73.96929931640625,40.76020050048828,1.0,N,-73.97360229492188,40.76408004760742,1,7.5,1.0,0.5,3.0,0.0,0.3
CMT,2011-05-02 15:28:29,2011-05-02 15:48:11,1,2.6,-73.998917,40.76048,1.0,N,-73.966769,40.766837,CRD,12.1,0.0,0.5,2.52,0.0,15.12
CMT,2011-01-09 22:13:28,2011-01-09 22:17:30,1,0.9,-74.007512,40.74309,1.0,N,-74.001572,40.734858,CRD,4.5,0.5,0.5,1.0,0.0,6.5
CMT,2012-06-05 07:36:33,2012-06-05 07:45:12,1,1.8,-73.988658,40.774057,1.0,N,-73.990123,40.754238,CRD,7.3,0.0,0.5,3.0,0.0,10.8
CMT,2011-05-06 01:51:15,2011-05-06 01:57:15,2,1.9,-73.950799,40.779275,1.0,N,-73.968565,40.754884,CRD,6.5,0.5,0.5,1.0,0.0,8.5
CMT,2014-04-05 10:54:29,2014-04-05 11:00:42,1,1.0,-73.964553,40.775738,1.0,N,-73.973763,40.763128,CSH,6.5,0.0,0.5,0.0,0.0,7.0
VTS,2013-02-14 10:16:00,2013-02-14 10:23:00,1,0.53,-73.982008,40.76495,1.0,,-73.97787,40.760582,CRD,6.0,0.0,0.5,1.2,0.0,7.7
CMT,2011-02-08 13:47:47,2011-02-08 13:59:20,1,1.3,-73.97525,40.757368,1.0,N,-73.995726,40.764601,CSH,7.3,0.0,0.5,0.0,0.0,7.8
CMT,2011-11-18 07:32:58,2011-11-18 07:49:44,1,2.6,-73.982619,40.777052,1.0,N,-73.946187,40.772981,CSH,10.9,0.0,0.5,0.0,0.0,11.4
VTS,2012-03-25 02:20:00,2012-03-25 02:26:00,1,1.11,-73.99153,40.726765,1.0,,-73.999908,40.737862,CSH,5.7,0.5,0.5,0.0,0.0,6.7
CMT,2011-03-05 22:24:10,2011-03-05 22:35:11,2,0.8,-73.98835,40.718783,1.0,N,-73.996627,40.725463,CSH,6.9,0.5,0.5,0.0,0.0,7.9
CMT,2010-01-14 15:22:50,2010-01-14 15:29:29,1,1.0,-73.986235,40.757437,1.0,0,-73.972948,40.762564,Cas,5.7,0.0,0.5,0.0,0.0,6.2
VTS,2010-09-30 23:16:00,2010-09-30 23:27:00,1,2.22,-73.993317,40.733968,1.0,,-73.973105,40.75647,CSH,8.1,0.5,0.5,0.0,0.0,9.1
CMT,2014-02-22 13:33:06,2014-02-22 13:38:35,2,0.8,-73.979017,40.762553,1.0,N,-73.976223,40.759232,CSH,5.5,0.0,0.5,0.0,0.0,6.0
VTS,2010-06-22 19:35:00,2010-06-22 19:39:00,5,1.77,-73.987252,40.733437,1.0,,-73.971302,40.755317,CAS,5.7,1.0,0.5,0.0,0.0,7.2
CMT,2009-01-13 01:24:46,2009-01-13 01:24:49,1,0.0,-74.004391,40.736087,,,-74.004391,40.736087,Credit,45.0,0.0,,9.0,0.0,54.0
CMT,2013-08-31 18:51:12,2013-08-31 18:55:39,1,0.9,-73.979103,40.736088,1.0,N,-73.991951,40.742591,CSH,5.5,0.0,0.5,0.0,0.0,6.0
2,2015-10-27 13:34:43,2015-10-27 13:46:51,3,1.07,-73.9728012084961,40.75933074951172,1.0,N,-73.98145294189453,40.767791748046875,2,9.0,0.0,0.5,0.0,0.0,0.3
VTS,2009-02-05 08:02:00,2009-02-05 08:09:00,1,2.62,-73.983425,40.730237,,,-74.008175,40.723183,Credit,9.7,0.0,,2.0,0.0,11.7
CMT,2013-11-02 21:36:28,2013-11-02 21:51:38,1,3.2,-73.981242,40.725205,1.0,N,-73.95616,40.713827,CRD,13.5,0.5,0.5,1.5,0.0,16.0
VTS,2011-06-24 00:42:00,2011-06-24 00:49:00,1,2.23,-73.982368,40.739608,1.0,,-73.962058,40.767525,CSH,7.3,0.5,0.5,0.0,0.0,8.3
CMT,2012-03-16 15:40:15,2012-03-16 15:49:25,1,2.2,-73.973758,40.757533,1.0,N,-73.95622,40.784702,CRD,8.1,0.0,0.5,1.72,0.0,10.32
CMT,2014-04-06 06:18:11,2014-04-06 06:22:55,1,0.9,-73.978125,40.751458,1.0,N,-73.968892,40.755808,CRD,5.5,0.0,0.5,1.5,0.0,7.5
CMT,2009-05-16 08:06:29,2009-05-16 08:15:34,1,2.3,-73.980858,40.770742,,0,-73.968331,40.750701,Cash,7.7,0.0,,0.0,0.0,7.7
CMT,2010-02-07 02:15:11,2010-02-07 02:21:03,1,1.2,-73.925051,40.761889,1.0,0,-73.915556,40.755045,CAS,5.7,0.5,0.5,0.0,0.0,6.7
2,2016-02-12 19:05:37,2016-02-12 19:25:30,1,0.83,-73.97817993164062,40.757102966308594,1.0,N,-73.9884033203125,40.75836181640625,2,12.5,1.0,0.5,0.0,0.0,0.3
1,2015-01-08 07:42:34,2015-01-08 07:56:48,1,6.8,-73.95669555664062,40.76713180541992,1.0,N,-74.00868225097656,40.70431900024414,1,20.5,0.0,0.5,4.25,0.0,0.3
VTS,2010-01-17 08:09:00,2010-01-17 08:10:00,5,0.47,-73.956002,40.787997,1.0,,-73.9514,40.79399,Cre,3.3,0.0,0.5,0.0,0.0,3.8
CMT,2011-09-07 23:27:38,2011-09-07 23:40:26,2,3.1,-73.953831,40.777907,1.0,N,-73.989867,40.748714,CSH,10.5,0.5,0.5,0.0,0.0,11.5
CMT,2010-04-22 21:21:08,2010-04-22 21:35:26,1,3.6,-73.959836,40.766968,1.0,0,-73.993578,40.72449,Cre,11.3,0.5,0.5,2.46,0.0,14.76
CMT,2009-11-15 00:07:25,2009-11-15 00:13:55,3,0.9,-73.98253,40.764344,,0,-73.985491,40.753677,Cash,5.3,0.5,0.5,0.0,0.0,6.3
2,2015-10-12 22:11:50,2015-10-12 22:24:16,1,2.95,-74.00373077392578,40.75080871582031,1.0,N,-73.97042083740234,40.76237106323242,2,11.5,0.5,0.5,0.0,0.0,0.3
VTS,2011-08-16 18:11:00,2011-08-16 18:16:00,4,1.67,-73.969208,40.75031,1.0,,-73.954028,40.770762,CSH,5.7,1.0,0.5,0.0,0.0,7.2
CMT,2012-05-27 21:40:51,2012-05-27 22:01:41,2,6.8,-73.990049,40.700752,1.0,Y,-73.978988,40.766623,CSH,18.9,0.5,0.5,0.0,0.0,19.9
2,2015-05-17 02:34:39,2015-05-17 02:38:48,4,0.98,-73.91508483886719,40.74623107910156,1.0,N,-73.90534973144531,40.74531936645508,2,5.0,0.5,0.5,0.0,0.0,0.3
VTS,2010-06-04 14:33:00,2010-06-04 14:41:00,5,0.72,-74.002072,40.740275,1.0,,-73.99257,40.737813,Cre,5.7,0.0,0.5,0.75,0.0,6.95
CMT,2013-05-24 17:56:40,2013-05-24 18:01:37,1,1.3,-73.962895,40.766925,1.0,N,-73.981823,40.773635,CRD,6.5,1.0,0.5,1.6,0.0,9.6
CMT,2009-09-03 19:59:12,2009-09-03 20:06:04,1,1.3,-73.991902,40.733111,,0,-74.004114,40.732824,Cash,6.1,0.0,,0.0,0.0,6.1
1,2015-03-12 11:53:48,2015-03-12 11:56:48,1,0.5,-73.98694610595703,40.745208740234375,1.0,N,-73.99238586425781,40.73774337768555,1,4.0,0.0,0.5,1.2,0.0,0.3
CMT,2013-01-01 13:57:05,2013-01-01 14:04:16,2,2.8,-73.988192,40.72362,1.0,N,-73.976516,40.755541,CRD,9.0,0.0,0.5,1.9,0.0,11.4
1,2015-10-22 17:56:16,2015-10-22 18:09:51,1,1.7,-73.99404907226562,40.73210525512695,1.0,N,-74.0081787109375,40.72282791137695,1,10.0,1.0,0.5,2.0,0.0,0.3
2,2016-03-01 07:02:56,2016-03-01 07:20:38,1,7.85,-73.95964050292969,40.771053314208984,1.0,N,-74.01351928710938,40.716156005859375,1,24.0,0.0,0.5,3.3,0.0,0.3
CMT,2013-01-16 07:16:40,2013-01-16 07:27:25,1,3.2,-73.992011,40.742614,1.0,N,-74.01355,40.71577,CRD,12.0,0.0,0.5,2.5,0.0,15.0
VTS,2011-05-13 17:08:00,2011-05-13 17:12:00,2,0.63,-73.967205,40.793992,1.0,,-73.963382,40.794415,CSH,4.5,1.0,0.5,0.0,0.0,6.0
VTS,2014-01-31 00:08:00,2014-01-31 00:17:00,1,1.78,-74.006003,40.740002,1.0,,-74.000498,40.76169,CRD,9.0,0.5,0.5,2.38,0.0,12.38
VTS,2009-01-04 12:26:00,2009-01-04 12:34:00,1,3.22,-73.990762,40.765943,,,-73.961292,40.806553,CASH,8.9,0.0,,0.0,0.0,8.9
CMT,2014-08-06 22:09:20,2014-08-06 22:22:30,1,2.9,-73.985733,40.755313,1.0,N,-73.995423,40.723247,CRD,11.5,0.5,0.5,3.75,0.0,16.25
CMT,2014-02-05 19:16:41,2014-02-05 19:25:09,2,1.7,-74.01394,40.715442,1.0,N,-74.003849,40.729817,CRD,8.0,1.0,0.5,1.0,0.0,10.5
VTS,2010-07-12 14:24:00,2010-07-12 14:28:00,3,0.69,-73.991668,40.73886,1.0,,-73.993237,40.730848,Cre,4.1,0.0,0.5,1.0,0.0,5.6
VTS,2012-06-07 08:01:00,2012-06-07 08:06:00,5,0.62,-73.9772,40.746962,1.0,,-73.973542,40.752932,CSH,4.5,0.0,0.5,0.0,0.0,5.0
VTS,2013-02-18 09:07:00,2013-02-18 09:17:00,1,1.49,-73.974582,40.733072,1.0,,-73.99251,40.742787,CRD,9.0,0.0,0.5,2.25,0.0,11.75
CMT,2012-05-17 18:22:24,2012-05-17 18:36:11,1,2.8,-73.984096,40.745885,1.0,N,-73.956839,40.775786,CRD,10.1,1.0,0.5,2.9,0.0,14.5
VTS,2012-03-30 21:04:00,2012-03-30 21:13:00,1,1.19,-73.984043,40.744262,1.0,,-73.991695,40.733507,CRD,6.5,0.5,0.5,1.4,0.0,8.9
VTS,2013-12-03 22:38:00,2013-12-03 22:45:00,5,1.25,-73.983352,40.743687,1.0,,-74.0036,40.752342,CRD,7.0,0.5,0.5,1.5,0.0,9.5
VTS,2010-12-01 19:47:00,2010-12-01 19:51:00,5,1.16,-73.97986,40.734902,1.0,,-73.970353,40.749075,CRD,4.9,1.0,0.5,2.0,0.0,8.4
1,2015-05-16 09:27:48,2015-05-16 09:29:02,1,0.4,-73.96842193603516,40.79163360595703,1.0,N,-73.97098541259766,40.78602600097656,2,3.5,0.0,0.5,0.0,0.0,0.3
CMT,2013-08-22 21:31:23,2013-08-22 21:46:48,1,8.2,-73.874466,40.773937,1.0,N,-73.951412,40.771868,CSH,24.0,0.5,0.5,0.0,5.33,30.33
CMT,2012-09-04 14:48:56,2012-09-04 14:57:54,1,1.5,-73.970366,40.796616,1.0,N,-73.97787,40.778854,CRD,8.0,0.0,0.5,1.7,0.0,10.2
CMT,2011-09-06 06:24:11,2011-09-06 06:26:50,1,0.6,-73.937225,40.813378,1.0,N,-73.940309,40.805629,CSH,4.1,0.0,0.5,0.0,0.0,4.6
2,2016-01-19 23:52:50,2016-01-20 00:02:18,1,1.37,-73.99185180664062,40.74912643432617,1.0,N,-73.99110412597656,40.749000549316406,2,8.0,0.5,0.5,0.0,0.0,0.3
VTS,2010-10-09 21:26:00,2010-10-09 21:30:00,1,0.69,-73.990343,40.751437,1.0,,-73.999473,40.749043,CSH,4.1,0.5,0.5,0.0,0.0,5.1
1,2015-03-31 14:16:21,2015-03-31 14:23:24,1,0.7,-73.95848083496094,40.775733947753906,1.0,N,-73.94677734375,40.77215576171875,1,6.0,0.0,0.5,1.0,0.0,0.3
VTS,2011-10-08 01:23:00,2011-10-08 01:35:00,5,2.64,-73.981662,40.763262,1.0,,-73.949223,40.771868,CSH,9.3,0.5,0.5,0.0,0.0,10.3
CMT,2013-03-04 06:44:03,2013-03-04 06:48:45,1,1.2,-73.988676,40.77868,1.0,N,-73.980874,40.766011,CRD,6.0,0.0,0.5,1.0,0.0,7.5
CMT,2014-01-31 20:27:57,2014-01-31 20:42:22,2,4.0,-73.968934,40.757231,1.0,N,-73.90652,40.739636,CSH,15.0,0.5,0.5,0.0,0.0,16.0
VTS,2009-03-17 18:22:00,2009-03-17 18:24:00,5,0.55,-73.968188,40.765593,,,-73.96546,40.771883,CASH,3.7,1.0,,0.0,0.0,4.7
CMT,2012-11-27 05:35:09,2012-11-27 06:00:05,1,6.9,-73.960172,40.658066,1.0,N,-73.890077,40.664577,CRD,25.0,0.5,0.5,10.0,0.0,36.0
1,2016-03-21 00:02:20,2016-03-21 00:22:20,2,4.7,-73.98585510253906,40.7411003112793,1.0,N,-73.9419174194336,40.798744201660156,1,17.5,0.5,0.5,0.0,0.0,0.3
CMT,2013-07-22 15:17:49,2013-07-22 15:23:28,1,1.0,-73.957355,40.782854,1.0,N,-73.964544,40.792048,CSH,6.5,0.0,0.5,0.0,0.0,7.0
2,2016-05-28 20:20:32,2016-05-28 20:35:11,1,3.5,-73.98456573486328,40.76881790161133,1.0,N,-74.0055923461914,40.74101638793945,2,14.0,0.5,0.5,0.0,0.0,0.3
VTS,2009-06-13 14:45:00,2009-06-13 14:56:00,1,2.28,-73.973392,40.763842,,,-73.95889,40.776908,Credit,8.9,0.0,,2.0,0.0,10.9
CMT,2010-07-02 16:37:05,2010-07-02 16:41:07,1,0.9,-73.981166,40.779365,1.0,0,-73.970556,40.785914,Cas,4.5,1.0,0.5,0.0,0.0,6.0
2,2015-01-09 08:09:57,2015-01-09 08:16:49,1,0.79,-73.8917236328125,40.76877212524414,1.0,N,-73.90069580078125,40.77179718017578,2,6.0,0.0,0.5,0.0,0.0,0.3
DDS,2009-05-21 11:19:02,2009-05-21 11:26:27,2,1.1,-73.988054,40.759168,,,-73.978957,40.770415,CASH,6.1,0.0,,0.0,0.0,6.1
CMT,2011-04-01 22:07:43,2011-04-01 22:15:37,1,1.0,-73.966281,40.764592,1.0,N,-73.981437,40.763819,CSH,6.1,0.5,0.5,0.0,0.0,7.1
1,2015-01-23 16:12:00,2015-01-23 16:24:31,3,1.8,-73.97209930419922,40.78213119506836,1.0,N,-73.95381164550781,40.76774597167969,1,10.0,1.0,0.5,5.0,0.0,0.3
CMT,2010-01-22 01:20:29,2010-01-22 01:23:06,1,0.8,-73.957816,40.717821,1.0,0,-73.948172,40.722767,Cas,4.5,0.5,0.5,0.0,0.0,5.5
VTS,2011-03-23 08:29:00,2011-03-23 08:39:00,5,1.91,-74.016722,40.784913,1.0,,-73.957272,40.779873,CRD,8.1,0.0,0.5,1.25,0.0,9.85
2,2015-12-12 01:12:56,2015-12-12 01:45:26,3,5.06,-73.98703002929688,40.7611083984375,1.0,N,-73.975341796875,40.76279067993164,1,23.0,0.5,0.5,0.0,0.0,0.3
DDS,2010-05-08 12:52:17,2010-05-08 13:02:57,1,1.0,-73.991346,40.749966,1.0,,-73.97981,40.749643,CAS,6.9,0.0,0.5,0.0,0.0,7.4
VTS,2012-06-03 02:00:00,2012-06-03 02:29:00,1,6.75,-73.992927,40.730132,1.0,,-73.993535,40.661392,CRD,20.9,0.5,0.5,5.35,0.0,27.25
VTS,2010-12-04 15:32:00,2010-12-04 15:38:00,5,1.71,-73.963733,40.75826,1.0,,-73.946525,40.775755,CSH,6.5,0.0,0.5,0.0,0.0,7.0
VTS,2010-07-30 16:36:00,2010-07-30 16:58:00,1,13.92,-73.789827,40.646752,1.0,,-73.939408,40.592892,CAS,30.9,1.0,0.5,0.0,0.0,32.4
CMT,2009-02-16 13:28:12,2009-02-16 13:31:24,2,0.9,-73.954017,40.7705,,0,-73.963199,40.762018,Cash,4.5,0.0,,0.0,0.0,4.5
CMT,2010-09-11 22:08:40,2010-09-11 22:18:22,1,1.2,-73.990272,40.762477,1.0,N,-74.000103,40.748453,CRD,6.9,0.5,0.5,1.58,0.0,9.48
CMT,2009-01-24 23:01:11,2009-01-24 23:26:14,1,6.7,-73.952177,40.790007,,,-73.986046,40.719479,Credit,19.4,0.0,,2.91,0.0,22.31
VTS,2010-10-06 23:07:00,2010-10-06 23:12:00,1,0.77,-73.94954,40.78109,1.0,,-73.953945,40.78628,CRD,4.5,0.5,0.5,4.0,0.0,9.5
CMT,2012-12-21 19:10:30,2012-12-21 19:22:28,2,2.0,-73.996266,40.726165,1.0,N,-74.010838,40.704907,CRD,9.5,1.0,0.5,1.0,0.0,12.0
VTS,2011-10-20 09:30:00,2011-10-20 09:41:00,1,1.32,-74.007818,40.708472,1.0,,-73.999452,40.723428,CSH,7.3,0.0,0.5,0.0,0.0,7.8
2,2016-01-11 02:06:45,2016-01-11 02:13:05,1,1.21,-74.00060272216797,40.72739028930664,1.0,N,-73.99217987060547,40.71957015991211,2,7.0,0.5,0.5,0.0,0.0,0.3
VTS,2013-02-18 19:21:00,2013-02-18 19:32:00,5,2.49,-73.97448,40.793462,1.0,,-73.982182,40.766587,CSH,11.0,0.0,0.5,0.0,0.0,11.5
VTS,2009-01-31 17:59:00,2009-01-31 18:02:00,1,0.0,-73.944403,40.80979,,,-73.944398,40.809808,Credit,85.0,0.0,,17.0,8.0,110.0
1,2015-03-08 17:05:26,2015-03-08 17:24:48,2,2.8,-73.98701477050781,40.7332649230957,1.0,N,-73.968994140625,40.76658248901367,1,14.5,0.0,0.5,3.05,0.0,0.3
VTS,2009-12-06 10:19:00,2009-12-06 10:26:00,1,1.96,-73.99456,40.765882,,,-73.97552,40.787647,CASH,7.3,0.0,0.5,0.0,0.0,7.8
1,2015-01-10 14:01:08,2015-01-10 14:14:50,3,1.5,-73.99898529052734,40.71371078491211,1.0,N,-73.98568725585938,40.7246208190918,2,10.0,0.0,0.5,0.0,0.0,0.3
CMT,2011-06-18 00:47:18,2011-06-18 00:56:40,1,1.5,-74.002884,40.733795,1.0,N,-74.001061,40.720389,CRD,7.3,0.5,0.5,1.0,0.0,9.3
CMT,2014-04-29 15:49:05,2014-04-29 15:54:47,1,0.6,-73.962486,40.770569,1.0,N,-73.968198,40.763777,CRD,5.5,0.0,0.5,1.0,0.0,7.0
CMT,2014-06-01 23:07:03,2014-06-01 23:15:13,3,3.1,-73.870829,40.773702,1.0,N,-73.917672,40.766108,CSH,11.0,0.5,0.5,0.0,0.0,12.0
2,2015-01-13 15:14:09,2015-01-13 15:20:21,6,0.98,-73.95919799804688,40.76323318481445,1.0,N,-73.96249389648438,40.77323532104492,1,6.0,0.0,0.5,0.0,0.0,0.3
VTS,2011-01-21 13:20:00,2011-01-21 13:23:00,1,1.49,-73.972733,40.744723,1.0,,-73.961715,40.762795,CSH,5.3,0.0,0.5,0.0,0.0,5.8
VTS,2012-01-05 22:18:00,2012-01-05 22:50:00,2,7.74,-73.996578,40.73578,1.0,,-74.008532,40.744467,CRD,22.1,0.5,0.5,6.78,0.0,29.88
2,2015-09-19 15:19:55,2015-09-19 15:26:39,5,0.77,-73.99050903320312,40.740108489990234,1.0,N,-73.97998809814453,40.7358512878418,1,6.0,0.0,0.5,1.0,0.0,0.3
VTS,2010-06-26 17:29:00,2010-06-26 17:43:00,1,3.45,-73.995282,40.717412,1.0,,-73.966498,40.756527,Cre,10.9,0.0,0.5,1.0,0.0,12.4
VTS,2013-06-24 04:22:00,2013-06-24 04:24:00,1,0.46,-73.746135,40.691467,1.0,,-73.75016,40.685825,CSH,3.5,0.5,0.5,0.0,0.0,4.5
VTS,2010-04-04 00:03:00,2010-04-04 00:11:00,5,1.79,-73.959532,40.771057,1.0,,-73.976365,40.751715,CAS,6.9,0.5,0.5,0.0,0.0,7.9
VTS,2011-01-30 02:38:00,2011-01-30 02:48:00,1,2.58,-73.979008,40.750087,1.0,,-73.955158,40.780895,CRD,8.9,0.5,0.5,1.9,0.0,11.8
VTS,2013-02-17 18:19:00,2013-02-17 18:25:00,6,0.99,-73.984232,40.724842,1.0,,-73.990875,40.733975,CRD,6.5,0.0,0.5,1.0,0.0,8.0
CMT,2010-03-12 07:50:33,2010-03-12 07:51:49,1,0.2,-73.917713,40.773934,1.0,0,-73.916889,40.771265,Cas,2.9,0.0,0.5,0.0,0.0,3.4
VTS,2009-02-13 18:47:00,2009-02-13 18:56:00,2,0.94,-73.982285,40.750863,,,-73.981965,40.74077,Credit,6.1,1.0,,1.0,0.0,8.1
VTS,2011-04-10 09:54:00,2011-04-10 10:12:00,5,8.32,-73.980025,40.73891,1.0,,-74.010458,40.672125,CSH,20.1,0.0,0.5,0.0,0.0,20.6
DDS,2009-02-14 23:04:19,2009-02-14 23:11:31,2,0.8,-73.967207,40.766595,,,-73.973201,40.755778,CASH,5.7,0.5,,0.0,0.0,6.2
VTS,2009-06-19 17:37:00,2009-06-19 17:48:00,1,1.8,-73.952448,40.78881,,,-73.967117,40.801068,Credit,7.7,1.0,,2.0,0.0,10.7
VTS,2013-08-23 06:54:00,2013-08-23 07:00:00,1,1.24,-73.98939,40.76824,1.0,,-73.991977,40.755092,CRD,7.0,0.0,0.5,2.0,0.0,9.5
DDS,2009-10-23 08:06:46,2009-10-23 08:10:28,2,0.7,-74.000751,40.720637,,,-74.009018,40.710987,CASH,4.1,0.0,,0.0,0.0,4.1
CMT,2013-08-16 17:29:31,2013-08-16 17:49:51,1,3.0,-73.991212,40.750751,1.0,N,-73.985988,40.722806,CSH,15.0,1.0,0.5,0.0,0.0,16.5
VTS,2009-09-24 07:53:00,2009-09-24 08:02:00,1,1.77,-73.982707,40.771662,,,-73.990125,40.751255,Credit,7.3,0.0,,2.0,0.0,9.3
CMT,2010-03-05 00:47:18,2010-03-05 01:10:22,3,6.7,-73.990473,40.737216,1.0,0,-73.92249,40.775753,Cas,18.5,0.5,0.5,0.0,0.0,19.5
2,2015-11-29 12:57:31,2015-11-29 13:07:03,1,2.24,-73.97946166992188,40.73005676269531,1.0,N,-73.97119140625,40.75528335571289,1,9.5,0.0,0.5,2.06,0.0,0.3
VTS,2009-03-26 15:49:00,2009-03-26 15:57:00,5,0.89,-73.975872,40.757447,,,-73.967338,40.763042,CASH,5.7,0.0,,0.0,0.0,5.7
CMT,2009-02-11 16:15:03,2009-02-11 16:29:45,1,3.6,-73.948241,40.782623,,0,-73.983039,40.76337,Cash,12.3,0.0,,0.0,0.0,12.3
VTS,2012-02-20 09:26:00,2012-02-20 09:30:00,1,0.86,-73.97618,40.729022,1.0,,-73.955688,40.774692,CSH,4.5,0.0,0.5,0.0,0.0,5.0
CMT,2013-03-10 04:14:14,2013-03-10 04:25:50,1,1.6,-73.955099,40.718371,1.0,N,-73.946723,40.708028,CRD,9.5,0.5,0.5,2.1,0.0,12.6
1,2015-06-27 00:45:55,2015-06-27 01:06:01,2,3.7,-74.00423431396484,40.74047088623047,1.0,N,-73.98214721679688,40.76583480834961,1,16.0,0.5,0.5,3.45,0.0,0.3
VTS,2014-08-21 03:19:00,2014-08-21 03:24:00,6,1.05,-74.006655,40.744015,1.0,,-73.993507,40.74732,CSH,6.0,0.5,0.5,0.0,0.0,7.0
1,2015-12-06 13:14:32,2015-12-06 13:17:40,1,0.4,-73.9758529663086,40.78795623779297,1.0,N,-73.97055053710938,40.78751754760742,1,4.0,0.0,0.5,0.95,0.0,0.3
CMT,2014-04-14 02:50:53,2014-04-14 03:04:20,1,6.9,-73.993699,40.682069,1.0,N,-73.982666,40.74793,CRD,21.0,0.5,0.5,4.4,0.0,26.4
CMT,2009-09-13 11:01:58,2009-09-13 11:14:08,1,0.8,-73.982497,40.755806,,0,-73.984176,40.760501,Cash,7.3,0.0,,0.0,0.0,7.3
VTS,2010-10-13 23:22:00,2010-10-13 23:31:00,4,1.83,-73.99687,40.720478,1.0,,-74.006378,40.739643,CRD,6.9,0.5,0.5,2.0,0.0,9.9
CMT,2009-03-14 12:19:00,2009-03-14 12:21:44,1,0.9,-73.973747,40.760565,,0,-73.96658,40.771786,Credit,4.1,0.0,,1.0,0.0,5.1
CMT,2012-02-27 16:45:45,2012-02-27 16:57:06,1,3.4,-73.977419,40.725976,1.0,N,-74.014205,40.704222,CRD,10.5,1.0,0.5,2.0,0.0,14.0
1,2015-10-03 10:06:40,2015-10-03 10:19:46,1,2.4,-73.95877075195312,40.781036376953125,1.0,N,-73.97750854492188,40.75392150878906,2,11.0,0.0,0.5,0.0,0.0,0.3
1,2015-10-14 14:37:43,2015-10-14 15:00:58,1,1.9,-73.99031829833984,40.73796463012695,1.0,N,-73.97918701171875,40.75509262084961,1,15.0,0.0,0.5,3.0,0.0,0.3
VTS,2012-10-08 02:37:00,2012-10-08 03:01:00,2,6.96,-73.933623,40.698102,1.0,,-73.993758,40.75238,CRD,23.5,0.5,0.5,0.0,0.0,24.5
1,2015-02-13 15:51:41,2015-02-13 16:01:17,1,0.8,-73.96923828125,40.76390075683594,1.0,N,-73.96414947509766,40.75688171386719,2,7.5,1.0,0.5,0.0,0.0,0.3
VTS,2010-10-10 12:55:00,2010-10-10 13:07:00,5,1.56,-73.97432,40.78342,1.0,,-73.966472,40.76766,CSH,8.1,0.0,0.5,0.0,0.0,8.6
VTS,2012-12-05 18:35:00,2012-12-05 18:52:00,5,1.02,-73.983602,40.756102,1.0,,-73.971382,40.76168,CRD,11.5,1.0,0.5,2.5,0.0,15.5
CMT,2009-11-26 01:19:37,2009-11-26 01:25:29,1,1.8,-73.999486,40.743826,,0,-73.990848,40.760991,Cash,6.5,0.5,0.5,0.0,0.0,7.5
CMT,2014-07-26 23:30:42,2014-07-26 23:51:46,1,8.4,-73.872845,40.773825,1.0,N,-73.966499,40.753202,CRD,26.0,0.5,0.5,3.0,0.0,30.0
CMT,2012-07-02 19:41:05,2012-07-02 19:51:23,2,2.3,-73.982089,40.774696,1.0,N,-73.953629,40.77874,CSH,8.5,1.0,0.5,0.0,0.0,10.0
VTS,2009-03-24 08:30:00,2009-03-24 08:36:00,1,1.04,-73.966337,40.765645,,,-73.975367,40.753672,Credit,5.3,0.0,,1.0,0.0,6.3
VTS,2010-12-21 20:43:00,2010-12-21 20:59:00,1,4.57,-73.928543,40.769108,1.0,,-73.951868,40.715277,CSH,13.7,0.5,0.5,0.0,0.0,14.7
2,2015-07-01 08:29:09,2015-07-01 08:43:55,1,1.82,-73.95856475830078,40.76445770263672,1.0,N,-73.9798583984375,40.75423049926758,1,11.0,0.0,0.5,1.0,0.0,0.3
CMT,2012-11-12 16:08:01,2012-11-12 16:24:41,1,1.9,-73.955581,40.783006,1.0,N,-73.955351,40.782577,CSH,12.5,1.0,0.5,0.0,0.0,14.0
VTS,2012-03-09 11:16:00,2012-03-09 11:35:00,1,9.79,-73.980843,40.753307,1.0,,-73.865085,40.770567,CRD,23.3,0.0,0.5,5.82,4.8,34.42
VTS,2009-08-23 21:25:00,2009-08-23 21:29:00,1,1.15,-73.998157,40.735477,,,-73.991295,40.75049,Credit,4.9,0.5,,2.0,0.0,7.4
VTS,2009-03-17 17:29:00,2009-03-17 17:38:00,1,1.66,-73.987805,40.732467,,,-73.978125,40.752103,CASH,7.3,1.0,,0.0,0.0,8.3
1,2015-02-03 08:22:27,2015-02-03 08:30:34,2,0.7,-73.95308685302734,40.79153823852539,1.0,N,-73.95719909667969,40.78352737426758,1,6.5,0.0,0.5,1.46,0.0,0.3
CMT,2014-04-22 14:26:37,2014-04-22 14:38:11,1,1.1,-73.98947,40.747993,1.0,N,-73.996453,40.762693,CRD,8.5,0.0,0.5,1.0,0.0,10.0
VTS,2013-10-04 15:14:00,2013-10-04 15:24:00,6,1.03,-73.996487,40.747977,1.0,,-73.987175,40.760787,CRD,7.5,0.0,0.5,1.0,0.0,9.0
VTS,2012-06-01 10:19:00,2012-06-01 10:41:00,6,4.92,-73.952365,40.768987,1.0,,-74.001057,40.739085,CRD,15.7,0.0,0.5,3.14,0.0,19.34
CMT,2010-12-05 12:17:01,2010-12-05 12:26:39,2,1.5,-73.989026,40.722214,1.0,N,-74.003152,40.735297,CSH,7.3,0.0,0.5,0.0,0.0,7.8
VTS,2011-05-09 13:00:00,2011-05-09 13:23:00,1,3.13,-73.974015,40.789078,1.0,,-73.935317,40.800578,CSH,14.1,0.0,0.5,0.0,0.0,14.6
CMT,2010-11-27 23:15:02,2010-11-27 23:29:45,1,2.7,-74.003134,40.73257,1.0,N,-73.973291,40.752393,CSH,10.1,0.5,0.5,0.0,0.0,11.1
CMT,2012-12-09 16:50:44,2012-12-09 17:02:38,1,2.1,-73.983409,40.781247,1.0,N,-73.954291,40.77561,CRD,10.0,0.0,0.5,2.1,0.0,12.6
CMT,2011-06-15 22:49:58,2011-06-15 22:59:21,2,2.1,-73.982914,40.722837,1.0,N,-74.004557,40.74068,CRD,7.7,0.5,0.5,1.0,0.0,9.7
VTS,2011-07-01 19:52:00,2011-07-01 19:57:00,2,0.94,-73.986545,40.761137,1.0,,-73.982125,40.77388,CSH,4.9,1.0,0.5,0.0,0.0,6.4
CMT,2012-09-02 12:38:21,2012-09-02 12:45:45,1,1.8,-73.947669,40.787322,1.0,N,-73.954986,40.804931,NOC,7.3,0.0,0.5,0.0,0.0,7.8
CMT,2010-09-13 12:14:50,2010-09-13 12:18:57,1,0.9,-73.87298,40.774093,1.0,N,-73.961983,40.779435,CSH,4.5,0.0,0.5,0.0,0.0,5.0
VTS,2009-12-01 22:01:00,2009-12-01 22:16:00,1,2.86,-73.967638,40.758775,,,-73.999875,40.738437,Credit,10.1,0.5,0.5,2.0,0.0,13.1
CMT,2012-10-27 02:21:05,2012-10-27 02:22:43,1,0.4,-73.999145,40.727973,1.0,N,-73.994348,40.724697,CRD,3.5,0.5,0.5,1.12,0.0,5.62
VTS,2011-01-28 12:53:00,2011-01-28 13:28:00,1,17.99,-73.77675,40.645503,2.0,,-73.988315,40.758188,CSH,45.0,0.0,0.5,0.0,4.8,50.3
VTS,2012-04-24 23:00:00,2012-04-24 23:11:00,2,2.67,-73.979015,40.777252,1.0,,-73.987928,40.744208,CRD,8.9,0.5,0.5,1.88,0.0,11.78
CMT,2010-09-20 18:46:14,2010-09-20 18:49:51,3,0.8,-73.981489,40.729007,1.0,N,-73.990787,40.727567,CSH,4.5,1.0,0.5,0.0,0.0,6.0
VTS,2010-09-11 16:13:00,2010-09-11 16:24:00,5,1.75,-73.989657,40.756895,1.0,,-73.89528,40.833943,CRD,7.7,0.0,0.5,1.0,0.0,9.2
VTS,2012-07-13 23:19:00,2012-07-13 23:52:00,1,10.21,-73.989158,40.749268,1.0,,-73.848715,40.726528,CSH,26.9,0.5,0.5,0.0,0.0,27.9
VTS,2010-05-09 01:00:00,2010-05-09 01:09:00,1,2.77,-73.923022,40.77547,1.0,,-73.952998,40.746178,CAS,8.9,0.5,0.5,0.0,0.0,9.9
VTS,2012-07-21 04:10:00,2012-07-21 04:18:00,1,2.45,-73.955805,40.772068,1.0,,-73.978685,40.745813,CRD,7.7,0.5,0.5,1.0,0.0,9.7
CMT,2012-07-26 12:28:33,2012-07-26 12:43:19,1,1.4,-73.969758,40.761242,1.0,N,-73.993663,40.767389,CSH,8.9,0.0,0.5,0.0,0.0,9.4
CMT,2011-12-12 14:32:02,2011-12-12 14:57:29,1,2.8,-73.9543,40.7744,1.0,N,-73.9835,40.7438,CSH,14.5,0.0,0.5,0.0,0.0,15.0
VTS,2010-09-26 11:19:00,2010-09-26 11:24:00,1,0.95,-73.996253,40.733787,1.0,,-73.980765,40.72723,CSH,4.9,0.0,0.5,0.0,0.0,5.4
1,2016-02-12 13:49:41,2016-02-12 14:15:53,1,2.9,-74.00846862792969,40.7358283996582,1.0,N,-73.99105072021484,40.76572036743164,1,17.5,0.0,0.5,4.0,0.0,0.3
CMT,2012-01-08 11:48:50,2012-01-08 11:58:55,2,2.0,-73.978123,40.755448,1.0,N,-73.95489,40.769339,CRD,8.5,0.0,0.5,1.8,0.0,10.8
DDS,2009-03-01 21:13:17,2009-03-01 21:22:53,4,2.9,-73.78696,40.639342,,,-73.797123,40.667648,CASH,8.5,0.5,,0.0,0.0,9.0
CMT,2010-05-12 15:23:10,2010-05-12 15:25:47,1,0.2,-73.972785,40.746042,1.0,1,-73.975985,40.744917,Cas,3.3,0.0,0.5,0.0,0.0,3.8
VTS,2012-02-05 22:00:00,2012-02-05 22:12:00,1,3.9,-73.985935,40.762098,1.0,,-74.004213,40.721002,CSH,11.3,0.5,0.5,0.0,0.0,12.3
CMT,2009-02-21 22:46:49,2009-02-21 22:47:20,1,0.0,-73.981195,40.725192,,0,-73.982055,40.723984,No Charge,3.0,0.0,,0.0,0.0,3.0
CMT,2011-02-15 19:51:33,2011-02-15 20:01:29,2,2.3,-73.979862,40.781063,1.0,N,-73.949808,40.784424,CSH,8.1,1.0,0.5,0.0,0.0,9.6
1,2015-06-19 15:00:16,2015-06-19 15:10:17,4,0.7,-73.97964477539062,40.76177215576172,1.0,N,-73.97789764404297,40.75406265258789,2,7.5,0.0,0.5,0.0,0.0,0.3
VTS,2013-04-07 10:47:00,2013-04-07 10:59:00,1,3.08,-74.003647,40.713627,1.0,,-73.978097,40.751872,CSH,12.5,0.0,0.5,0.0,0.0,13.0
CMT,2012-09-03 19:35:55,2012-09-03 19:58:01,1,7.6,-73.875296,40.773935,1.0,N,-73.985243,40.759241,CRD,19.7,0.0,0.5,3.0,0.0,23.2
CMT,2012-12-08 02:17:36,2012-12-08 02:25:15,1,3.0,-73.969198,40.693144,1.0,N,-73.938595,40.721804,CSH,11.0,0.5,0.5,0.0,0.0,12.0
CMT,2013-08-23 18:39:19,2013-08-23 19:04:21,1,10.5,-73.989966,40.696124,1.0,N,-73.865116,40.770509,CRD,31.0,1.0,0.5,9.75,0.0,42.25
CMT,2012-09-10 10:57:18,2012-09-10 10:59:50,1,0.3,-73.978869,40.762393,1.0,N,-73.972909,40.761429,CSH,3.5,0.0,0.5,0.0,0.0,4.0
1,2016-05-07 00:41:45,2016-05-07 00:43:55,1,0.6,-73.97560119628906,40.76190948486328,1.0,N,-73.98258972167969,40.7593994140625,2,4.0,0.5,0.5,0.0,0.0,0.3
VTS,2011-11-05 15:32:00,2011-11-05 15:46:00,1,1.38,-73.965047,40.76165,1.0,,-73.983513,40.759697,CSH,8.9,0.0,0.5,0.0,0.0,9.4
CMT,2009-08-21 14:03:03,2009-08-21 14:24:44,1,2.6,-73.961023,40.777717,,0,-73.984231,40.748593,Credit,12.5,0.0,,1.0,0.0,13.5
VTS,2010-10-23 22:25:00,2010-10-23 22:33:00,1,1.38,-73.992987,40.73968,1.0,,-73.993042,40.72278,CRD,6.5,0.5,0.5,1.5,0.0,9.0
CMT,2011-05-05 08:25:45,2011-05-05 08:45:45,1,3.5,-73.995826,40.764752,1.0,N,-73.993404,40.724319,CSH,13.3,0.0,0.5,0.0,0.0,13.8
VTS,2013-01-23 14:55:00,2013-01-23 15:29:00,5,6.23,-73.980795,40.763072,1.0,,-73.98739,40.693182,CRD,26.0,0.0,0.5,5.2,0.0,31.7
CMT,2013-04-05 22:36:10,2013-04-05 22:45:33,2,1.2,-73.980197,40.730437,1.0,N,-73.985184,40.741813,CRD,8.0,0.5,0.5,1.8,0.0,10.8
VTS,2010-11-11 22:00:00,2010-11-11 22:05:00,1,1.92,-73.967277,40.756753,1.0,,-73.984762,40.7326,CRD,6.5,0.5,0.5,2.0,0.0,9.5
CMT,2012-10-14 10:27:53,2012-10-14 10:39:42,2,3.0,-73.973644,40.757906,1.0,N,-74.001316,40.720139,CSH,12.0,0.0,0.5,0.0,0.0,12.5
VTS,2013-01-25 17:22:00,2013-01-25 17:41:00,1,2.91,-73.994377,40.750217,1.0,,-73.971038,40.785177,CSH,13.5,1.0,0.5,0.0,0.0,15.0
VTS,2010-10-07 00:46:00,2010-10-07 00:52:00,2,1.48,-73.978062,40.786328,1.0,,-73.988482,40.769952,CSH,6.5,0.5,0.5,0.0,0.0,7.5
CMT,2013-07-01 12:56:22,2013-07-01 13:06:22,1,0.8,-73.970145,40.765271,1.0,N,-73.96204,40.760482,CRD,7.5,0.0,0.5,0.0,0.0,8.0
CMT,2011-05-02 08:25:03,2011-05-02 08:34:33,1,1.0,-73.967858,40.765834,1.0,N,-73.982021,40.762083,CSH,6.9,0.0,0.5,0.0,0.0,7.4
2,2015-03-31 16:06:13,2015-03-31 16:17:15,2,0.67,-73.96485137939453,40.76005172729492,1.0,N,-73.97042846679688,40.76472854614258,2,8.0,1.0,0.5,0.0,0.0,0.3
CMT,2013-05-08 18:09:30,2013-05-08 19:01:10,1,18.5,-73.783124,40.648602,2.0,N,-73.998536,40.722029,CRD,52.0,0.0,0.5,12.17,5.33,70.0
VTS,2010-06-11 00:18:00,2010-06-11 00:30:00,5,6.41,-73.98697,40.766197,1.0,,-73.941883,40.83691,Cre,15.7,0.5,0.5,3.24,0.0,19.94
VTS,2009-10-10 23:31:00,2009-10-10 23:44:00,1,3.29,-73.970852,40.752,,,-74.004575,40.719203,CASH,10.5,0.5,,0.0,0.0,11.0
DDS,2009-10-13 15:24:15,2009-10-13 15:34:41,1,1.6,-73.969411,40.767743,,,-73.980923,40.769788,CASH,7.7,0.0,,0.0,0.0,7.7
CMT,2010-12-29 14:32:03,2010-12-29 14:59:58,2,3.6,-73.990222,40.73254,1.0,N,-73.992648,40.698142,CRD,15.7,0.0,0.5,1.5,0.0,17.7
VTS,2011-03-04 14:21:00,2011-03-04 14:37:00,5,2.55,-73.954658,40.773922,1.0,,-73.970942,40.79689,CRD,10.5,0.0,0.5,2.0,0.0,13.0
VTS,2010-12-23 14:34:00,2010-12-23 14:45:00,1,2.02,-73.986675,40.702907,1.0,,-74.011207,40.714647,CSH,7.7,0.0,0.5,0.0,0.0,8.2
CMT,2010-08-19 21:15:38,2010-08-19 21:21:20,1,1.2,-73.978121,40.752352,1.0,N,-73.991363,40.743983,CSH,5.7,0.5,0.5,0.0,0.0,6.7
VTS,2009-10-14 08:47:00,2009-10-14 08:50:00,1,0.87,-73.96997,40.794353,,,-73.962362,40.80501,CASH,4.5,0.0,,0.0,0.0,4.5
CMT,2009-07-23 18:08:06,2009-07-23 18:17:23,1,1.9,-73.942431,40.806429,,0,-73.9612,40.806461,Credit,7.7,0.0,,1.3,0.0,9.0
CMT,2014-08-27 15:16:17,2014-08-27 15:41:31,1,5.3,-73.969352,40.749303,1.0,N,-73.955544,40.809322,CRD,20.0,0.0,0.5,2.0,0.0,22.5
CMT,2011-09-17 14:57:33,2011-09-17 15:05:32,2,1.0,-73.967403,40.766087,1.0,N,-73.977215,40.760791,CSH,6.1,0.0,0.5,0.0,0.0,6.6
CMT,2009-02-05 08:37:45,2009-02-05 08:40:46,2,0.3,-73.975589,40.743622,,,-73.981435,40.746284,Cash,3.7,0.0,,0.0,0.0,3.7
2,2015-03-19 22:45:47,2015-03-19 22:48:19,2,0.69,-73.96681213378906,40.793701171875,1.0,N,-73.96788024902344,40.80049133300781,1,4.0,0.5,0.5,1.06,0.0,0.3
VTS,2012-10-09 08:47:00,2012-10-09 08:57:00,1,1.45,-74.01773,40.706497,1.0,,-74.00817,40.714622,CRD,8.5,0.0,0.5,2.55,0.0,11.55
2,2015-12-05 19:12:33,2015-12-05 19:35:04,5,1.69,-73.99139404296875,40.750099182128906,1.0,N,-73.97464752197266,40.75687026977539,2,14.0,0.0,0.5,0.0,0.0,0.3
DDS,2009-01-17 16:51:37,2009-01-17 16:55:04,1,0.6,-73.966544,40.761949,,,-73.959982,40.767743,CASH,3.7,0.0,,0.0,0.0,3.7
2,2015-12-04 22:38:39,2015-12-04 22:53:30,1,1.53,-73.99351501464844,40.74232864379883,1.0,N,-73.97974395751953,40.7613410949707,1,10.5,0.5,0.5,2.36,0.0,0.3
VTS,2011-07-05 15:48:00,2011-07-05 15:57:00,2,1.46,-73.972942,40.762652,1.0,,-73.953568,40.76714,CSH,6.9,0.0,0.5,0.0,0.0,7.4
VTS,2011-06-23 08:41:00,2011-06-23 08:53:00,2,1.67,-73.998002,40.75639,1.0,,-73.996792,40.740462,CRD,8.1,0.0,0.5,0.85,0.0,9.45
VTS,2014-09-25 04:59:00,2014-09-25 05:06:00,1,2.76,-73.952,40.784437,1.0,,-73.979488,40.74805,CRD,9.5,0.5,0.5,1.0,0.0,11.5
CMT,2011-05-12 21:01:11,2011-05-12 21:17:51,1,3.7,-73.952958,40.786248,1.0,N,-73.976411,40.741828,CSH,12.9,0.5,0.5,0.0,0.0,13.9
CMT,2012-09-17 23:16:29,2012-09-17 23:33:49,1,4.9,-73.990534,40.740254,1.0,N,-73.968053,40.686432,CRD,18.0,0.5,0.5,4.75,0.0,23.75
VTS,2009-09-11 00:11:00,2009-09-11 00:21:00,5,2.36,-73.984813,40.759987,,,-73.94701,40.77259,CASH,8.5,0.5,,0.0,0.0,9.0
VTS,2009-03-06 10:56:00,2009-03-06 11:17:00,1,3.82,-73.95276,40.71404,,,-74.00615,40.732892,CASH,13.3,0.0,,0.0,0.0,13.3
2,2015-06-25 19:52:42,2015-06-25 20:01:54,1,1.79,-73.96568298339844,40.71063995361328,1.0,N,-73.94818878173828,40.71821975708008,1,8.5,1.0,0.5,2.06,0.0,0.3
VTS,2009-12-17 12:11:00,2009-12-17 12:27:00,1,1.95,-73.977465,40.774315,,,-73.980405,40.756033,Credit,9.7,0.0,0.5,2.0,0.0,12.2
VTS,2009-03-17 13:18:00,2009-03-17 13:26:00,3,1.14,-73.989043,40.720442,,,-74.002183,40.729527,CASH,6.1,0.0,,0.0,0.0,6.1
CMT,2011-10-26 18:58:52,2011-10-26 19:23:30,2,4.4,-73.990115,40.737736,1.0,N,-73.952272,40.775596,CRD,15.7,1.0,0.5,1.5,0.0,18.7
VTS,2013-09-28 16:54:00,2013-09-28 17:05:00,1,1.87,-73.968858,40.755042,1.0,,-73.961667,40.768217,CSH,9.0,0.0,0.5,0.0,0.0,9.5
CMT,2014-08-20 13:23:57,2014-08-20 13:28:09,1,0.4,-73.986542,40.73976,1.0,N,-73.99379,40.740067,CRD,4.5,0.0,0.5,1.0,0.0,6.0
VTS,2014-05-31 23:46:00,2014-06-01 00:33:00,1,19.4,-73.78104,40.645022,2.0,,-74.007155,40.70488,CRD,52.0,0.0,0.5,10.4,0.0,62.9
CMT,2010-07-05 03:54:37,2010-07-05 04:00:33,1,2.5,-73.971679,40.756267,1.0,0,-73.946821,40.788135,No ,7.7,0.5,0.5,0.0,0.0,8.7
CMT,2010-05-04 12:03:18,2010-05-04 12:22:31,1,2.0,-73.96609,40.76713,1.0,0,-73.985861,40.757402,Cas,11.3,0.0,0.5,0.0,0.0,11.8
CMT,2012-09-05 09:03:52,2012-09-05 09:16:48,1,6.0,-73.974756,40.745104,1.0,N,-73.885607,40.74576,CRD,18.5,0.0,0.5,3.0,4.8,26.8
CMT,2010-06-02 01:33:15,2010-06-02 01:38:31,1,1.4,-73.990655,40.746856,1.0,0,-73.972382,40.753582,Cas,5.7,0.5,0.5,0.0,0.0,6.7
VTS,2011-10-21 01:24:00,2011-10-21 01:33:00,1,1.86,-73.989368,40.736002,1.0,,-74.006105,40.723493,CRD,7.7,0.5,0.5,1.0,0.0,9.7
2,2015-12-15 19:48:20,2015-12-15 19:53:39,1,1.16,-73.97046661376953,40.75226593017578,1.0,N,-73.98079681396484,40.73798370361328,2,6.0,1.0,0.5,0.0,0.0,0.3
CMT,2009-02-04 03:34:48,2009-02-04 03:41:42,1,1.4,-73.976484,40.751347,,,-74.000075,40.761166,Credit,6.6,0.0,,1.0,0.0,7.6
1,2016-04-18 20:02:09,2016-04-18 20:09:39,1,2.4,-73.97241973876953,40.759342193603516,1.0,N,-73.9769287109375,40.78251647949219,2,9.0,0.5,0.5,0.0,0.0,0.3
CMT,2011-12-06 16:26:08,2011-12-06 16:33:33,2,1.0,-73.989877,40.738714,1.0,N,-73.991874,40.726702,CSH,6.1,1.0,0.5,0.0,0.0,7.6
VTS,2009-12-07 05:44:00,2009-12-07 05:48:00,1,1.02,-73.981263,40.744755,,,-73.983647,40.755183,Credit,4.9,0.5,0.5,1.1,0.0,7.0
CMT,2012-03-31 01:38:00,2012-03-31 01:56:19,1,4.2,-73.999033,40.734012,1.0,N,-73.954465,40.716903,CRD,13.7,0.5,0.5,2.94,0.0,17.64
CMT,2011-11-30 00:12:07,2011-11-30 00:19:22,1,1.3,-73.979853,40.760984,1.0,N,-73.962514,40.76359,CRD,6.1,0.5,0.5,1.0,0.0,8.1
VTS,2009-04-09 00:22:00,2009-04-09 00:27:00,1,0.88,-73.870447,40.748353,,,-73.858522,40.749237,CASH,4.9,0.5,,0.0,0.0,5.4
VTS,2010-03-17 05:39:00,2010-03-17 05:51:00,2,6.14,-74.016145,40.71089,1.0,,-73.970047,40.7532,CSH,15.3,0.5,0.5,0.0,0.0,16.3
CMT,2010-12-07 07:23:21,2010-12-07 07:30:13,1,0.9,-73.961862,40.767861,1.0,N,-73.971873,40.765735,CRD,5.7,0.0,0.5,2.0,0.0,8.2
VTS,2009-10-21 20:14:00,2009-10-21 20:43:00,5,3.83,-73.989148,40.777687,,,-73.984768,40.737473,CASH,16.1,0.5,,0.0,0.0,16.6
CMT,2014-10-19 01:56:21,2014-10-19 02:00:19,1,0.8,-73.98793,40.747385,1.0,N,-73.997446,40.741556,CSH,5.0,0.5,0.5,0.0,0.0,6.0
VTS,2013-11-02 13:29:00,2013-11-02 13:34:00,5,0.77,-73.976928,40.74333,1.0,,-73.979918,40.735773,CSH,5.0,0.0,0.5,0.0,0.0,5.5
VTS,2011-03-27 04:09:00,2011-03-27 04:21:00,1,7.12,-73.941947,40.829578,1.0,,-73.95803,40.764448,CSH,17.7,0.5,0.5,0.0,0.0,18.7
VTS,2012-08-01 09:56:00,2012-08-01 10:01:00,5,1.04,-73.983583,40.776277,1.0,,-73.997395,40.751515,CSH,4.9,0.0,0.5,0.0,0.0,5.4
VTS,2013-02-15 15:12:00,2013-02-15 15:29:00,6,3.71,-74.015372,40.714065,1.0,,-73.995957,40.760322,CRD,15.0,0.0,0.5,4.5,0.0,20.0
VTS,2011-08-09 23:37:00,2011-08-10 00:02:00,1,7.58,-73.990837,40.760877,1.0,,-73.87129,40.739618,CSH,20.5,0.5,0.5,0.0,0.0,21.5
VTS,2014-04-21 17:12:00,2014-04-21 17:22:00,1,1.01,-73.999725,40.718287,1.0,,-74.010337,40.710832,CSH,7.5,1.0,0.5,0.0,0.0,9.0
CMT,2013-09-25 18:14:22,2013-09-25 18:32:52,1,2.7,-74.004542,40.72412,1.0,N,-73.975448,40.74453,CRD,14.0,1.0,0.5,3.1,0.0,18.6
VTS,2009-03-01 10:10:00,2009-03-01 10:19:00,1,2.02,-73.971047,40.675397,,,-73.997238,40.691123,CASH,8.1,0.0,,0.0,0.0,8.1
VTS,2009-02-07 09:38:00,2009-02-07 09:42:00,1,0.77,-73.9573,40.770268,,,-73.964988,40.762553,CASH,4.1,0.0,,0.0,0.0,4.1
CMT,2013-10-21 19:27:20,2013-10-21 19:43:49,1,3.1,-73.975148,40.751512,1.0,N,-74.005037,40.715591,CRD,13.0,1.0,0.5,2.0,0.0,16.5
DDS,2010-04-06 07:34:11,2010-04-06 07:49:20,1,3.3,-73.953025,40.768332,1.0,,-73.990978,40.68872,CRE,10.5,0.0,0.5,2.75,0.0,13.75
VTS,2011-03-26 21:07:00,2011-03-26 21:12:00,2,0.56,-73.983248,40.722313,1.0,,-73.990957,40.724373,CRD,4.5,0.5,0.5,2.0,0.0,7.5
CMT,2010-12-12 17:20:56,2010-12-12 17:36:42,1,2.3,-73.953584,40.772811,1.0,N,-73.953748,40.77278,CSH,10.1,0.0,0.5,0.0,0.0,10.6
CMT,2012-08-30 20:18:38,2012-08-30 20:23:42,1,0.9,-73.987711,40.744342,1.0,N,-73.99026,40.755115,CRD,4.9,0.5,0.5,1.18,0.0,7.08
2,2016-04-24 14:58:28,2016-04-24 15:08:06,1,2.57,-73.96282196044922,40.775421142578125,1.0,N,-73.96717834472656,40.80204772949219,1,10.0,0.0,0.5,2.16,0.0,0.3
CMT,2013-05-13 16:24:22,2013-05-13 17:03:46,1,2.3,-73.991585,40.750174,1.0,N,-73.96355,40.80814,CRD,28.0,1.0,0.5,4.5,0.0,34.0
VTS,2010-04-09 19:46:00,2010-04-09 20:02:00,2,5.79,-74.003688,40.70675,1.0,,-73.985748,40.75938,CAS,15.7,1.0,0.5,0.0,0.0,17.2
CMT,2010-09-19 08:08:31,2010-09-19 08:22:58,1,9.2,-73.972233,40.746439,1.0,N,-73.864317,40.770017,CRD,21.3,0.0,0.5,5.27,4.57,31.64
CMT,2010-04-30 23:54:39,2010-05-01 00:19:20,2,7.0,-74.004567,40.740591,1.0,0,-73.994804,40.662313,Cre,19.7,0.5,0.5,5.05,4.57,30.32
CMT,2009-03-04 06:33:11,2009-03-04 06:38:19,1,2.5,-73.984952,40.727992,,,-73.966423,40.757766,Credit,7.3,0.0,,1.0,0.0,8.3
1,2015-11-01 16:03:32,2015-11-01 16:04:58,1,0.3,-73.973388671875,40.751712799072266,1.0,N,-73.97129821777344,40.75529098510742,2,3.0,0.0,0.5,0.0,0.0,0.3
VTS,2010-10-21 14:31:00,2010-10-21 14:49:00,2,3.13,-73.976298,40.751853,1.0,,-74.007647,40.725928,CSH,11.7,0.0,0.5,0.0,0.0,12.2
VTS,2011-09-25 16:20:00,2011-09-25 16:28:00,5,1.82,-73.984903,40.747683,1.0,,-73.991417,40.725192,CRD,7.3,0.0,0.5,2.0,0.0,9.8
CMT,2011-08-23 18:14:21,2011-08-23 18:38:30,1,3.2,-73.980183,40.730412,1.0,N,-73.989834,40.760509,CSH,14.1,1.0,0.5,0.0,0.0,15.6
VTS,2009-10-21 20:19:00,2009-10-21 20:23:00,1,0.52,-73.988275,40.718477,,,-73.984117,40.725128,Credit,4.1,0.5,,1.5,0.0,6.1
CMT,2011-11-12 23:51:30,2011-11-12 23:58:58,1,1.1,-73.990959,40.750884,1.0,N,-73.978557,40.754469,CSH,5.7,0.5,0.5,0.0,0.0,6.7
1,2015-04-26 03:54:48,2015-04-26 04:01:51,1,2.2,-74.0057601928711,40.74028396606445,1.0,N,-73.98477172851562,40.76423645019531,3,9.0,0.5,0.5,0.0,0.0,0.3
VTS,2009-07-01 18:23:00,2009-07-01 18:46:00,2,4.89,-73.998435,40.745485,,,-73.95454,40.806612,CASH,15.7,1.0,,0.0,0.0,16.7
CMT,2014-07-28 06:35:35,2014-07-28 06:42:20,1,1.2,-73.976438,40.788589,1.0,N,-73.957553,40.780269,CSH,7.0,0.0,0.5,0.0,0.0,7.5
VTS,2012-07-23 23:56:00,2012-07-23 23:59:00,6,0.57,-73.945558,40.78215,1.0,,-73.95008,40.78651,CRD,3.7,0.5,0.5,0.5,0.0,5.2
VTS,2010-06-19 16:28:00,2010-06-19 16:32:00,1,0.95,-73.959475,40.780143,1.0,,-73.97195,40.781812,CAS,4.9,0.0,0.5,0.0,0.0,5.4
1,2015-03-08 12:25:06,2015-03-08 12:33:53,1,1.1,-73.95000457763672,40.776206970214844,1.0,N,-73.95439910888672,40.787261962890625,1,7.5,0.0,0.5,1.5,0.0,0.3
CMT,2012-09-12 23:22:22,2012-09-12 23:48:35,1,10.7,-73.999375,40.738583,1.0,N,-73.929083,40.861085,CSH,34.0,0.5,0.5,0.0,0.0,35.0
VTS,2013-08-05 20:54:00,2013-08-05 20:59:00,5,0.91,-73.978627,40.762297,1.0,,-73.987007,40.754427,CRD,5.0,0.5,0.5,1.1,0.0,7.1
CMT,2012-05-01 12:01:59,2012-05-01 12:14:13,1,2.0,-73.958364,40.78149,1.0,N,-73.985493,40.778619,CRD,8.9,0.0,0.5,1.88,0.0,11.28
CMT,2010-08-24 01:00:00,2010-08-24 01:05:12,1,0.6,-73.979118,40.746943,1.0,N,-73.987169,40.747536,CSH,4.9,0.5,0.5,0.0,0.0,5.9
CMT,2009-11-22 19:03:27,2009-11-22 19:19:23,2,1.1,-73.98527,40.760574,,0,-73.972076,40.756479,Cash,9.3,0.0,0.5,0.0,0.0,9.8
CMT,2011-06-06 23:20:33,2011-06-06 23:27:46,0,2.3,-74.0052,40.7213,1.0,N,-74.0019,40.7485,CRD,7.7,0.5,0.5,2.0,0.0,10.7
CMT,2012-09-05 23:40:58,2012-09-06 00:03:40,1,9.1,-73.87479,40.774167,1.0,N,-73.982232,40.755517,CRD,28.5,0.5,0.5,6.86,4.8,41.16
CMT,2010-12-21 19:21:02,2010-12-21 19:32:49,1,1.4,-73.976074,40.763877,1.0,N,-73.99076,40.757467,CSH,7.7,1.0,0.5,0.0,0.0,9.2
VTS,2012-09-23 21:45:00,2012-09-23 21:48:00,5,0.51,-74.00315,40.72776,1.0,,-73.996995,40.725447,CSH,4.5,0.5,0.5,0.0,0.0,5.5
VTS,2013-05-11 02:03:00,2013-05-11 02:28:00,1,8.34,-73.988295,40.734742,1.0,,-73.908437,40.686632,CRD,27.5,0.5,0.5,7.0,0.0,35.5
VTS,2013-12-06 23:06:00,2013-12-06 23:15:00,1,2.4,-73.991242,40.74975,1.0,,-74.005137,40.7208,CSH,9.5,0.5,0.5,0.0,0.0,10.5
VTS,2010-04-22 09:25:00,2010-04-22 09:35:00,5,2.32,-73.996155,40.743477,1.0,,-74.005297,40.71374,CAS,8.5,0.0,0.5,0.0,0.0,9.0
CMT,2010-02-18 09:26:31,2010-02-18 09:36:38,1,0.9,-73.978636,40.745215,1.0,0,-73.982485,40.754357,CRE,6.9,0.0,0.5,1.0,0.0,8.4
VTS,2012-08-15 18:48:00,2012-08-15 20:32:00,2,14.42,-73.78895,40.642735,1.0,,-74.007155,40.64591,CSH,55.3,1.0,0.5,0.0,0.0,56.8
VTS,2011-08-12 12:53:00,2011-08-12 13:14:00,1,4.11,-73.977987,40.745857,1.0,,-73.972052,40.79164,CSH,14.1,0.0,0.5,0.0,0.0,14.6
1,2016-05-05 15:02:29,2016-05-05 15:26:40,1,2.9,-73.99585723876953,40.72639846801758,1.0,N,-73.9959716796875,40.69526290893555,1,15.5,0.0,0.5,4.85,0.0,0.3
VTS,2014-11-23 21:18:00,2014-11-23 21:33:00,1,2.61,-74.003623,40.733592,1.0,,-73.97782,40.746217,CRD,12.0,0.5,0.5,2.5,0.0,15.5
VTS,2013-09-10 18:51:00,2013-09-10 19:10:00,5,2.6,-73.964347,40.767252,1.0,,-73.967597,40.784702,CRD,14.5,1.0,0.5,3.1,0.0,19.1
CMT,2014-04-18 21:42:03,2014-04-18 21:53:38,2,3.1,-73.975022,40.777734,1.0,N,-73.955607,40.814254,CRD,11.5,0.5,0.5,1.0,0.0,13.5
VTS,2012-05-15 20:13:00,2012-05-15 20:31:00,1,3.55,-73.972302,40.757115,1.0,,-73.998895,40.7126,CSH,12.1,0.5,0.5,0.0,0.0,13.1
CMT,2011-02-03 09:54:15,2011-02-03 10:04:36,1,1.5,-73.975702,40.752365,1.0,N,-73.977144,40.736746,CSH,7.3,0.0,0.5,0.0,0.0,7.8
CMT,2014-07-18 16:47:23,2014-07-18 17:03:10,1,7.0,-73.947348,40.776005,1.0,N,-74.011725,40.701575,CRD,21.0,1.0,0.5,1.5,0.0,24.0
VTS,2014-04-22 13:18:00,2014-04-22 13:23:00,1,0.82,-73.992367,40.731467,1.0,,-73.989128,40.73656,CSH,5.5,0.0,0.5,0.0,0.0,6.0
2,2015-05-20 11:52:18,2015-05-20 12:29:23,1,10.57,-73.99195098876953,40.749000549316406,1.0,N,-73.86550903320312,40.770851135253906,1,37.5,0.0,0.5,8.77,5.54,0.3
CMT,2013-02-13 20:23:01,2013-02-13 20:30:31,1,0.8,-73.97863,40.76254,1.0,N,-73.977302,40.753691,CSH,6.5,0.5,0.5,0.0,0.0,7.5
VTS,2014-10-27 20:03:00,2014-10-27 20:13:00,1,2.35,-73.96436,40.76747,1.0,,-73.97292,40.79017,CRD,9.5,0.5,0.5,1.5,0.0,12.0
VTS,2011-11-05 00:58:00,2011-11-05 01:03:00,1,1.02,-73.994973,40.731428,1.0,,-74.001287,40.740475,CRD,4.9,0.5,0.5,2.0,0.0,7.9
CMT,2010-11-06 22:01:26,2010-11-06 22:14:45,1,2.6,-73.986748,40.758658,1.0,N,-74.002683,40.733473,CRD,9.7,0.5,0.5,2.14,0.0,12.84
VTS,2012-01-04 18:40:00,2012-01-04 18:43:00,1,0.32,-73.980752,40.747713,1.0,,-73.978683,40.751748,CRD,3.3,1.0,0.5,2.0,0.0,6.8
CMT,2010-10-11 00:38:07,2010-10-11 00:52:46,1,4.6,-73.980741,40.721635,1.0,N,-73.982007,40.76843,CRD,13.3,0.5,0.5,2.86,0.0,17.16
CMT,2010-04-30 19:12:38,2010-04-30 19:34:38,1,6.1,-74.010138,40.72036,1.0,0,-73.955787,40.768422,Cre,16.9,1.0,0.5,2.6,0.0,21.0
VTS,2011-02-26 21:49:00,2011-02-26 21:54:00,1,1.19,-73.986552,40.766962,1.0,,-73.980528,40.780147,CSH,5.3,0.5,0.5,0.0,0.0,6.3
CMT,2013-10-29 20:13:24,2013-10-29 20:28:07,1,2.8,-73.969607,40.798115,1.0,N,-73.990952,40.760946,CRD,13.0,0.5,0.5,3.5,0.0,17.5
CMT,2014-05-08 21:25:17,2014-05-08 22:11:54,1,10.3,-73.864354,40.770329,1.0,N,-73.989303,40.721144,CSH,29.5,0.5,0.5,0.0,0.0,30.5
2,2015-04-05 14:26:57,2015-04-05 14:48:44,2,4.98,-73.95912170410156,40.763458251953125,1.0,N,-73.93482971191406,40.81053161621094,2,19.5,0.0,0.5,0.0,0.0,0.3
VTS,2009-05-06 14:45:00,2009-05-06 14:52:00,1,1.09,-73.975305,40.74978,,,-73.976702,40.739237,CASH,5.3,0.0,,0.0,0.0,5.3
CMT,2012-01-21 04:34:59,2012-01-21 04:50:22,2,4.6,-73.998127,40.763276,5.0,N,-74.031402,40.736188,CRD,57.0,0.0,0.0,16.25,8.0,81.25
CMT,2009-02-15 16:28:11,2009-02-15 16:32:47,2,1.7,-73.977623,40.784116,,0,-73.961097,40.806692,Cash,6.1,0.0,,0.0,0.0,6.1
1,2016-02-14 15:50:21,2016-02-14 16:07:07,1,2.3,-73.97443389892578,40.732574462890625,1.0,N,-74.00178527832031,40.72442626953125,1,12.5,0.0,0.5,1.0,0.0,0.3
VTS,2010-07-31 01:25:00,2010-07-31 01:38:00,3,3.46,-73.999588,40.733517,1.0,,-73.983477,40.77543,CAS,10.5,0.5,0.5,0.0,0.0,11.5
VTS,2014-06-14 23:11:00,2014-06-14 23:25:00,1,2.15,-73.987215,40.766023,1.0,,-74.007553,40.740933,CRD,11.0,0.5,0.5,1.0,0.0,13.0
VTS,2009-09-16 17:59:00,2009-09-16 18:11:00,2,1.08,-73.992142,40.744278,,,-73.98413,40.776995,CASH,7.7,1.0,,0.0,0.0,8.7
VTS,2011-10-27 00:45:00,2011-10-27 01:07:00,1,4.76,-73.95167,40.714997,1.0,,-73.97241,40.681153,CRD,16.1,0.5,0.5,4.15,0.0,21.25
VTS,2010-11-16 20:47:00,2010-11-16 20:57:00,3,1.35,-73.981572,40.77371,1.0,,-73.966833,40.761553,CSH,6.9,0.5,0.5,0.0,0.0,7.9
CMT,2009-04-11 12:50:47,2009-04-11 13:03:06,1,4.1,-73.947039,40.780517,,0,-73.898907,40.817378,Cash,11.7,0.0,,0.0,0.0,11.7
CMT,2010-08-10 13:32:23,2010-08-10 13:39:01,1,2.2,-73.871087,40.773822,1.0,N,-73.897821,40.755552,CSH,7.3,0.0,0.5,0.0,0.0,7.8
CMT,2011-06-30 07:30:55,2011-06-30 07:40:48,1,2.6,-74.007033,40.735084,1.0,N,-73.976614,40.756891,CRD,8.5,0.0,0.5,1.7,0.0,10.7
CMT,2012-02-25 07:56:30,2012-02-25 08:06:56,1,2.9,-73.954525,40.765326,1.0,N,-73.967199,40.793652,CRD,9.3,0.0,0.5,1.5,0.0,11.3
CMT,2011-07-18 08:58:24,2011-07-18 09:11:05,1,4.6,-74.002436,40.709347,1.0,N,-73.979013,40.750339,CSH,12.9,0.0,0.5,0.0,0.0,13.4
VTS,2010-03-26 13:53:00,2010-03-26 14:06:00,5,1.75,-73.997533,40.72916,1.0,,-73.990117,40.749867,CSH,8.5,0.0,0.5,0.0,0.0,9.0
CMT,2012-07-04 17:39:07,2012-07-04 17:42:24,1,0.8,-73.975368,40.75125,1.0,N,-73.964843,40.753253,CRD,4.5,0.0,0.5,1.0,0.0,6.0
VTS,2012-09-15 16:30:00,2012-09-15 16:41:00,1,1.64,-73.962088,40.779017,1.0,,-73.976817,40.759423,CRD,9.0,0.0,0.5,2.7,0.0,12.2
VTS,2009-05-14 20:47:00,2009-05-14 21:13:00,3,4.29,-73.977372,40.754523,,,-73.986587,40.717978,CASH,16.1,0.5,,0.0,0.0,16.6
VTS,2012-07-11 16:36:00,2012-07-11 16:44:00,1,1.35,-73.985397,40.738498,1.0,,-74.006292,40.746145,CSH,6.5,1.0,0.5,0.0,0.0,8.0
VTS,2012-04-07 02:15:00,2012-04-07 02:28:00,1,5.28,-73.981642,40.759252,1.0,,-73.960497,40.815887,CSH,14.1,0.5,0.5,0.0,0.0,15.1
VTS,2012-04-22 09:11:00,2012-04-22 09:23:00,1,3.4,-73.967155,40.793502,1.0,,-73.974745,40.756892,CRD,10.5,0.0,0.5,2.62,0.0,13.62
CMT,2014-01-16 07:59:46,2014-01-16 08:16:21,1,5.9,-74.012351,40.70142,1.0,N,-73.968553,40.760732,CRD,19.0,0.0,0.5,1.0,0.0,20.5
CMT,2013-11-01 03:52:08,2013-11-01 04:03:53,1,3.2,-74.004705,40.723726,1.0,N,-73.962086,40.715843,CSH,12.5,0.5,0.5,0.0,0.0,13.5
VTS,2010-09-25 17:14:00,2010-09-25 17:21:00,2,1.04,-73.993067,40.76287,1.0,,-73.998335,40.75597,CSH,6.1,0.0,0.5,0.0,0.0,6.6
CMT,2010-11-11 09:40:38,2010-11-11 10:15:03,1,14.2,-73.982599,40.755672,4.0,N,-73.968281,40.903456,CSH,47.7,0.0,0.5,0.0,0.0,48.2
CMT,2009-05-22 00:31:31,2009-05-22 00:38:26,1,1.5,-73.98933,40.740758,,0,-73.990989,40.755909,Credit,6.5,0.0,,3.0,0.0,9.5
VTS,2010-07-02 08:52:00,2010-07-02 08:59:00,1,1.0,-73.982435,40.731405,1.0,,-73.99056,40.740218,Cre,5.3,0.0,0.5,1.0,0.0,6.8
CMT,2014-09-24 10:02:48,2014-09-24 10:19:32,2,3.3,-73.983191,40.69382,1.0,N,-74.003994,40.732911,CRD,14.0,0.0,0.5,1.0,0.0,15.5
2,2016-02-26 15:14:25,2016-02-26 15:37:27,1,3.27,-74.00145721435547,40.741111755371094,1.0,N,-73.98049926757812,40.78234100341797,2,16.5,0.0,0.5,0.0,0.0,0.3
VTS,2011-10-05 21:42:00,2011-10-05 21:58:00,4,2.65,-73.96448,40.758802,1.0,,-74.000548,40.761883,CSH,10.9,0.5,0.5,0.0,0.0,11.9
CMT,2011-12-31 05:04:34,2011-12-31 05:17:48,1,6.0,-73.97858,40.762786,1.0,N,-74.008957,40.706975,CRD,14.9,0.5,0.5,3.18,0.0,19.08
CMT,2009-08-30 19:35:07,2009-08-30 19:50:03,2,1.5,-73.999526,40.742411,,0,-73.999526,40.742411,Cash,8.5,0.0,,0.0,0.0,8.5
VTS,2011-03-31 18:31:00,2011-03-31 18:33:00,1,0.38,-73.972447,40.796412,1.0,,-73.973855,40.792045,CSH,3.3,1.0,0.5,0.0,0.0,4.8
1,2015-01-17 19:31:18,2015-01-17 19:35:43,3,0.8,-73.97233581542969,40.78653335571289,1.0,N,-73.98148345947266,40.77772903442383,2,5.0,0.0,0.5,0.0,0.0,0.3
1,2016-04-18 04:14:17,2016-04-18 04:22:15,1,1.6,-73.98699951171875,40.7479362487793,1.0,N,-73.99357604980469,40.758853912353516,1,7.5,0.5,0.5,1.75,0.0,0.3
CMT,2012-04-19 15:09:44,2012-04-19 15:15:14,1,1.6,-73.951247,40.774443,1.0,N,-73.936227,40.79503,CSH,5.7,0.0,0.5,0.0,0.0,6.2
VTS,2014-04-06 02:20:00,2014-04-06 02:33:00,1,3.01,-73.95617,40.82229,1.0,,-73.950482,40.795245,CRD,13.0,0.5,0.5,2.7,0.0,16.7
2,2015-01-17 03:24:59,2015-01-17 03:43:16,1,3.12,-73.99363708496094,40.72119140625,1.0,N,-73.99381256103516,40.755062103271484,1,14.5,0.5,0.5,3.0,0.0,0.3
VTS,2014-04-09 14:26:00,2014-04-09 14:48:00,1,3.69,-73.997957,40.730187,1.0,,-73.982632,40.771567,CRD,16.5,0.0,0.5,0.0,0.0,17.0
CMT,2009-05-06 17:22:38,2009-05-06 17:27:28,1,0.9,-74.001394,40.74814,,0,-73.98994,40.739302,Cash,4.9,0.0,,0.0,0.0,4.9
VTS,2010-04-20 15:46:00,2010-04-20 15:53:00,1,1.34,-73.968373,40.758925,1.0,,-73.954603,40.773082,CAS,6.1,0.0,0.5,0.0,0.0,6.6
DDS,2009-02-10 07:26:44,2009-02-10 07:34:43,1,0.7,-73.993549,40.752029,,,-73.987627,40.754576,CREDIT,4.9,0.0,,2.0,0.0,6.9
CMT,2013-01-24 15:20:43,2013-01-24 15:26:41,1,1.2,-73.965895,40.790267,1.0,N,-73.962882,40.778425,CSH,6.5,0.0,0.5,0.0,0.0,7.0
2,2015-08-10 21:36:21,2015-08-10 21:54:00,6,4.74,-74.00189971923828,40.750831604003906,1.0,N,-73.94996643066406,40.783935546875,1,17.0,0.5,0.5,3.66,0.0,0.3
VTS,2011-02-19 23:33:00,2011-02-19 23:53:00,1,2.38,-74.00519,40.7434,1.0,,-73.988537,40.724202,CRD,12.1,0.5,0.5,2.0,0.0,15.1
VTS,2011-09-23 21:49:00,2011-09-23 21:58:00,5,3.22,-73.988055,40.769727,1.0,,-74.004702,40.752252,CRD,9.3,0.5,0.5,1.0,0.0,11.3
VTS,2014-02-02 22:54:00,2014-02-02 23:06:00,1,5.49,-73.789385,40.647122,1.0,,-73.732417,40.655122,CSH,16.5,0.5,0.5,0.0,0.0,17.5
CMT,2011-01-27 11:36:03,2011-01-27 11:42:42,1,0.5,-73.96592,40.758068,1.0,N,-73.974551,40.757734,CRD,5.3,0.0,0.5,0.87,0.0,6.67
VTS,2009-10-23 11:43:00,2009-10-23 11:56:00,1,1.45,-73.981625,40.767568,,,-73.97994,40.753257,CASH,8.1,0.0,,0.0,0.0,8.1
2,2016-01-19 10:03:15,2016-01-19 10:08:39,1,0.67,-73.97721099853516,40.78750991821289,1.0,N,-73.97355651855469,40.78453826904297,2,5.5,0.0,0.5,0.0,0.0,0.3
VTS,2010-07-03 16:24:00,2010-07-03 16:34:00,1,1.08,-73.96834,40.7703,1.0,,-73.962167,40.763295,CAS,6.5,0.0,0.5,0.0,0.0,7.0
VTS,2012-06-11 21:06:00,2012-06-11 21:10:00,3,0.8,-73.986668,40.751368,1.0,,-73.97824,40.759032,CSH,4.1,0.5,0.5,0.0,0.0,5.1
VTS,2009-10-31 18:37:00,2009-10-31 18:49:00,1,0.15,-73.99242,40.74302,,,-74.008832,40.73176,CASH,7.7,0.0,,0.0,0.0,7.7
CMT,2010-10-14 16:14:38,2010-10-14 16:24:49,3,2.0,-73.962358,40.762549,1.0,Y,-73.979899,40.780867,CSH,8.1,1.0,0.5,0.0,0.0,9.6
VTS,2013-01-17 22:30:00,2013-01-17 22:50:00,2,5.37,-73.948907,40.803178,1.0,,-73.994605,40.739033,CSH,18.5,0.5,0.5,0.0,0.0,19.5
VTS,2013-05-19 11:49:00,2013-05-19 11:55:00,2,1.09,-73.955955,40.785192,1.0,,-73.961843,40.773792,CSH,6.5,0.0,0.5,0.0,0.0,7.0
VTS,2013-06-24 15:08:00,2013-06-24 15:13:00,2,0.74,-73.962712,40.769975,1.0,,-73.969212,40.760495,CRD,5.0,0.0,0.5,1.0,0.0,6.5
1,2016-02-23 03:40:28,2016-02-23 04:04:23,1,11.0,-73.99710845947266,40.722557067871094,1.0,N,-73.89917755126953,40.82090377807617,1,33.5,0.5,0.5,6.95,0.0,0.3
CMT,2014-05-22 07:30:51,2014-05-22 07:42:21,1,2.6,-73.945674,40.777954,1.0,N,-73.964132,40.802548,CRD,11.0,0.0,0.5,2.3,0.0,13.8
VTS,2014-12-26 21:45:00,2014-12-26 22:00:00,1,2.94,-73.981182,40.720807,1.0,,-73.991747,40.749082,CRD,13.0,0.5,0.5,2.0,0.0,16.0
VTS,2013-07-31 13:43:00,2013-07-31 13:51:00,1,1.56,-74.002522,40.750105,1.0,,-73.98753,40.765527,CSH,8.0,0.0,0.5,0.0,0.0,8.5
CMT,2012-06-22 20:35:19,2012-06-22 21:01:08,1,2.6,-73.984947,40.72429,1.0,N,-73.997288,40.741605,CRD,13.7,0.5,0.5,1.5,0.0,16.2
CMT,2012-08-26 13:38:36,2012-08-26 13:51:07,2,0.8,-73.984842,40.739675,1.0,N,-73.999783,40.745971,CSH,7.7,0.0,0.5,0.0,0.0,8.2
2,2016-02-13 14:35:20,2016-02-13 14:48:59,1,1.75,-73.99356842041016,40.736141204833984,1.0,N,-74.00414276123047,40.752601623535156,1,10.5,0.0,0.5,2.26,0.0,0.3
CMT,2012-01-11 13:24:43,2012-01-11 13:32:20,1,2.3,-74.0101,40.7205,1.0,N,-74.0068,40.7048,CSH,7.7,0.0,0.5,0.0,0.0,8.2
VTS,2011-03-15 19:31:00,2011-03-15 19:33:00,1,0.06,-74.007682,40.724702,1.0,,-74.006515,40.732672,CRD,3.7,1.0,0.5,2.0,0.0,7.2
VTS,2009-05-26 12:24:00,2009-05-26 12:34:00,2,1.96,-73.95842,40.775658,,,-73.983068,40.77426,CASH,7.7,0.0,,0.0,0.0,7.7
VTS,2009-08-15 21:54:00,2009-08-15 22:00:00,1,1.74,-73.983413,40.766002,,,-73.983413,40.766002,CASH,6.5,0.5,,0.0,0.0,7.0
VTS,2013-07-06 07:24:00,2013-07-06 07:41:00,1,6.59,-73.985723,40.755127,1.0,,-73.92179,40.808632,CSH,22.0,0.0,0.5,0.0,0.0,22.5
CMT,2011-12-15 10:04:30,2011-12-15 10:18:01,1,2.5,-73.958308,40.775708,1.0,N,-73.979804,40.76549,CRD,9.7,0.0,0.5,2.04,0.0,12.24
VTS,2011-03-20 15:28:00,2011-03-20 15:53:00,5,4.38,-73.949415,40.77549,1.0,,-73.965395,40.77062,CSH,16.1,0.0,0.5,0.0,0.0,16.6
VTS,2013-01-16 10:24:00,2013-01-16 10:35:00,2,4.78,-74.004478,40.707652,1.0,,-73.969828,40.752708,CRD,15.5,0.0,0.5,1.5,0.0,17.5
CMT,2013-07-17 03:16:48,2013-07-17 03:22:40,1,1.3,-73.998921,40.71362,1.0,N,-74.016122,40.711263,CSH,6.5,0.5,0.5,0.0,0.0,7.5
CMT,2011-04-07 05:51:20,2011-04-07 05:54:23,1,0.8,-73.982435,40.767563,1.0,N,-73.975404,40.76281,CSH,4.1,0.5,0.5,0.0,0.0,5.1
1,2015-01-05 23:31:02,2015-01-05 23:38:26,1,1.7,-74.0052719116211,40.723724365234375,1.0,N,-74.00430297851562,40.74220275878906,2,8.0,0.5,0.5,0.0,0.0,0.3
VTS,2013-10-30 09:02:00,2013-10-30 09:14:00,1,1.61,-73.983352,40.742147,1.0,,-73.980653,40.759057,CRD,9.5,0.0,0.5,1.9,0.0,11.9
VTS,2011-11-18 16:34:00,2011-11-18 17:13:00,5,6.31,-73.988573,40.758365,1.0,,-73.945547,40.83567,CRD,22.9,1.0,0.5,0.0,0.0,24.4
CMT,2013-10-09 08:36:21,2013-10-09 09:03:51,1,7.1,-73.94263,40.790433,1.0,N,-73.992854,40.714749,CRD,25.5,0.0,0.5,5.2,0.0,31.2
CMT,2012-01-15 17:57:29,2012-01-15 18:04:22,2,1.7,-73.997086,40.73727,1.0,N,-74.003664,40.722631,CSH,6.9,0.0,0.5,0.0,0.0,7.4
CMT,2011-01-25 19:20:22,2011-01-25 19:27:11,1,0.7,-73.958196,40.77616,1.0,N,-73.958508,40.769732,CRD,5.3,1.0,0.5,1.0,0.0,7.8
1,2015-08-20 17:41:42,2015-08-20 17:49:21,1,1.4,-73.92655181884766,40.7624626159668,1.0,N,-73.93426513671875,40.770931243896484,1,7.5,1.0,0.5,1.0,0.0,0.3
2,2016-03-16 10:04:36,2016-03-16 10:22:58,5,1.49,-73.96524047851562,40.75941467285156,1.0,N,-73.97504425048828,40.741676330566406,2,12.0,0.0,0.5,0.0,0.0,0.3
CMT,2014-12-10 18:38:58,2014-12-10 18:54:59,1,1.8,-73.976116,40.79133,1.0,N,-73.980397,40.773835,CRD,11.0,1.0,0.5,3.75,0.0,16.25
CMT,2012-02-25 21:52:33,2012-02-25 22:02:02,1,1.3,-73.968418,40.768082,1.0,N,-73.961221,40.756849,CSH,6.9,0.5,0.5,0.0,0.0,7.9
VTS,2014-04-25 23:27:00,2014-04-25 23:48:00,2,4.15,-73.990568,40.734957,1.0,,-73.963185,40.765522,CRD,17.5,0.5,0.5,0.0,0.0,18.5
VTS,2010-09-06 00:12:00,2010-09-06 00:18:00,1,0.89,-73.975982,40.736615,1.0,,-73.957623,40.768292,CRD,4.9,0.5,0.5,1.0,0.0,6.9
CMT,2014-06-26 17:16:34,2014-06-26 17:25:00,2,1.6,-73.994567,40.760851,1.0,N,-73.985033,40.781744,CSH,8.5,1.0,0.5,0.0,0.0,10.0
2,2015-05-31 01:38:37,2015-05-31 01:44:05,3,1.66,-73.96626281738281,40.760498046875,1.0,N,-73.95466613769531,40.77806091308594,2,7.0,0.5,0.5,0.0,0.0,0.3
2,2015-10-31 23:24:30,2015-10-31 23:28:26,2,0.62,-73.97783660888672,40.684749603271484,1.0,N,-73.97057342529297,40.687721252441406,2,4.5,0.5,0.5,0.0,0.0,0.3
CMT,2012-01-28 23:23:23,2012-01-28 23:43:17,2,3.3,-73.980778,40.764846,1.0,N,-74.005142,40.74125,CRD,12.9,0.5,0.5,0.98,0.0,14.88
DDS,2009-12-12 21:11:47,2009-12-12 21:17:07,1,0.9,-73.959556,40.798847,,,-73.970405,40.794076,CASH,4.9,0.5,,0.0,0.0,5.9
1,2015-11-14 09:38:05,2015-11-14 09:51:47,1,3.8,-73.99397277832031,40.75625991821289,1.0,N,-74.01573181152344,40.7120246887207,1,14.0,0.0,0.5,2.0,0.0,0.3
VTS,2014-04-04 13:13:00,2014-04-04 13:41:00,5,2.51,-73.98966,40.757142,1.0,,-73.968555,40.76759,CRD,17.5,0.0,0.5,3.0,0.0,21.0
VTS,2009-10-14 06:43:00,2009-10-14 06:46:00,2,0.83,-73.9779,40.745965,,,-73.975693,40.75492,Credit,4.1,0.0,,0.6,0.0,4.7
VTS,2011-07-31 03:28:00,2011-07-31 03:32:00,1,1.07,-73.985155,40.742115,1.0,,-73.973522,40.751463,CRD,4.9,0.5,0.5,1.0,0.0,6.9
CMT,2013-04-24 21:12:04,2013-04-24 21:25:18,1,2.6,-73.984253,40.753077,1.0,N,-73.994891,40.721365,CSH,11.5,0.5,0.5,0.0,0.0,12.5
VTS,2014-02-23 02:12:00,2014-02-23 02:14:00,1,0.49,-73.97938,40.740557,1.0,,-73.978508,40.745967,CRD,3.5,0.5,0.5,1.0,0.0,5.5
1,2015-04-17 01:11:01,2015-04-17 01:24:34,1,5.5,-73.895263671875,40.85676956176758,1.0,N,-73.92481994628906,40.80987548828125,1,17.5,0.5,0.5,1.0,0.0,0.3
VTS,2014-01-06 15:51:00,2014-01-06 15:58:00,1,1.23,-73.980527,40.760177,1.0,,-73.989745,40.752065,CRD,6.5,0.0,0.5,1.3,0.0,8.3
VTS,2010-10-19 09:05:00,2010-10-19 09:16:00,1,5.52,-74.007903,40.708283,1.0,,-73.959505,40.76026,CSH,14.1,0.0,0.5,0.0,0.0,14.6
VTS,2012-12-11 06:37:00,2012-12-11 06:40:00,1,0.59,-73.97149,40.746358,4.0,,-73.975885,40.751525,CSH,4.5,0.0,0.5,0.0,0.0,5.0
VTS,2014-11-20 12:50:00,2014-11-20 13:01:00,2,1.6,-73.976853,40.788092,1.0,,-73.981922,40.766305,CSH,9.0,0.0,0.5,0.0,0.0,9.5
VTS,2012-11-17 21:28:00,2012-11-17 21:35:00,5,0.74,-73.98436,40.761983,1.0,,-73.973588,40.756117,CSH,6.0,0.5,0.5,0.0,0.0,7.0
CMT,2013-05-28 18:23:52,2013-05-28 18:32:17,1,1.7,-74.004234,40.724907,1.0,N,-73.987372,40.739682,CRD,8.0,1.0,0.5,2.37,0.0,11.87
VTS,2013-11-04 08:40:00,2013-11-04 08:48:00,1,1.3,-73.941802,40.79146,1.0,,-73.953672,40.775157,CSH,7.5,0.0,0.5,0.0,0.0,8.0
CMT,2013-05-29 08:10:27,2013-05-29 08:44:31,1,6.2,-73.960137,40.770336,1.0,N,-74.007405,40.727443,CRD,27.0,0.0,0.5,5.5,0.0,33.0
VTS,2009-05-06 20:03:00,2009-05-06 20:23:00,1,10.88,-73.942622,40.841292,,,-73.865148,40.770617,Credit,24.9,0.5,,6.35,4.15,35.9
CMT,2010-11-14 03:24:40,2010-11-14 03:34:21,1,1.9,-73.988629,40.731462,1.0,N,-73.991302,40.750304,CSH,8.1,0.5,0.5,0.0,0.0,9.1
CMT,2011-03-25 09:28:03,2011-03-25 09:36:20,1,1.0,-73.992524,40.742873,1.0,N,-73.976789,40.73902,CRD,6.5,0.0,0.5,1.0,0.0,8.0
CMT,2009-11-18 18:28:46,2009-11-18 19:08:41,1,10.9,-73.863182,40.769205,,0,-73.773915,40.678063,Credit,28.9,1.0,0.5,10.0,0.0,40.4
CMT,2013-09-03 12:28:04,2013-09-03 12:31:54,2,0.5,-73.991163,40.74234,1.0,N,-74.000238,40.746121,CSH,4.5,0.0,0.5,0.0,0.0,5.0
VTS,2013-01-25 13:56:00,2013-01-25 14:20:00,6,9.48,-73.872792,40.774032,1.0,,-73.977685,40.789775,CRD,29.5,0.0,0.5,5.9,4.8,40.7
CMT,2012-09-12 09:00:50,2012-09-12 09:12:41,1,3.1,-73.952035,40.777901,1.0,N,-73.96956,40.749204,CRD,12.0,0.0,0.5,2.5,0.0,15.0
1,2016-01-30 17:10:52,2016-01-30 17:17:36,1,1.3,-73.96367645263672,40.76838684082031,1.0,N,-73.95406341552734,40.784271240234375,2,7.0,0.0,0.5,0.0,0.0,0.3
1,2016-02-10 02:32:56,2016-02-10 02:40:29,1,2.1,-73.98309326171875,40.760921478271484,1.0,N,-73.9996337890625,40.73380661010742,1,8.5,0.5,0.5,1.95,0.0,0.3
CMT,2010-03-15 02:51:37,2010-03-15 02:55:12,1,1.5,-73.984692,40.759789,1.0,0,-73.998389,40.743572,Cre,5.3,0.5,0.5,0.94,0.0,7.24
CMT,2014-07-16 12:09:49,2014-07-16 12:14:32,1,1.0,-73.961138,40.777813,1.0,N,-73.967642,40.787513,CSH,5.5,0.0,0.5,0.0,0.0,6.0
VTS,2010-03-22 14:05:00,2010-03-22 14:09:00,1,0.7,-73.964875,40.769958,1.0,,-73.971397,40.760815,CSH,4.5,0.0,0.5,0.0,0.0,5.0
CMT,2014-02-16 22:48:34,2014-02-16 22:56:58,2,1.6,-73.968443,40.755161,1.0,N,-73.988134,40.745658,CSH,8.0,0.5,0.5,0.0,0.0,9.0
2,2015-04-03 19:09:20,2015-04-03 19:39:22,1,16.62,-73.98137664794922,40.745361328125,2.0,N,-73.7833480834961,40.6438102722168,1,52.0,0.0,0.5,10.0,5.54,0.3
CMT,2009-09-07 20:00:02,2009-09-07 20:09:17,1,1.4,-73.998148,40.735435,,0,-73.984494,40.72489,Cash,6.9,0.0,,0.0,0.0,6.9
VTS,2013-08-11 05:57:00,2013-08-11 06:06:00,1,4.32,-73.956185,40.818872,1.0,,-73.92488,40.863965,CRD,14.0,0.5,0.5,2.0,0.0,17.0
CMT,2014-10-17 01:26:27,2014-10-17 01:49:22,1,8.7,-73.991841,40.731012,1.0,N,-73.973473,40.638379,CRD,27.0,0.5,0.5,0.0,0.0,28.0
1,2016-05-28 00:23:31,2016-05-28 00:40:01,2,2.8,-74.00225067138672,40.73964309692383,1.0,N,-73.97903442382812,40.713775634765625,1,13.5,0.5,0.5,2.95,0.0,0.3
CMT,2013-11-12 19:13:26,2013-11-12 19:21:45,1,1.5,-73.975418,40.752117,1.0,N,-73.992197,40.742696,CRD,8.0,1.0,0.5,1.5,0.0,11.0
VTS,2011-07-08 00:15:00,2011-07-08 00:28:00,2,3.73,-73.990807,40.756043,1.0,,-73.957197,40.80264,CSH,11.7,0.5,0.5,0.0,0.0,12.7
VTS,2013-06-07 10:30:00,2013-06-07 10:52:00,1,2.73,-73.953912,40.787167,1.0,,-73.976487,40.756487,CRD,15.0,0.0,0.5,2.0,0.0,17.5
CMT,2009-02-27 12:27:49,2009-02-27 12:30:27,1,0.4,-73.994672,40.718677,,0,-73.995179,40.722476,Cash,3.7,0.0,,0.0,0.0,3.7
CMT,2009-12-21 20:18:19,2009-12-21 20:47:13,2,2.8,-73.989762,40.756383,,0,-74.003266,40.734072,Credit,15.3,0.5,0.5,4.07,0.0,20.37
VTS,2011-06-14 17:10:00,2011-06-14 17:18:00,2,0.47,-73.986727,40.7664,1.0,,-73.987472,40.761285,CRD,5.7,1.0,0.5,2.0,0.0,9.2
VTS,2014-08-08 19:31:00,2014-08-08 19:52:00,6,1.7,-73.99102,40.7495,1.0,,-73.98343,40.76338,CSH,13.5,1.0,0.5,0.0,0.0,15.0
VTS,2014-04-29 04:24:00,2014-04-29 04:44:00,2,8.96,-74.006633,40.739372,1.0,,-73.930735,40.811937,CRD,27.5,0.5,0.5,5.6,0.0,34.1
VTS,2012-07-30 15:58:00,2012-07-30 16:19:00,1,3.65,-73.99288,40.752637,1.0,,-73.944597,40.75169,CSH,13.7,0.0,0.5,0.0,4.8,19.0
CMT,2012-02-27 18:48:42,2012-02-27 19:02:41,1,2.7,-73.956055,40.768036,1.0,N,-73.965516,40.790707,CRD,9.7,1.0,0.5,2.8,0.0,14.0
VTS,2010-04-01 20:15:00,2010-04-01 20:20:00,1,0.1,-73.974247,40.741842,1.0,,-73.9767,40.751942,CAS,5.3,0.5,0.5,0.0,0.0,6.3
2,2015-06-21 19:46:08,2015-06-21 20:00:56,1,5.48,-74.01612091064453,40.715518951416016,1.0,N,-73.98213195800781,40.74026870727539,1,18.0,0.0,0.5,3.76,0.0,0.3
CMT,2010-09-20 07:23:02,2010-09-20 07:33:27,3,2.7,-73.973736,40.78441,1.0,N,-73.991404,40.749768,CSH,8.9,0.0,0.5,0.0,0.0,9.4
CMT,2011-01-22 19:39:20,2011-01-22 20:00:46,1,5.2,-73.977354,40.766169,1.0,N,-74.011122,40.71612,CRD,16.1,0.0,0.5,3.32,0.0,19.92
VTS,2010-10-27 20:40:00,2010-10-27 20:48:00,1,0.13,-73.973957,40.760622,1.0,,-73.961408,40.771845,CSH,6.5,0.5,0.5,0.0,0.0,7.5
VTS,2011-10-04 13:34:00,2011-10-04 13:47:00,1,1.3,-74.004225,40.74217,1.0,,-73.986212,40.74354,CRD,7.7,0.0,0.5,2.0,0.0,10.2
CMT,2011-06-12 09:55:33,2011-06-12 10:00:17,1,1.0,-73.979164,40.767052,1.0,N,-73.969887,40.767863,CSH,4.9,0.0,0.5,0.0,0.0,5.4
VTS,2012-01-08 22:27:00,2012-01-08 22:33:00,1,1.22,-73.976355,40.73969,1.0,,-73.990478,40.734763,CSH,5.3,0.5,0.5,0.0,0.0,6.3
CMT,2011-01-23 04:26:28,2011-01-23 04:40:26,1,3.9,-73.989951,40.762154,1.0,N,-73.957027,40.745759,CRD,11.7,0.5,0.5,1.0,0.0,13.7
1,2015-11-15 20:10:40,2015-11-15 20:34:58,1,4.6,-73.99896240234375,40.72989273071289,1.0,N,-73.95463562011719,40.77756881713867,1,19.0,0.5,0.5,5.05,0.0,0.3
VTS,2014-05-15 01:23:00,2014-05-15 01:32:00,2,1.61,-74.007658,40.74085,1.0,,-74.003767,40.723427,CRD,8.0,0.5,0.5,1.7,0.0,10.7
CMT,2012-11-09 13:13:14,2012-11-09 13:20:26,2,1.8,-73.981018,40.749976,1.0,N,-73.966736,40.77241,CSH,8.0,0.0,0.5,0.0,0.0,8.5
CMT,2010-06-01 22:46:16,2010-06-01 22:52:47,1,1.4,-74.003085,40.73336,1.0,0,-73.99639,40.743383,Cas,6.1,0.5,0.5,0.0,0.0,7.1
2,2016-03-29 11:24:08,2016-03-29 11:46:53,1,10.99,-73.86284637451172,40.768768310546875,1.0,N,-73.97180938720703,40.75431823730469,1,31.0,0.0,0.5,9.34,5.54,0.3
CMT,2012-10-25 20:59:38,2012-10-25 21:27:05,1,4.8,-73.94532,40.780222,1.0,N,-73.92451,40.835698,CSH,23.5,0.5,0.5,0.0,0.0,24.5
VTS,2014-05-11 10:59:00,2014-05-11 11:07:00,1,1.74,-73.995,40.73996,1.0,,-73.9716,40.74367,CRD,8.0,0.0,0.5,2.0,0.0,10.5
CMT,2010-03-26 12:53:25,2010-03-26 13:03:09,1,1.1,-73.98712,40.755065,1.0,0,-73.981123,40.765292,Cre,6.9,0.0,0.5,1.11,0.0,8.51
CMT,2013-08-12 22:43:21,2013-08-12 22:51:41,1,1.0,-73.985354,40.760183,1.0,N,-73.992796,40.750704,CRD,7.0,0.5,0.5,1.6,0.0,9.6
VTS,2011-02-05 14:37:00,2011-02-05 14:48:00,2,1.85,-73.96703,40.793755,1.0,,-73.950562,40.804912,CRD,8.1,0.0,0.5,3.0,0.0,11.6
VTS,2012-08-28 19:40:00,2012-08-28 20:03:00,1,5.46,-73.976467,40.782292,1.0,,-73.929303,40.76517,CSH,16.5,1.0,0.5,0.0,0.0,18.0
CMT,2011-06-26 15:16:42,2011-06-26 15:27:58,1,2.2,-73.988447,40.778351,1.0,N,-73.971779,40.760485,CRD,8.5,0.0,0.5,1.8,0.0,10.8
VTS,2014-12-08 10:41:00,2014-12-08 10:54:00,1,2.27,-73.9596,40.77411,1.0,,-73.98144,40.76774,CSH,11.0,0.0,0.5,0.0,0.0,11.5
CMT,2012-12-18 10:47:40,2012-12-18 10:54:52,1,1.4,-73.998402,40.719919,1.0,N,-73.98802,40.737938,CRD,7.0,0.0,0.5,1.5,0.0,9.0
1,2015-12-24 23:43:38,2015-12-24 23:47:05,1,0.6,-73.99092864990234,40.74542236328125,1.0,N,-73.99415588378906,40.75151824951172,1,4.5,0.5,0.5,1.16,0.0,0.3
VTS,2014-07-30 18:05:00,2014-07-30 18:34:00,1,9.16,-73.971575,40.750175,1.0,,-73.870345,40.773382,CRD,29.0,1.0,0.5,6.0,5.33,41.83
2,2015-03-12 18:50:40,2015-03-12 19:30:06,1,14.74,-73.87117767333984,40.77379608154297,1.0,N,-74.0098648071289,40.70921325683594,1,42.0,1.0,0.5,9.83,5.33,0.3
VTS,2011-05-31 23:00:00,2011-05-31 23:12:00,1,4.52,-73.992883,40.748065,1.0,,-73.974297,40.79573,CRD,12.9,0.5,0.5,3.0,0.0,16.9
CMT,2010-01-20 21:56:17,2010-01-20 22:10:26,1,6.9,-73.93061,40.744722,1.0,0,-73.993403,40.697554,Cre,17.7,0.5,0.5,3.74,0.0,22.44
VTS,2011-06-07 21:44:00,2011-06-07 21:53:00,1,1.81,-73.972627,40.759025,1.0,,-73.956913,40.777457,CRD,7.3,0.5,0.5,2.0,0.0,10.3
CMT,2013-10-04 16:48:43,2013-10-04 17:18:51,1,3.2,-73.998922,40.726467,1.0,N,-73.969643,40.762337,CSH,19.0,1.0,0.5,0.0,0.0,20.5
VTS,2009-10-08 09:04:00,2009-10-08 09:17:00,1,1.78,-73.954485,40.783662,,,-73.969783,40.762985,Credit,8.9,0.0,,1.5,0.0,10.4
VTS,2013-08-25 12:54:00,2013-08-25 13:04:00,1,2.34,-73.976035,40.751335,1.0,,-73.998807,40.724462,CRD,9.5,0.0,0.5,1.9,0.0,11.9
VTS,2011-05-31 12:58:00,2011-05-31 13:18:00,2,2.47,-73.962207,40.779323,1.0,,-73.987548,40.754508,CSH,11.7,0.0,0.5,0.0,0.0,12.2
CMT,2010-07-08 11:26:47,2010-07-08 11:33:56,1,1.2,-74.008638,40.732797,1.0,0,-74.01261,40.717051,Cre,6.1,0.0,0.5,1.0,0.0,7.6
1,2015-07-15 10:52:48,2015-07-15 10:59:05,1,0.4,-73.9837875366211,40.76227951049805,1.0,N,-73.99164581298828,40.765567779541016,2,5.5,0.0,0.5,0.0,0.0,0.3
VTS,2011-05-31 17:03:00,2011-05-31 17:21:00,2,4.02,-74.01277,40.702425,1.0,,-73.997023,40.750478,CRD,13.3,1.0,0.5,2.0,0.0,16.8
CMT,2012-11-24 18:46:16,2012-11-24 18:47:58,1,0.6,-73.959487,40.762738,1.0,Y,-73.951944,40.765951,CRD,4.0,0.0,0.5,0.9,0.0,5.4
VTS,2012-07-24 17:53:00,2012-07-24 18:12:00,2,0.77,-73.982172,40.756215,1.0,,-73.989975,40.751865,CRD,10.1,1.0,0.5,2.22,0.0,13.82
CMT,2011-11-14 13:50:51,2011-11-14 14:14:47,4,9.1,-73.870849,40.773723,1.0,N,-73.992716,40.747982,CSH,23.7,0.0,0.5,0.0,4.8,29.0
CMT,2011-01-09 20:15:08,2011-01-09 20:16:22,1,0.5,-73.996426,40.753356,1.0,N,-74.001502,40.746376,CSH,3.3,0.5,0.5,0.0,0.0,4.3
CMT,2012-09-01 08:25:15,2012-09-01 08:42:55,1,10.5,-73.983232,40.693997,1.0,N,-73.862165,40.768672,CRD,24.5,0.0,0.5,5.0,0.0,30.0
1,2016-03-22 21:49:53,2016-03-22 22:04:32,1,4.2,-73.99113464355469,40.74929428100586,1.0,N,-73.96585083007812,40.800262451171875,1,14.5,0.5,0.5,3.0,0.0,0.3
VTS,2010-12-02 13:05:00,2010-12-02 13:35:00,5,2.31,-73.983392,40.755403,1.0,,-73.991455,40.749985,CRD,14.9,0.0,0.5,2.98,0.0,18.38
CMT,2009-02-27 14:20:26,2009-02-27 14:41:31,1,3.1,-73.98956,40.757234,,0,-73.983857,40.72842,Cash,12.9,0.0,,0.0,0.0,12.9
VTS,2009-02-28 10:09:00,2009-02-28 10:20:00,2,1.66,-73.98056,40.76701,,,-73.96268,40.778097,CASH,8.1,0.0,,0.0,0.0,8.1
CMT,2012-05-11 18:34:46,2012-05-11 18:45:56,1,2.3,-73.985883,40.760587,1.0,N,-73.958032,40.773051,CRD,8.5,1.0,0.5,1.0,0.0,11.0
VTS,2014-12-03 15:24:00,2014-12-03 15:33:00,3,1.11,-73.962923,40.772072,1.0,,-73.952822,40.78592,CRD,7.5,0.0,0.5,1.0,0.0,9.0
VTS,2011-08-16 22:58:00,2011-08-16 23:05:00,1,1.65,-73.997142,40.767537,1.0,,-73.98902,40.751285,CSH,6.5,0.5,0.5,0.0,0.0,7.5
VTS,2013-11-07 17:53:00,2013-11-07 18:08:00,3,0.78,-73.982435,40.742907,1.0,,-73.974255,40.74876,CSH,10.0,1.0,0.5,0.0,0.0,11.5
2,2015-04-08 23:39:28,2015-04-08 23:44:13,1,1.07,-73.99031066894531,40.751792907714844,1.0,N,-73.98762512207031,40.760616302490234,1,5.5,0.5,0.5,1.0,0.0,0.3
CMT,2010-05-04 18:20:10,2010-05-04 18:24:52,1,0.6,-73.979168,40.755181,1.0,0,-73.983311,40.747578,Cas,4.5,1.0,0.5,0.0,0.0,6.0
CMT,2012-11-29 21:59:40,2012-11-29 22:08:57,2,1.0,-73.977791,40.752351,1.0,N,-73.99134,40.749948,CSH,7.5,0.5,0.5,0.0,0.0,8.5
VTS,2014-10-01 19:42:00,2014-10-01 19:55:00,2,2.09,-73.97766,40.748877,1.0,,-73.993945,40.766812,CSH,10.5,1.0,0.5,0.0,0.0,12.0
CMT,2010-10-20 23:13:36,2010-10-20 23:22:29,1,2.4,-73.973034,40.764038,1.0,N,-73.99507,40.733974,CRD,8.1,0.5,0.5,1.82,0.0,10.92
VTS,2011-03-16 08:20:00,2011-03-16 08:30:00,5,1.24,-73.988357,40.73747,1.0,,-73.988495,40.737667,CRD,6.9,0.0,0.5,0.5,0.0,7.9
VTS,2010-09-04 22:02:00,2010-09-04 22:12:00,2,1.75,-74.003503,40.732017,1.0,,-74.01582,40.714925,CSH,7.3,0.5,0.5,0.0,0.0,8.3
CMT,2011-06-28 20:31:08,2011-06-28 20:39:32,2,1.8,-73.982068,40.762705,1.0,N,-74.001891,40.7524,CSH,7.3,0.5,0.5,0.0,0.0,8.3
1,2015-10-24 21:09:43,2015-10-24 21:14:42,2,0.5,-74.01593017578125,40.71527099609375,1.0,N,-74.00914001464844,40.71865463256836,2,5.0,0.5,0.5,0.0,0.0,0.3
CMT,2013-01-22 07:41:59,2013-01-22 08:04:00,1,4.5,-73.950315,40.779798,1.0,N,-74.004603,40.749714,CRD,18.0,0.0,0.5,3.7,0.0,22.2
1,2015-06-04 02:36:52,2015-06-04 02:48:48,1,2.6,-73.96012878417969,40.76203918457031,1.0,N,-73.9903793334961,40.761695861816406,2,11.5,0.5,0.5,0.0,0.0,0.3
VTS,2009-07-20 13:55:00,2009-07-20 14:00:00,1,1.21,-73.968915,40.800853,,,-73.978692,40.786512,CASH,5.3,0.0,,0.0,0.0,5.3
DDS,2009-03-03 17:06:10,2009-03-03 17:25:07,1,3.1,-73.962399,40.767348,,,-73.972395,40.797986,CASH,11.7,1.0,,0.0,0.0,12.7
CMT,2013-09-30 10:39:05,2013-09-30 10:46:27,1,1.5,-73.966888,40.79393,1.0,N,-73.983335,40.778565,CRD,7.5,0.0,0.5,1.6,0.0,9.6
2,2015-04-01 18:57:40,2015-04-01 19:07:28,5,2.2,-73.95830535888672,40.77812194824219,1.0,N,-73.98210144042969,40.768436431884766,1,10.0,1.0,0.5,0.0,0.0,0.3
VTS,2013-10-10 11:05:00,2013-10-10 11:14:00,1,1.03,-73.977937,40.752392,1.0,,-73.97909,40.763137,CSH,7.5,0.0,0.5,0.0,0.0,8.0
2,2016-03-03 11:08:13,2016-03-03 11:19:01,5,2.32,-73.94864654541016,40.78908157348633,1.0,N,-73.97679138183594,40.78010940551758,1,10.0,0.0,0.5,2.7,0.0,0.3
CMT,2011-03-02 01:19:26,2011-03-02 01:31:49,2,3.2,-73.950824,40.709384,1.0,N,-73.997552,40.721556,CSH,11.3,0.5,0.5,0.0,0.0,12.3
VTS,2011-06-11 23:44:00,2011-06-11 23:57:00,1,3.85,-73.953875,40.770205,1.0,,-73.921142,40.809283,CRD,10.9,0.5,0.5,3.0,0.0,14.9
CMT,2009-04-27 12:11:48,2009-04-27 12:15:44,1,0.9,-73.98724,40.729337,,0,-73.981973,40.737481,Credit,4.5,0.0,,1.5,0.0,6.0
VTS,2013-05-31 21:43:00,2013-05-31 21:45:00,3,0.34,-73.985412,40.768752,1.0,,-73.987515,40.764567,CRD,3.5,0.5,0.5,1.0,0.0,5.5
VTS,2010-08-30 22:03:00,2010-08-30 22:13:00,5,1.84,-73.995802,40.764352,1.0,,-73.983047,40.747917,CSH,7.7,0.5,0.5,0.0,0.0,8.7
VTS,2014-07-16 17:49:00,2014-07-16 18:02:00,5,1.09,-73.975915,40.776363,1.0,,-73.972455,40.765092,CSH,9.5,1.0,0.5,0.0,0.0,11.0
CMT,2010-07-06 08:59:50,2010-07-06 10:06:53,2,18.3,-73.776885,40.646052,2.0,0,-73.970678,40.751938,Cas,45.0,0.0,0.5,0.0,0.0,45.5
CMT,2014-08-30 19:11:06,2014-08-30 19:16:22,2,1.1,-73.980779,40.75422,1.0,N,-73.974316,40.763251,CSH,6.0,0.0,0.5,0.0,0.0,6.5
VTS,2014-01-07 08:20:00,2014-01-07 08:27:00,1,0.82,-73.936987,40.79832,1.0,,-73.949732,40.802152,CRD,6.0,0.0,0.5,0.5,0.0,7.0
CMT,2010-04-21 07:19:10,2010-04-21 07:37:11,1,6.1,-73.984255,40.761385,1.0,0,-74.01211,40.701529,Cre,17.3,0.0,0.5,3.56,0.0,21.36
CMT,2013-04-07 10:59:08,2013-04-07 11:04:16,1,1.0,-73.97924,40.767029,1.0,N,-73.973019,40.780282,CSH,6.0,0.0,0.5,0.0,0.0,6.5
1,2015-08-20 19:07:35,2015-08-20 19:14:40,1,1.3,-73.98516845703125,40.73594665527344,1.0,N,-73.97389221191406,40.751922607421875,1,7.0,1.0,0.5,1.75,0.0,0.3
VTS,2013-04-02 18:17:00,2013-04-02 18:35:00,1,3.33,-73.961855,40.770997,1.0,,-73.986488,40.730207,CSH,14.0,1.0,0.5,0.0,0.0,15.5
VTS,2014-05-10 01:07:00,2014-05-10 01:17:00,5,1.8,-74.007732,40.740615,1.0,,-73.991985,40.726127,CSH,8.5,0.5,0.5,0.0,0.0,9.5
CMT,2010-03-12 11:18:26,2010-03-12 11:22:57,1,0.5,-73.982886,40.766107,1.0,0,-73.971907,40.76106,Cre,4.5,0.0,0.5,1.0,0.0,6.0
2,2015-03-28 10:46:04,2015-03-28 10:58:15,1,3.28,-73.98609924316406,40.75971603393555,1.0,N,-74.01041412353516,40.725040435791016,1,12.5,0.0,0.5,2.66,0.0,0.3
2,2015-02-02 06:58:39,2015-02-02 07:05:54,1,1.17,-73.97831726074219,40.752601623535156,1.0,N,-73.9921875,40.748958587646484,2,7.0,0.0,0.5,0.0,0.0,0.3
VTS,2014-06-24 12:58:00,2014-06-24 13:05:00,1,1.21,-73.959765,40.762547,1.0,,-73.951792,40.77702,CRD,7.0,0.0,0.5,1.0,0.0,8.5
CMT,2010-01-08 09:56:19,2010-01-08 10:07:50,1,1.7,-73.955223,40.769107,1.0,0,-73.974686,40.762475,Cas,7.7,0.0,0.5,0.0,0.0,8.2
1,2016-01-19 20:59:32,2016-01-19 21:12:28,1,2.8,-73.98811340332031,40.761714935302734,1.0,N,-73.95549011230469,40.77794647216797,1,12.0,0.5,0.5,2.0,0.0,0.3
VTS,2013-02-25 07:51:00,2013-02-25 07:53:00,1,0.73,-74.004203,40.747645,1.0,,-73.996162,40.749085,CRD,4.5,0.0,0.5,0.9,0.0,5.9
CMT,2012-12-05 01:14:03,2012-12-05 01:19:06,1,1.1,-73.917187,40.769945,1.0,N,-73.914852,40.78103,CRD,6.5,0.5,0.5,2.0,0.0,9.5
2,2016-02-21 01:42:47,2016-02-21 02:24:39,5,9.49,-73.98079681396484,40.76470947265625,1.0,N,-73.98612213134766,40.665489196777344,1,34.0,0.5,0.5,7.06,0.0,0.3
VTS,2014-07-31 22:53:00,2014-07-31 23:04:00,5,2.16,-73.988042,40.74773,1.0,,-73.964315,40.763062,CSH,9.5,0.5,0.5,0.0,0.0,10.5
VTS,2014-03-28 19:48:00,2014-03-28 19:51:00,2,0.51,-74.006017,40.73516,1.0,,-73.998177,40.735365,CRD,4.0,1.0,0.5,1.5,0.0,7.0
VTS,2013-07-17 21:21:00,2013-07-17 21:28:00,2,1.73,-73.98009,40.78076,1.0,,-73.95647,40.774002,CRD,8.0,0.5,0.5,2.12,0.0,11.12
VTS,2014-03-22 12:26:00,2014-03-22 12:28:00,1,0.65,-73.956313,40.772255,1.0,,-73.954248,40.779292,CRD,4.0,0.0,0.5,0.8,0.0,5.3
2,2016-04-10 02:45:50,2016-04-10 02:54:56,1,1.25,-73.99337768554688,40.72261047363281,1.0,N,-73.98053741455078,40.72175979614258,2,6.5,0.5,0.5,0.0,0.0,0.3
VTS,2011-12-26 06:17:00,2011-12-26 06:23:00,1,1.22,-73.973112,40.75596,1.0,,-73.99022,40.756577,CSH,5.7,0.0,0.5,0.0,0.0,6.2
VTS,2009-04-13 00:54:00,2009-04-13 01:03:00,5,2.2,-74.006197,40.743875,,,-74.006387,40.739572,CASH,8.1,0.5,,0.0,0.0,8.6
VTS,2013-11-22 20:49:00,2013-11-22 20:53:00,1,0.69,-73.981805,40.76936,1.0,,-73.981665,40.778557,CRD,5.0,0.5,0.5,1.0,0.0,7.0
CMT,2012-02-10 19:06:34,2012-02-10 19:16:57,2,1.4,-73.965658,40.76684,1.0,N,-73.985377,40.761007,CSH,7.3,1.0,0.5,0.0,0.0,8.8
1,2015-05-14 13:52:11,2015-05-14 14:36:03,1,5.8,-73.95011138916016,40.74138259887695,1.0,N,-73.95011138916016,40.74138259887695,1,29.0,0.0,0.5,5.96,0.0,0.3
CMT,2013-07-30 08:08:57,2013-07-30 08:43:46,1,3.9,-73.97154,40.797221,1.0,N,-73.973962,40.753406,CRD,23.0,0.0,0.5,1.0,0.0,24.5
DDS,2009-04-03 07:47:04,2009-04-03 07:51:47,1,0.6,-73.95425,40.770128,,,-73.958111,40.777967,CASH,4.5,0.0,,0.0,0.0,4.5
VTS,2011-09-02 01:50:00,2011-09-02 02:10:00,3,9.96,-74.006807,40.72909,1.0,,-73.871097,40.711435,CSH,24.1,0.5,0.5,0.0,0.0,25.1
1,2016-06-14 16:05:24,2016-06-14 16:12:00,1,0.6,-73.97523498535156,40.76314163208008,1.0,N,-73.96904754638672,40.76382827758789,2,6.0,1.0,0.5,0.0,0.0,0.3
VTS,2013-07-11 08:41:00,2013-07-11 08:54:00,1,1.41,-73.976067,40.7514,1.0,,-73.992142,40.74084,CRD,10.0,0.0,0.5,2.0,0.0,12.5
CMT,2009-10-28 18:00:03,2009-10-28 18:44:39,1,11.3,-73.86281,40.768856,,0,-73.979906,40.76219,Cash,30.1,1.0,0.0,0.0,0.0,31.1
CMT,2014-01-09 20:48:49,2014-01-09 20:59:43,1,2.1,-73.938861,40.802558,1.0,N,-73.968103,40.800516,CRD,9.5,0.5,0.5,1.5,0.0,12.0
CMT,2014-07-17 20:39:50,2014-07-17 20:50:42,2,1.6,-73.990313,40.718916,1.0,N,-73.982679,40.738713,CSH,9.0,0.5,0.5,0.0,0.0,10.0
2,2015-06-15 06:42:11,2015-06-15 06:51:45,1,2.75,-74.00341796875,40.72705078125,1.0,N,-73.97673797607422,40.75516128540039,1,10.0,0.0,0.5,1.5,0.0,0.3
2,2015-02-04 09:23:12,2015-02-04 09:28:33,1,0.66,-73.95169830322266,40.76953887939453,1.0,N,-73.95935821533203,40.767608642578125,1,5.5,0.0,0.5,1.26,0.0,0.3
CMT,2010-07-17 15:59:42,2010-07-17 16:13:04,1,4.0,-74.014872,40.709277,1.0,0,-73.992241,40.764254,Cas,12.5,0.0,0.5,0.0,0.0,13.0
VTS,2009-05-23 23:17:00,2009-05-23 23:35:00,3,3.7,-73.973495,40.763723,,,-73.987182,40.721965,CASH,12.5,0.5,,0.0,0.0,13.0
CMT,2014-11-06 18:51:17,2014-11-06 19:02:05,1,2.4,-73.986711,40.776999,1.0,N,-73.966425,40.804475,CSH,10.5,1.0,0.5,0.0,0.0,12.0
1,2015-08-11 06:20:29,2015-08-11 06:25:24,1,1.1,-73.92998504638672,40.767208099365234,1.0,N,-73.93179321289062,40.75688934326172,1,6.0,0.0,0.5,1.0,0.0,0.3
VTS,2010-09-06 17:32:00,2010-09-06 17:38:00,1,1.15,-73.994102,40.751168,1.0,,-73.981998,40.773522,CSH,5.7,0.0,0.5,0.0,0.0,6.2
VTS,2012-02-29 07:39:00,2012-02-29 07:55:00,1,2.36,-73.953487,40.791347,1.0,,-73.95286,40.766547,CRD,10.5,0.0,0.5,2.1,0.0,13.1
CMT,2012-10-01 00:07:18,2012-10-01 00:23:12,1,4.2,-74.006525,40.738099,1.0,N,-73.965789,40.714434,CRD,15.5,0.5,0.5,3.3,0.0,19.8
CMT,2009-01-21 16:59:57,2009-01-21 17:17:13,2,3.6,-73.951588,40.774191,,,-73.964584,40.810431,Cash,12.7,0.0,,0.0,0.0,12.7
2,2015-01-24 20:01:50,2015-01-24 20:20:03,1,2.66,-73.99297332763672,40.74781036376953,1.0,N,-73.98758697509766,40.71990966796875,1,13.0,0.5,0.5,2.86,0.0,0.3
VTS,2012-02-16 19:27:00,2012-02-16 19:32:00,1,0.7,-73.967672,40.771352,1.0,,-73.969397,40.763665,CSH,4.5,1.0,0.5,0.0,0.0,6.0
VTS,2009-06-05 17:13:00,2009-06-05 17:19:00,5,0.84,-73.945695,40.773613,,,-73.955795,40.779773,CASH,5.3,1.0,,0.0,0.0,6.3
VTS,2009-11-29 18:14:00,2009-11-29 18:18:00,5,1.32,-73.996407,40.744363,,,-74.00053,40.742373,CASH,5.3,0.0,0.5,0.0,0.0,5.8
VTS,2014-05-06 12:56:00,2014-05-06 13:11:00,1,2.69,-73.957872,40.816422,1.0,,-73.97749,40.786977,CSH,12.5,0.0,0.5,0.0,0.0,13.0
CMT,2011-10-06 18:19:10,2011-10-06 18:34:39,1,1.8,-73.988468,40.748611,1.0,N,-73.969594,40.762815,CSH,9.3,1.0,0.5,0.0,0.0,10.8
VTS,2013-03-05 08:51:00,2013-03-05 09:02:00,1,1.77,-73.952315,40.77291,1.0,,-73.968798,40.78605,CRD,9.5,0.0,0.5,2.38,0.0,12.38
2,2015-11-20 06:36:15,2015-11-20 06:58:41,2,6.79,-73.90016174316406,40.741233825683594,1.0,N,-73.97796630859375,40.68511199951172,2,22.5,0.0,0.5,0.0,0.0,0.3
VTS,2009-02-18 23:33:00,2009-02-19 00:02:00,5,14.97,-73.776735,40.645345,,,-73.90576,40.712937,CASH,34.5,0.5,,0.0,0.0,35.0
CMT,2012-04-08 09:31:28,2012-04-08 09:37:44,2,1.3,-73.9721,40.745523,1.0,N,-73.977501,40.758558,CSH,6.1,0.0,0.5,0.0,0.0,6.6
VTS,2009-09-24 22:35:00,2009-09-24 22:48:00,1,2.05,-73.969223,40.759202,,,-73.99209,40.741055,Credit,8.5,0.5,,1.5,0.0,10.5
CMT,2009-05-27 10:49:51,2009-05-27 10:56:56,1,0.9,-73.981473,40.778477,,0,-73.980188,40.790189,Cash,5.7,0.0,,0.0,0.0,5.7
CMT,2012-07-18 19:52:56,2012-07-18 20:00:56,1,1.9,-73.985523,40.756658,1.0,N,-73.988983,40.777086,CRD,6.9,1.0,0.5,1.0,0.0,9.4
CMT,2013-08-02 15:55:11,2013-08-02 15:59:08,1,0.4,-73.991438,40.767578,1.0,N,-73.98474,40.76908,CSH,4.5,1.0,0.5,0.0,0.0,6.0
VTS,2013-09-04 11:39:00,2013-09-04 11:46:00,1,1.61,-73.980965,40.77438,1.0,,-73.99798,40.761127,CRD,7.5,0.0,0.5,0.1,0.0,8.1
1,2016-03-26 05:36:13,2016-03-26 06:07:34,2,19.1,-73.78184509277344,40.64472198486328,2.0,N,-73.94783020019531,40.77470397949219,1,52.0,0.0,0.5,0.0,5.54,0.3
VTS,2010-04-20 21:44:00,2010-04-20 21:54:00,1,2.32,-73.97803,40.752425,1.0,,-73.955485,40.776648,CAS,8.1,0.5,0.5,0.0,0.0,9.1
VTS,2014-12-02 06:11:00,2014-12-02 06:27:00,1,3.04,-73.994023,40.751257,1.0,,-73.95805,40.764942,CSH,13.0,0.0,0.5,0.0,0.0,13.5
VTS,2010-04-02 08:20:00,2010-04-02 08:36:00,1,4.31,-73.992,40.749983,1.0,,-73.96648,40.79922,CAS,12.5,0.0,0.5,0.0,0.0,13.0
VTS,2010-10-29 21:40:00,2010-10-29 22:01:00,1,4.69,-73.982423,40.72243,1.0,,-73.963175,40.774842,CRD,15.3,0.5,0.5,2.0,0.0,18.3
CMT,2011-05-22 21:40:32,2011-05-22 22:07:39,1,17.9,-73.789299,40.646992,2.0,N,-73.995425,40.744099,CRD,45.0,0.0,0.5,12.57,4.8,62.87
2,2015-01-15 21:48:42,2015-01-15 21:59:24,1,1.69,-73.98155212402344,40.743141174316406,1.0,N,-73.9826889038086,40.760101318359375,2,8.5,0.5,0.5,0.0,0.0,0.3
CMT,2010-03-08 16:07:20,2010-03-08 16:12:30,1,1.0,-73.953486,40.767527,1.0,0,-73.946932,40.780145,Cas,5.3,1.0,0.5,0.0,0.0,6.8
VTS,2013-03-03 02:04:00,2013-03-03 02:07:00,6,0.96,-73.955735,40.787972,1.0,,-73.9645,40.792542,CSH,5.0,0.5,0.5,0.0,0.0,6.0
VTS,2012-02-29 11:21:00,2012-02-29 11:28:00,1,0.52,-73.97595,40.759932,1.0,,-73.980722,40.753537,CSH,5.3,0.0,0.5,0.0,0.0,5.8
CMT,2009-02-10 05:06:27,2009-02-10 05:16:38,1,3.399999999999999,-73.977245,40.787611,,0,-73.987582,40.741334,Cash,10.6,0.0,,0.0,0.0,10.6
1,2015-12-23 09:33:52,2015-12-23 09:44:46,1,1.4,-73.9795913696289,40.764488220214844,1.0,N,-73.99845123291016,40.76089096069336,1,9.0,0.0,0.5,1.95,0.0,0.3
DDS,2009-10-13 21:25:35,2009-10-13 21:30:56,2,1.0,-73.976304,40.752926,,,-73.976659,40.752729,CASH,5.3,0.5,,0.0,0.0,5.8
1,2015-07-24 09:41:11,2015-07-24 09:57:25,1,1.6,-73.98784637451172,40.7382698059082,1.0,N,-73.97589111328125,40.758819580078125,1,11.5,0.0,0.5,2.0,0.0,0.3
CMT,2010-10-03 20:48:43,2010-10-03 20:56:42,3,2.6,-73.989439,40.720713,1.0,N,-73.973247,40.750996,CSH,8.1,0.5,0.5,0.0,0.0,9.1
VTS,2012-09-14 16:05:00,2012-09-14 16:08:00,2,0.8,-73.954752,40.78111,1.0,,-73.960722,40.772397,CSH,4.5,1.0,0.5,0.0,0.0,6.0
VTS,2014-08-28 19:27:00,2014-08-28 20:08:00,1,19.44,-73.972582,40.785937,2.0,,-73.790682,40.644217,CRD,52.0,0.0,0.5,10.0,5.33,67.83
CMT,2013-06-25 12:43:04,2013-06-25 12:48:57,2,0.6,-73.982596,40.751497,1.0,N,-73.976625,40.757267,CSH,5.5,0.0,0.5,0.0,0.0,6.0
CMT,2012-09-24 13:44:38,2012-09-24 13:54:48,1,1.7,-74.009505,40.715315,1.0,N,-74.0085,40.703955,CRD,9.0,0.0,0.5,2.85,0.0,12.35
VTS,2014-01-01 00:16:00,2014-01-01 00:34:00,2,4.69,-73.990497,40.739587,1.0,,-73.97706,40.784767,CRD,18.0,0.5,0.5,40.4,0.0,59.4
CMT,2009-05-04 15:00:52,2009-05-04 15:03:31,1,0.5,-73.953367,40.811322,,0,-73.953262,40.817446,Cash,3.7,0.0,,0.0,0.0,3.7
VTS,2011-03-14 22:41:00,2011-03-14 22:49:00,3,3.39,-73.964793,40.755838,1.0,,-73.925548,40.737545,CSH,9.3,0.5,0.5,0.0,0.0,10.3
CMT,2014-12-13 11:06:24,2014-12-13 11:13:33,1,1.4,-73.959562,40.768929,1.0,N,-73.9726,40.780877,CRD,7.0,0.0,0.5,1.85,0.0,9.35
VTS,2011-04-26 17:45:00,2011-04-26 17:53:00,1,1.5,-73.998725,40.72632,1.0,,-73.991852,40.742513,CSH,6.5,1.0,0.5,0.0,0.0,8.0
VTS,2013-04-13 23:46:00,2013-04-13 23:57:00,1,2.14,-73.998022,40.760877,1.0,,-73.991742,40.740862,CRD,10.0,0.5,0.5,2.1,0.0,13.1
VTS,2012-02-20 16:43:00,2012-02-20 16:53:00,1,2.75,-73.994745,40.745052,1.0,,-74.0093,40.710245,CRD,8.9,0.0,0.5,2.67,0.0,12.07
1,2015-07-15 18:29:53,2015-07-15 18:37:15,1,0.9,-73.95773315429688,40.774600982666016,1.0,N,-73.96839141845703,40.76507568359375,2,6.5,1.0,0.5,0.0,0.0,0.3
CMT,2012-12-08 13:09:34,2012-12-08 13:25:31,2,1.0,-73.989818,40.751562,1.0,N,-73.98582,40.762313,CSH,10.5,0.0,0.5,0.0,0.0,11.0
CMT,2011-06-09 02:03:31,2011-06-09 02:18:34,1,3.3,-74.009183,40.73804,1.0,N,-74.007205,40.704636,CSH,10.9,0.5,0.5,0.0,0.0,11.9
2,2015-11-21 08:57:54,2015-11-21 09:32:36,5,4.21,-73.96902465820312,40.79853057861328,1.0,N,-73.95381164550781,40.76308822631836,1,22.5,0.0,0.5,4.66,0.0,0.3
CMT,2011-07-14 22:13:29,2011-07-14 22:40:40,1,11.5,-73.922353,40.760381,1.0,N,-73.752469,40.744957,CSH,28.1,0.5,0.5,0.0,0.0,29.1
CMT,2013-06-17 13:15:41,2013-06-17 13:21:53,1,0.7,-73.957067,40.780313,1.0,N,-73.95456,40.788248,CSH,6.0,0.0,0.5,0.0,0.0,6.5
2,2015-05-16 14:34:07,2015-05-16 14:39:29,1,1.92,-73.95181274414062,40.78183364868164,1.0,N,-73.93757629394531,40.804481506347656,1,7.0,0.0,0.5,1.5,0.0,0.3
VTS,2011-01-29 19:17:00,2011-01-29 19:34:00,2,3.08,-73.972773,40.785072,1.0,,-73.96556,40.75501,CSH,11.3,0.0,0.5,0.0,0.0,11.8
CMT,2011-05-04 18:58:15,2011-05-04 19:35:02,2,13.5,-74.008324,40.707823,1.0,N,-73.988755,40.693454,CRD,34.1,1.0,0.5,8.9,0.0,44.5
1,2016-05-22 14:41:17,2016-05-22 15:02:49,2,2.8,-74.00902557373047,40.73915100097656,1.0,N,-73.98207092285156,40.755836486816406,2,15.5,0.0,0.5,0.0,0.0,0.3
VTS,2009-11-02 12:37:00,2009-11-02 13:00:00,1,3.09,-73.981173,40.78395,,,-73.954155,40.763953,Credit,13.3,0.0,0.5,3.0,0.0,16.8
VTS,2011-02-09 21:44:00,2011-02-09 21:51:00,1,1.65,-73.968572,40.764812,1.0,,-73.981295,40.744402,CSH,6.5,0.5,0.5,0.0,0.0,7.5
VTS,2012-08-23 21:38:00,2012-08-23 21:57:00,2,4.37,-73.995518,40.717275,1.0,,-73.964337,40.680447,CSH,14.5,0.5,0.5,0.0,0.0,15.5
VTS,2011-01-06 23:26:00,2011-01-06 23:46:00,5,5.59,-74.002173,40.730047,1.0,,-73.96637,40.794523,CRD,15.7,0.5,0.5,1.0,0.0,17.7
CMT,2011-03-29 16:34:03,2011-03-29 17:11:01,1,7.2,-73.974939,40.763722,1.0,N,-73.871318,40.774255,CRD,24.1,1.0,0.5,5.12,0.0,30.72
VTS,2011-06-11 20:05:00,2011-06-11 20:32:00,5,16.65,-73.781967,40.644677,2.0,,-73.949988,40.762167,CSH,45.0,0.0,0.5,0.0,0.0,45.5
2,2015-12-19 16:20:50,2015-12-19 16:24:34,1,1.04,-73.96104431152344,40.7607307434082,1.0,N,-73.95111846923828,40.77252197265625,1,5.5,0.0,0.5,1.0,0.0,0.3
CMT,2013-01-10 14:45:59,2013-01-10 14:50:53,1,0.6,-73.982446,40.7625,1.0,N,-73.990183,40.756715,CSH,5.0,0.0,0.5,0.0,0.0,5.5
CMT,2009-11-18 20:46:24,2009-11-18 20:52:46,1,1.2,-73.953357,40.775601,,0,-73.961248,40.760728,Credit,5.7,0.5,0.5,1.0,0.0,7.7
CMT,2013-02-23 18:40:31,2013-02-23 18:57:20,1,3.9,-73.9923,40.725447,1.0,N,-74.001328,40.687922,CRD,15.0,0.0,0.5,3.1,0.0,18.6
VTS,2009-12-06 19:59:00,2009-12-06 20:05:00,5,0.93,-73.989172,40.747997,,,-73.988363,40.739593,CASH,4.9,0.0,0.5,0.0,0.0,5.4
VTS,2013-05-03 09:33:00,2013-05-03 09:42:00,4,0.97,-73.978437,40.74519,1.0,,-73.97023,40.756402,CRD,7.5,0.0,0.5,2.0,0.0,10.0
CMT,2011-03-12 03:12:18,2011-03-12 03:17:13,0,0.9,-73.95804,40.816303,1.0,N,-73.951592,40.80472,CRD,4.9,0.5,0.5,2.0,0.0,7.9
CMT,2011-02-07 21:38:19,2011-02-07 21:58:13,1,8.1,-74.015953,40.711247,1.0,N,-73.955304,40.775199,CRD,20.1,0.5,0.5,3.0,0.0,24.1
VTS,2009-08-06 23:59:00,2009-08-07 00:05:00,1,1.39,-73.977418,40.779322,,,-73.9753,40.79267,CASH,6.1,0.5,,0.0,0.0,6.6
VTS,2014-10-22 08:32:00,2014-10-22 08:40:00,1,0.73,-73.991237,40.74649,1.0,,-73.994252,40.752542,CRD,6.5,0.0,0.5,1.3,0.0,8.3
VTS,2011-10-07 01:20:00,2011-10-07 01:36:00,2,6.3,-73.976705,40.749872,1.0,,-73.958242,40.710447,CRD,16.5,0.5,0.5,4.25,0.0,21.75
CMT,2013-03-04 09:44:16,2013-03-04 10:09:45,2,4.7,-73.984864,40.732546,1.0,N,-73.975212,40.784442,CSH,19.5,0.0,0.5,0.0,0.0,20.0
VTS,2011-07-06 19:31:00,2011-07-06 19:43:00,3,1.1,-73.972577,40.76184,1.0,,-73.978763,40.748865,CSH,6.9,1.0,0.5,0.0,0.0,8.4
CMT,2013-01-06 14:58:12,2013-01-06 15:02:10,1,0.8,-73.985218,40.753748,1.0,N,-73.983622,40.76185,CSH,5.0,0.0,0.5,0.0,0.0,5.5
VTS,2009-11-16 14:36:00,2009-11-16 14:47:00,1,1.02,-73.974697,40.751607,,,-73.976508,40.763542,CASH,7.3,0.0,0.5,0.0,0.0,7.8
CMT,2009-01-23 12:38:15,2009-01-23 12:42:14,2,0.4,-73.962256,40.770387,,,-73.967429,40.765551,Cash,4.1,0.0,,0.0,0.0,4.1
VTS,2012-10-20 11:55:00,2012-10-20 12:06:00,5,1.35,-74.012702,40.701847,1.0,,-73.99476,40.683555,CRD,8.0,0.0,0.5,2.0,0.0,10.5
VTS,2014-02-19 12:51:00,2014-02-19 13:38:00,1,5.57,-74.011497,40.702172,1.0,,-73.971722,40.756535,CRD,31.0,0.0,0.5,6.2,0.0,37.7
VTS,2011-09-11 13:10:00,2011-09-11 13:31:00,1,18.43,-73.872778,40.774065,1.0,,-74.035193,40.613867,CSH,39.3,0.0,0.5,0.0,0.0,39.8
VTS,2010-12-26 12:40:00,2010-12-26 13:08:00,1,10.41,-73.980022,40.764383,1.0,,-73.861612,40.768292,CSH,26.1,0.0,0.5,0.0,0.0,26.6
VTS,2010-06-30 19:15:00,2010-06-30 19:27:00,1,4.35,-73.95472,40.719725,1.0,,-73.89762,40.749373,Cre,12.5,1.0,0.5,1.0,0.0,15.0
CMT,2013-01-05 01:11:55,2013-01-05 01:14:33,3,0.4,-74.013503,40.707941,1.0,N,-74.013589,40.702305,CRD,4.0,0.5,0.5,0.0,0.0,5.0
CMT,2012-05-29 13:49:16,2012-05-29 14:03:06,1,2.7,-74.008468,40.713847,1.0,N,-73.987923,40.750067,CSH,9.7,0.0,0.5,0.0,0.0,10.2
VTS,2012-10-25 21:21:00,2012-10-25 21:35:00,1,1.95,-73.989777,40.760592,1.0,,-73.981283,40.742185,CSH,11.0,0.5,0.5,0.0,0.0,12.0
CMT,2014-04-08 06:52:59,2014-04-08 07:21:35,1,13.7,-74.015495,40.71818,1.0,N,-73.870678,40.773972,CRD,38.5,0.0,0.5,7.8,0.0,46.8
VTS,2014-01-16 11:14:00,2014-01-16 11:21:00,1,0.88,-73.994452,40.74564,1.0,,-73.99772,40.736112,CRD,6.0,0.0,0.5,1.8,0.0,8.3
1,2015-07-14 08:03:24,2015-07-14 08:06:02,1,0.8,-73.97300720214844,40.74420166015625,1.0,N,-73.96680450439453,40.7530632019043,1,4.5,0.0,0.5,1.0,0.0,0.3
VTS,2011-12-24 11:48:00,2011-12-24 12:05:00,1,2.9,-74.005707,40.745627,1.0,,-73.990298,40.746547,CSH,10.9,0.0,0.5,0.0,0.0,11.4
VTS,2009-12-31 23:01:00,2009-12-31 23:12:00,1,3.05,-73.974643,40.747597,,,-73.971463,40.78046,Credit,9.3,0.5,0.5,2.0,0.0,12.3
1,2016-04-21 17:39:19,2016-04-21 17:56:12,1,5.3,-73.9467544555664,40.77578353881836,1.0,N,-73.98831176757812,40.723392486572266,1,18.0,1.0,0.5,1.0,0.0,0.3
VTS,2011-03-17 06:34:00,2011-03-17 06:45:00,2,2.55,-73.986337,40.718108,1.0,,-73.981578,40.74634,CSH,8.9,0.0,0.5,0.0,0.0,9.4
VTS,2014-02-24 07:54:00,2014-02-24 08:22:00,1,9.71,-73.985275,40.727607,1.0,,-73.87087,40.773897,CRD,30.0,0.0,0.5,7.07,5.33,42.9
CMT,2011-01-08 15:17:09,2011-01-08 15:21:38,1,0.7,-73.961407,40.774178,1.0,N,-73.953312,40.78029,CSH,4.9,0.0,0.5,0.0,0.0,5.4
CMT,2013-08-06 08:35:06,2013-08-06 08:38:57,1,0.6,-73.994531,40.698592,1.0,N,-73.996217,40.690628,CSH,4.5,0.0,0.5,0.0,0.0,5.0
CMT,2009-04-03 00:52:58,2009-04-03 01:02:24,1,5.1,-73.963231,40.808784,,0,-73.924277,40.868409,Credit,13.4,0.0,,2.68,0.0,16.08
VTS,2010-05-17 22:00:00,2010-05-17 22:11:00,2,3.15,-73.967228,40.763592,1.0,,-73.990097,40.725233,Cre,9.3,0.5,0.5,1.5,0.0,11.8
CMT,2012-06-09 14:55:08,2012-06-09 15:00:57,1,0.9,-73.980056,40.743181,1.0,N,-73.991002,40.751213,CSH,5.3,0.0,0.5,0.0,0.0,5.8
1,2015-03-29 17:34:09,2015-03-29 17:58:24,1,2.8,-73.9775619506836,40.77931594848633,1.0,N,-73.96963500976562,40.752174377441406,1,17.0,0.0,0.5,1.0,0.0,0.3
VTS,2012-05-29 14:12:00,2012-05-29 14:16:00,1,0.56,-73.994102,40.751242,1.0,,-73.990288,40.756382,CSH,4.1,0.0,0.5,0.0,0.0,4.6
1,2016-04-17 20:19:11,2016-04-17 20:28:26,1,1.8,-73.98221588134766,40.77547836303711,1.0,N,-73.97332000732422,40.759822845458984,1,8.5,0.5,0.5,1.0,0.0,0.3
VTS,2012-05-06 17:15:00,2012-05-06 17:22:00,2,0.13,-73.94796,40.778907,1.0,,-73.958837,40.778137,CSH,6.1,0.0,0.5,0.0,0.0,6.6
VTS,2010-04-11 21:25:00,2010-04-11 21:32:00,1,2.34,-73.962148,40.805452,1.0,,-73.979273,40.776808,Cre,7.3,0.5,0.5,2.0,0.0,10.3
CMT,2013-10-05 01:06:31,2013-10-05 01:11:11,1,0.7,-73.99518,40.744853,1.0,N,-73.987795,40.738358,CSH,5.0,0.5,0.5,0.0,0.0,6.0
CMT,2012-06-29 09:45:24,2012-06-29 09:55:50,1,1.6,-73.964699,40.770131,1.0,N,-73.972462,40.786497,CRD,8.1,0.0,0.5,1.72,0.0,10.32
1,2015-02-12 15:21:21,2015-02-12 15:27:15,1,0.6,-73.97713470458984,40.75853729248047,1.0,N,-73.9690933227539,40.75409698486328,2,5.5,0.0,0.5,0.0,0.0,0.3
VTS,2011-12-22 14:22:00,2011-12-22 14:29:00,1,1.44,-73.977362,40.764287,1.0,,-73.9748,40.7777,CSH,6.1,0.0,0.5,0.0,0.0,6.6
DDS,2009-10-20 22:48:04,2009-10-20 23:01:41,3,3.9,-74.001296,40.731113,,,-73.970619,40.692546,CASH,12.1,0.5,,0.0,0.0,12.6
VTS,2010-06-08 08:04:00,2010-06-08 08:15:00,1,2.11,-73.974492,40.77838,1.0,,-73.991072,40.755383,CAS,8.5,0.0,0.5,0.0,0.0,9.0
2,2016-01-01 06:32:13,2016-01-01 06:33:21,2,0.47,-73.94847869873047,40.791439056396484,1.0,N,-73.93753814697266,40.80120849609375,2,3.5,0.0,0.5,0.0,0.0,0.3
CMT,2010-05-24 21:06:57,2010-05-24 21:13:22,1,1.9,-73.968233,40.768057,1.0,0,-73.976874,40.785241,Cas,6.5,0.5,0.5,0.0,0.0,7.5
2,2015-01-06 18:46:41,2015-01-06 18:55:45,2,1.08,-73.99462127685547,40.744327545166016,1.0,N,-74.00391387939453,40.751686096191406,1,7.5,1.0,0.5,0.0,0.0,0.3
VTS,2009-08-29 15:58:00,2009-08-29 16:13:00,2,1.43,-73.963923,40.761413,,,-73.978497,40.74756,CASH,8.9,0.0,,0.0,0.0,8.9
CMT,2011-07-17 01:07:45,2011-07-17 01:19:56,1,2.2,-73.990315,40.730578,1.0,N,-73.969958,40.752497,CRD,8.9,0.5,0.5,2.0,0.0,11.9
CMT,2014-01-30 22:44:55,2014-01-30 22:59:49,1,4.3,-74.007531,40.72606,1.0,N,-73.949961,40.718276,CRD,15.5,0.5,0.5,3.3,0.0,19.8
1,2015-03-30 18:58:22,2015-03-30 19:03:09,1,1.0,-73.9906997680664,40.76258850097656,1.0,N,-73.99712371826172,40.75053024291992,1,5.5,1.0,0.5,1.45,0.0,0.3
VTS,2013-10-10 10:34:00,2013-10-10 10:58:00,1,2.48,-73.952215,40.768775,1.0,,-73.986695,40.776917,CSH,16.5,0.0,0.5,0.0,0.0,17.0
VTS,2010-01-12 19:12:00,2010-01-12 19:26:00,1,1.7,-73.966938,40.757187,1.0,,-73.985518,40.77046,CAS,8.9,1.0,0.5,0.0,0.0,10.4
CMT,2010-07-31 13:57:21,2010-07-31 14:02:16,1,1.6,-73.974361,40.757765,1.0,0,-73.981584,40.734328,Cas,5.7,0.0,0.5,0.0,0.0,6.2
CMT,2011-11-18 14:39:44,2011-11-18 15:13:39,1,2.9,-73.982183,40.778122,1.0,N,-73.997748,40.741083,CSH,17.3,0.0,0.5,0.0,0.0,17.8
2,2015-11-21 22:51:57,2015-11-21 22:54:33,1,0.59,-73.9673080444336,40.76608657836914,1.0,N,-73.96244812011719,40.7730712890625,1,4.5,0.5,0.5,1.16,0.0,0.3
VTS,2010-08-26 16:15:00,2010-08-26 16:23:00,1,1.82,-73.932235,40.752055,1.0,,-73.949948,40.76205,CRD,7.3,1.0,0.5,0.0,0.0,8.8
CMT,2011-03-18 09:22:03,2011-03-18 09:30:44,2,1.0,-73.982192,40.772923,1.0,N,-73.995883,40.769053,CRD,6.5,0.0,0.5,1.0,0.0,8.0
CMT,2010-02-25 18:07:34,2010-02-25 18:22:38,1,3.0,-73.991201,40.74962,1.0,0,-74.010167,40.711198,CAS,10.9,1.0,0.5,0.0,0.0,12.4
CMT,2014-10-21 10:50:55,2014-10-21 10:56:00,1,0.4,-73.997029,40.742077,1.0,N,-74.003711,40.741346,CSH,5.0,0.0,0.5,0.0,0.0,5.5
VTS,2011-02-25 03:29:00,2011-02-25 03:37:00,1,1.66,-73.970502,40.794055,1.0,,-73.948115,40.795403,CSH,6.5,0.5,0.5,0.0,0.0,7.5
CMT,2014-01-23 06:44:58,2014-01-23 06:59:40,1,4.3,-73.954927,40.783481,1.0,N,-73.948968,40.830691,CSH,15.5,0.0,0.5,0.0,0.0,16.0
CMT,2013-09-29 21:13:34,2013-09-29 21:36:30,1,4.4,-73.975203,40.680943,1.0,N,-73.916926,40.681943,CSH,17.5,0.5,0.5,0.0,0.0,18.5
2,2015-02-25 21:33:11,2015-02-25 21:39:37,1,1.25,-73.9877700805664,40.738502502441406,1.0,N,-74.00540924072266,40.74026107788086,2,7.0,0.5,0.5,0.0,0.0,0.3
CMT,2011-03-05 16:58:08,2011-03-05 17:09:43,1,2.1,-73.962332,40.779131,1.0,N,-73.977343,40.75313,CSH,8.9,0.0,0.5,0.0,0.0,9.4
CMT,2013-05-25 00:39:06,2013-05-25 00:52:37,1,3.5,-74.002446,40.744918,1.0,N,-74.013586,40.702268,CRD,14.0,0.5,0.5,0.0,0.0,15.0
CMT,2012-08-21 20:52:18,2012-08-21 21:01:46,1,2.6,-74.005099,40.740587,1.0,N,-74.017683,40.709526,CRD,8.9,0.5,0.5,1.98,0.0,11.88
CMT,2012-05-02 18:41:45,2012-05-02 19:16:50,1,1.9,-73.965281,40.774983,1.0,N,-73.984555,40.756379,CSH,16.5,1.0,0.5,0.0,0.0,18.0
CMT,2009-03-14 00:43:04,2009-03-14 00:44:15,1,0.2,-73.983768,40.761895,,0,-73.980759,40.75988,Credit,3.4,0.0,,0.0,0.0,3.4
2,2016-03-24 09:23:08,2016-03-24 09:33:32,1,0.9,-73.96116638183594,40.76079177856445,1.0,N,-73.97415924072266,40.76237106323242,1,8.0,0.0,0.5,1.76,0.0,0.3
CMT,2011-10-20 07:16:01,2011-10-20 07:29:11,1,2.9,-73.98,40.7489,1.0,N,-74.0064,40.7214,CSH,9.7,0.0,0.5,0.0,0.0,10.2
2,2015-07-11 22:17:54,2015-07-11 22:33:35,1,3.82,-73.96582794189453,40.7740364074707,1.0,N,-73.96582794189453,40.7740364074707,2,15.0,0.5,0.5,0.0,0.0,0.3
VTS,2014-08-24 08:05:00,2014-08-24 08:16:00,1,1.6,-73.994877,40.750697,1.0,,-73.994612,40.75042,CSH,10.0,0.0,0.5,0.0,0.0,10.5
CMT,2009-03-01 17:49:42,2009-03-01 17:51:25,1,0.4,-73.964938,40.763625,,0,-73.961231,40.768786,Cash,3.3,0.0,,0.0,0.0,3.3
CMT,2012-08-18 18:36:46,2012-08-18 18:48:44,2,1.6,-74.002697,40.730832,1.0,N,-73.98158,40.732691,CRD,8.1,0.0,0.5,1.72,0.0,10.32
VTS,2011-07-30 14:04:00,2011-07-30 14:12:00,2,1.9,-73.988925,40.748235,1.0,,-73.973807,40.764222,CRD,6.9,0.0,0.5,2.0,0.0,9.4
CMT,2010-04-19 07:39:46,2010-04-19 07:51:31,1,3.1,-73.967306,40.634308,1.0,0,-73.995051,40.659611,Cas,10.1,0.0,0.5,0.0,0.0,10.6
1,2015-04-10 14:30:33,2015-04-10 14:38:01,1,0.5,-73.9699935913086,40.755821228027344,1.0,N,-73.97346496582031,40.75045394897461,2,6.0,0.0,0.5,0.0,0.0,0.3
VTS,2010-09-12 11:15:00,2010-09-12 11:24:00,1,3.19,-74.001057,40.731563,1.0,,-73.987162,40.729407,CSH,10.1,0.0,0.5,0.0,0.0,10.6
VTS,2011-05-19 06:36:00,2011-05-19 07:21:00,2,19.07,-73.78756,40.641945,2.0,,-73.991073,40.723973,CSH,45.0,0.0,0.5,0.0,4.8,50.3
CMT,2013-08-05 20:53:52,2013-08-05 21:32:48,1,13.5,-73.983254,40.756361,1.0,N,-73.799372,40.766076,CSH,41.5,0.5,0.5,0.0,0.0,42.5
CMT,2012-11-19 20:08:47,2012-11-19 20:21:05,1,3.0,-73.988489,40.748764,1.0,N,-73.955621,40.777674,CRD,11.5,0.5,0.5,2.5,0.0,15.0
1,2015-09-04 19:21:56,2015-09-04 19:34:00,1,3.0,-73.97046661376953,40.7557373046875,1.0,N,-73.95637512207031,40.74744415283203,1,12.0,1.0,0.5,2.75,0.0,0.3
VTS,2010-06-08 10:34:00,2010-06-08 11:00:00,5,3.8,-73.982712,40.769102,1.0,,-73.999275,40.7231,CAS,14.9,0.0,0.5,0.0,0.0,15.4
CMT,2009-08-01 22:58:14,2009-08-01 23:15:57,2,3.1,-74.003797,40.722348,,0,-73.978205,40.763172,Cash,11.7,0.0,,0.0,0.0,11.7
VTS,2014-03-29 22:27:00,2014-03-29 22:39:00,2,1.82,-73.980672,40.744262,1.0,,-73.974117,40.73131,CRD,10.0,0.5,0.5,2.1,0.0,13.1
1,2016-04-20 09:17:14,2016-04-20 09:33:38,1,1.2,-73.99182891845703,40.750083923339844,1.0,N,-73.9749526977539,40.74188995361328,1,11.0,0.0,0.5,2.35,0.0,0.3
DDS,2010-07-13 19:32:03,2010-07-13 19:35:59,1,0.7,-73.981444,40.778667,1.0,,-73.973817,40.787205,CAS,4.5,1.0,0.5,0.0,0.0,6.0
CMT,2014-09-04 13:45:12,2014-09-04 13:54:28,1,1.1,-73.970693,40.785741,1.0,N,-73.953813,40.778631,CSH,7.5,0.0,0.5,0.0,0.0,8.0
CMT,2012-03-20 11:00:22,2012-03-20 11:07:19,1,1.4,-73.976513,40.759228,1.0,N,-73.989863,40.741065,CSH,6.1,0.0,0.5,0.0,0.0,6.6
CMT,2011-05-13 19:05:44,2011-05-13 19:11:44,1,1.5,-74.005213,40.722307,1.0,N,-73.992582,40.742047,CRD,6.1,1.0,0.5,1.52,0.0,9.12
CMT,2011-09-20 20:38:26,2011-09-20 20:58:01,1,2.6,-73.977235,40.758524,1.0,N,-74.003402,40.729097,CRD,12.1,0.5,0.5,1.5,0.0,14.6
CMT,2011-03-14 14:36:00,2011-03-14 14:41:39,1,1.0,-73.974911,40.762136,1.0,N,-73.985858,40.752959,CSH,5.3,0.0,0.5,0.0,0.0,5.8
VTS,2013-09-28 00:40:00,2013-09-28 00:53:00,1,2.23,-73.987105,40.733662,1.0,,-74.00587,40.711642,CRD,10.5,0.5,0.5,2.0,0.0,13.5
2,2016-03-02 18:09:42,2016-03-02 18:16:09,1,1.01,-73.99120330810547,40.739051818847656,1.0,N,-74.00528717041016,40.740169525146484,1,6.5,1.0,0.5,1.66,0.0,0.3
VTS,2011-03-16 21:49:00,2011-03-16 21:54:00,5,0.88,-73.995203,40.715965,1.0,,-74.008023,40.723975,CRD,4.9,0.5,0.5,2.0,0.0,7.9
1,2015-10-03 20:32:06,2015-10-03 20:52:27,1,3.6,-73.98770141601562,40.770477294921875,1.0,N,-73.99246215820312,40.734588623046875,1,15.5,0.5,0.5,3.35,0.0,0.3
VTS,2013-02-02 13:39:00,2013-02-02 13:49:00,6,1.31,-73.991612,40.75002,1.0,,-73.985622,40.739767,CRD,8.0,0.0,0.5,1.6,0.0,10.1
VTS,2014-06-11 19:45:00,2014-06-11 20:19:00,1,22.65,-73.783277,40.648622,2.0,,-74.014815,40.71685,CSH,52.0,0.0,0.5,0.0,5.33,57.83
VTS,2012-06-11 14:26:00,2012-06-11 14:40:00,1,2.39,-73.963757,40.774042,1.0,,-73.967785,40.751542,CRD,9.7,0.0,0.5,3.0,0.0,13.2
VTS,2013-03-06 09:03:00,2013-03-06 09:12:00,6,1.43,-73.985765,40.744382,1.0,,-73.97359,40.757282,CSH,8.0,0.0,0.5,0.0,0.0,8.5
CMT,2011-07-16 17:38:28,2011-07-16 17:55:12,1,2.6,-73.967859,40.771185,1.0,N,-73.993512,40.740069,CSH,10.9,0.0,0.5,0.0,0.0,11.4
VTS,2014-02-27 08:15:00,2014-02-27 08:19:00,5,0.56,-73.970755,40.798647,1.0,,-73.973638,40.792437,CRD,5.0,0.0,0.5,1.0,0.0,6.5
CMT,2013-11-11 14:54:06,2013-11-11 15:07:11,2,2.0,-74.006136,40.723206,1.0,N,-73.988504,40.748724,CRD,10.5,0.0,0.5,2.2,0.0,13.2
2,2016-05-12 17:45:40,2016-05-12 17:57:44,4,2.53,-73.97533416748047,40.78714370727539,1.0,N,-73.94319152832031,40.793453216552734,1,11.0,1.0,0.5,2.56,0.0,0.3
CMT,2012-04-24 09:04:15,2012-04-24 09:38:45,1,11.9,-73.99056,40.761405,1.0,N,-73.825222,40.764375,CSH,30.9,0.0,0.5,0.0,4.8,36.2
VTS,2013-08-28 11:29:00,2013-08-28 11:49:00,5,1.93,-73.963065,40.776767,1.0,,-73.98235,40.756432,CRD,14.0,0.0,0.5,2.8,0.0,17.3
CMT,2014-09-02 23:02:14,2014-09-02 23:23:59,1,3.9,-73.987405,40.719932,1.0,N,-73.980834,40.685183,CRD,16.5,0.5,0.5,4.37,0.0,21.87
CMT,2014-07-20 02:39:18,2014-07-20 02:46:01,3,1.6,-73.982764,40.74952,1.0,N,-73.983991,40.731886,CSH,7.5,0.5,0.5,0.0,0.0,8.5
VTS,2012-02-28 22:40:00,2012-02-28 22:52:00,2,5.32,-74.015455,40.710918,1.0,,-73.981702,40.74081,CRD,14.1,0.5,0.5,3.65,0.0,18.75
CMT,2010-09-11 20:37:50,2010-09-11 21:12:35,1,7.7,-73.980102,40.761967,1.0,N,-73.975697,40.750455,CSH,23.3,0.5,0.5,0.0,0.0,24.3
VTS,2012-05-01 07:37:00,2012-05-01 07:59:00,2,5.66,-73.98605,40.737672,1.0,,-73.952237,40.79003,CRD,17.3,0.0,0.5,2.0,0.0,19.8
2,2015-08-08 20:11:23,2015-08-08 20:16:21,1,0.7,-73.99344635009766,40.75202941894531,1.0,N,-74.00312805175781,40.7553825378418,2,5.0,0.5,0.5,0.0,0.0,0.3
CMT,2011-07-08 23:24:59,2011-07-08 23:30:34,1,2.1,-73.97769,40.754948,1.0,N,-73.958979,40.780851,CRD,6.9,0.5,0.5,1.0,0.0,8.9
VTS,2011-03-22 19:55:00,2011-03-22 19:56:00,3,0.36,-73.97211,40.796448,1.0,,-73.968122,40.799608,CSH,3.3,1.0,0.5,0.0,0.0,4.8
1,2016-03-30 02:54:33,2016-03-30 03:07:58,1,2.6,-74.00433349609375,40.742523193359375,1.0,N,-73.9875717163086,40.77062225341797,1,11.5,0.5,0.5,1.11,0.0,0.3
CMT,2009-04-05 12:02:59,2009-04-05 12:31:30,2,17.9,-73.783396,40.648604,,0,-73.988787,40.73681,Cash,45.0,0.0,,0.0,4.15,49.15
CMT,2010-08-27 15:24:47,2010-08-27 15:39:39,2,1.4,-73.994132,40.751166,1.0,N,-73.988109,40.768932,CSH,9.3,0.0,0.5,0.0,0.0,9.8
VTS,2013-10-17 19:49:00,2013-10-17 19:59:00,1,1.47,-73.977282,40.750757,1.0,,-73.987662,40.73283,CRD,8.5,1.0,0.5,1.9,0.0,11.9
2,2016-05-09 18:47:36,2016-05-09 18:56:40,1,1.1,-73.9866714477539,40.75556182861328,1.0,N,-74.00342559814453,40.756439208984375,2,7.5,1.0,0.5,0.0,0.0,0.3
CMT,2009-07-11 20:22:23,2009-07-11 20:37:33,1,4.0,-73.957284,40.765884,,0,-74.003481,40.751484,Cash,12.5,0.0,,0.0,0.0,12.5
VTS,2011-01-19 21:44:00,2011-01-19 21:47:00,1,0.51,-73.987185,40.738175,1.0,,-73.987185,40.738175,CSH,4.1,0.5,0.5,0.0,0.0,5.1
VTS,2011-03-19 11:39:00,2011-03-19 11:44:00,1,0.09,-73.952108,40.772037,1.0,,-73.963007,40.769277,CSH,4.9,0.0,0.5,0.0,0.0,5.4
CMT,2009-06-14 16:59:39,2009-06-14 17:21:51,1,5.4,-73.972006,40.781759,,0,-74.008249,40.721886,Cash,16.9,0.0,,0.0,0.0,16.9
2,2015-05-16 10:10:28,2015-05-16 10:17:23,1,1.73,-73.99127960205078,40.75065612792969,1.0,N,-73.97472381591797,40.73560333251953,2,7.5,0.0,0.5,0.0,0.0,0.3
1,2015-06-07 14:35:38,2015-06-07 14:39:39,1,0.8,-73.97758483886719,40.75775146484375,1.0,N,-73.98473358154297,40.74833679199219,2,5.0,0.0,0.5,0.0,0.0,0.3
2,2015-12-29 17:59:52,2015-12-29 18:18:18,5,2.58,-73.98333740234375,40.74774169921875,1.0,N,-73.97674560546875,40.77519226074219,2,13.0,1.0,0.5,0.0,0.0,0.3
VTS,2013-03-13 20:18:00,2013-03-13 20:33:00,1,4.4,-73.999118,40.721522,1.0,,-73.95112,40.729935,CRD,16.0,0.5,0.5,2.0,0.0,19.0
VTS,2014-02-05 09:47:00,2014-02-05 10:08:00,1,1.08,-73.972982,40.758167,1.0,,-73.98238,40.76334,CRD,13.5,0.0,0.5,2.0,0.0,16.0
DDS,2009-12-01 21:29:48,2009-12-01 21:38:35,1,1.4,-73.986372,40.751616,,,-73.987082,40.765949,CASH,6.5,0.5,,0.0,0.0,7.5
CMT,2011-06-05 23:01:14,2011-06-05 23:07:22,2,1.8,-73.984344,40.728827,1.0,N,-73.977917,40.749804,CSH,6.5,0.5,0.5,0.0,0.0,7.5
2,2015-05-06 19:00:18,2015-05-06 19:19:43,2,2.44,-73.96600341796875,40.75833511352539,1.0,N,-73.9913558959961,40.74314498901367,2,13.5,1.0,0.5,0.0,0.0,0.3
1,2016-04-21 12:53:56,2016-04-21 12:58:54,1,1.0,-73.97332000732422,40.7439079284668,1.0,N,-73.96302032470703,40.757301330566406,1,5.5,0.0,0.5,1.25,0.0,0.3
VTS,2012-10-17 19:32:00,2012-10-17 19:49:00,5,3.42,-73.983567,40.773607,1.0,,-73.952667,40.810622,CRD,14.0,1.0,0.5,3.0,0.0,18.5
VTS,2014-02-08 10:11:00,2014-02-08 10:17:00,3,0.94,-73.995075,40.759187,1.0,,-73.981715,40.753102,CRD,6.5,0.0,0.5,1.3,0.0,8.3
CMT,2013-05-23 19:07:52,2013-05-23 19:09:35,1,0.5,-73.957454,40.782942,1.0,N,-73.952648,40.789245,CSH,3.5,1.0,0.5,0.0,0.0,5.0
VTS,2011-05-21 20:56:00,2011-05-21 21:01:00,2,1.34,-73.992875,40.755457,1.0,,-73.983738,40.76968,CSH,5.3,0.5,0.5,0.0,0.0,6.3
CMT,2013-05-16 19:18:05,2013-05-16 19:26:14,1,1.5,-73.976178,40.780962,1.0,N,-73.95768,40.782718,CSH,8.0,1.0,0.5,0.0,0.0,9.5
CMT,2012-07-26 14:07:46,2012-07-26 14:22:12,1,2.0,-73.974887,40.762513,1.0,N,-73.98781,40.779409,CSH,8.9,0.0,0.5,0.0,0.0,9.4
VTS,2012-05-22 06:50:00,2012-05-22 07:01:00,1,1.93,-73.944575,40.77938,1.0,,-73.963872,40.761245,CSH,7.7,0.0,0.5,0.0,0.0,8.2
VTS,2012-02-04 01:49:00,2012-02-04 01:58:00,1,2.2,-73.983897,40.74379,1.0,,-74.008922,40.730435,CSH,7.7,0.5,0.5,0.0,0.0,8.7
VTS,2010-04-01 08:26:00,2010-04-01 08:32:00,5,1.18,-73.99152,40.744682,1.0,,-73.99106,40.731373,CAS,5.3,0.0,0.5,0.0,0.0,5.8
VTS,2011-02-24 17:23:00,2011-02-24 17:33:00,5,1.76,-74.00193,40.740287,1.0,,-73.98358,40.725938,CRD,6.9,1.0,0.5,1.5,0.0,9.9
CMT,2009-07-08 23:19:38,2009-07-08 23:27:44,2,2.2,-73.993171,40.738692,,0,-73.984675,40.763539,Cash,7.7,0.0,,0.0,0.0,7.7
CMT,2010-05-26 01:46:50,2010-05-26 01:57:42,1,3.0,-73.989925,40.761822,1.0,0,-73.97991,40.733469,Cre,9.7,0.5,0.5,1.6,0.0,12.3
VTS,2012-01-18 11:10:00,2012-01-18 11:22:00,1,2.14,-73.973497,40.757442,1.0,,-73.991767,40.73126,CSH,8.9,0.0,0.5,0.0,0.0,9.4
CMT,2011-12-14 13:50:37,2011-12-14 13:54:03,1,0.8,-73.962207,40.772952,1.0,N,-73.955055,40.780292,CRD,4.5,0.0,0.5,1.5,0.0,6.5
VTS,2014-04-25 15:00:00,2014-04-25 15:34:00,3,16.87,-73.87089,40.773757,1.0,,-74.009312,40.726202,CRD,47.5,0.0,0.5,6.0,5.33,59.33
1,2015-04-18 18:28:25,2015-04-18 18:42:31,1,2.0,-73.98904418945312,40.75773239135742,1.0,N,-73.98748016357422,40.74169921875,2,11.0,0.0,0.5,0.0,0.0,0.3
CMT,2014-01-23 18:31:35,2014-01-23 18:39:19,3,1.0,-74.003342,40.743534,1.0,N,-74.004639,40.734111,CRD,6.5,1.0,0.5,1.6,0.0,9.6
CMT,2014-12-21 16:41:31,2014-12-21 16:48:37,1,0.8,-73.987331,40.722188,1.0,N,-73.99461,40.721901,CSH,6.0,0.0,0.5,0.0,0.0,6.5
1,2016-04-16 10:13:39,2016-04-16 10:20:56,1,0.9,-73.9613037109375,40.8067512512207,1.0,N,-73.9617919921875,40.81043243408203,2,6.5,0.0,0.5,0.0,0.0,0.3
CMT,2009-02-04 19:56:38,2009-02-04 20:02:48,1,1.4,-73.975052,40.741622,,,-73.98822,40.734566,Cash,6.7,0.0,,0.0,0.0,6.7
CMT,2011-11-05 11:54:38,2011-11-05 12:02:49,1,1.7,-73.979292,40.777392,1.0,N,-73.962194,40.768894,CRD,6.9,0.0,0.5,1.0,0.0,8.4
2,2016-04-26 17:06:20,2016-04-26 17:09:24,1,0.76,-73.97763061523438,40.78403091430664,1.0,N,-73.97647857666016,40.79253005981445,1,4.5,1.0,0.5,1.7,0.0,0.3
VTS,2009-09-25 13:07:00,2009-09-25 13:19:00,1,1.36,-73.991618,40.749458,,,-73.983477,40.73862,Credit,7.7,0.0,,1.0,0.0,8.7
VTS,2011-11-01 13:53:00,2011-11-01 14:01:00,1,0.99,-73.95592,40.782422,1.0,,-73.962272,40.771383,CSH,5.7,0.0,0.5,0.0,0.0,6.2
CMT,2013-07-14 19:13:04,2013-07-14 19:19:08,1,1.1,-73.981938,40.778448,1.0,N,-73.982733,40.764981,CSH,6.5,0.0,0.5,0.0,0.0,7.0
2,2015-07-14 17:14:22,2015-07-14 18:00:14,3,2.21,-73.96244049072266,40.779361724853516,1.0,N,-73.98307800292969,40.75065994262695,2,26.0,1.0,0.5,0.0,0.0,0.3
VTS,2010-12-07 10:10:00,2010-12-07 10:28:00,1,7.7,-73.954893,40.76556,1.0,,-74.01285,40.715155,CSH,19.3,0.0,0.5,0.0,0.0,19.8
VTS,2013-01-29 18:45:00,2013-01-29 18:50:00,1,0.79,-73.983535,40.734372,1.0,,-73.97989,40.743165,CSH,5.5,1.0,0.5,0.0,0.0,7.0
CMT,2013-05-01 15:26:17,2013-05-01 15:31:09,3,0.7,-73.951691,40.769425,1.0,N,-73.957974,40.775193,CSH,5.0,0.0,0.5,0.0,0.0,5.5
CMT,2010-11-16 07:28:02,2010-11-16 07:35:36,1,2.0,-73.953785,40.784704,1.0,N,-73.980465,40.783303,CSH,7.3,0.0,0.5,0.0,0.0,7.8
VTS,2010-09-11 09:38:00,2010-09-11 09:46:00,1,1.51,-73.969678,40.757582,1.0,,-73.955938,40.76774,CSH,6.9,0.0,0.5,0.0,0.0,7.4
VTS,2012-01-09 14:43:00,2012-01-09 14:54:00,1,1.83,-73.979842,40.755077,1.0,,-73.961145,40.769222,CSH,8.1,0.0,0.5,0.0,0.0,8.6
CMT,2014-09-22 15:09:01,2014-09-22 15:19:40,1,1.7,-74.006791,40.729683,1.0,N,-73.99257,40.746905,CSH,9.0,0.0,0.5,0.0,0.0,9.5
CMT,2012-06-01 20:55:02,2012-06-01 21:00:19,1,1.2,-73.983755,40.729695,1.0,N,-73.972537,40.745011,CSH,5.3,0.5,0.5,0.0,0.0,6.3
VTS,2009-02-15 14:42:00,2009-02-15 14:48:00,1,1.05,-74.003973,40.725645,,,-74.006057,40.734587,Credit,5.3,0.0,,1.0,0.0,6.3
CMT,2010-10-06 17:50:36,2010-10-06 18:15:00,1,10.3,-73.986441,40.757187,1.0,N,-73.864533,40.770179,CSH,24.9,1.0,0.5,0.0,4.57,30.97
CMT,2011-05-05 21:16:32,2011-05-05 21:21:42,1,0.9,-74.006789,40.713742,1.0,N,-74.016002,40.711105,CSH,4.9,0.5,0.5,0.0,0.0,5.9
VTS,2009-03-05 21:38:00,2009-03-05 21:43:00,1,0.98,-73.985917,40.739917,,,-73.981525,40.751335,Credit,4.9,0.5,,1.0,0.0,6.4
VTS,2009-10-25 04:21:00,2009-10-25 04:29:00,1,1.47,-73.99994,40.728727,,,-73.98496,40.717728,CASH,6.9,0.5,,0.0,0.0,7.4
CMT,2012-07-14 23:42:44,2012-07-14 23:52:55,1,1.4,-74.006886,40.741552,1.0,N,-73.986053,40.742457,CRD,7.7,0.5,0.5,1.0,0.0,9.7
CMT,2012-02-06 00:08:49,2012-02-06 00:16:27,3,2.5,-73.977746,40.783903,1.0,N,-73.966186,40.764746,CRD,8.1,0.5,0.5,1.82,0.0,10.92
CMT,2010-06-01 23:23:45,2010-06-01 23:28:16,1,0.6,-73.966652,40.75311,1.0,0,-73.977693,40.757676,Cas,4.5,0.5,0.5,0.0,0.0,5.5
VTS,2011-06-25 15:24:00,2011-06-25 15:28:00,3,0.86,-73.980712,40.761895,1.0,,-73.985737,40.762125,CSH,4.5,0.0,0.5,0.0,0.0,5.0
VTS,2009-04-21 21:52:00,2009-04-21 22:03:00,2,2.87,-74.002363,40.734217,,,-73.976463,40.764307,Credit,9.3,0.5,,3.0,0.0,12.8
CMT,2012-11-05 09:13:25,2012-11-05 09:21:06,1,1.3,-73.993922,40.732586,1.0,N,-73.989236,40.742911,CRD,7.0,0.0,0.5,1.5,0.0,9.0
VTS,2012-08-08 17:42:00,2012-08-08 17:45:00,1,0.3,-73.961625,40.773337,1.0,,-73.956972,40.771557,CSH,3.3,1.0,0.5,0.0,0.0,4.8
1,2015-04-24 23:09:30,2015-04-24 23:22:49,1,2.8,-73.98224639892578,40.7827262878418,1.0,N,-73.97933197021484,40.754539489746094,2,11.5,0.5,0.5,0.0,0.0,0.3
CMT,2009-11-27 15:48:38,2009-11-27 15:54:23,1,1.6,-73.990622,40.751312,,0,-73.988149,40.761605,Cash,6.1,0.0,0.5,0.0,0.0,6.6
1,2016-05-09 23:45:32,2016-05-09 23:50:02,1,0.9,-73.99275970458984,40.724082946777344,1.0,N,-73.9952621459961,40.712955474853516,2,5.5,0.5,0.5,0.0,0.0,0.3
CMT,2012-01-17 08:59:35,2012-01-17 09:11:55,2,0.9,-73.967163,40.769063,1.0,Y,-73.952735,40.766294,CRD,7.7,0.0,0.5,1.64,0.0,9.84
CMT,2012-04-11 15:32:44,2012-04-11 15:45:38,1,1.2,-73.981768,40.76768,1.0,N,-73.974684,40.755569,CSH,8.1,0.0,0.5,0.0,0.0,8.6
1,2015-06-26 19:38:40,2015-06-26 19:51:55,1,2.7,-73.97850799560547,40.75606155395508,1.0,N,-73.95056915283203,40.783287048339844,2,12.0,1.0,0.5,0.0,0.0,0.3
CMT,2009-02-20 22:20:48,2009-02-20 22:25:45,2,0.8,-73.988546,40.748649,,0,-73.977379,40.752505,Cash,5.4,0.0,,0.0,0.0,5.4
CMT,2010-06-21 16:58:10,2010-06-21 17:11:50,2,2.5,-73.99754,40.718664,1.0,0,-73.988413,40.748789,Cas,9.7,1.0,0.5,0.0,0.0,11.2
VTS,2014-07-22 19:43:00,2014-07-22 20:02:00,2,7.83,-73.93837,40.796257,1.0,,-73.94242,40.79061,CRD,22.0,1.0,0.5,4.6,0.0,28.1
CMT,2009-04-21 23:46:39,2009-04-21 23:52:35,1,1.1,-73.980419,40.763537,,0,-73.966378,40.75396,Credit,5.3,0.0,,0.87,0.0,6.17
2,2015-07-04 00:51:44,2015-07-04 01:17:00,1,11.16,-73.78997039794922,40.64638137817383,1.0,N,-73.9456558227539,40.6838493347168,1,32.5,0.5,0.5,6.76,0.0,0.3
1,2015-09-30 19:16:57,2015-09-30 19:39:34,1,2.5,-73.99022674560547,40.756202697753906,1.0,N,-73.99243927001953,40.73438262939453,1,15.5,1.0,0.5,4.3,0.0,0.3
CMT,2010-12-03 18:30:42,2010-12-03 18:41:16,1,1.4,-73.971885,40.765712,1.0,N,-73.959938,40.776187,CSH,7.7,1.0,0.5,0.0,0.0,9.2
VTS,2014-03-26 21:17:00,2014-03-26 21:27:00,6,1.71,-73.96932,40.791032,1.0,,-73.977552,40.787007,CRD,8.5,0.5,0.5,2.0,0.0,11.5
VTS,2010-01-25 09:49:00,2010-01-25 10:06:00,1,1.55,-73.965367,40.760338,1.0,,-73.9836,40.764312,CAS,9.7,0.0,0.5,0.0,0.0,10.2
VTS,2011-06-10 09:54:00,2011-06-10 10:01:00,1,0.81,-73.987093,40.755518,1.0,,-73.987093,40.755518,CRD,5.3,0.0,0.5,2.0,0.0,7.8
CMT,2014-10-09 17:37:43,2014-10-09 18:21:27,1,14.7,-73.866179,40.770571,1.0,N,-74.003613,40.715926,CRD,46.0,1.0,0.5,10.0,5.33,62.83
VTS,2012-10-18 13:05:00,2012-10-18 13:13:00,2,0.83,-73.975263,40.76224,1.0,,-73.982953,40.751588,CRD,7.0,0.0,0.5,1.75,0.0,9.25
CMT,2013-01-05 19:19:15,2013-01-05 19:34:27,2,2.7,-73.965566,40.759185,1.0,N,-73.976761,40.739269,CSH,11.0,0.0,0.5,0.0,0.0,11.5
VTS,2011-10-30 12:01:00,2011-10-30 12:04:00,1,0.85,-73.986772,40.740335,1.0,,-73.97898,40.750202,CSH,4.5,0.0,0.5,0.0,0.0,5.0
VTS,2013-10-13 00:21:00,2013-10-13 00:41:00,2,6.65,-73.958532,40.760177,1.0,,-73.889122,40.726222,CSH,21.5,0.5,0.5,0.0,5.33,27.83
1,2015-12-06 13:22:22,2015-12-06 13:37:02,1,1.3,-73.9775161743164,40.75196838378906,1.0,N,-73.97433471679688,40.76411437988281,2,10.5,0.0,0.5,0.0,0.0,0.3
DDS,2009-08-01 17:53:39,2009-08-01 17:56:32,1,0.4,-73.955411,40.768568,,,-73.95804,40.772837,CASH,3.7,0.0,,0.0,0.0,3.7
1,2016-05-26 21:40:13,2016-05-26 22:16:38,1,18.4,-73.79129791259766,40.645790100097656,2.0,N,-73.95259857177734,40.788108825683594,1,52.0,0.0,0.5,11.65,5.54,0.3
CMT,2013-07-03 20:31:02,2013-07-03 20:38:33,1,1.0,-73.989747,40.735268,1.0,N,-74.005208,40.733313,CSH,6.5,0.5,0.5,0.0,0.0,7.5
CMT,2009-10-27 00:03:47,2009-10-27 00:11:08,1,1.0,-73.987542,40.762861,,0,-73.989893,40.751225,Cash,6.1,0.5,0.0,0.0,0.0,6.6
CMT,2012-04-29 00:32:11,2012-04-29 00:43:35,2,1.2,-74.003708,40.729296,1.0,N,-73.984541,40.72466,CSH,7.3,0.5,0.5,0.0,0.0,8.3
CMT,2011-03-23 00:38:28,2011-03-23 00:42:36,0,0.8,-73.989912,40.719745,1.0,N,-73.987483,40.730872,CSH,4.9,0.5,0.5,0.0,0.0,5.9
2,2016-04-13 19:31:15,2016-04-13 19:47:49,1,4.18,-73.97266387939453,40.752967834472656,1.0,N,-73.94900512695312,40.802879333496094,1,15.5,1.0,0.5,3.46,0.0,0.3
CMT,2014-11-24 23:10:29,2014-11-24 23:49:28,2,7.3,-73.980276,40.762814,1.0,N,-73.962048,40.678661,CRD,29.5,0.5,0.5,7.62,0.0,38.12
VTS,2013-01-09 18:53:00,2013-01-09 19:02:00,1,1.28,-73.981648,40.760082,1.0,,-73.971242,40.748418,CRD,7.5,1.0,0.5,2.12,0.0,11.12
2,2015-07-12 10:25:52,2015-07-12 10:36:56,3,2.54,-73.94450378417969,40.78785705566406,1.0,N,-73.95691680908203,40.77994918823242,2,9.5,0.0,0.5,0.0,0.0,0.3
CMT,2010-12-18 19:16:49,2010-12-18 19:20:18,1,1.3,-73.954029,40.778641,1.0,N,-73.941015,40.793381,CSH,4.9,0.0,0.5,0.0,0.0,5.4
VTS,2009-06-26 03:35:00,2009-06-26 03:59:00,1,6.11,-74.007952,40.735422,,,-73.927,40.70148,CASH,18.1,0.5,,0.0,0.0,18.6
VTS,2011-12-31 16:42:00,2011-12-31 16:51:00,1,1.56,-73.97751,40.750442,1.0,,-73.99459,40.740423,CSH,6.9,0.0,0.5,0.0,0.0,7.4
CMT,2012-02-13 20:12:16,2012-02-13 20:22:15,1,1.8,-73.999851,40.721189,1.0,N,-73.980737,40.728885,CRD,7.7,0.5,0.5,1.74,0.0,10.44
1,2015-10-06 02:07:30,2015-10-06 02:26:46,1,6.5,-74.00120544433594,40.73638153076172,1.0,N,-73.9166259765625,40.749061584472656,1,20.5,0.5,0.5,4.35,0.0,0.3
VTS,2011-10-09 22:46:00,2011-10-09 22:57:00,1,2.99,-73.961982,40.76425,1.0,,-73.98674,40.726642,CRD,9.3,0.5,0.5,2.0,0.0,12.3
1,2015-12-04 13:28:31,2015-12-04 13:34:27,1,0.7,-73.96561431884766,40.7584114074707,1.0,N,-73.95844268798828,40.76431655883789,2,5.5,0.0,0.5,0.0,0.0,0.3
CMT,2012-09-09 07:55:08,2012-09-09 08:04:24,1,1.7,-73.971249,40.748262,1.0,N,-73.990668,40.750884,CRD,8.5,0.0,0.5,1.0,0.0,10.0
1,2015-11-10 19:52:33,2015-11-10 19:57:03,1,1.3,-73.95846557617188,40.781402587890625,1.0,N,-73.9670181274414,40.792747497558594,1,6.0,1.0,0.5,1.55,0.0,0.3
CMT,2011-02-17 13:35:59,2011-02-17 13:55:43,1,7.5,-73.970793,40.759086,1.0,N,-74.009949,40.72127,CRD,19.3,0.0,0.5,2.0,0.0,21.8
CMT,2011-06-11 13:04:07,2011-06-11 13:13:31,1,3.7,-73.951082,40.782692,1.0,N,-73.974627,40.745143,CSH,10.5,0.0,0.5,0.0,0.0,11.0
1,2015-11-13 17:16:02,2015-11-13 17:58:27,1,4.3,-73.95122528076172,40.7827262878418,1.0,N,-73.99848175048828,40.75074005126953,1,26.0,1.0,0.5,4.0,0.0,0.3
2,2015-10-02 18:08:24,2015-10-02 18:52:10,1,12.07,-73.87472534179688,40.77406311035156,1.0,N,-73.9190673828125,40.876686096191406,1,40.0,1.0,0.5,12.47,8.08,0.3
CMT,2011-10-26 19:34:18,2011-10-26 19:52:01,2,3.4,-73.985398,40.756915,1.0,N,-73.945475,40.777944,CSH,11.7,1.0,0.5,0.0,0.0,13.2
CMT,2014-10-05 17:40:14,2014-10-05 17:58:28,1,3.2,-73.959358,40.763268,1.0,N,-73.989352,40.736849,CSH,15.0,0.0,0.5,0.0,0.0,15.5
VTS,2010-12-18 22:37:00,2010-12-18 22:57:00,1,7.31,-74.006735,40.720193,1.0,,-73.972362,40.71356,CSH,19.3,0.5,0.5,0.0,0.0,20.3
CMT,2014-11-20 12:54:48,2014-11-20 13:20:32,1,4.5,-73.972378,40.793983,1.0,N,-73.930298,40.834695,CSH,20.0,0.0,0.5,0.0,0.0,20.5
CMT,2011-12-07 08:11:38,2011-12-07 08:58:11,1,10.9,-73.865781,40.771046,1.0,Y,-73.974245,40.749969,CRD,29.7,0.0,0.5,10.5,4.8,45.5
2,2015-03-30 19:11:10,2015-03-30 19:34:37,1,4.99,-74.0079116821289,40.704750061035156,1.0,N,-73.98174285888672,40.76110076904297,1,18.5,1.0,0.5,4.06,0.0,0.3
CMT,2011-06-19 09:43:08,2011-06-19 09:47:09,2,0.8,-73.991419,40.727907,1.0,N,-73.993594,40.720989,CRD,4.5,0.0,0.5,0.75,0.0,5.75
VTS,2011-03-03 23:36:00,2011-03-03 23:56:00,2,9.3,-73.993773,40.736697,1.0,,-73.919528,40.829308,CSH,22.9,0.5,0.5,0.0,0.0,23.9
CMT,2013-03-18 07:20:35,2013-03-18 07:26:45,1,1.2,-73.978562,40.777443,1.0,N,-73.971141,40.765958,CSH,6.5,0.0,0.5,0.0,0.0,7.0
VTS,2013-01-09 03:42:00,2013-01-09 03:50:00,1,2.96,-73.991632,40.726857,1.0,,-73.95284,40.710662,CSH,11.5,0.5,0.5,0.0,0.0,12.5
VTS,2009-10-14 07:18:00,2009-10-14 07:25:00,1,1.35,-73.928342,40.76353,,,-73.912877,40.756085,CASH,5.7,0.0,,0.0,0.0,5.7
VTS,2011-05-19 23:35:00,2011-05-19 23:46:00,1,3.08,-74.00159,40.727382,1.0,,-73.99268,40.69759,CRD,9.7,0.5,0.5,3.0,0.0,13.7
CMT,2013-10-25 02:29:18,2013-10-25 02:36:47,1,2.4,-73.983184,40.743653,1.0,N,-73.986099,40.719051,CRD,9.0,0.5,0.5,2.0,0.0,12.0
CMT,2009-01-27 00:31:32,2009-01-27 00:38:40,1,1.1,-73.981781,40.759512,,,-74.000351,40.761205,Credit,6.6,0.0,,2.0,0.0,8.6
CMT,2010-06-09 18:12:53,2010-06-09 18:21:21,1,1.0,-73.990392,40.760793,1.0,0,-73.991136,40.750195,Cas,6.1,1.0,0.5,0.0,0.0,7.6
2,2016-04-14 14:22:32,2016-04-14 14:29:36,1,0.51,-73.95037841796875,40.77730178833008,1.0,N,-73.95364379882812,40.775230407714844,2,6.0,0.0,0.5,0.0,0.0,0.3
VTS,2012-05-29 16:28:00,2012-05-29 17:28:00,1,20.13,-73.980235,40.780553,2.0,,-73.801683,40.646707,CRD,45.0,0.0,0.5,10.06,4.8,60.36
1,2016-06-06 12:27:59,2016-06-06 12:40:22,1,1.4,-74.00335693359375,40.71393585205078,1.0,N,-73.98822784423828,40.72570037841797,1,9.0,0.0,0.5,1.96,0.0,0.3
VTS,2012-10-23 21:17:00,2012-10-23 21:20:00,1,1.06,-73.96946,40.758285,1.0,,-73.961757,40.768142,CRD,5.0,0.5,0.5,1.1,0.0,7.1
CMT,2009-08-09 02:14:33,2009-08-09 02:25:31,2,3.2,-73.984946,40.75984,,0,-73.953019,40.783414,Credit,9.7,0.0,,1.53,0.0,11.23
CMT,2012-09-08 13:57:11,2012-09-08 14:28:08,1,12.3,-73.995598,40.759003,1.0,N,-73.865425,40.770848,CRD,37.0,0.0,0.5,5.0,4.8,47.3
VTS,2012-03-23 10:10:00,2012-03-23 10:15:00,3,1.14,-74.006325,40.742295,1.0,,-74.010847,40.72927,CSH,5.7,0.0,0.5,0.0,0.0,6.2
1,2015-11-02 22:04:45,2015-11-02 22:22:42,1,3.1,-73.97859954833984,40.745208740234375,1.0,N,-73.98755645751953,40.77532196044922,1,14.0,0.5,0.5,3.05,0.0,0.3
2,2015-11-12 16:10:35,2015-11-12 16:25:01,2,1.57,-73.98583221435547,40.75260925292969,1.0,N,-73.99340057373047,40.7677001953125,1,10.5,1.0,0.5,2.46,0.0,0.3
CMT,2009-09-15 21:13:20,2009-09-15 21:17:28,1,0.5,-73.97313,40.785279,,0,-73.979858,40.784125,Cash,4.1,0.0,,0.0,0.0,4.1
2,2016-04-26 15:35:59,2016-04-26 15:52:55,2,1.56,-73.96514129638672,40.79121780395508,1.0,N,-73.94731903076172,40.77947998046875,1,11.5,0.0,0.5,2.46,0.0,0.3
CMT,2013-01-16 22:54:24,2013-01-16 23:07:41,1,2.9,-74.004457,40.742427,1.0,N,-74.00714,40.705213,CRD,12.0,0.5,0.5,2.6,0.0,15.6
VTS,2013-05-29 23:55:00,2013-05-30 00:09:00,1,2.19,-74.001762,40.735455,1.0,,-74.001867,40.709362,CRD,11.0,0.5,0.5,2.3,0.0,14.3
VTS,2009-08-08 16:31:00,2009-08-08 16:43:00,5,3.27,-73.98897,40.7361,,,-73.961733,40.776698,CASH,10.5,0.0,,0.0,0.0,10.5
DDS,2009-11-25 04:31:38,2009-11-25 04:42:15,1,2.3,-73.998666,40.723418,,,-73.999827,40.722054,CREDIT,8.1,0.5,,1.0,0.0,10.1
VTS,2012-08-23 12:08:00,2012-08-23 12:28:00,2,2.52,-73.959942,40.7623,1.0,,-73.987167,40.755782,CSH,11.7,0.0,0.5,0.0,0.0,12.2
CMT,2013-04-19 08:28:41,2013-04-19 09:44:19,1,20.1,-73.776674,40.645317,2.0,N,-73.971662,40.792146,CRD,52.0,0.0,0.5,11.56,5.33,69.39
2,2015-08-09 12:18:43,2015-08-09 12:23:21,6,1.91,-73.97785186767578,40.73400115966797,1.0,N,-73.9826431274414,40.71836853027344,1,7.5,0.0,0.5,1.0,0.0,0.3
VTS,2010-04-23 10:26:00,2010-04-23 10:33:00,1,0.76,-73.984648,40.770143,1.0,,-73.97562,40.763705,Cre,5.7,0.0,0.5,1.5,0.0,7.7
2,2015-09-12 21:32:42,2015-09-12 21:54:23,3,5.26,-73.968017578125,40.8012809753418,1.0,N,-73.99099731445312,40.75040054321289,1,20.0,0.5,0.5,4.26,0.0,0.3
VTS,2012-02-27 14:08:00,2012-02-27 14:47:00,1,18.98,-73.952698,40.78101,2.0,,-73.79425,40.644625,CRD,45.0,0.0,0.5,11.25,4.8,61.55
CMT,2011-04-19 08:48:32,2011-04-19 08:54:43,1,0.9,-73.995862,40.726435,1.0,N,-73.985192,40.72779,CSH,5.3,0.0,0.5,0.0,0.0,5.8
VTS,2011-10-02 20:05:00,2011-10-02 20:15:00,1,4.8,-73.96887,40.798565,1.0,,-74.008032,40.748235,CRD,12.5,0.5,0.5,1.5,0.0,15.0
CMT,2009-07-25 20:33:54,2009-07-25 20:44:06,1,2.3,-73.956903,40.762116,,1,-73.974058,40.783959,Cash,8.5,0.0,,0.0,0.0,8.5
CMT,2010-07-19 13:14:49,2010-07-19 13:27:07,1,2.1,-74.004637,40.746983,1.0,0,-73.996705,40.725205,Cas,8.9,0.0,0.5,0.0,0.0,9.4
2,2016-05-12 18:08:48,2016-05-12 18:37:03,1,3.8,-73.9869155883789,40.739234924316406,1.0,N,-73.95235443115234,40.786155700683594,1,20.0,1.0,0.5,1.2,0.0,0.3
CMT,2013-07-28 20:18:48,2013-07-28 20:25:44,2,0.8,-73.98449,40.731802,1.0,N,-73.986205,40.723529,CRD,6.5,0.5,0.5,1.0,0.0,8.5
VTS,2010-10-19 09:20:00,2010-10-19 09:28:00,1,1.83,-74.015148,40.718188,1.0,,-74.009093,40.703813,CSH,7.3,0.0,0.5,0.0,0.0,7.8
CMT,2009-06-18 19:06:08,2009-06-18 19:11:50,1,1.0,-73.97752,40.754542,,0,-73.987796,40.748918,Credit,5.3,0.0,,1.26,0.0,6.56
CMT,2012-04-18 20:34:20,2012-04-18 20:43:00,1,2.3,-73.953249,40.783035,1.0,N,-73.974936,40.753664,CRD,7.7,0.5,0.5,1.74,0.0,10.44
VTS,2009-10-16 17:41:00,2009-10-16 17:47:00,1,1.97,-73.966933,40.757585,,,-73.985935,40.733918,Credit,6.5,1.0,,2.0,0.0,9.5
VTS,2011-11-08 17:13:00,2011-11-08 17:24:00,1,2.21,-74.01015,40.711577,1.0,,-73.994628,40.740367,CSH,8.5,0.0,0.5,0.0,0.0,9.0
DDS,2010-07-26 17:20:30,2010-07-26 17:20:30,2,11.0,-73.137393,41.366138,1.0,,-73.872168,40.77429,CAS,26.1,1.0,0.5,0.0,4.57,32.17
CMT,2009-04-25 23:08:57,2009-04-25 23:19:29,1,1.3,-73.956161,40.772916,,0,-73.967104,40.756941,Cash,7.3,0.0,,0.0,0.0,7.3
CMT,2013-02-07 09:00:55,2013-02-07 09:11:53,1,1.7,-73.99352,40.746739,1.0,N,-74.005468,40.727637,CSH,11.0,0.0,0.5,0.0,0.0,11.5
VTS,2014-09-28 14:51:00,2014-09-28 15:00:00,5,1.72,-73.957017,40.784165,1.0,,-73.97274,40.764692,CRD,8.5,0.0,0.5,1.7,0.0,10.7
CMT,2009-10-04 13:05:36,2009-10-04 13:13:34,4,2.1,-74.017093,40.705243,,0,-74.009021,40.730796,Cash,7.7,0.0,,0.0,0.0,7.7
CMT,2010-06-16 00:15:49,2010-06-16 00:28:31,3,2.3,-73.97806,40.745416,1.0,0,-73.995953,40.76722,Cas,9.3,0.5,0.5,0.0,0.0,10.3
VTS,2012-02-08 18:11:00,2012-02-08 18:17:00,5,0.79,-73.989277,40.748098,1.0,,-73.976363,40.753445,CSH,5.3,1.0,0.5,0.0,0.0,6.8
VTS,2013-04-25 09:12:00,2013-04-25 09:24:00,6,1.81,-74.003412,40.707692,1.0,,-73.99023,40.730597,CRD,10.0,0.0,0.5,2.0,0.0,12.5
CMT,2014-04-21 20:38:52,2014-04-21 21:12:33,1,18.6,-73.783933,40.648651,2.0,N,-74.006317,40.74395,CRD,52.0,0.0,0.5,14.45,5.33,72.28
1,2016-01-24 14:18:51,2016-01-24 14:24:32,1,1.0,-73.98731994628906,40.75059127807617,1.0,N,-73.98352813720703,40.76198959350586,2,6.0,0.0,0.5,0.0,0.0,0.3
VTS,2014-01-07 09:03:00,2014-01-07 09:21:00,5,2.53,-74.00666,40.743907,1.0,,-73.977242,40.75507,CRD,13.5,0.0,0.5,1.0,0.0,15.0
CMT,2012-05-19 10:39:09,2012-05-19 11:09:45,2,2.8,-74.004221,40.713337,1.0,Y,-73.986142,40.740378,CRD,16.9,0.0,0.5,3.48,0.0,20.88
VTS,2013-03-11 22:13:00,2013-03-11 22:22:00,1,1.52,-73.978067,40.75252,1.0,,-73.98527,40.738967,CSH,8.5,0.5,0.5,0.0,0.0,9.5
1,2015-07-22 07:39:51,2015-07-22 07:45:31,1,1.0,-73.94601440429688,40.77724838256836,1.0,N,-73.95411682128906,40.763946533203125,2,6.0,0.0,0.5,0.0,0.0,0.3
VTS,2009-02-12 00:35:00,2009-02-12 00:44:00,1,1.37,-73.987343,40.748802,,,-73.973153,40.755758,CASH,6.5,0.5,,0.0,0.0,7.0
CMT,2013-02-27 20:32:34,2013-02-27 20:51:53,1,1.3,-73.994728,40.750476,1.0,N,-73.9948,40.750308,NOC,12.5,0.5,0.5,0.0,0.0,13.5
VTS,2010-04-04 11:54:00,2010-04-04 12:09:00,1,5.82,-73.999185,40.680217,1.0,,-73.96263,40.709357,Cre,15.7,0.0,0.5,3.92,0.0,20.12
VTS,2010-07-09 20:22:00,2010-07-09 20:30:00,2,2.05,-73.994843,40.751282,1.0,,-74.002453,40.721768,CAS,7.3,0.5,0.5,0.0,0.0,8.3
2,2015-02-23 00:37:49,2015-02-23 00:54:52,3,7.02,-73.98477172851562,40.76007843017578,1.0,N,-73.94386291503906,40.831939697265625,1,22.0,0.5,0.5,4.66,0.0,0.3
2,2015-07-09 01:59:54,2015-07-09 02:09:06,1,2.68,-73.96113586425781,40.796607971191406,1.0,N,-73.98827362060547,40.769073486328125,1,10.5,0.5,0.5,2.95,0.0,0.3
VTS,2013-06-13 11:25:00,2013-06-13 12:07:00,1,3.75,-73.956112,40.767197,1.0,,-73.995102,40.750145,CRD,24.5,0.0,0.5,6.12,0.0,31.12
VTS,2014-07-24 20:18:00,2014-07-24 20:44:00,2,5.44,-73.953832,40.78176,1.0,,-74.005328,40.726665,CSH,21.0,0.5,0.5,0.0,0.0,22.0
VTS,2012-01-26 13:42:00,2012-01-26 13:47:00,1,0.56,-73.982232,40.774762,1.0,,-73.984888,40.778108,CSH,4.5,0.0,0.5,0.0,0.0,5.0
CMT,2010-06-30 03:38:30,2010-06-30 03:40:28,1,0.2,-74.007995,40.740127,1.0,0,-74.008278,40.736002,Cas,3.3,0.5,0.5,0.0,0.0,4.3
2,2015-04-18 07:55:37,2015-04-18 08:14:17,1,6.86,-73.95606231689453,40.80598449707031,1.0,N,-73.88533782958984,40.77301025390625,1,22.0,0.0,0.5,5.67,5.54,0.3
2,2016-02-26 16:38:56,2016-02-26 16:56:22,1,4.0,-73.96026611328125,40.77370071411133,1.0,N,-73.97474670410156,40.73292541503906,1,15.5,1.0,0.5,3.46,0.0,0.3
CMT,2010-10-28 07:40:41,2010-10-28 07:44:35,1,1.1,-74.001348,40.736396,1.0,N,-74.006534,40.721011,CSH,4.9,0.0,0.5,0.0,0.0,5.4
CMT,2011-11-29 13:38:22,2011-11-29 13:52:38,1,2.2,-73.943611,40.776758,1.0,N,-73.969107,40.760591,CSH,9.7,0.0,0.5,0.0,0.0,10.2
CMT,2009-12-11 14:00:26,2009-12-11 14:02:46,1,0.2,-73.963517,40.771127,,0,-73.962256,40.774732,Cash,3.3,0.0,0.5,0.0,0.0,3.8
CMT,2012-12-05 10:39:52,2012-12-05 11:02:05,3,2.0,-73.976451,40.751982,1.0,N,-73.984243,40.768282,CSH,14.5,0.0,0.5,0.0,0.0,15.0
1,2015-01-14 22:43:55,2015-01-14 22:48:48,1,1.0,-73.9817886352539,40.75702667236328,1.0,N,-73.98194885253906,40.76896667480469,1,6.0,0.5,0.5,1.45,0.0,0.3
VTS,2014-05-28 20:14:00,2014-05-28 20:26:00,1,2.37,-73.985795,40.752885,1.0,,-73.986467,40.73129,CRD,10.5,0.5,0.5,2.75,0.0,14.25
1,2016-06-16 07:55:47,2016-06-16 08:05:40,1,1.7,-73.90763092041016,40.74534606933594,1.0,N,-73.9354019165039,40.75224304199219,2,8.5,0.0,0.5,0.0,0.0,0.3
VTS,2011-02-20 19:05:00,2011-02-20 19:20:00,3,1.96,-73.98946,40.720435,1.0,,-74.006488,40.73917,CSH,9.3,0.0,0.5,0.0,0.0,9.8
VTS,2012-03-02 16:04:00,2012-03-02 16:17:00,1,0.79,-73.88868,40.841913,1.0,,-73.888048,40.841605,CRD,7.7,1.0,0.5,2.61,0.0,11.81
CMT,2014-08-15 14:31:49,2014-08-15 14:36:48,1,0.7,-74.005817,40.706447,1.0,N,-73.997695,40.71386,CSH,5.0,0.0,0.5,0.0,0.0,5.5
CMT,2009-07-08 21:43:30,2009-07-08 21:47:49,2,0.6,-73.988333,40.7642,,0,-73.981281,40.767804,Cash,4.5,0.0,,0.0,0.0,4.5
VTS,2014-04-04 23:00:00,2014-04-04 23:09:00,3,1.21,-73.99073,40.75596,1.0,,-73.987523,40.768572,CSH,8.0,0.5,0.5,0.0,0.0,9.0
VTS,2011-12-31 12:24:00,2011-12-31 12:30:00,1,10.5,-73.983365,40.725302,1.0,,-73.991707,40.7311,CSH,5.3,0.0,0.5,0.0,0.0,5.8
VTS,2012-03-15 08:36:00,2012-03-15 08:54:00,6,2.13,-73.981822,40.736467,1.0,,-73.968602,40.759357,CRD,10.9,0.0,0.5,1.6,0.0,13.0
CMT,2014-11-16 06:40:51,2014-11-16 06:48:29,1,4.9,-74.011966,40.706526,1.0,N,-73.972281,40.74273,CSH,15.0,0.0,0.5,0.0,0.0,15.5
VTS,2011-04-25 09:22:00,2011-04-25 09:35:00,1,1.64,-73.997905,40.753105,1.0,,-73.978733,40.755247,CRD,8.1,0.0,0.5,1.2,0.0,9.8
CMT,2010-06-03 19:45:02,2010-06-03 19:53:02,1,0.8,-73.985887,40.757183,1.0,0,-73.977174,40.749366,Cas,5.7,1.0,0.5,0.0,0.0,7.2
VTS,2013-01-17 14:49:00,2013-01-17 15:12:00,1,3.33,-73.97266,40.749787,1.0,,-74.00585,40.725845,CSH,16.5,0.0,0.5,0.0,0.0,17.0
2,2015-11-11 00:25:20,2015-11-11 00:36:29,1,2.81,-73.98616027832031,40.72244644165039,1.0,N,-73.94551849365234,40.711509704589844,1,12.0,0.5,0.5,1.0,0.0,0.3
VTS,2014-04-24 08:32:00,2014-04-24 08:44:00,1,1.29,-73.974448,40.754992,1.0,,-73.991332,40.750952,CRD,9.0,0.0,0.5,1.0,0.0,10.5
VTS,2010-09-04 14:08:00,2010-09-04 14:20:00,1,2.94,-73.996448,40.723933,1.0,,-73.96655,40.75319,CSH,9.7,0.0,0.5,0.0,0.0,10.2
VTS,2011-11-30 08:38:00,2011-11-30 09:01:00,1,4.74,-73.994352,40.694042,1.0,,-73.999082,40.743858,CRD,14.9,0.0,0.5,2.98,0.0,18.38
VTS,2014-10-17 09:49:00,2014-10-17 09:58:00,1,0.79,-73.9853,40.770762,1.0,,-73.974268,40.764815,CRD,7.0,0.0,0.5,0.0,0.0,7.5
VTS,2009-06-14 17:30:00,2009-06-14 18:00:00,2,4.13,-73.975987,40.780508,,,-73.992057,40.734415,CASH,17.7,0.0,,0.0,0.0,17.7
CMT,2013-06-16 14:42:24,2013-06-16 14:55:43,2,1.8,-73.953973,40.766548,1.0,N,-73.980683,40.769927,CSH,10.5,0.0,0.5,0.0,0.0,11.0
VTS,2012-08-26 09:14:00,2012-08-26 09:29:00,5,3.18,-73.959118,40.809252,1.0,,-73.955745,40.776357,CSH,10.9,0.0,0.5,0.0,0.0,11.4
CMT,2011-08-03 09:42:38,2011-08-03 09:51:46,1,2.0,-73.955714,40.782278,1.0,N,-73.973961,40.755668,CRD,8.1,0.0,0.5,1.72,0.0,10.32
VTS,2010-04-03 21:42:00,2010-04-03 22:03:00,2,5.53,-73.967077,40.803815,1.0,,-73.983175,40.741378,Cre,16.1,0.5,0.5,1.5,0.0,18.6
VTS,2012-08-22 00:57:00,2012-08-22 01:02:00,1,0.83,-73.999832,40.734372,1.0,,-74.001742,40.740752,CRD,4.5,0.5,0.5,1.0,0.0,6.5
VTS,2014-06-13 16:57:00,2014-06-13 17:12:00,1,2.5,-73.97802,40.748672,1.0,,-74.002008,40.719217,CRD,12.0,1.0,0.5,0.0,0.0,13.5
VTS,2013-03-29 00:53:00,2013-03-29 01:36:00,1,9.27,-74.00567,40.726202,1.0,,-73.917115,40.780687,CSH,35.0,0.5,0.5,0.0,0.0,36.0
CMT,2014-10-18 01:28:23,2014-10-18 01:35:17,1,1.6,-73.940709,40.711912,1.0,N,-73.92331,40.697002,CRD,7.5,0.5,0.5,1.7,0.0,10.2
CMT,2012-06-22 19:55:32,2012-06-22 20:06:28,1,1.6,-73.988501,40.736176,1.0,N,-74.005943,40.725001,CSH,7.7,1.0,0.5,0.0,0.0,9.2
VTS,2012-12-05 10:46:00,2012-12-05 10:57:00,1,0.97,-73.989157,40.748017,1.0,,-73.976435,40.74783,CSH,8.5,0.0,0.5,0.0,0.0,9.0
VTS,2010-11-14 01:55:00,2010-11-14 02:09:00,1,2.52,-73.996918,40.742363,1.0,,-73.990747,40.724453,CSH,9.3,0.5,0.5,0.0,0.0,10.3
CMT,2012-06-27 08:24:04,2012-06-27 08:35:30,1,1.9,-73.983076,40.738872,1.0,N,-73.970693,40.761931,CRD,8.5,0.0,0.5,1.8,0.0,10.8
2,2016-01-06 16:03:15,2016-01-06 16:09:47,3,1.19,-73.9864273071289,40.77888870239258,1.0,N,-73.97509765625,40.79262161254883,1,6.5,1.0,0.5,1.66,0.0,0.3
VTS,2012-12-29 10:25:00,2012-12-29 10:31:00,1,1.95,-73.97699,40.753702,1.0,,-73.963677,40.774165,CSH,8.0,0.0,0.5,0.0,0.0,8.5
VTS,2009-04-18 09:39:00,2009-04-18 09:44:00,1,0.67,-74.016655,40.704748,,,-74.013148,40.703807,CASH,4.5,0.0,,0.0,0.0,4.5
VTS,2009-07-21 18:27:00,2009-07-21 18:32:00,5,0.51,-73.991387,40.723858,,,-73.997243,40.72141,CASH,4.5,1.0,,0.0,0.0,5.5
VTS,2011-03-11 23:56:00,2011-03-12 00:14:00,1,6.76,-73.986293,40.740417,1.0,,-73.917927,40.731507,CSH,18.1,0.5,0.5,0.0,0.0,19.1
VTS,2012-03-01 02:04:00,2012-03-01 02:07:00,1,0.43,-73.990812,40.751122,1.0,,-73.98436,40.748172,CSH,3.7,0.5,0.5,0.0,0.0,4.7
VTS,2010-09-20 16:55:00,2010-09-20 16:57:00,1,0.57,-73.96539,40.763275,1.0,,-73.9825,40.774012,CSH,3.7,1.0,0.5,0.0,0.0,5.2
CMT,2010-01-15 09:20:31,2010-01-15 09:27:30,1,0.8,-73.964386,40.75626,1.0,0,-73.971367,40.754162,Cas,5.3,0.0,0.5,0.0,0.0,5.8
VTS,2009-10-28 08:48:00,2009-10-28 09:07:00,1,1.62,-73.986092,40.743505,,,-73.974085,40.753977,CASH,10.9,0.0,,0.0,0.0,10.9
CMT,2013-10-30 13:15:30,2013-10-30 13:22:22,1,0.5,-73.974021,40.76284,1.0,N,-73.979104,40.755646,CRD,6.0,0.0,0.5,3.0,0.0,9.5
VTS,2011-05-11 20:41:00,2011-05-11 20:45:00,1,0.88,-74.005475,40.728052,1.0,,-74.009088,40.715872,CRD,4.5,0.5,0.5,1.0,0.0,6.5
VTS,2013-03-20 13:55:00,2013-03-20 14:19:00,1,6.83,-74.001512,40.719272,1.0,,-73.96883,40.790062,CRD,24.0,0.0,0.5,0.0,0.0,24.5
VTS,2011-05-21 18:08:00,2011-05-21 18:20:00,5,2.38,-73.980155,40.770633,1.0,,-73.99665,40.74454,CSH,8.9,0.0,0.5,0.0,0.0,9.4
CMT,2014-10-25 12:01:54,2014-10-25 12:19:09,1,3.2,-73.977497,40.75265,1.0,N,-74.00852,40.711585,CSH,14.0,0.0,0.5,0.0,0.0,14.5
VTS,2010-03-24 05:33:00,2010-03-24 05:51:00,1,10.97,-73.994838,40.727908,1.0,,-73.865308,40.770683,CRD,25.3,0.5,0.5,5.16,0.0,31.46
CMT,2014-01-06 15:53:00,2014-01-06 15:58:26,1,0.9,-73.963324,40.777553,1.0,N,-73.971789,40.765874,CRD,6.0,0.0,0.5,1.62,0.0,8.12
CMT,2011-08-08 21:06:48,2011-08-08 21:48:12,4,19.2,-73.7884,40.6414,2.0,N,-73.9687,40.7586,CSH,45.0,0.0,0.5,0.0,4.8,50.3
CMT,2014-11-26 10:56:29,2014-11-26 11:03:34,3,0.3,-73.957485,40.774626,1.0,N,-73.961714,40.774389,CSH,6.0,0.0,0.5,0.0,0.0,6.5
VTS,2010-01-24 01:00:00,2010-01-24 01:09:00,5,2.36,-73.97882,40.76147,1.0,,-74.001535,40.746205,CAS,7.7,0.5,0.5,0.0,0.0,8.7
VTS,2009-10-10 09:48:00,2009-10-10 09:54:00,1,1.48,-73.975578,40.792018,,,-73.989035,40.77362,CASH,6.1,0.0,,0.0,0.0,6.1
CMT,2012-05-24 17:48:13,2012-05-24 18:45:11,1,16.1,-74.007063,40.707471,2.0,N,-73.783248,40.643865,NOC,45.0,0.0,0.5,0.0,0.0,45.5
VTS,2010-09-15 08:58:00,2010-09-15 09:09:00,2,1.2,-73.978718,40.756917,1.0,,-73.91749,40.75684,CSH,7.3,0.0,0.5,0.0,0.0,7.8
VTS,2011-08-12 14:40:00,2011-08-12 15:09:00,1,4.73,-73.958328,40.781735,1.0,,-73.998163,40.723708,CSH,18.1,0.0,0.5,0.0,0.0,18.6
VTS,2013-08-16 20:09:00,2013-08-16 20:33:00,5,2.39,-73.966532,40.756587,1.0,,-73.988325,40.727942,CSH,16.0,0.5,0.5,0.0,0.0,17.0
VTS,2013-11-09 11:27:00,2013-11-09 11:37:00,2,3.35,-74.001892,40.73609,1.0,,-74.008637,40.704072,CSH,12.5,0.0,0.5,0.0,0.0,13.0
2,2015-09-27 23:40:28,2015-09-27 23:53:16,2,2.55,-74.0063705444336,40.739585876464844,1.0,N,-73.98101043701172,40.76451110839844,1,11.0,0.5,0.5,0.0,0.0,0.3
CMT,2009-09-14 03:57:52,2009-09-14 04:01:51,1,0.9,-73.962296,40.805017,,0,-73.962118,40.795316,Cash,4.5,0.0,,0.0,0.0,4.5
CMT,2010-03-23 07:14:39,2010-03-23 07:26:45,1,2.2,-73.996859,40.733952,1.0,0,-74.00381,40.707822,Cas,8.9,0.0,0.5,0.0,0.0,9.4
VTS,2010-01-22 18:10:00,2010-01-22 18:17:00,1,1.44,-73.99012,40.751687,1.0,,-73.995258,40.737705,CAS,6.1,1.0,0.5,0.0,0.0,7.6
CMT,2009-07-28 21:33:37,2009-07-28 21:45:58,1,2.4,-74.005391,40.748227,,0,-74.008634,40.719417,Credit,9.3,0.0,,0.0,0.0,9.3
VTS,2014-06-14 22:32:00,2014-06-14 22:41:00,6,1.17,-73.984477,40.759367,1.0,,-73.984477,40.759367,CSH,7.5,0.5,0.5,0.0,0.0,8.5
VTS,2012-08-16 22:10:00,2012-08-16 22:35:00,5,8.85,-73.947832,40.770495,1.0,,-73.97396,40.68964,CRD,23.3,0.5,0.5,5.95,0.0,30.25
VTS,2013-03-13 21:12:00,2013-03-13 21:23:00,6,3.33,-73.993323,40.727857,1.0,,-73.962012,40.75953,CRD,11.5,0.5,0.5,1.0,0.0,13.5
CMT,2009-05-15 08:38:01,2009-05-15 08:52:00,1,1.6,-73.979074,40.744218,,0,-73.984407,40.760979,Cash,8.5,0.0,,0.0,0.0,8.5
VTS,2013-11-12 14:19:00,2013-11-12 14:31:00,1,2.05,-73.961638,40.777125,1.0,,-73.982287,40.768022,CRD,9.5,0.0,0.5,1.9,0.0,11.9
VTS,2013-06-12 10:50:00,2013-06-12 11:10:00,1,2.34,-73.946167,40.773297,1.0,,-73.97369,40.757835,CRD,13.5,0.0,0.5,1.4,0.0,15.4
VTS,2014-09-17 10:45:00,2014-09-17 11:06:00,5,1.99,-73.98812,40.74818,1.0,,-74.0017,40.76207,CSH,14.0,0.0,0.5,0.0,0.0,14.5
CMT,2012-04-10 13:00:48,2012-04-10 13:07:18,1,0.8,-73.995216,40.733343,1.0,N,-73.986769,40.737829,CSH,5.3,0.0,0.5,0.0,0.0,5.8
CMT,2013-03-14 14:49:40,2013-03-14 15:37:10,1,13.9,-73.98843,40.745013,1.0,N,-73.967317,40.576347,CSH,46.5,0.0,0.5,0.0,5.33,52.33
CMT,2009-01-24 13:50:49,2009-01-24 13:55:08,1,1.0,-73.999665,40.733548,,,-73.988343,40.741246,Cash,4.9,0.0,,0.0,0.0,4.9
VTS,2013-07-14 23:39:00,2013-07-14 23:43:00,6,1.04,-73.983075,40.751107,1.0,,-73.994192,40.7452,CSH,5.5,0.5,0.5,0.0,0.0,6.5
CMT,2014-12-21 20:53:53,2014-12-21 20:55:36,2,0.5,-73.945495,40.807947,1.0,N,-73.94887,40.801635,CSH,4.0,0.5,0.5,0.0,0.0,5.0
VTS,2014-04-22 11:09:00,2014-04-22 11:14:00,5,0.55,-73.97007,40.762505,1.0,,-73.965057,40.769432,CSH,5.0,0.0,0.5,0.0,0.0,5.5
VTS,2012-01-08 02:33:00,2012-01-08 02:54:00,5,11.83,-73.986905,40.75607,1.0,,-73.818163,40.702835,CRD,27.7,0.5,0.5,3.0,4.8,36.5
1,2015-08-15 00:15:34,2015-08-15 00:27:25,1,3.7,-73.98694610595703,40.7253303527832,1.0,N,-73.9502944946289,40.77164077758789,1,12.5,0.5,0.5,1.5,0.0,0.3
CMT,2013-03-07 19:37:02,2013-03-07 19:41:15,1,1.0,-73.978356,40.737334,1.0,N,-73.969238,40.749763,CSH,5.5,1.0,0.5,0.0,0.0,7.0
CMT,2013-06-01 02:37:33,2013-06-01 02:45:23,1,1.5,-73.997525,40.721355,1.0,N,-74.010537,40.718992,CRD,7.5,0.5,0.5,1.7,0.0,10.2
CMT,2014-10-26 17:07:17,2014-10-26 17:52:22,1,14.5,-73.870504,40.773639,1.0,N,-74.005222,40.718745,CSH,46.5,0.0,0.5,0.0,5.33,52.33
CMT,2013-07-02 17:00:13,2013-07-02 17:09:48,1,1.5,-73.97646,40.765365,1.0,N,-73.979709,40.781469,CRD,8.5,1.0,0.5,2.0,0.0,12.0
2,2016-01-16 20:30:53,2016-01-16 20:44:34,6,1.91,-73.98121643066406,40.720863342285156,1.0,N,-73.97509002685547,40.741546630859375,1,11.0,0.5,0.5,1.7,0.0,0.3
1,2015-05-23 19:58:36,2015-05-23 20:05:43,1,1.7,-73.97045135498047,40.75830841064453,1.0,N,-73.98201751708984,40.773311614990234,1,8.0,0.0,0.5,2.6,0.0,0.3
CMT,2011-05-01 18:42:56,2011-05-01 19:05:44,1,5.4,-73.993322,40.752379,1.0,N,-73.926644,40.770224,CSH,16.9,0.0,0.5,0.0,0.0,17.4
2,2015-01-07 12:20:19,2015-01-07 13:13:03,1,8.12,-73.99261474609375,40.755584716796875,1.0,N,-73.93047332763672,40.706085205078125,1,35.5,0.0,0.5,3.0,0.0,0.3
2,2016-01-31 01:56:16,2016-01-31 02:00:14,4,0.54,-73.99816131591797,40.724281311035156,1.0,N,-74.004150390625,40.72855758666992,2,4.5,0.5,0.5,0.0,0.0,0.3
CMT,2012-01-18 22:27:33,2012-01-18 23:01:12,2,5.5,-73.962749,40.758989,1.0,N,-73.988667,40.757469,CSH,20.1,0.5,0.5,0.0,0.0,21.1
2,2015-11-14 04:02:33,2015-11-14 04:12:35,1,1.97,-73.98747253417969,40.667701721191406,1.0,N,-73.99285125732422,40.68770217895508,2,9.5,0.5,0.5,0.0,0.0,0.3
2,2016-05-10 13:39:16,2016-05-10 13:50:09,6,0.89,-73.99812316894531,40.71303939819336,1.0,N,-73.99662780761719,40.723548889160156,2,8.0,0.0,0.5,0.0,0.0,0.3
CMT,2013-05-02 21:59:23,2013-05-02 22:12:41,1,1.6,-73.98488,40.72811,1.0,N,-74.005633,40.740145,CSH,9.5,0.5,0.5,0.0,0.0,10.5
VTS,2010-12-05 00:44:00,2010-12-05 00:57:00,1,2.04,-73.973997,40.761715,1.0,,-73.987285,40.736643,CSH,8.5,0.5,0.5,0.0,0.0,9.5
1,2016-06-17 21:19:43,2016-06-17 21:26:07,2,1.6,-73.96467590332031,40.766632080078125,1.0,N,-73.95286560058594,40.78569412231445,1,7.5,0.5,0.5,1.75,0.0,0.3
CMT,2012-10-19 00:45:48,2012-10-19 01:08:22,1,11.9,-73.789265,40.64688,1.0,N,-73.89815,40.738462,CRD,34.0,0.5,0.5,5.0,0.0,40.0
2,2016-05-21 20:37:19,2016-05-21 20:43:19,1,1.29,-73.98129272460938,40.757999420166016,1.0,N,-73.96734619140625,40.76694869995117,1,6.0,0.5,0.5,1.46,0.0,0.3
CMT,2009-03-05 01:40:05,2009-03-05 01:49:21,1,2.8,-73.993942,40.720795,,,-73.974369,40.685791,Cash,10.2,0.0,,0.0,0.0,10.2
VTS,2011-10-07 10:52:00,2011-10-07 10:57:00,1,0.71,-73.981498,40.728298,1.0,,-73.988132,40.734595,CSH,4.5,0.0,0.5,0.0,0.0,5.0
CMT,2011-03-22 06:07:54,2011-03-22 06:13:28,1,1.3,-73.98862,40.774135,1.0,N,-73.984787,40.760268,CRD,5.7,0.0,0.5,1.0,0.0,7.2
VTS,2011-01-22 10:46:00,2011-01-22 10:56:00,5,2.09,-73.958763,40.764373,1.0,,-73.953972,40.787648,CSH,8.5,0.0,0.5,0.0,0.0,9.0
VTS,2012-06-04 18:43:00,2012-06-04 19:01:00,1,1.9,-73.991608,40.744927,1.0,,-73.983257,40.766845,CRD,10.1,1.0,0.5,2.78,0.0,14.38
CMT,2014-01-18 17:05:08,2014-01-18 17:13:49,2,2.4,-73.980121,40.762159,1.0,N,-73.974254,40.791057,CSH,9.5,0.0,0.5,0.0,0.0,10.0
CMT,2014-06-10 01:40:03,2014-06-10 01:43:22,2,1.1,-73.977412,40.774058,1.0,N,-73.965535,40.768653,CRD,5.0,0.5,0.5,1.0,0.0,7.0
VTS,2014-08-08 17:03:00,2014-08-08 17:09:00,1,0.18,-73.991257,40.750187,1.0,,-73.994017,40.750095,CRD,5.0,1.0,0.5,1.0,0.0,7.5
CMT,2014-10-17 22:10:17,2014-10-17 22:16:54,1,0.6,-73.982902,40.767936,1.0,N,-73.982475,40.774872,CSH,6.0,0.5,0.5,0.0,0.0,7.0
CMT,2013-04-14 20:17:09,2013-04-14 20:28:17,1,2.2,-73.989961,40.739705,1.0,Y,-73.987924,40.76425,CSH,9.5,0.5,0.5,0.0,0.0,10.5
2,2015-05-02 00:56:40,2015-05-02 01:15:42,1,3.8,-73.98281860351562,40.72713851928711,1.0,N,-73.97396850585938,40.68724822998047,2,16.5,0.5,0.5,0.0,0.0,0.3
CMT,2011-08-04 14:42:43,2011-08-04 15:01:26,1,2.1,-73.954934,40.773412,1.0,N,-73.979432,40.760293,CRD,10.9,0.0,0.5,2.28,0.0,13.68
VTS,2012-02-07 20:12:00,2012-02-07 20:23:00,1,2.22,-73.986653,40.740375,1.0,,-73.998882,40.760808,CSH,8.5,0.5,0.5,0.0,0.0,9.5
CMT,2011-07-28 08:01:01,2011-07-28 08:38:58,1,9.3,-73.916993,40.743179,1.0,N,-73.948292,40.82192,CRD,28.1,0.0,0.5,7.15,0.0,35.75
VTS,2010-09-19 04:04:00,2010-09-19 04:11:00,2,1.17,-74.004988,40.735607,1.0,,-73.999778,40.728495,CSH,5.7,0.5,0.5,0.0,0.0,6.7
1,2015-08-23 10:02:33,2015-08-23 10:09:04,1,1.1,-73.98693084716797,40.76117706298828,1.0,N,-74.00126647949219,40.76258087158203,2,6.5,0.0,0.5,0.0,0.0,0.3
VTS,2011-11-16 19:07:00,2011-11-16 19:33:00,5,2.72,-73.975485,40.751977,1.0,,-74.006705,40.74868,CRD,14.1,1.0,0.5,3.02,0.0,18.62
CMT,2013-04-20 02:58:13,2013-04-20 03:08:57,1,3.5,-73.988853,40.722849,1.0,N,-73.992759,40.75595,CRD,12.0,0.5,0.5,2.0,0.0,15.0
VTS,2012-05-16 16:07:00,2012-05-16 16:14:00,2,1.48,-73.99173,40.726547,1.0,,-74.00925,40.724635,CRD,6.1,1.0,0.5,1.5,0.0,9.1
VTS,2011-06-22 17:36:00,2011-06-22 18:05:00,5,3.96,-73.982477,40.767322,1.0,,-73.976192,40.723732,CSH,16.5,1.0,0.5,0.0,0.0,18.0
VTS,2012-03-08 15:58:00,2012-03-08 16:05:00,1,0.1,-73.98393,40.7547,1.0,,-73.992667,40.748392,CRD,5.7,0.0,0.5,1.0,0.0,7.2
CMT,2014-11-08 12:14:00,2014-11-08 12:34:18,1,3.6,-73.996579,40.747014,1.0,N,-74.008635,40.704978,CRD,15.5,0.0,0.5,3.2,0.0,19.2
CMT,2011-03-20 00:48:56,2011-03-20 00:56:22,1,0.5,-73.99604,40.724134,1.0,N,-73.997587,40.72132,CRD,5.3,0.5,0.5,1.26,0.0,7.56
CMT,2011-02-05 16:03:42,2011-02-05 16:18:36,3,2.2,-73.99408,40.75125,1.0,N,-73.967769,40.764439,CSH,9.7,0.0,0.5,0.0,0.0,10.2
DDS,2009-05-22 11:04:04,2009-05-22 11:21:14,2,1.4,-74.003688,40.707453,,,-73.997387,40.724279,CREDIT,9.7,0.0,,1.9,0.0,11.6
CMT,2011-11-13 00:57:40,2011-11-13 01:02:16,2,0.5,-73.979515,40.759748,1.0,N,-73.984595,40.760955,CSH,4.5,0.5,0.5,0.0,0.0,5.5
VTS,2009-06-30 00:07:00,2009-06-30 00:13:00,1,0.91,-73.99161,40.749897,,,-73.982385,40.742588,CASH,5.3,0.5,,0.0,0.0,5.8
CMT,2010-03-18 06:09:56,2010-03-18 06:16:07,1,2.9,-73.992186,40.749628,1.0,0,-74.013998,40.714352,Cas,8.1,0.0,0.5,0.0,0.0,8.6
VTS,2014-04-30 19:38:00,2014-04-30 19:45:00,2,1.38,-73.978397,40.754197,1.0,,-73.978447,40.74123,CRD,7.0,1.0,0.5,1.0,0.0,9.5
VTS,2010-08-13 19:48:00,2010-08-13 20:00:00,1,1.51,-73.969058,40.763535,1.0,,-73.947697,40.774475,CRD,7.7,1.0,0.5,1.0,0.0,10.2
CMT,2010-11-13 16:25:03,2010-11-13 16:31:24,2,0.4,-73.973909,40.752995,1.0,N,-73.978622,40.747903,CSH,4.9,0.0,0.5,0.0,0.0,5.4
1,2015-03-28 02:48:59,2015-03-28 02:57:37,1,2.1,-73.9831314086914,40.72271728515625,1.0,N,-73.99708557128906,40.742427825927734,1,8.5,0.5,0.5,1.95,0.0,0.3
VTS,2009-11-05 23:21:00,2009-11-05 23:31:00,1,1.53,-73.991545,40.744753,,,-73.971147,40.748635,CASH,7.3,0.5,0.5,0.0,0.0,8.3
CMT,2013-01-25 13:09:33,2013-01-25 13:17:27,1,1.0,-73.980973,40.753125,1.0,N,-73.984817,40.760658,CRD,7.0,0.0,0.5,1.5,0.0,9.0
CMT,2013-09-13 20:07:11,2013-09-13 20:16:58,2,1.7,-73.981076,40.741426,1.0,N,-73.982706,40.723108,CRD,9.0,0.5,0.5,1.0,0.0,11.0
CMT,2010-07-11 15:40:18,2010-07-11 15:52:15,1,1.6,-73.954608,40.75676,1.0,0,-73.986803,40.770942,Cre,8.1,0.0,0.5,1.29,0.0,9.89
VTS,2012-05-27 20:22:00,2012-05-27 20:29:00,1,1.58,-73.985922,40.767508,1.0,,-73.992013,40.749655,CRD,6.5,0.5,0.5,2.1,0.0,9.6
VTS,2012-04-14 21:32:00,2012-04-14 21:37:00,1,0.74,-73.990295,40.74349,1.0,,-73.998455,40.735765,CSH,4.5,0.5,0.5,0.0,0.0,5.5
CMT,2009-02-01 02:13:54,2009-02-01 02:25:10,1,3.1,-73.949237,40.726613,,,-73.925694,40.761577,Cash,11.0,0.0,,0.0,0.0,11.0
CMT,2012-02-29 04:32:52,2012-02-29 04:45:40,1,3.1,-73.957977,40.717691,1.0,N,-73.926182,40.694912,CSH,10.1,0.5,0.5,0.0,0.0,11.1
1,2015-04-06 21:13:46,2015-04-06 21:17:55,1,1.0,-73.97743225097656,40.75885772705078,1.0,N,-73.98670959472656,40.745391845703125,1,5.5,0.5,0.5,1.7,0.0,0.3
VTS,2014-05-18 23:03:00,2014-05-18 23:19:00,6,4.16,-73.970687,40.674902,1.0,,-73.988215,40.726507,CRD,16.0,0.5,0.5,1.5,0.0,18.5
CMT,2013-04-15 19:13:00,2013-04-15 19:21:00,1,2.1,-73.961077,40.760682,1.0,N,-73.949953,40.785536,CSH,8.5,1.0,0.5,0.0,0.0,10.0
CMT,2011-08-21 02:49:06,2011-08-21 02:58:31,2,3.0,-74.004918,40.723074,1.0,N,-73.992345,40.759261,CSH,9.3,0.5,0.5,0.0,0.0,10.3
CMT,2009-01-11 12:58:56,2009-01-11 13:14:03,1,4.9,-73.985371,40.744028,,,-73.967644,40.80053,Cash,13.3,0.0,,0.0,0.0,13.3
VTS,2014-12-20 12:01:00,2014-12-20 12:12:00,4,0.91,-73.99099,40.74955,1.0,,-73.98334,40.74152,CSH,8.0,0.0,0.5,0.0,0.0,8.5
VTS,2010-12-02 18:34:00,2010-12-02 18:56:00,2,2.13,-73.988657,40.749153,1.0,,-73.968105,40.769382,CRD,11.7,1.0,0.5,0.0,0.0,13.2
VTS,2014-08-24 13:00:00,2014-08-24 13:34:00,1,11.8,-73.987002,40.75857,1.0,,-73.862975,40.767212,CRD,37.5,0.0,0.5,7.5,0.0,45.5
2,2015-12-07 08:25:05,2015-12-07 08:28:19,2,0.81,-73.95708465576172,40.774349212646484,1.0,N,-73.94965362548828,40.7848014831543,1,4.5,0.0,0.5,1.06,0.0,0.3
CMT,2011-10-12 20:07:32,2011-10-12 20:17:17,1,1.5,-74.003903,40.747593,1.0,N,-73.994354,40.732956,CSH,7.3,0.5,0.5,0.0,0.0,8.3
1,2015-10-13 22:26:14,2015-10-13 22:28:33,1,0.3,-73.97151947021484,40.79773712158203,1.0,N,-73.9677734375,40.80139923095703,2,4.0,0.5,0.5,0.0,0.0,0.3
VTS,2012-10-23 08:41:00,2012-10-23 08:59:00,1,0.15,-73.986017,40.767785,1.0,,-73.982017,40.75262,CSH,12.0,0.0,0.5,0.0,0.0,12.5
VTS,2013-07-09 07:34:00,2013-07-09 07:45:00,1,2.1,-73.97181,40.794915,1.0,,-73.981703,40.767452,CSH,10.0,0.0,0.5,0.0,0.0,10.5
CMT,2009-12-11 06:28:12,2009-12-11 06:35:39,1,1.8,-73.982314,40.770343,,0,-73.975583,40.752079,Cash,6.9,0.0,0.5,0.0,0.0,7.4
CMT,2010-08-05 09:50:57,2010-08-05 09:54:37,2,0.6,-73.998691,40.745428,1.0,N,-74.005318,40.751273,CSH,4.1,0.0,0.5,0.0,0.0,4.6
CMT,2009-09-26 15:53:06,2009-09-26 15:58:23,1,0.8,-73.977732,40.757391,,0,-73.978231,40.748228,Cash,4.9,0.0,,0.0,0.0,4.9
1,2015-01-02 12:18:53,2015-01-02 12:30:04,1,1.9,-73.9906997680664,40.728416442871094,1.0,N,-74.00021362304688,40.74747085571289,2,9.5,0.0,0.5,0.0,0.0,0.0
CMT,2012-07-20 01:52:25,2012-07-20 02:00:24,1,0.9,-73.985431,40.738439,1.0,N,-73.998221,40.74514,CRD,6.1,0.5,0.5,0.5,0.0,7.6
CMT,2009-12-27 18:43:30,2009-12-27 19:17:49,4,5.0,-74.015881,40.715356,,0,-73.981326,40.768723,Cash,20.5,0.0,0.5,0.0,0.0,21.0
CMT,2012-10-31 23:39:30,2012-10-31 23:42:59,2,0.9,-73.973394,40.761611,1.0,N,-73.964323,40.773602,CSH,5.0,0.5,0.5,0.0,0.0,6.0
2,2015-05-10 17:24:16,2015-05-10 17:41:42,2,4.44,-73.8708724975586,40.773780822753906,1.0,N,-73.93441772460938,40.7530517578125,2,16.5,0.0,0.5,0.0,0.0,0.3
CMT,2013-08-24 23:41:55,2013-08-24 23:57:28,2,9.2,-73.950309,40.775818,1.0,N,-74.010634,40.716243,CSH,26.0,0.5,0.5,0.0,0.0,27.0
2,2015-04-22 08:07:12,2015-04-22 08:24:54,5,2.68,-73.96188354492188,40.758663177490234,1.0,N,-73.99150848388672,40.75150680541992,2,13.0,0.0,0.5,0.0,0.0,0.3
CMT,2009-05-27 23:35:07,2009-05-27 23:43:38,1,2.1,-74.006862,40.730416,,0,-73.978295,40.729524,Cash,8.2,0.0,,0.0,0.0,8.2
CMT,2010-07-09 10:52:03,2010-07-09 11:09:47,1,1.4,-73.974907,40.734252,1.0,0,-73.996236,40.743039,Cre,10.5,0.0,0.5,1.65,0.0,12.65
CMT,2010-04-13 18:29:23,2010-04-13 18:45:29,1,0.9,-73.972787,40.76443,1.0,0,-73.984791,40.758434,Cas,8.9,1.0,0.5,0.0,0.0,10.4
VTS,2009-08-21 09:43:00,2009-08-21 09:53:00,1,4.92,-73.974273,40.75037,,,-74.010025,40.702067,Credit,12.9,0.0,,2.0,0.0,14.9
CMT,2012-01-16 22:24:33,2012-01-16 22:41:27,1,4.2,-73.993009,40.743008,1.0,N,-73.982931,40.693579,CRD,13.3,0.5,0.5,2.86,0.0,17.16
VTS,2012-03-28 07:29:00,2012-03-28 07:34:00,1,0.55,-73.952228,40.772945,1.0,,-73.95217,40.778162,CRD,4.5,0.0,0.5,0.9,0.0,5.9
VTS,2011-10-29 11:01:00,2011-10-29 11:04:00,2,0.6,-73.959133,40.771768,1.0,,-73.953927,40.779145,CSH,3.7,0.0,0.5,0.0,0.0,4.2
CMT,2010-05-09 10:22:54,2010-05-09 10:25:04,2,0.5,-73.994547,40.740476,1.0,0,-73.98634,40.739308,Cas,3.7,0.0,0.5,0.0,0.0,4.2
VTS,2010-11-02 17:03:00,2010-11-02 17:18:00,1,1.8,-73.991417,40.755395,1.0,,-73.970795,40.764098,CRD,9.7,0.0,0.5,2.0,0.0,12.2
CMT,2012-03-17 16:40:23,2012-03-17 16:58:35,1,3.3,-73.97752,40.74266,1.0,N,-73.990335,40.717161,CRD,12.5,0.0,0.5,2.6,0.0,15.6
CMT,2011-09-15 10:49:24,2011-09-15 11:22:24,1,2.3,-73.947304,40.778462,1.0,N,-73.97269,40.75727,CSH,16.5,0.0,0.5,0.0,0.0,17.0
VTS,2010-01-18 10:41:00,2010-01-18 10:46:00,5,0.95,-73.970975,40.788272,1.0,,-73.982255,40.782932,CAS,4.9,0.0,0.5,0.0,0.0,5.4
VTS,2009-10-28 18:53:00,2009-10-28 18:57:00,5,0.54,-73.999097,40.722533,,,-73.997913,40.71731,CASH,4.1,1.0,,0.0,0.0,5.1
CMT,2012-02-03 13:22:38,2012-02-03 13:38:07,2,1.2,-74.006462,40.73293,1.0,N,-73.996499,40.721824,CSH,8.9,0.0,0.5,0.0,0.0,9.4
VTS,2011-03-21 13:11:00,2011-03-21 13:18:00,1,0.96,-73.982357,40.768483,1.0,,-73.966928,40.761625,CSH,5.3,0.0,0.5,0.0,0.0,5.8
CMT,2010-01-15 12:31:14,2010-01-15 12:47:53,1,2.5,-73.977934,40.746013,1.0,0,-73.990871,40.770204,Cas,10.9,0.0,0.5,0.0,0.0,11.4
CMT,2012-12-06 23:50:17,2012-12-06 23:57:52,2,1.4,-74.006181,40.712074,1.0,N,-73.984682,40.713177,CSH,7.5,0.5,0.5,0.0,0.0,8.5
CMT,2011-03-17 19:15:15,2011-03-17 19:42:47,1,9.0,-73.870828,40.773674,1.0,N,-73.9771,40.766124,CSH,24.5,1.0,0.5,0.0,0.0,26.0
1,2015-09-15 21:26:11,2015-09-15 21:34:45,2,1.1,-73.96415710449219,40.807952880859375,1.0,N,-73.95259857177734,40.79831314086914,2,7.5,0.5,0.5,0.0,0.0,0.3
CMT,2010-02-23 09:09:49,2010-02-23 09:33:41,1,2.2,-73.987397,40.775946,1.0,0,-74.003377,40.748438,CAS,12.5,0.0,0.5,0.0,0.0,13.0
CMT,2010-02-07 12:31:23,2010-02-07 13:03:09,1,13.3,-73.959917,40.813703,1.0,0,-73.976875,40.681646,CRE,32.1,0.0,0.5,4.89,0.0,37.49
VTS,2010-03-12 08:09:00,2010-03-12 08:18:00,1,0.77,-73.953307,40.786075,1.0,,-73.95453,40.778063,CRD,5.7,0.0,0.5,3.0,0.0,9.2
VTS,2011-06-23 01:31:00,2011-06-23 01:39:00,2,1.04,-74.006568,40.751468,1.0,,-74.009135,40.738073,CSH,6.5,0.5,0.5,0.0,0.0,7.5
VTS,2011-04-15 19:19:00,2011-04-15 19:21:00,2,0.21,-74.006857,40.730193,1.0,,-74.005573,40.732443,CRD,2.9,1.0,0.5,1.0,0.0,5.4
VTS,2014-08-13 20:30:00,2014-08-13 20:41:00,2,2.08,-73.963462,40.711237,1.0,,-73.983845,40.720072,CRD,10.5,0.5,0.5,1.0,0.0,12.5
CMT,2011-11-01 08:06:26,2011-11-01 08:12:49,1,1.3,-73.986911,40.739839,1.0,N,-73.975131,40.755326,CRD,6.1,0.0,0.5,1.0,0.0,7.6
VTS,2011-12-17 22:43:00,2011-12-17 22:52:00,2,1.92,-74.006467,40.714127,1.0,,-74.005075,40.737265,CRD,7.7,0.5,0.5,2.0,0.0,10.7
CMT,2010-05-28 14:43:41,2010-05-28 14:45:17,1,0.5,-73.945927,40.785995,1.0,0,-73.951141,40.780204,Cas,3.7,0.0,0.5,0.0,0.0,4.2
VTS,2011-04-22 11:47:00,2011-04-22 12:07:00,3,3.52,-73.977172,40.75171,1.0,,-73.962927,40.776612,CSH,12.5,0.0,0.5,0.0,0.0,13.0
VTS,2013-03-17 13:50:00,2013-03-17 13:59:00,1,1.69,-73.98332,40.759348,1.0,,-73.98965,40.75144,CRD,8.0,0.0,0.5,2.4,0.0,10.9
1,2015-11-07 12:45:38,2015-11-07 12:49:56,2,0.8,-73.96892547607422,40.75442123413086,1.0,N,-73.97660827636719,40.7452507019043,1,5.0,0.0,0.5,1.0,0.0,0.3
2,2015-11-03 00:34:52,2015-11-03 00:43:21,4,1.79,-73.97137451171875,40.76177978515625,1.0,N,-73.99150848388672,40.74721145629883,2,8.5,0.5,0.5,0.0,0.0,0.3
CMT,2012-08-25 18:23:46,2012-08-25 18:40:04,1,4.3,-74.015988,40.711436,1.0,N,-73.990152,40.723515,CRD,14.1,0.0,0.5,2.0,0.0,16.6
CMT,2012-01-19 15:25:41,2012-01-19 15:30:36,1,0.6,-73.981046,40.77464,1.0,N,-73.979935,40.767225,CSH,4.5,0.0,0.5,0.0,0.0,5.0
1,2016-05-19 19:27:25,2016-05-19 19:32:53,1,0.6,-73.96318054199219,40.77256393432617,1.0,N,-73.97065734863281,40.76750564575195,1,5.5,1.0,0.5,1.45,0.0,0.3
VTS,2012-05-01 22:42:00,2012-05-01 22:53:00,1,5.53,-73.954353,40.773097,1.0,,-73.987682,40.716317,CRD,14.1,0.5,0.5,2.92,0.0,18.02
VTS,2009-08-17 19:16:00,2009-08-17 19:35:00,5,1.8,-73.964403,40.76021,,,-73.981412,40.746975,Credit,10.9,1.0,,2.0,0.0,13.9
VTS,2011-06-11 20:10:00,2011-06-11 20:34:00,1,6.87,-73.972778,40.78562,1.0,,-74.013922,40.707292,CRD,19.3,0.5,0.5,5.0,0.0,25.3
VTS,2013-07-29 09:33:00,2013-07-29 09:42:00,1,0.93,-73.984762,40.761952,1.0,,-73.9827,40.756747,CSH,7.0,0.0,0.5,0.0,0.0,7.5
VTS,2010-01-18 17:57:00,2010-01-18 18:22:00,1,7.3,-73.901723,40.754187,1.0,,-73.902013,40.740743,Cre,19.3,0.0,0.5,3.86,0.0,23.66
VTS,2014-10-17 08:33:00,2014-10-17 08:43:00,1,0.5,-74.017215,40.708477,1.0,,-74.013585,40.713902,CRD,7.5,0.0,0.5,1.0,0.0,9.0
CMT,2014-04-16 11:17:36,2014-04-16 11:21:57,1,0.6,-73.958064,40.768606,1.0,N,-73.962213,40.774601,CSH,5.0,0.0,0.5,0.0,0.0,5.5
CMT,2010-11-13 10:31:11,2010-11-13 10:41:07,2,1.2,-73.980495,40.75322,1.0,N,-73.974843,40.741872,CSH,7.3,0.0,0.5,0.0,0.0,7.8
VTS,2010-07-01 15:34:00,2010-07-01 15:39:00,1,0.87,-74.007003,40.735067,1.0,,-73.995837,40.738697,CAS,4.9,0.0,0.5,0.0,0.0,5.4
VTS,2009-03-22 18:21:00,2009-03-22 18:53:00,5,8.68,-74.0081,40.705028,,,-73.956642,40.802518,CASH,25.3,0.0,,0.0,0.0,25.3
CMT,2009-09-01 11:13:44,2009-09-01 11:21:14,1,1.4,-73.952291,40.786639,,0,-73.939022,40.804829,Cash,6.5,0.0,,0.0,0.0,6.5
VTS,2013-08-18 04:35:00,2013-08-18 04:44:00,5,4.03,-73.985655,40.741195,1.0,,-73.947062,40.787322,CSH,12.5,0.5,0.5,0.0,0.0,13.5
CMT,2014-08-06 18:21:25,2014-08-06 18:32:56,1,4.8,-73.788047,40.64178,1.0,N,-73.743462,40.639726,CSH,15.5,1.0,0.5,0.0,0.0,17.0
VTS,2011-03-06 12:20:00,2011-03-06 12:27:00,1,0.0,-73.982262,40.73166,1.0,,-73.954098,40.766943,CSH,5.3,0.0,0.5,0.0,0.0,5.8
VTS,2009-09-11 17:40:00,2009-09-11 17:50:00,1,0.68,-73.977422,40.764632,,,-73.974655,40.75649,CASH,6.5,1.0,,0.0,0.0,7.5
2,2015-05-01 21:24:45,2015-05-01 21:44:40,1,3.69,-73.98896789550781,40.7217903137207,1.0,N,-73.9554672241211,40.7684326171875,1,16.5,0.5,0.5,2.0,0.0,0.3
CMT,2014-10-01 20:06:34,2014-10-01 20:17:17,1,1.4,-73.994065,40.745925,1.0,N,-73.97869,40.734429,CSH,8.5,0.5,0.5,0.0,0.0,9.5
VTS,2013-05-17 19:54:00,2013-05-17 20:23:00,1,3.54,-73.997015,40.714712,1.0,,-73.991395,40.75525,CSH,20.0,1.0,0.5,0.0,0.0,21.5
1,2015-06-12 09:25:41,2015-06-12 09:26:58,1,0.0,-73.47868347167969,40.773231506347656,5.0,N,-73.4786376953125,40.77320098876953,2,135.0,0.0,0.0,0.0,0.0,0.3
1,2015-11-04 03:22:37,2015-11-04 03:47:23,2,13.1,-73.97718048095703,40.7500114440918,1.0,N,-73.88325500488281,40.879390716552734,1,37.0,0.5,0.5,11.49,0.0,0.3
VTS,2012-02-05 13:58:00,2012-02-05 14:14:00,5,5.27,-73.990242,40.72915,1.0,,-73.977082,40.787848,CRD,14.1,0.0,0.5,2.82,0.0,17.42
1,2016-06-19 16:19:12,2016-06-19 16:32:02,1,2.1,-73.97471618652344,40.76176452636719,1.0,N,-73.99851989746094,40.74345397949219,1,10.5,0.0,0.5,2.26,0.0,0.3
CMT,2012-01-31 01:35:35,2012-01-31 01:42:38,2,1.4,-73.974287,40.686199,1.0,N,-73.954377,40.69306,CSH,6.5,0.5,0.5,0.0,0.0,7.5
VTS,2013-02-04 23:50:00,2013-02-05 00:11:00,1,12.46,-74.015392,40.710567,1.0,,-73.870745,40.738045,CRD,35.0,0.5,0.5,5.0,4.8,45.8
CMT,2012-02-05 01:22:55,2012-02-05 01:33:36,1,2.2,-73.966929,40.804142,1.0,N,-73.953677,40.782072,CRD,8.9,0.5,0.5,1.1,0.0,11.0
VTS,2013-09-07 01:00:00,2013-09-07 01:13:00,4,0.86,-73.98544,40.717915,1.0,,-73.993105,40.722397,CRD,9.0,0.5,0.5,1.0,0.0,11.0
VTS,2014-12-15 07:42:00,2014-12-15 07:47:00,1,0.9,-73.981463,40.778885,1.0,,-73.975037,40.785215,CSH,5.5,0.0,0.5,0.0,0.0,6.0
VTS,2013-01-03 23:45:00,2013-01-04 00:01:00,3,2.89,-73.954245,40.764262,1.0,,-73.965147,40.76641,CSH,11.0,0.5,0.5,0.0,0.0,12.0
VTS,2011-04-22 16:20:00,2011-04-22 16:35:00,1,2.64,-73.95244,40.776912,1.0,,-73.982022,40.760852,CSH,10.5,1.0,0.5,0.0,0.0,12.0
2,2015-04-16 21:05:42,2015-04-16 21:18:26,1,2.47,-73.9503402709961,40.78481674194336,1.0,N,-73.97344970703125,40.75942611694336,1,10.5,0.5,0.5,1.77,0.0,0.3
CMT,2013-02-10 11:18:58,2013-02-10 11:32:23,1,2.8,-73.974125,40.760206,1.0,N,-74.007493,40.748067,CRD,12.0,0.0,0.5,2.5,0.0,15.0
1,2015-09-09 20:34:30,2015-09-09 20:42:47,1,1.0,-73.99125671386719,40.717247009277344,1.0,N,-73.98106384277344,40.72111892700195,2,7.0,0.5,0.5,0.0,0.0,0.3
VTS,2011-10-29 22:18:00,2011-10-29 22:33:00,3,2.77,-73.946017,40.714297,1.0,,-73.941672,40.725552,CSH,10.5,0.5,0.5,0.0,0.0,11.5
VTS,2013-11-21 22:32:00,2013-11-21 22:42:00,1,2.72,-73.976938,40.756552,1.0,,-73.944712,40.75237,CRD,11.0,0.5,0.5,0.0,0.0,12.0
CMT,2009-12-09 05:34:09,2009-12-09 05:48:22,1,3.8,-73.926281,40.765673,,0,-73.980047,40.75877,Credit,12.1,0.5,0.5,2.62,0.0,15.72
VTS,2012-02-26 13:57:00,2012-02-26 14:02:00,1,1.62,-73.983748,40.738285,1.0,,-73.971417,40.755037,CRD,6.1,0.0,0.5,1.52,0.0,8.12
CMT,2009-12-29 07:45:52,2009-12-29 07:53:55,1,1.3,-73.961056,40.760904,,0,-73.981953,40.766715,Credit,6.5,0.0,0.5,1.0,0.0,8.0
VTS,2011-04-07 00:11:00,2011-04-07 00:31:00,2,6.46,-74.00636,40.733433,1.0,,-73.951162,40.802627,CRD,16.5,0.5,0.5,3.0,0.0,20.5
VTS,2009-03-14 22:16:00,2009-03-14 22:39:00,1,6.8,-73.976535,40.785068,,,-73.988445,40.722978,CASH,19.7,0.5,,0.0,0.0,20.2
VTS,2011-12-19 03:21:00,2011-12-19 03:28:00,2,1.54,-74.008055,40.741932,1.0,,-74.008772,40.727405,CRD,6.5,0.5,0.5,3.0,0.0,10.5
CMT,2011-09-27 12:05:16,2011-09-27 12:12:11,1,0.5,-74.004142,40.738172,1.0,N,-73.996085,40.738808,CSH,5.3,0.0,0.5,0.0,0.0,5.8
VTS,2012-10-16 21:38:00,2012-10-16 21:48:00,1,1.41,-73.993425,40.746757,1.0,,-73.986232,40.7631,CSH,8.0,0.5,0.5,0.0,0.0,9.0
CMT,2010-08-28 22:40:33,2010-08-28 22:47:36,3,1.1,-73.990542,40.728517,1.0,N,-73.980041,40.742973,CRD,5.7,0.5,0.5,1.0,0.0,7.7
CMT,2013-09-18 23:46:55,2013-09-19 00:15:05,1,6.4,-73.988682,40.741077,1.0,N,-73.963985,40.679068,CSH,23.5,0.5,0.5,0.0,0.0,24.5
CMT,2010-02-03 21:05:11,2010-02-03 21:13:55,1,1.7,-73.992091,40.741837,1.0,1,-74.000311,40.721524,CRE,7.3,0.5,0.5,1.0,0.0,9.3
CMT,2009-12-16 18:26:28,2009-12-16 18:34:38,1,1.2,-74.000129,40.733049,,0,-73.988023,40.724016,Credit,6.5,1.0,0.5,1.2,0.0,9.2
VTS,2013-11-19 13:20:00,2013-11-19 13:32:00,1,6.69,-74.015695,40.710362,1.0,,-73.95828,40.759982,CSH,20.0,0.0,0.5,0.0,0.0,20.5
2,2015-05-20 12:38:49,2015-05-20 12:47:15,5,1.4,-73.97667694091797,40.76024627685547,1.0,N,-73.9871597290039,40.742801666259766,1,7.5,0.0,0.5,1.66,0.0,0.3
2,2016-03-21 21:33:00,2016-03-21 21:57:27,2,9.86,-73.87295532226562,40.774085998535156,1.0,N,-73.97955322265625,40.776100158691406,1,29.5,0.5,0.5,5.25,5.54,0.3
CMT,2010-08-31 12:42:52,2010-08-31 12:45:44,1,1.1,-73.870606,40.773757,1.0,N,-73.971471,40.762699,CRD,4.5,0.0,0.5,0.5,0.0,5.5
CMT,2010-09-07 20:54:26,2010-09-07 20:58:30,1,0.6,-73.982488,40.731485,1.0,N,-73.980935,40.72897,CRD,4.5,0.5,0.5,1.5,0.0,7.0
1,2015-09-16 22:08:58,2015-09-16 22:15:58,1,1.7,-73.97447204589844,40.76205825805664,1.0,N,-73.95796203613281,40.78205871582031,1,8.0,0.5,0.5,1.85,0.0,0.3
VTS,2009-11-05 16:34:00,2009-11-05 16:44:00,1,1.23,-73.982062,40.773378,,,-73.964843,40.765002,CASH,6.9,1.0,0.5,0.0,0.0,8.4
CMT,2013-03-05 20:40:47,2013-03-05 20:44:12,1,0.8,-73.949243,40.713624,1.0,N,-73.941265,40.723526,CRD,5.0,0.5,0.5,1.8,0.0,7.8
1,2015-01-31 15:16:12,2015-01-31 15:27:00,1,1.9,-74.00867462158203,40.738868713378906,1.0,N,-73.9863510131836,40.757877349853516,1,9.5,0.0,0.5,2.05,0.0,0.3
VTS,2009-02-25 13:21:00,2009-02-25 13:49:00,2,17.22,-73.975677,40.73307,,,-73.776317,40.645763,Credit,45.0,0.0,,3.0,4.15,52.15
VTS,2010-05-16 01:20:00,2010-05-16 01:26:00,1,1.43,-74.002765,40.72328,1.0,,-74.004932,40.739805,CAS,5.7,0.5,0.5,0.0,0.0,6.7
VTS,2012-01-18 10:41:00,2012-01-18 10:56:00,1,2.31,-73.995097,40.739792,1.0,,-73.973352,40.753107,CRD,10.1,0.0,0.5,1.0,0.0,11.6
VTS,2011-09-15 00:13:00,2011-09-15 00:31:00,1,6.74,-74.0014,40.730948,1.0,,-73.96279,40.804348,CRD,16.5,0.5,0.5,3.0,0.0,20.5
CMT,2014-09-07 20:52:08,2014-09-07 21:04:28,1,2.9,-73.992702,40.742857,1.0,N,-74.007927,40.712303,CRD,11.0,0.5,0.5,1.5,0.0,13.5
1,2015-12-28 20:41:07,2015-12-28 20:49:19,1,1.5,-73.98213195800781,40.7684211730957,1.0,N,-73.9773941040039,40.78600311279297,1,7.5,0.5,0.5,1.75,0.0,0.3
CMT,2013-08-09 06:30:14,2013-08-09 06:38:25,1,2.0,-73.966202,40.764972,1.0,Y,-73.945293,40.779075,CSH,9.0,0.0,0.5,0.0,0.0,9.5
1,2015-06-06 11:49:37,2015-06-06 11:54:30,1,0.9,-73.9642105102539,40.770511627197266,1.0,N,-73.95177459716797,40.77445602416992,1,5.5,0.0,0.5,1.26,0.0,0.3
CMT,2012-08-29 13:45:28,2012-08-29 13:47:23,1,0.5,-73.990352,40.771932,1.0,N,-73.986351,40.767027,CSH,3.7,0.0,0.5,0.0,0.0,4.2
2,2016-01-20 10:58:47,2016-01-20 11:08:26,2,0.94,-73.9983901977539,40.73517990112305,1.0,N,-73.98973083496094,40.74713134765625,1,7.5,0.0,0.5,1.7,0.0,0.3
VTS,2010-12-30 11:46:00,2010-12-30 11:50:00,1,0.06,-73.983962,40.729507,1.0,,-73.991977,40.73443,CSH,4.5,0.0,0.5,0.0,0.0,5.0
CMT,2014-03-26 12:20:03,2014-03-26 12:25:46,1,1.3,-73.970829,40.763971,1.0,N,-73.956612,40.776452,CRD,6.0,0.0,0.5,1.95,0.0,8.45
2,2015-03-15 15:28:50,2015-03-15 15:57:36,2,6.45,-73.9773941040039,40.78464889526367,1.0,N,-74.0096664428711,40.710018157958984,2,24.0,0.0,0.5,0.0,0.0,0.3
CMT,2011-08-05 20:12:04,2011-08-05 20:24:03,2,3.3,-73.9742,40.7434,1.0,N,-73.9905,40.7177,CSH,10.9,0.5,0.5,0.0,0.0,11.9
VTS,2014-12-03 15:58:00,2014-12-03 16:04:00,1,0.61,-73.982628,40.727315,1.0,,-73.992235,40.730587,CRD,6.0,0.0,0.5,1.2,0.0,7.7
CMT,2009-05-03 00:45:35,2009-05-03 01:03:17,1,5.0,-74.000388,40.727102,,0,-73.954404,40.78426,Cash,14.9,0.0,,0.0,0.0,14.9
CMT,2010-02-13 21:24:08,2010-02-13 21:38:12,1,1.8,-73.984802,40.753759,1.0,0,-74.005264,40.740945,CRE,9.3,0.5,0.5,1.54,0.0,11.84
CMT,2010-01-03 14:47:38,2010-01-03 14:58:55,1,1.4,-73.981536,40.746702,1.0,0,-73.983211,40.759429,Cas,7.7,0.0,0.5,0.0,0.0,8.2
1,2016-02-28 17:02:18,2016-02-28 17:09:14,1,1.4,-73.96556091308594,40.79050064086914,1.0,N,-73.9810562133789,40.780887603759766,2,7.0,0.0,0.5,0.0,0.0,0.3
1,2015-01-31 19:57:58,2015-01-31 20:12:05,1,1.4,-73.98570251464844,40.73571014404297,1.0,N,-74.00475311279297,40.73048782348633,1,10.0,0.0,0.5,2.16,0.0,0.3
CMT,2014-05-27 22:14:26,2014-05-27 22:18:11,2,1.1,-74.003807,40.737572,1.0,N,-73.992567,40.745274,CSH,5.5,0.5,0.5,0.0,0.0,6.5
CMT,2011-07-27 22:35:21,2011-07-27 22:48:03,1,2.1,-74.011521,40.71565,1.0,N,-73.989421,40.72765,CSH,8.5,0.5,0.5,0.0,0.0,9.5
VTS,2010-06-05 03:32:00,2010-06-05 03:45:00,5,3.78,-74.003267,40.73272,1.0,,-73.96164,40.758648,Cre,11.3,0.5,0.5,1.2,0.0,13.5
VTS,2009-02-10 13:11:00,2009-02-10 13:21:00,3,1.91,-73.985613,40.727063,,,-74.00456,40.74171,CASH,7.7,0.0,,0.0,0.0,7.7
DDS,2009-12-21 15:46:18,2009-12-21 16:03:54,1,2.1,-73.98135,40.764155,,,-74.001153,40.736566,CREDIT,10.1,0.5,,2.65,0.0,13.25
1,2015-04-11 00:12:48,2015-04-11 00:32:32,4,1.3,-74.00335693359375,40.73318862915039,1.0,N,-73.9886474609375,40.722900390625,1,12.5,0.5,0.5,0.0,0.0,0.3
2,2016-04-10 00:41:38,2016-04-10 00:43:05,1,0.15,-73.98713684082031,40.75032043457031,1.0,N,-73.98609161376953,40.752220153808594,1,3.0,0.5,0.5,1.0,0.0,0.3
CMT,2009-09-11 16:20:15,2009-09-11 17:05:45,2,10.6,-73.87226,40.773845,,0,-73.981041,40.762552,Credit,31.7,0.0,,6.0,5.5,43.2
1,2015-08-30 03:34:27,2015-08-30 03:50:50,1,4.4,-73.96920013427734,40.761234283447266,1.0,N,-73.95708465576172,40.721107482910156,1,16.0,0.5,0.5,3.45,0.0,0.3
VTS,2013-01-16 01:37:00,2013-01-16 01:48:00,1,3.39,-73.997872,40.756865,1.0,,-73.954383,40.765665,CSH,12.5,0.5,0.5,0.0,0.0,13.5
CMT,2010-12-12 15:04:27,2010-12-12 15:13:45,3,0.5,-73.97589,40.765461,1.0,N,-73.977305,40.758743,CSH,6.1,0.0,0.5,0.0,0.0,6.6
VTS,2010-07-16 19:24:00,2010-07-16 19:34:00,1,2.39,-73.993085,40.730725,1.0,,-73.969452,40.751265,CAS,8.5,1.0,0.5,0.0,0.0,10.0
CMT,2011-01-21 10:03:53,2011-01-21 10:17:59,1,2.4,-74.007186,40.743475,1.0,N,-73.981343,40.766095,CRD,9.7,0.0,0.5,2.55,0.0,12.75
VTS,2014-03-31 15:07:00,2014-03-31 15:33:00,5,3.1,-73.96906,40.763535,1.0,,-74.003972,40.742037,CRD,17.5,0.0,0.5,3.0,0.0,21.0
CMT,2011-09-25 09:14:05,2011-09-25 09:23:49,1,3.1,-74.007958,40.711982,1.0,N,-73.987694,40.721904,CSH,10.1,0.0,0.5,0.0,0.0,10.6
CMT,2012-10-21 02:24:04,2012-10-21 02:32:02,2,2.9,-74.005277,40.741173,1.0,N,-73.980808,40.779627,CSH,10.5,0.5,0.5,0.0,0.0,11.5
VTS,2009-04-28 10:54:00,2009-04-28 10:58:00,1,0.85,-73.976788,40.755995,,,-73.969337,40.766583,CASH,4.5,0.0,,0.0,0.0,4.5
CMT,2009-02-22 09:37:05,2009-02-22 09:39:42,1,0.9,-73.964234,40.765358,,0,-73.952546,40.772348,Cash,4.5,0.0,,0.0,0.0,4.5
VTS,2009-06-10 19:48:00,2009-06-10 20:10:00,1,3.57,-73.975592,40.76493,,,-73.997347,40.722302,CASH,13.3,1.0,,0.0,0.0,14.3
CMT,2014-10-09 17:43:56,2014-10-09 17:50:04,3,1.5,-73.945943,40.777328,1.0,N,-73.958651,40.761503,CSH,7.0,1.0,0.5,0.0,0.0,8.5
CMT,2013-09-02 13:34:59,2013-09-02 13:44:13,1,3.0,-73.999456,40.72835,1.0,N,-73.969616,40.757439,CSH,11.0,0.0,0.5,0.0,0.0,11.5
VTS,2013-09-17 16:44:00,2013-09-17 17:03:00,1,3.28,-73.998557,40.722802,1.0,,-74.002402,40.755877,CSH,15.5,1.0,0.5,0.0,0.0,17.0
CMT,2014-09-15 22:59:07,2014-09-15 23:06:32,1,1.6,-73.98939,40.755608,1.0,N,-74.006589,40.738275,CSH,7.5,0.5,0.5,0.0,0.0,8.5
CMT,2012-08-25 19:51:22,2012-08-25 20:15:39,1,2.3,-73.989235,40.726258,1.0,N,-74.01172,40.70747,CRD,13.3,0.0,0.5,2.75,0.0,16.55
CMT,2014-06-08 20:20:28,2014-06-08 20:26:50,1,1.2,-74.001168,40.725987,1.0,N,-73.990853,40.733911,CRD,6.5,0.5,0.5,0.0,0.0,7.5
VTS,2009-02-27 19:12:00,2009-02-27 19:24:00,4,1.31,-73.991122,40.750473,,,-73.985182,40.762467,CASH,7.7,1.0,,0.0,0.0,8.7
VTS,2009-09-13 00:21:00,2009-09-13 00:32:00,1,1.76,-73.970662,40.752528,,,-73.986188,40.730762,CASH,7.7,0.5,,0.0,0.0,8.2
VTS,2010-08-05 11:27:00,2010-08-05 11:51:00,1,2.39,-73.947015,40.771953,1.0,,-73.9765,40.756245,CSH,13.7,0.0,0.5,0.0,0.0,14.2
CMT,2013-02-25 16:43:57,2013-02-25 16:47:50,1,0.7,-73.981555,40.779765,1.0,N,-73.984078,40.770035,CSH,5.0,1.0,0.5,0.0,0.0,6.5
1,2016-03-03 10:45:05,2016-03-03 10:52:06,1,0.9,-73.97716522216797,40.75032424926758,1.0,N,-73.9898681640625,40.75102233886719,1,6.5,0.0,0.5,1.2,0.0,0.3
VTS,2011-11-04 21:56:00,2011-11-04 22:08:00,1,1.84,-73.96556,40.759193,1.0,,-73.985938,40.744797,CSH,8.1,0.5,0.5,0.0,0.0,9.1
VTS,2009-05-28 23:35:00,2009-05-28 23:41:00,1,1.68,-73.998065,40.729202,,,-73.989338,40.740687,Credit,6.1,0.5,,1.4,0.0,8.0
VTS,2013-04-01 01:21:00,2013-04-01 01:32:00,2,4.16,-73.98233,40.76864,1.0,,-73.998825,40.71994,CRD,13.5,0.5,0.5,2.8,0.0,17.3
VTS,2013-09-14 23:36:00,2013-09-14 23:53:00,2,1.83,-73.9913,40.755527,1.0,,-74.005482,40.739302,CSH,12.5,0.5,0.5,0.0,0.0,13.5
2,2015-09-23 07:53:46,2015-09-23 08:10:24,1,2.95,-74.00650787353516,40.731956481933594,1.0,N,-73.97679901123047,40.76026916503906,1,13.0,0.0,0.5,2.76,0.0,0.3
CMT,2014-10-18 08:27:04,2014-10-18 08:38:14,1,1.4,-73.978858,40.736313,1.0,N,-73.991442,40.749193,CSH,9.0,0.0,0.5,0.0,0.0,9.5
CMT,2009-10-12 22:25:50,2009-10-12 22:27:45,1,0.7,-73.996152,40.753601,,0,-73.999363,40.744843,Cash,4.1,0.0,,0.0,0.0,4.1
VTS,2009-05-12 12:50:00,2009-05-12 12:58:00,6,1.58,-74.007267,40.743303,,,-73.993188,40.756413,Credit,6.5,0.0,,2.0,0.0,8.5
VTS,2012-02-14 16:43:00,2012-02-14 16:45:00,5,0.75,-73.967352,40.756372,1.0,,-73.974462,40.74818,CSH,3.7,1.0,0.5,0.0,0.0,5.2
CMT,2010-07-26 20:26:57,2010-07-26 20:35:18,1,3.4,-73.952892,40.768079,1.0,0,-73.977856,40.725431,Cre,10.1,0.5,0.5,1.0,0.0,12.1
VTS,2009-10-14 14:50:00,2009-10-14 15:03:00,4,2.61,-73.972487,40.748827,,,-73.954417,40.778538,Credit,9.3,0.0,,1.0,0.0,10.3
CMT,2012-07-22 11:45:21,2012-07-22 12:00:12,1,2.9,-73.977462,40.764424,1.0,N,-74.009175,40.747614,CRD,10.9,0.0,0.5,1.0,0.0,12.4
CMT,2014-09-18 21:44:11,2014-09-18 21:55:54,1,3.7,-73.963058,40.762351,1.0,N,-73.959533,40.729749,CSH,13.0,0.5,0.5,0.0,0.0,14.0
2,2016-06-07 13:56:48,2016-06-07 14:25:53,1,1.84,-73.96510314941406,40.760040283203125,1.0,N,-73.99115753173828,40.76029586791992,1,17.5,0.0,0.5,3.66,0.0,0.3
VTS,2010-01-30 19:54:00,2010-01-30 20:04:00,1,2.02,-73.958628,40.780807,1.0,,-73.984173,40.775578,Cre,8.1,0.0,0.5,2.0,0.0,10.6
CMT,2014-06-16 21:36:15,2014-06-16 21:47:18,1,1.7,-73.972057,40.75989,1.0,N,-73.992389,40.749193,CRD,9.0,0.5,0.5,1.5,0.0,11.5
VTS,2013-02-28 22:31:00,2013-02-28 22:39:00,1,1.1,-73.989147,40.726765,1.0,,-74.002552,40.724972,CSH,6.5,0.5,0.5,0.0,0.0,7.5
CMT,2014-03-29 23:10:25,2014-03-29 23:23:36,1,1.8,-73.983087,40.762778,1.0,N,-73.972258,40.765237,CSH,10.5,0.5,0.5,0.0,0.0,11.5
1,2015-11-03 21:48:12,2015-11-03 22:05:51,1,7.8,-73.87445068359375,40.77401351928711,1.0,N,-73.95325469970703,40.78841018676758,1,24.0,0.5,0.5,5.0,5.54,0.3
CMT,2014-03-15 00:23:22,2014-03-15 00:33:48,1,2.2,-73.983076,40.75728,1.0,N,-74.005916,40.742876,CRD,9.5,0.5,0.5,2.1,0.0,12.6
VTS,2010-07-04 09:47:00,2010-07-04 09:55:00,1,2.3,-73.985142,40.732473,1.0,,-73.991103,40.755642,CAS,8.1,0.0,0.5,0.0,0.0,8.6
VTS,2014-11-30 21:34:00,2014-11-30 21:42:00,1,2.54,-73.965965,40.759887,1.0,,-73.980552,40.730447,CSH,9.5,0.5,0.5,0.0,0.0,10.5
VTS,2014-04-10 14:15:00,2014-04-10 14:21:00,1,0.55,-73.988702,40.748752,1.0,,-73.981912,40.750392,CRD,5.5,0.0,0.5,1.1,0.0,7.1
CMT,2014-05-18 08:46:05,2014-05-18 08:54:57,1,1.3,-73.992062,40.74997,1.0,N,-73.980461,40.749348,CSH,8.0,0.0,0.5,0.0,0.0,8.5
1,2015-01-04 14:42:19,2015-01-04 14:45:13,1,0.6,-74.00292205810547,40.7604866027832,1.0,N,-73.99575805664062,40.76441955566406,2,4.5,0.0,0.5,0.0,0.0,0.0
VTS,2012-01-05 11:41:00,2012-01-05 12:01:00,5,6.93,-73.984047,40.7539,1.0,,-74.0129,40.714415,CRD,19.3,0.0,0.5,3.86,0.0,23.66
CMT,2010-09-21 09:27:21,2010-09-21 09:34:05,1,0.3,-73.991241,40.765903,1.0,N,-73.987022,40.762718,CRD,5.3,0.0,0.5,0.87,0.0,6.67
VTS,2010-06-06 02:45:00,2010-06-06 02:54:00,1,2.11,-74.000992,40.736493,1.0,,-73.974535,40.744778,CAS,7.7,0.5,0.5,0.0,0.0,8.7
VTS,2014-02-01 20:49:00,2014-02-01 21:06:00,1,1.53,-74.005598,40.728587,1.0,,-73.987787,40.721232,CRD,11.5,0.5,0.5,2.4,0.0,14.9
VTS,2014-12-11 16:05:00,2014-12-11 16:26:00,1,1.49,-73.986775,40.742592,1.0,,-73.976495,40.755912,CSH,11.0,1.0,0.5,0.0,0.0,12.5
VTS,2014-12-13 20:35:00,2014-12-13 20:52:00,1,3.6,-73.975572,40.745212,1.0,,-73.948443,40.777945,CSH,14.0,0.5,0.5,0.0,0.0,15.0
CMT,2011-05-11 21:15:57,2011-05-11 21:20:32,1,0.8,-73.961952,40.776465,1.0,N,-73.95114,40.778877,CRD,4.9,0.5,0.5,0.75,0.0,6.65
CMT,2009-05-15 09:28:14,2009-05-15 09:42:55,1,2.4,-74.001313,40.722502,,0,-73.98934,40.751395,Cash,9.7,0.0,,0.0,0.0,9.7
VTS,2012-09-11 11:46:00,2012-09-11 12:01:00,2,1.31,-74.01456,40.703532,1.0,,-74.006642,40.71173,CSH,10.0,0.0,0.5,0.0,0.0,10.5
CMT,2011-02-28 09:18:19,2011-02-28 09:22:08,1,0.9,-73.975889,40.752499,1.0,N,-73.98439,40.741039,CSH,4.5,0.0,0.5,0.0,0.0,5.0
VTS,2010-10-11 03:10:00,2010-10-11 03:21:00,5,3.17,-73.991063,40.72394,1.0,,-73.944377,40.702125,CRD,10.1,0.5,0.5,0.0,0.0,11.1
CMT,2014-03-07 19:16:27,2014-03-07 19:22:57,1,1.0,-74.002127,40.740276,1.0,N,-73.987821,40.735303,CRD,6.5,1.0,0.5,1.6,0.0,9.6
CMT,2012-02-25 19:19:06,2012-02-25 19:28:28,1,1.6,-73.988428,40.748656,1.0,N,-73.984721,40.767502,CSH,7.3,0.0,0.5,0.0,0.0,7.8
VTS,2012-09-02 00:37:00,2012-09-02 00:46:00,1,1.8,-73.940877,40.7925,1.0,,-73.96413,40.797552,CSH,7.3,0.5,0.5,0.0,0.0,8.3
VTS,2013-03-08 18:31:00,2013-03-08 18:51:00,1,2.86,-73.961207,40.801937,1.0,,-73.98525,40.775137,CRD,15.5,1.0,0.5,3.3,0.0,20.3
VTS,2010-02-18 16:45:00,2010-02-18 17:00:00,1,2.41,-73.959388,40.763212,1.0,,-73.987105,40.753878,CRD,9.7,1.0,0.5,2.0,0.0,13.2
CMT,2011-02-05 05:16:00,2011-02-05 05:32:42,1,8.8,-73.969172,40.754214,1.0,N,-73.872553,40.774408,CSH,20.9,0.5,0.5,0.0,4.8,26.7
CMT,2011-02-19 20:33:58,2011-02-19 21:06:08,1,8.0,-73.949662,40.785332,1.0,N,-73.966973,40.71419,CRD,23.7,0.5,0.5,4.94,0.0,29.64
VTS,2009-02-12 09:54:00,2009-02-12 09:58:00,1,1.03,-74.014248,40.716928,,,-74.007197,40.727297,CASH,4.9,0.0,,0.0,0.0,4.9
VTS,2012-05-24 20:40:00,2012-05-24 20:55:00,1,3.14,-73.981818,40.768377,1.0,,-73.947627,40.781172,CRD,10.9,0.5,0.5,2.1,0.0,14.0
VTS,2014-06-15 16:51:00,2014-06-15 17:10:00,1,3.65,-73.99668,40.725237,1.0,,-73.973517,40.763827,CSH,15.5,0.0,0.5,0.0,0.0,16.0
2,2016-04-26 15:11:53,2016-04-26 15:29:14,1,5.6,-73.87114715576172,40.77389907836914,1.0,N,-73.8772964477539,40.73305892944336,2,19.0,0.0,0.5,0.0,0.0,0.3
DDS,2009-03-09 23:00:14,2009-03-09 23:09:01,2,1.2,-74.001793,40.719453,,,-73.985519,40.727831,CASH,6.5,0.5,,0.0,0.0,7.0
2,2015-08-07 21:29:27,2015-08-07 21:32:41,2,0.52,-73.98359680175781,40.73801040649414,1.0,N,-73.98515319824219,40.7321891784668,1,4.0,0.5,0.5,0.5,0.0,0.3
VTS,2011-12-07 12:51:00,2011-12-07 12:57:00,1,1.0,-73.996012,40.753833,1.0,,-74.00598,40.743878,CRD,4.9,0.0,0.5,0.0,0.0,5.4
VTS,2010-06-11 12:18:00,2010-06-11 12:26:00,1,0.99,-74.010967,40.711552,1.0,,-74.000825,40.72317,CAS,6.1,0.0,0.5,0.0,0.0,6.6
2,2016-04-16 13:21:22,2016-04-16 13:25:44,1,1.02,-73.98682403564453,40.7256965637207,1.0,N,-73.97565460205078,40.733154296875,1,5.5,0.0,0.5,1.26,0.0,0.3
2,2015-04-07 17:07:18,2015-04-07 17:29:45,2,2.6,-73.98433685302734,40.767486572265625,1.0,N,-74.00654602050781,40.73569869995117,1,15.5,1.0,0.5,3.46,0.0,0.3
CMT,2012-06-19 17:19:25,2012-06-19 18:01:11,1,3.3,-73.982847,40.75416,1.0,N,-73.990191,40.756833,CSH,20.5,1.0,0.5,0.0,0.0,22.0
2,2016-05-08 11:51:58,2016-05-08 12:08:17,1,3.23,-73.98816680908203,40.731807708740234,1.0,N,-73.98104095458984,40.76790237426758,1,13.5,0.0,0.5,2.0,0.0,0.3
CMT,2013-09-18 13:43:45,2013-09-18 14:09:08,1,4.4,-74.011306,40.709278,1.0,N,-73.987215,40.756357,CSH,20.0,0.0,0.5,0.0,0.0,20.5
CMT,2010-12-10 17:45:10,2010-12-10 17:49:43,2,1.0,-73.987262,40.672621,1.0,N,-73.983775,40.684191,CSH,4.9,1.0,0.5,0.0,0.0,6.4
VTS,2012-10-05 11:26:00,2012-10-05 11:39:00,1,1.86,-73.98754,40.775568,1.0,,-73.996045,40.76413,CSH,10.0,0.0,0.5,0.0,0.0,10.5
VTS,2014-10-19 12:43:00,2014-10-19 12:57:00,2,3.12,-73.97838,40.74595,1.0,,-73.95875,40.78342,CRD,12.5,0.0,0.5,2.5,0.0,15.5
CMT,2010-03-02 08:37:55,2010-03-02 08:51:37,1,2.0,-73.975933,40.74462,1.0,0,-74.002236,40.740565,Cas,8.9,0.0,0.5,0.0,0.0,9.4
VTS,2013-10-24 11:32:00,2013-10-24 11:42:00,1,1.84,-73.985585,40.7784,1.0,,-74.00256,40.760655,CRD,9.0,0.0,0.5,1.8,0.0,11.3
VTS,2011-07-20 13:22:00,2011-07-20 14:14:00,1,16.77,-73.992397,40.740763,2.0,,-73.790067,40.643368,CSH,45.0,0.0,0.5,0.0,4.8,50.3
1,2016-04-07 19:15:52,2016-04-07 19:16:09,1,13.6,-74.0002212524414,40.71826934814453,1.0,N,-74.00030517578125,40.718353271484375,2,2.5,0.0,0.5,0.0,0.0,0.3
VTS,2009-09-19 22:09:00,2009-09-19 22:17:00,1,1.79,-73.99275,40.758295,,,-74.002255,40.737693,CASH,6.9,0.5,,0.0,0.0,7.4
VTS,2011-05-04 20:26:00,2011-05-04 20:39:00,5,1.94,-73.950458,40.779718,1.0,,-73.972142,40.764885,CRD,8.5,0.5,0.5,1.5,0.0,11.0
CMT,2011-07-29 07:37:51,2011-07-29 07:44:29,1,0.8,-73.98935,40.756425,1.0,N,-73.987902,40.751624,CRD,5.3,0.0,0.5,2.0,0.0,7.8
VTS,2011-08-02 19:13:00,2011-08-02 19:22:00,1,1.01,-73.990783,40.756288,1.0,,-73.978998,40.760838,CSH,6.1,1.0,0.5,0.0,0.0,7.6
CMT,2012-04-08 22:45:06,2012-04-08 22:49:15,1,1.2,-74.00424,40.751827,1.0,N,-73.991311,40.76519,CRD,5.3,0.5,0.5,1.26,0.0,7.56
VTS,2014-03-05 19:44:00,2014-03-05 19:45:00,1,0.15,-73.961357,40.755495,1.0,,-73.961357,40.755495,CSH,2.5,1.0,0.5,0.0,0.0,4.0
VTS,2011-10-30 20:14:00,2011-10-30 20:20:00,2,1.58,-73.957217,40.77438,1.0,,-73.966352,40.7893,CSH,6.5,0.5,0.5,0.0,0.0,7.5
CMT,2009-01-19 10:08:18,2009-01-19 10:13:20,1,0.8,-73.984307,40.765303,,,-73.993065,40.757918,Cash,4.9,0.0,,0.0,0.0,4.9
VTS,2010-11-11 14:37:00,2010-11-11 14:58:00,2,10.67,-73.969468,40.760992,1.0,,-73.864203,40.76986,CRD,24.1,0.0,0.5,4.82,4.57,33.99
2,2016-05-06 12:01:49,2016-05-06 12:06:23,5,0.69,-73.98662567138672,40.77935791015625,1.0,N,-73.9799575805664,40.78156280517578,1,5.0,0.0,0.5,1.16,0.0,0.3
VTS,2010-05-25 09:53:00,2010-05-25 10:13:00,1,1.53,-74.014522,40.710653,1.0,,-73.990082,40.767247,CAS,11.3,0.0,0.5,0.0,0.0,11.8
1,2015-01-20 09:21:36,2015-01-20 09:36:28,1,1.4,-73.99046325683594,40.75146484375,1.0,N,-73.98162078857422,40.761234283447266,1,10.5,0.0,0.5,2.25,0.0,0.3
VTS,2013-10-17 01:04:00,2013-10-17 01:14:00,5,3.65,-73.967763,40.762965,1.0,,-73.91227,40.762647,CSH,12.5,0.5,0.5,0.0,0.0,13.5
VTS,2013-01-10 21:12:00,2013-01-10 21:22:00,1,2.15,-73.99977,40.730287,1.0,,-73.991507,40.754357,CRD,9.5,0.5,0.5,2.0,0.0,12.5
VTS,2013-09-17 19:44:00,2013-09-17 20:15:00,5,15.82,-73.77677,40.645487,1.0,,-73.94834,40.721382,CRD,43.5,1.0,0.5,8.0,0.0,53.0
VTS,2009-02-17 01:23:00,2009-02-17 01:29:00,1,1.32,-73.991962,40.759348,,,-73.973893,40.74925,CASH,5.7,0.5,,0.0,0.0,6.2
VTS,2014-10-04 20:40:00,2014-10-04 21:04:00,6,8.47,-73.94775,40.770692,1.0,,-73.97204,40.69411,CSH,27.5,0.5,0.5,0.0,0.0,28.5
2,2015-08-21 20:15:13,2015-08-21 20:18:51,1,0.6,-73.9988021850586,40.73984146118164,1.0,N,-74.0069808959961,40.73435974121094,2,4.5,0.5,0.5,0.0,0.0,0.3
VTS,2012-02-27 13:01:00,2012-02-27 13:07:00,1,1.01,-73.967645,40.76011,1.0,,-73.955752,40.765875,CSH,5.3,0.0,0.5,0.0,0.0,5.8
2,2016-01-14 17:37:59,2016-01-14 17:57:38,5,4.05,-73.95218658447266,40.76625061035156,1.0,N,-73.99304962158203,40.736698150634766,1,16.5,1.0,0.5,2.0,0.0,0.3
CMT,2012-01-24 13:59:43,2012-01-24 14:02:34,1,0.5,-73.945672,40.790335,1.0,N,-73.951811,40.791301,CSH,3.7,0.0,0.5,0.0,0.0,4.2
VTS,2013-09-29 09:32:00,2013-09-29 09:37:00,2,0.79,-73.972442,40.762262,1.0,,-73.981552,40.768572,CSH,5.0,0.0,0.5,0.0,0.0,5.5
CMT,2011-01-18 10:20:01,2011-01-18 10:42:46,2,1.4,-73.971267,40.748138,1.0,N,-73.987305,40.760696,CRD,11.7,0.0,0.5,1.0,0.0,13.2
VTS,2011-03-08 18:49:00,2011-03-08 19:05:00,1,2.25,-73.970035,40.75694,1.0,,-73.972857,40.739273,CRD,10.1,1.0,0.5,3.0,0.0,14.6
CMT,2011-02-19 23:44:00,2011-02-19 23:49:06,1,1.3,-73.981478,40.740517,1.0,N,-73.981478,40.740517,CRD,5.3,0.5,0.5,1.26,0.0,7.56
VTS,2014-01-01 15:24:00,2014-01-01 15:32:00,1,2.0,-73.95662,40.77542,1.0,,-73.96542,40.77802,CRD,8.5,0.0,0.5,1.7,0.0,10.7
CMT,2009-09-18 01:09:47,2009-09-18 01:24:22,1,3.3,-73.98723,40.735876,,0,-73.985496,40.768718,Credit,11.3,0.0,,2.95,0.0,14.25
CMT,2010-07-27 19:37:01,2010-07-27 19:49:26,1,1.7,-73.978417,40.748407,1.0,0,-73.985774,40.763143,Cre,8.1,1.0,0.5,1.0,0.0,10.6
CMT,2012-02-17 11:39:30,2012-02-17 11:46:50,1,0.8,-73.965465,40.759383,1.0,N,-73.9772,40.75843,CSH,5.7,0.0,0.5,0.0,0.0,6.2
1,2015-05-24 02:29:31,2015-05-24 02:41:28,1,4.0,-73.91004180908203,40.769596099853516,1.0,N,-73.89610290527344,40.734771728515625,2,14.0,0.5,0.5,0.0,0.0,0.3
1,2015-11-30 22:06:57,2015-11-30 22:21:11,1,3.6,-73.98579406738281,40.731109619140625,1.0,N,-73.97362518310547,40.692134857177734,1,14.0,0.5,0.5,3.8,0.0,0.3
CMT,2012-12-02 09:13:27,2012-12-02 09:19:40,1,1.1,-73.953869,40.766622,1.0,N,-73.966535,40.759788,CRD,6.5,0.0,0.5,1.75,0.0,8.75
VTS,2009-02-09 17:46:00,2009-02-09 17:56:00,1,2.19,-74.008778,40.711222,,,-74.005805,40.74013,Credit,8.5,1.0,,1.0,0.0,10.5
1,2015-10-02 10:28:03,2015-10-02 10:44:04,1,1.2,-73.99464416503906,40.75048065185547,1.0,N,-73.9826889038086,40.76212692260742,1,11.0,0.0,0.5,2.35,0.0,0.3
1,2015-06-01 09:14:53,2015-06-01 09:34:14,1,8.4,-73.97264099121094,40.74932098388672,1.0,N,-73.87249755859375,40.77446365356445,1,25.0,0.0,0.5,1.0,5.54,0.3
VTS,2009-07-15 21:59:00,2009-07-15 22:26:00,5,10.78,-73.862865,40.768752,,,-73.978582,40.780452,Credit,26.5,0.5,,5.0,4.57,36.57
2,2016-06-09 08:29:22,2016-06-09 08:37:49,1,1.67,-73.94893646240234,40.78165054321289,1.0,N,-73.96703338623047,40.78834915161133,1,8.0,0.0,0.5,0.11,0.0,0.3
CMT,2009-10-08 20:24:24,2009-10-08 20:36:18,1,7.9,-73.872922,40.774297,,0,-73.977644,40.749822,Credit,18.9,0.0,,5.99,4.57,29.46
VTS,2011-12-10 23:17:00,2011-12-10 23:27:00,5,1.8,-74.00228,40.734507,1.0,,-74.009683,40.726115,CRD,7.3,0.5,0.5,1.7,0.0,10.0
VTS,2011-10-30 18:24:00,2011-10-30 18:35:00,5,1.65,-73.996265,40.737907,1.0,,-73.977345,40.750778,CSH,7.7,0.0,0.5,0.0,0.0,8.2
CMT,2012-07-18 20:53:17,2012-07-18 21:04:47,1,1.9,-73.988774,40.736676,1.0,N,-73.98844,40.757467,CSH,8.1,0.5,0.5,0.0,0.0,9.1
CMT,2009-09-13 15:47:39,2009-09-13 16:21:21,2,3.8,-73.972372,40.762025,,0,-74.000407,40.719532,Cash,18.1,0.0,,0.0,0.0,18.1
CMT,2010-06-12 04:52:30,2010-06-12 04:57:37,1,1.2,-73.97737,40.687439,1.0,0,-73.984565,40.701402,Cas,5.7,0.5,0.5,0.0,0.0,6.7
2,2016-01-17 23:23:10,2016-01-17 23:24:26,2,0.47,-73.99244689941406,40.75886535644531,1.0,N,-73.9959716796875,40.75386047363281,2,3.5,0.5,0.5,0.0,0.0,0.3
CMT,2011-05-16 08:13:49,2011-05-16 08:28:43,1,1.2,-73.95777,40.770434,1.0,N,-73.971421,40.760568,CRD,8.9,0.0,0.5,1.0,0.0,10.4
VTS,2013-10-24 15:15:00,2013-10-24 15:26:00,3,1.18,-73.98118,40.769212,1.0,,-73.973947,40.763252,CSH,8.5,0.0,0.5,0.0,0.0,9.0
VTS,2011-02-26 00:29:00,2011-02-26 00:47:00,5,4.54,-74.002712,40.739433,1.0,,-73.958188,40.775712,CRD,14.1,0.5,0.5,3.65,0.0,18.75
CMT,2009-06-24 21:01:41,2009-06-24 21:08:40,1,1.3,-74.001977,40.745946,,0,-73.985059,40.748464,Cash,6.1,0.0,,0.0,0.0,6.1
VTS,2009-07-24 18:11:00,2009-07-24 18:20:00,5,1.63,-73.992682,40.742727,,,-74.008643,40.745382,Credit,6.9,1.0,,1.0,0.0,8.9
CMT,2013-05-03 15:58:38,2013-05-03 16:04:09,1,0.4,-73.981049,40.760214,1.0,N,-73.975169,40.763623,CRD,5.0,1.0,0.5,1.3,0.0,7.8
CMT,2010-09-21 15:32:23,2010-09-21 15:45:53,1,2.1,-73.965378,40.79543,1.0,Y,-73.939914,40.805446,CRD,9.3,0.0,0.5,1.96,0.0,11.76
CMT,2014-05-23 11:53:19,2014-05-23 12:29:26,1,6.2,-73.961702,40.802458,1.0,N,-73.971863,40.743859,CSH,28.0,0.0,0.5,0.0,0.0,28.5
CMT,2013-09-17 15:25:50,2013-09-17 15:38:39,1,2.3,-74.016339,40.709811,1.0,N,-74.007681,40.743134,CSH,11.0,0.0,0.5,0.0,0.0,11.5
CMT,2010-01-03 12:02:25,2010-01-03 12:04:28,1,0.4,-73.994058,40.751437,1.0,0,-73.990569,40.756388,Cas,3.3,0.0,0.5,0.0,0.0,3.8
VTS,2009-06-12 13:25:00,2009-06-12 13:38:00,1,3.6,-73.992263,40.715157,,,-73.96062,40.761425,Credit,10.9,0.0,,2.0,0.0,12.9
CMT,2012-06-23 01:50:09,2012-06-23 01:58:25,1,1.6,-73.9838,40.743824,1.0,N,-73.968094,40.756324,CSH,6.9,0.5,0.5,0.0,0.0,7.9
CMT,2011-09-06 12:40:28,2011-09-06 12:49:01,4,0.6,-73.962205,40.779242,1.0,N,-73.965693,40.771844,CSH,5.7,0.0,0.5,0.0,0.0,6.2
CMT,2013-07-17 17:32:53,2013-07-17 17:55:04,1,1.5,-73.974099,40.750381,1.0,N,-73.982322,40.762263,CSH,14.0,1.0,0.5,0.0,0.0,15.5
1,2015-12-14 04:01:31,2015-12-14 04:13:06,3,3.5,-73.98787689208984,40.76509094238281,1.0,N,-73.9833984375,40.72834777832031,1,12.5,0.5,0.5,3.45,0.0,0.3
VTS,2013-03-11 09:28:00,2013-03-11 09:32:00,1,0.73,-73.98136,40.744255,1.0,,-73.990165,40.74189,CRD,5.0,0.0,0.5,1.0,0.0,6.5
2,2015-04-25 10:33:34,2015-04-25 10:52:33,1,4.49,-74.00684356689453,40.74391555786133,1.0,N,-73.9600830078125,40.7791633605957,1,16.0,0.0,0.5,3.36,0.0,0.3
CMT,2014-06-09 08:25:26,2014-06-09 08:56:10,1,7.5,-73.994873,40.689232,1.0,N,-73.966593,40.758275,CRD,25.5,0.0,0.5,5.2,0.0,31.2
2,2015-02-14 18:38:17,2015-02-14 18:42:30,5,1.09,-73.9759292602539,40.75767135620117,1.0,N,-73.96346282958984,40.769248962402344,2,5.5,0.0,0.5,0.0,0.0,0.3
VTS,2010-09-19 17:09:00,2010-09-19 17:27:00,1,2.45,-73.96654,40.76081,1.0,,-73.97044,40.761442,CSH,10.9,0.0,0.5,0.0,0.0,11.4
VTS,2013-04-01 18:59:00,2013-04-01 19:13:00,1,4.85,-74.006702,40.73133,1.0,,-73.975608,40.786785,CRD,16.5,1.0,0.5,3.25,0.0,21.25
CMT,2013-03-30 18:07:06,2013-03-30 18:17:51,1,2.5,-73.99966,40.733659,1.0,N,-74.017318,40.705002,CRD,10.5,0.0,0.5,2.75,0.0,13.75
VTS,2014-03-04 17:22:00,2014-03-04 17:24:00,1,0.39,-73.95881,40.772027,1.0,,-73.955428,40.776607,CRD,3.5,1.0,0.5,0.9,0.0,5.9
VTS,2011-12-27 11:47:00,2011-12-27 12:01:00,1,1.99,-73.981388,40.773565,1.0,,-73.970263,40.756043,CSH,9.3,0.0,0.5,0.0,0.0,9.8
CMT,2011-10-11 21:10:53,2011-10-11 21:13:38,1,1.0,-73.975398,40.787062,1.0,N,-73.966147,40.799836,CSH,4.5,0.5,0.5,0.0,0.0,5.5
CMT,2011-09-17 15:12:08,2011-09-17 15:52:20,1,5.1,-74.005551,40.738703,1.0,N,-73.955009,40.722406,CSH,22.9,0.0,0.5,0.0,0.0,23.4
2,2016-03-04 15:01:17,2016-03-04 15:07:08,1,1.06,-73.99092864990234,40.749420166015625,1.0,N,-73.97808074951172,40.752769470214844,1,6.0,0.0,0.5,0.0,0.0,0.3
CMT,2014-08-21 10:10:25,2014-08-21 10:18:48,2,1.0,-73.981316,40.780841,1.0,N,-73.971755,40.785324,CRD,7.5,0.0,0.5,1.6,0.0,9.6
CMT,2012-03-07 17:45:40,2012-03-07 18:11:47,1,3.0,-73.97642,40.790497,1.0,N,-73.975282,40.789862,CRD,14.5,1.0,0.5,2.0,0.0,18.0
VTS,2011-03-21 20:41:00,2011-03-21 21:00:00,1,6.99,-73.95523,40.820042,1.0,,-73.98007,40.745953,CRD,19.3,0.5,0.5,2.0,0.0,22.3
VTS,2009-09-11 20:55:00,2009-09-11 21:08:00,1,2.95,-73.98827,40.723422,,,-73.961522,40.716312,CASH,10.5,0.5,,0.0,0.0,11.0
CMT,2014-10-26 06:24:01,2014-10-26 06:32:50,1,2.8,-73.955896,40.776191,1.0,N,-73.952661,40.808087,CSH,11.0,0.0,0.5,0.0,0.0,11.5
VTS,2010-07-13 22:48:00,2010-07-13 22:50:00,1,0.51,-73.993093,40.762853,1.0,,-73.98867,40.769223,CAS,3.3,0.5,0.5,0.0,0.0,4.3
VTS,2011-09-17 15:10:00,2011-09-17 15:48:00,5,5.75,-73.974367,40.755078,1.0,,-73.956778,40.720738,CRD,22.9,0.0,0.5,0.0,0.0,23.4
CMT,2013-02-26 08:42:08,2013-02-26 08:47:51,1,1.1,-73.981563,40.783438,1.0,N,-73.969147,40.790219,CSH,6.0,0.0,0.5,0.0,0.0,6.5
VTS,2014-12-08 14:30:00,2014-12-08 14:40:00,2,1.33,-74.00534,40.737072,1.0,,-73.987802,40.74006,CSH,8.5,0.0,0.5,0.0,0.0,9.0
1,2016-06-25 21:35:16,2016-06-25 21:58:55,1,1.1,-73.98405456542969,40.754886627197266,1.0,N,-73.99563598632812,40.764404296875,1,14.5,0.5,0.5,3.15,0.0,0.3
VTS,2013-07-28 09:47:00,2013-07-28 10:05:00,1,2.02,-73.900462,40.74664,1.0,,-73.914248,40.756702,CSH,13.0,0.0,0.5,0.0,0.0,13.5
1,2016-04-06 21:52:26,2016-04-06 22:04:31,1,2.8,-74.01558685302734,40.714454650878906,1.0,N,-74.00016021728516,40.74356460571289,1,11.5,0.5,0.5,1.0,0.0,0.3
CMT,2013-08-21 18:02:14,2013-08-21 18:25:53,1,3.4,-73.999271,40.763724,1.0,N,-73.999202,40.724973,CSH,18.0,1.0,0.5,0.0,0.0,19.5
CMT,2011-08-22 04:16:50,2011-08-22 04:33:19,3,7.2,-74.00536,40.75114,1.0,N,-73.917186,40.773519,CRD,17.7,0.5,0.5,0.0,0.0,18.7
CMT,2011-12-11 22:02:16,2011-12-11 22:19:58,1,6.9,-74.005387,40.722184,1.0,N,-73.967721,40.802174,CRD,18.5,0.5,0.5,3.9,0.0,23.4
CMT,2009-07-26 20:59:24,2009-07-26 21:10:31,1,2.3,-73.979699,40.735084,,0,-74.009761,40.73464,Credit,8.5,0.0,,1.8,0.0,10.3
VTS,2010-06-03 20:48:00,2010-06-03 20:58:00,1,1.53,-73.99051,40.744145,1.0,,-74.008475,40.736498,Cre,6.9,0.5,0.5,1.1,0.0,9.0
VTS,2014-01-08 13:32:00,2014-01-08 13:52:00,1,1.27,-73.978505,40.738507,1.0,,-73.991652,40.748925,CSH,13.0,0.0,0.5,0.0,0.0,13.5
VTS,2014-02-12 22:55:00,2014-02-12 23:17:00,1,4.02,-73.984423,40.74288,1.0,,-73.982712,40.693577,CSH,17.5,0.5,0.5,0.0,0.0,18.5
CMT,2010-09-25 00:02:30,2010-09-25 00:08:34,1,1.6,-73.981373,40.784042,1.0,N,-73.99648,40.763507,CSH,6.5,0.5,0.5,0.0,0.0,7.5
2,2015-08-05 17:49:04,2015-08-05 18:15:31,2,2.58,-73.97042083740234,40.76144027709961,1.0,N,-73.9865951538086,40.7313232421875,1,17.0,1.0,0.5,2.0,0.0,0.3
VTS,2013-10-12 13:27:00,2013-10-12 13:35:00,2,1.2,-73.98599,40.738402,1.0,,-73.98563,40.726325,CRD,6.5,0.0,0.5,1.3,0.0,8.3
1,2016-06-05 21:21:53,2016-06-05 21:28:25,2,1.7,-73.97404479980469,40.78395462036133,1.0,N,-73.99156951904297,40.76725387573242,1,7.5,0.5,0.5,1.75,0.0,0.3
1,2016-03-02 08:05:39,2016-03-02 08:13:52,2,1.0,-73.95487976074219,40.76718521118164,1.0,N,-73.96839141845703,40.76477813720703,1,7.5,0.0,0.5,1.25,0.0,0.3
VTS,2012-03-29 21:23:00,2012-03-29 21:33:00,1,2.74,-73.9862,40.767365,1.0,,-73.958017,40.781812,CSH,8.9,0.5,0.5,0.0,0.0,9.9
CMT,2014-12-04 22:40:22,2014-12-04 22:45:27,1,0.9,-73.974782,40.761677,1.0,N,-73.975412,40.7522,CRD,5.5,0.5,0.5,1.3,0.0,7.8
2,2015-09-03 14:12:49,2015-09-03 14:43:40,6,3.22,-73.95272064208984,40.77846908569336,1.0,N,-73.987548828125,40.75080108642578,1,20.0,0.0,0.5,6.24,0.0,0.3
VTS,2009-12-25 13:05:00,2009-12-25 13:16:00,5,2.7,-73.977468,40.758293,,,-74.005395,40.748308,CASH,8.9,0.0,0.5,0.0,0.0,9.4
DDS,2010-07-12 18:16:38,2010-07-12 18:27:36,1,1.4,-73.987367,40.75063,1.0,,-73.967705,40.76159,CAS,6.5,1.0,0.5,0.0,0.0,8.0
CMT,2011-01-26 08:09:05,2011-01-26 08:29:39,1,3.3,-74.006248,40.734219,1.0,N,-73.971155,40.761179,CSH,12.5,0.0,0.5,0.0,0.0,13.0
VTS,2014-11-01 02:23:00,2014-11-01 02:28:00,1,0.72,-73.98268,40.738962,1.0,,-73.989617,40.730147,CRD,5.5,0.5,0.5,1.2,0.0,7.7
1,2015-12-17 18:20:16,2015-12-17 18:31:51,1,1.6,-73.97547149658203,40.78804016113281,1.0,N,-73.94937133789062,40.776737213134766,2,9.5,1.0,0.5,0.0,0.0,0.3
CMT,2011-03-07 09:42:55,2011-03-07 09:51:22,1,0.8,-73.987566,40.765284,1.0,N,-73.987501,40.756345,CSH,6.1,0.0,0.5,0.0,0.0,6.6
VTS,2012-12-20 07:41:00,2012-12-20 08:04:00,6,3.63,-73.965022,40.796175,1.0,,-73.966048,40.758742,CSH,17.0,0.0,0.5,0.0,0.0,17.5
VTS,2009-11-30 11:11:00,2009-11-30 11:30:00,1,2.23,-73.965412,40.768997,,,-73.990732,40.750968,CASH,11.3,0.0,0.5,0.0,0.0,11.8
CMT,2013-04-01 22:11:51,2013-04-01 22:17:22,1,1.0,-73.933382,40.737434,1.0,N,-73.985442,40.759341,CRD,6.0,0.5,0.5,1.75,0.0,8.75
VTS,2010-08-31 13:33:00,2010-08-31 13:49:00,1,1.42,-73.948819,40.80925,1.0,,-73.954603,40.820606,CSH,8.9,0.0,0.5,0.0,0.0,9.4
CMT,2011-05-29 00:40:04,2011-05-29 00:52:20,2,5.3,-73.975101,40.792522,1.0,N,-73.929305,40.848702,CSH,14.1,0.5,0.5,0.0,0.0,15.1
CMT,2011-04-21 15:21:15,2011-04-21 15:37:04,3,1.7,-73.99248,40.755016,1.0,N,-73.96793,40.759557,CSH,9.7,0.0,0.5,0.0,0.0,10.2
VTS,2013-08-22 20:01:00,2013-08-22 20:08:00,3,1.64,-73.97069,40.764685,1.0,,-73.951882,40.773027,CSH,7.5,0.5,0.5,0.0,0.0,8.5
VTS,2011-04-23 15:56:00,2011-04-23 16:05:00,1,1.48,-73.970152,40.761463,1.0,,-73.988793,40.757662,CSH,6.5,0.0,0.5,0.0,0.0,7.0
VTS,2010-03-26 23:07:00,2010-03-26 23:13:00,1,1.04,-74.009248,40.722047,1.0,,-74.001435,40.730933,CSH,5.3,0.5,0.5,0.0,0.0,6.3
VTS,2009-04-11 16:40:00,2009-04-11 17:23:00,4,18.87,-73.811015,40.6699,,,-73.857562,40.81728,Credit,45.0,0.0,,10.0,4.15,59.15
CMT,2010-11-29 18:53:19,2010-11-29 18:58:34,1,0.8,-73.980134,40.782332,1.0,N,-73.988533,40.778563,CRD,4.9,1.0,0.5,1.0,0.0,7.4
CMT,2010-05-18 17:51:37,2010-05-18 18:06:52,1,2.6,-73.967145,40.761968,1.0,0,-73.983498,40.728416,Cre,10.5,1.0,0.5,1.8,0.0,13.8
2,2015-09-05 17:16:06,2015-09-05 17:28:41,2,1.86,-74.00666809082031,40.744327545166016,1.0,N,-73.98444366455078,40.754058837890625,2,10.0,0.0,0.5,0.0,0.0,0.3
VTS,2012-11-08 20:20:00,2012-11-08 20:24:00,2,1.11,-73.992225,40.764177,1.0,,-73.983808,40.776972,CRD,5.5,0.5,0.5,1.2,0.0,7.7
CMT,2009-02-06 19:10:25,2009-02-06 19:17:10,1,1.2,-73.960954,40.768992,,,-73.968053,40.755557,Cash,6.7,0.0,,0.0,0.0,6.7
VTS,2010-11-20 03:54:00,2010-11-20 03:54:00,2,0.0,-73.993065,40.725312,1.0,,-73.99303,40.725343,CSH,2.5,0.5,0.5,0.0,0.0,3.5
CMT,2009-03-05 21:53:18,2009-03-05 22:14:00,1,10.0,-73.862699,40.769036,,,-73.990196,40.732417,Credit,24.2,0.0,,7.08,4.15,35.43
DDS,2009-06-17 14:13:54,2009-06-17 14:17:21,1,0.5,-73.978128,40.786542,,,-73.982037,40.778936,CASH,4.1,0.0,,0.0,0.0,4.1
CMT,2009-10-12 15:16:49,2009-10-12 16:10:22,4,16.1,-73.9739,40.764222,,0,-74.183479,40.688132,Cash,59.1,0.0,,0.0,8.0,67.1
CMT,2011-10-10 15:39:56,2011-10-10 15:47:29,1,2.3,-74.006509,40.744608,1.0,N,-73.980796,40.759715,CSH,7.3,0.0,0.5,0.0,0.0,7.8
VTS,2012-03-30 19:58:00,2012-03-30 20:16:00,1,4.32,-73.984595,40.768297,1.0,,-73.988965,40.769252,CSH,14.5,1.0,0.5,0.0,0.0,16.0
CMT,2009-03-28 03:14:18,2009-03-28 03:31:24,1,2.6,-73.986383,40.739838,,0,-73.98712,40.729912,No Charge,11.8,0.0,,0.0,0.0,11.8
CMT,2011-02-24 08:45:41,2011-02-24 09:00:04,1,2.2,-73.95534,40.777058,1.0,N,-73.98205,40.769186,CRD,9.7,0.0,0.5,1.0,0.0,11.2
CMT,2010-03-16 12:41:10,2010-03-16 13:03:57,1,11.8,-73.865722,40.770899,1.0,0,-73.974743,40.749701,Cre,27.7,0.0,0.5,5.0,4.57,37.77
VTS,2014-08-22 14:11:00,2014-08-22 14:37:00,1,4.61,-74.016127,40.709927,1.0,,-73.980632,40.751025,CRD,19.5,0.0,0.5,3.9,0.0,23.9
CMT,2013-01-15 06:18:36,2013-01-15 06:25:41,1,1.2,-73.979193,40.754662,1.0,N,-73.992123,40.749384,CSH,7.0,0.0,0.5,0.0,0.0,7.5
VTS,2014-02-01 19:54:00,2014-02-01 20:02:00,1,1.1,-73.99905,40.74586,1.0,,-74.003435,40.732627,CSH,7.0,0.0,0.5,0.0,0.0,7.5
CMT,2010-06-18 10:08:32,2010-06-18 10:13:34,1,0.8,-73.979332,40.744264,1.0,0,-73.970802,40.752428,Cas,4.9,0.0,0.5,0.0,0.0,5.4
VTS,2012-05-13 23:10:00,2012-05-13 23:16:00,1,2.0,-73.986387,40.75237,1.0,,-73.98141,40.774122,CSH,6.5,0.5,0.5,0.0,0.0,7.5
VTS,2009-12-27 01:58:00,2009-12-27 02:14:00,3,4.09,-73.990268,40.725815,,,-73.9857,40.770495,CASH,12.5,0.5,0.5,0.0,0.0,13.5
CMT,2012-01-28 18:14:23,2012-01-28 18:20:52,3,1.3,-73.965327,40.755084,1.0,N,-73.960383,40.770424,CRD,6.1,0.0,0.5,1.0,0.0,7.6
VTS,2012-02-07 21:36:00,2012-02-07 21:52:00,1,8.65,-74.015337,40.714565,1.0,,-73.955895,40.778677,CRD,20.5,0.5,0.5,5.25,0.0,26.75
VTS,2012-10-17 14:50:00,2012-10-17 15:00:00,1,1.61,-73.9936,40.741675,1.0,,-73.98931,40.757745,CRD,8.0,0.0,0.5,1.5,0.0,10.0
2,2016-04-19 12:08:41,2016-04-19 12:20:39,5,1.47,-74.00169372558594,40.71732711791992,1.0,N,-73.97772216796875,40.71332550048828,2,9.0,0.0,0.5,0.0,0.0,0.3
VTS,2011-06-19 16:26:00,2011-06-19 16:36:00,4,3.91,-73.983645,40.741138,1.0,,-73.946033,40.78133,CSH,10.5,0.0,0.5,0.0,0.0,11.0
VTS,2013-04-17 10:23:00,2013-04-17 10:26:00,1,0.87,-73.99122,40.72988,1.0,,-74.000197,40.730282,CRD,4.5,0.0,0.5,1.12,0.0,6.12
2,2015-03-14 22:02:55,2015-03-14 22:05:52,1,0.66,-73.97412872314453,40.79158401489258,1.0,N,-73.97303771972656,40.79845428466797,2,4.5,0.5,0.5,0.0,0.0,0.3
2,2015-11-25 09:37:45,2015-11-25 09:43:37,1,0.88,-73.96623229980469,40.793399810791016,1.0,N,-73.97679901123047,40.787540435791016,1,5.5,0.0,0.5,1.58,0.0,0.3
CMT,2012-09-05 09:38:55,2012-09-05 10:02:25,2,12.0,-73.781928,40.644678,1.0,N,-73.87918,40.750375,CSH,34.5,0.0,0.5,0.0,0.0,35.0
2,2016-02-17 08:57:29,2016-02-17 09:02:40,1,1.05,-73.97721862792969,40.789695739746094,1.0,N,-73.97481536865234,40.77914047241211,1,5.5,0.0,0.5,1.58,0.0,0.3
CMT,2009-06-27 19:19:36,2009-06-27 19:28:58,1,1.0,-73.886007,40.77295,,0,-73.886076,40.772997,Cash,6.5,0.0,,0.0,0.0,6.5
CMT,2014-02-15 20:22:56,2014-02-15 20:31:04,1,1.8,-73.980138,40.760588,1.0,N,-74.000948,40.747203,CRD,8.0,0.5,0.5,2.25,0.0,11.25
VTS,2009-03-21 21:07:00,2009-03-21 21:14:00,1,1.57,-74.005282,40.719777,,,-74.015337,40.711143,Credit,6.9,0.5,,3.0,0.0,10.4
VTS,2014-06-16 22:19:00,2014-06-16 22:29:00,1,1.71,-74.00828,40.73761,1.0,,-74.00828,40.73761,CSH,8.0,0.5,0.5,0.0,0.0,9.0
VTS,2014-10-24 20:36:00,2014-10-24 20:53:00,6,3.22,-73.979877,40.780845,1.0,,-73.951292,40.779365,CSH,14.0,0.5,0.5,0.0,0.0,15.0
VTS,2010-03-15 17:55:00,2010-03-15 18:11:00,1,4.53,-74.001067,40.725743,1.0,,-73.954058,40.7703,CRD,12.9,1.0,0.5,2.0,0.0,16.4
VTS,2009-01-30 20:54:00,2009-01-30 21:06:00,1,2.08,-73.99733,40.761487,,,-73.993587,40.74142,CASH,8.5,0.5,,0.0,0.0,9.0
CMT,2011-10-29 07:29:12,2011-10-29 07:55:23,1,9.4,-73.983719,40.780659,1.0,N,-73.885187,40.770462,CRD,24.1,0.0,0.5,5.88,4.8,35.28
VTS,2012-09-12 22:49:00,2012-09-12 22:56:00,6,1.32,-73.983847,40.733862,1.0,,-73.983847,40.733862,CSH,7.5,0.5,0.5,0.0,0.0,8.5
CMT,2012-12-18 02:15:35,2012-12-18 02:31:19,1,10.2,-73.990146,40.761452,1.0,Y,-73.917831,40.88189,CRD,28.5,0.5,0.5,4.0,2.2,35.7
CMT,2009-05-11 14:22:50,2009-05-11 14:41:57,1,2.9,-73.955796,40.772477,,0,-73.982441,40.736439,Cash,11.7,0.0,,0.0,0.0,11.7
CMT,2010-02-13 11:38:34,2010-02-13 11:45:21,2,1.4,-73.990615,40.746036,1.0,0,-73.977853,40.763933,CAS,6.1,0.0,0.5,0.0,0.0,6.6
CMT,2011-06-19 12:47:36,2011-06-19 12:52:06,1,1.0,-73.992899,40.737198,1.0,N,-73.992192,40.747643,CSH,4.9,0.0,0.5,0.0,0.0,5.4
VTS,2011-10-14 10:42:00,2011-10-14 10:58:00,1,5.57,-73.974688,40.734032,1.0,,-73.961348,40.780342,CSH,15.7,0.0,0.5,0.0,0.0,16.2
CMT,2011-12-20 11:58:07,2011-12-20 12:05:44,1,1.3,-74.009036,40.713697,1.0,N,-74.00124,40.731687,CSH,6.5,0.0,0.5,0.0,0.0,7.0
1,2015-05-21 05:50:51,2015-05-21 06:01:17,1,2.7,-73.9906234741211,40.750701904296875,1.0,N,-73.9618148803711,40.77378845214844,2,10.5,0.0,0.5,0.0,0.0,0.3
CMT,2014-02-01 12:01:09,2014-02-01 12:07:38,1,1.0,-73.968,40.755672,1.0,N,-73.98064,40.752604,CRD,6.5,0.0,0.5,1.0,0.0,8.0
VTS,2009-07-24 12:17:00,2009-07-24 12:26:00,2,1.64,-73.999583,40.719335,,,-74.000643,40.73589,CASH,6.9,0.0,,0.0,0.0,6.9
CMT,2009-12-28 19:16:15,2009-12-28 19:35:59,1,6.3,-73.968014,40.753826,,0,-73.952737,40.824067,Cash,16.9,1.0,0.5,0.0,0.0,18.4
VTS,2014-11-19 12:13:00,2014-11-19 12:32:00,1,1.8,-73.972117,40.761692,1.0,,-73.949973,40.768002,CSH,12.5,0.0,0.5,0.0,0.0,13.0
VTS,2010-10-18 11:40:00,2010-10-18 11:47:00,1,1.22,-73.972818,40.764577,1.0,,-73.961237,40.777498,CSH,5.7,0.0,0.5,0.0,0.0,6.2
CMT,2011-04-13 18:58:40,2011-04-13 19:14:40,1,1.3,-73.978591,40.754156,1.0,N,-73.986708,40.766524,CSH,8.9,1.0,0.5,0.0,0.0,10.4
1,2015-12-17 20:28:05,2015-12-17 20:43:16,1,2.6,-74.0052490234375,40.72307586669922,1.0,N,-73.97686004638672,40.743648529052734,1,12.0,0.5,0.5,3.3,0.0,0.3
2,2015-02-04 08:18:02,2015-02-04 08:39:10,2,3.44,-73.980712890625,40.783111572265625,1.0,N,-73.99072265625,40.740169525146484,1,16.0,0.0,0.5,2.0,0.0,0.3
CMT,2013-02-28 22:29:40,2013-02-28 22:33:39,1,0.7,-73.991091,40.685783,1.0,N,-73.977807,40.68098,CSH,5.0,0.5,0.5,0.0,0.0,6.0
2,2016-01-30 21:07:42,2016-01-30 21:14:57,2,1.41,-73.98180389404297,40.77797317504883,1.0,N,-73.98416900634766,40.759971618652344,1,7.5,0.5,0.5,1.76,0.0,0.3
CMT,2010-01-13 08:11:43,2010-01-13 08:15:37,3,0.4,-73.993045,40.725291,1.0,0,-73.990444,40.731647,Cas,4.1,0.0,0.5,0.0,0.0,4.6
VTS,2012-03-20 19:59:00,2012-03-20 20:11:00,1,1.78,-73.99418,40.735262,1.0,,-73.98547,40.720017,CRD,8.1,1.0,0.5,1.82,0.0,11.42
CMT,2011-10-28 04:21:30,2011-10-28 04:28:21,1,1.9,-73.98127,40.765691,1.0,N,-73.97718,40.789809,CSH,7.3,0.5,0.5,0.0,0.0,8.3
VTS,2012-11-29 16:39:00,2012-11-29 16:51:00,1,2.53,-73.979967,40.770767,1.0,,-73.966602,40.801662,CSH,10.0,1.0,0.5,0.0,0.0,11.5
CMT,2009-06-05 14:42:05,2009-06-05 14:48:25,1,0.6,-73.965293,40.755119,,0,-73.959108,40.76363,Cash,4.9,0.0,,0.0,0.0,4.9
CMT,2014-03-14 20:47:25,2014-03-14 20:52:04,1,0.8,-73.981702,40.768877,1.0,N,-73.98978,40.774588,CRD,5.0,0.5,0.5,1.5,0.0,7.5
CMT,2011-08-30 18:50:25,2011-08-30 19:12:05,1,4.6,-73.954757,40.773871,1.0,N,-74.002412,40.729181,CRD,14.9,1.0,0.5,1.5,0.0,17.9
VTS,2012-04-23 20:44:00,2012-04-23 20:46:00,6,0.49,-73.999283,40.761327,1.0,,-73.994377,40.759525,CRD,3.7,0.5,0.5,0.84,0.0,5.54
VTS,2012-10-17 00:14:00,2012-10-17 00:28:00,2,3.33,-73.974377,40.758487,1.0,,-73.950557,40.7437,CRD,13.5,0.5,0.5,2.8,0.0,17.3
CMT,2012-12-03 12:06:29,2012-12-03 12:13:25,1,1.4,-73.957485,40.782886,1.0,N,-73.965038,40.766682,CSH,7.5,0.0,0.5,0.0,0.0,8.0
CMT,2009-05-17 22:26:24,2009-05-17 22:44:57,1,4.9,-74.009071,40.716335,,0,-73.962682,40.763104,Credit,14.5,0.0,,1.5,0.0,16.0
1,2015-10-18 15:36:48,2015-10-18 15:50:56,1,2.5,-73.98906707763672,40.777122497558594,1.0,N,-73.9901351928711,40.75175476074219,1,11.5,0.0,0.5,1.7,0.0,0.3
2,2015-06-25 00:13:17,2015-06-25 00:29:31,2,3.38,-73.98543548583984,40.73855209350586,1.0,N,-73.954833984375,40.77409744262695,2,14.0,0.5,0.5,0.0,0.0,0.3
CMT,2014-11-13 09:13:10,2014-11-13 09:37:38,1,3.0,-73.994,40.756542,1.0,N,-73.99818,40.722824,CSH,16.5,0.0,0.5,0.0,0.0,17.0
CMT,2009-01-12 19:45:44,2009-01-12 19:52:58,1,1.6,-73.981247,40.779206,,,-73.959427,40.776874,Credit,7.5,0.0,,1.0,0.0,8.5
CMT,2010-06-26 23:25:19,2010-06-26 23:41:30,1,2.3,-73.984224,40.751049,1.0,0,-73.991683,40.727169,Cas,10.1,0.5,0.5,0.0,0.0,11.1
CMT,2010-01-23 14:34:16,2010-01-23 14:42:53,1,2.3,-73.977064,40.758375,1.0,0,-73.954537,40.783718,Cas,8.1,0.0,0.5,0.0,0.0,8.6
VTS,2013-12-30 12:06:00,2013-12-30 12:43:00,2,18.52,-73.965697,40.80566,2.0,,-73.789638,40.642877,CRD,52.0,0.0,0.5,11.47,5.33,69.3
CMT,2014-09-03 07:21:41,2014-09-03 07:31:10,1,2.4,-74.00347,40.738692,1.0,N,-73.979053,40.75353,CRD,9.5,0.0,0.5,1.0,0.0,11.0
DDS,2010-07-13 17:34:53,2010-07-13 17:48:45,1,2.9,-73.989641,40.757374,1.0,,-73.968913,40.793376,CAS,10.1,1.0,0.5,0.0,0.0,11.6
CMT,2013-11-04 01:39:38,2013-11-04 01:48:12,1,1.9,-74.001223,40.731256,1.0,N,-73.97602,40.732619,CSH,8.5,0.5,0.5,0.0,0.0,9.5
2,2015-09-18 11:33:01,2015-09-18 11:53:17,1,2.72,-73.98377990722656,40.74091339111328,1.0,N,-74.00828552246094,40.71907424926758,1,14.5,0.0,0.5,1.8,0.0,0.3
CMT,2014-04-29 19:07:47,2014-04-29 19:15:23,2,1.6,-73.970676,40.759304,1.0,N,-73.954207,40.778348,CRD,7.5,1.0,0.5,1.8,0.0,10.8
VTS,2010-10-25 16:39:00,2010-10-25 16:44:00,1,1.08,-73.965098,40.763622,1.0,,-73.954777,40.777277,CRD,4.9,1.0,0.5,2.0,0.0,8.4
VTS,2012-02-20 17:15:00,2012-02-20 17:20:00,1,2.22,-73.965902,40.758537,1.0,,-73.98215,40.73175,CRD,6.9,0.0,0.5,1.38,0.0,8.78
CMT,2009-09-30 23:16:06,2009-09-30 23:27:30,4,1.9,-73.986409,40.722403,,0,-74.008225,40.738086,Cash,8.5,0.0,,0.0,0.0,8.5
VTS,2012-09-29 18:33:00,2012-09-29 18:33:00,5,0.0,-73.952333,40.786597,1.0,,-73.952333,40.786612,CSH,2.5,0.0,0.5,0.0,0.0,3.0
CMT,2014-11-02 11:50:45,2014-11-02 11:56:04,1,1.1,-74.00751,40.705158,1.0,N,-74.017787,40.709298,CRD,6.0,0.0,0.5,1.3,0.0,7.8
CMT,2009-02-13 22:43:59,2009-02-13 22:49:15,3,0.8999999999999999,-73.992345,40.733578,,0,-73.981226,40.738297,Cash,5.4,0.0,,0.0,0.0,5.4
1,2016-04-10 13:20:26,2016-04-10 13:31:46,1,1.7,-73.99036407470703,40.761558532714844,1.0,N,-73.98129272460938,40.74458694458008,1,9.5,0.0,0.5,2.05,0.0,0.3
VTS,2011-02-17 21:16:00,2011-02-17 21:33:00,4,3.0,-73.963333,40.808955,1.0,,-73.957727,40.781363,CRD,11.3,0.5,0.5,3.0,0.0,15.3
2,2016-01-27 18:57:13,2016-01-27 19:42:09,1,26.95,-73.98267364501953,40.76300811767578,5.0,N,-74.37964630126953,40.74531173706055,1,120.0,0.0,0.5,27.66,17.5,0.3
1,2015-11-14 23:27:12,2015-11-14 23:46:54,4,1.9,-73.98143005371094,40.743919372558594,1.0,N,-73.98613739013672,40.72207260131836,1,13.0,0.5,0.5,3.55,0.0,0.3
VTS,2014-01-01 12:16:00,2014-01-01 12:25:00,1,2.38,-73.968708,40.796647,1.0,,-73.95689,40.789265,CSH,10.0,0.0,0.5,0.0,0.0,10.5
2,2016-01-29 20:22:49,2016-01-29 20:40:41,1,2.7,-74.00332641601562,40.74273681640625,1.0,N,-73.9900894165039,40.77476119995117,1,13.5,0.5,0.5,3.7,0.0,0.3
VTS,2010-04-22 08:59:00,2010-04-22 09:06:00,1,1.17,-73.996872,40.742398,1.0,,-73.9821,40.74601,Cre,5.7,0.0,0.5,2.0,0.0,8.2
VTS,2013-09-01 15:14:00,2013-09-01 15:19:00,4,0.98,-73.975827,40.73541,1.0,,-73.978832,40.750812,CRD,6.0,0.0,0.5,1.5,0.0,8.0
CMT,2010-03-22 09:27:44,2010-03-22 09:34:29,1,1.2,-73.97148,40.79207,1.0,0,-73.953358,40.788431,Cre,6.1,0.0,0.5,0.99,0.0,7.59
CMT,2014-05-30 17:41:49,2014-05-30 17:52:06,3,1.5,-73.966874,40.788689,1.0,N,-73.981166,40.77051,CRD,9.0,1.0,0.5,2.1,0.0,12.6
CMT,2010-02-25 07:22:51,2010-02-25 07:48:36,1,7.9,-73.954991,40.820421,1.0,0,-73.983732,40.733873,CAS,21.3,0.0,0.5,0.0,0.0,21.8
1,2015-04-11 17:37:16,2015-04-11 17:57:17,1,4.5,-73.94136810302734,40.807525634765625,1.0,N,-73.98157501220703,40.75260543823242,1,17.0,0.0,0.5,2.0,0.0,0.3
VTS,2014-04-11 13:49:00,2014-04-11 13:52:00,1,0.32,-73.971705,40.794958,1.0,,-73.974812,40.79067,CSH,4.5,0.0,0.5,0.0,0.0,5.0
CMT,2009-10-21 07:42:53,2009-10-21 07:47:54,1,1.0,-73.980781,40.779823,,0,-73.970164,40.790623,Cash,4.9,0.0,0.0,0.0,0.0,4.9
VTS,2013-04-26 08:28:00,2013-04-26 08:44:00,1,1.63,-73.968267,40.755397,1.0,,-73.985877,40.741762,CRD,11.0,0.0,0.5,1.0,0.0,12.5
VTS,2013-08-22 17:40:00,2013-08-22 17:47:00,1,1.33,-73.990167,40.735247,1.0,,-74.003542,40.722597,CSH,7.0,1.0,0.5,0.0,0.0,8.5
VTS,2014-07-02 13:16:00,2014-07-02 13:24:00,1,0.92,-73.986215,40.743255,1.0,,-73.97764,40.75389,CRD,7.0,0.0,0.5,1.4,0.0,8.9
VTS,2013-02-05 06:23:00,2013-02-05 06:37:00,1,4.25,-73.99929,40.739157,1.0,,-73.955162,40.777687,CSH,14.5,0.0,0.5,0.0,0.0,15.0
CMT,2014-08-30 03:58:17,2014-08-30 04:20:14,1,7.7,-73.954546,40.773948,1.0,N,-73.861004,40.731208,CRD,25.0,0.5,0.5,5.2,0.0,31.2
CMT,2013-09-27 07:53:20,2013-09-27 08:03:07,3,1.4,-73.982083,40.771692,1.0,N,-73.972514,40.791001,CRD,8.5,0.0,0.5,1.8,0.0,10.8
VTS,2014-10-21 11:36:00,2014-10-21 11:41:00,1,1.59,-74.007523,40.725197,1.0,,-74.014477,40.71403,CRD,7.0,0.0,0.5,1.75,0.0,9.25
VTS,2012-06-16 14:35:00,2012-06-16 14:54:00,1,2.19,-74.000492,40.757762,1.0,,-73.98014,40.751625,CSH,10.9,0.0,0.5,0.0,0.0,11.4
VTS,2009-07-03 21:49:00,2009-07-03 22:00:00,1,4.6,-73.988563,40.722528,,,-73.94648,40.780705,Credit,11.7,0.5,,2.0,0.0,14.2
CMT,2012-12-23 14:27:14,2012-12-23 14:50:35,1,5.7,-73.992811,40.748805,1.0,Y,-73.963103,40.687033,CRD,21.5,0.0,0.5,2.0,0.0,24.0
2,2015-10-30 19:22:04,2015-10-30 20:10:09,1,16.95,-73.78386688232422,40.648712158203125,2.0,N,-73.97830200195312,40.76649475097656,2,52.0,0.0,0.5,0.0,0.0,0.3
CMT,2010-03-25 23:31:24,2010-03-25 23:52:01,2,10.1,-73.870971,40.77375,1.0,0,-74.005176,40.746245,Cas,24.1,0.5,0.5,0.0,4.57,29.67
VTS,2009-03-09 21:17:00,2009-03-09 21:27:00,1,2.86,-73.95656,40.771375,,,-73.9794,40.736367,CASH,8.9,0.5,,0.0,0.0,9.4
1,2015-12-24 11:30:27,2015-12-24 11:37:09,1,1.1,-73.97832489013672,40.7449951171875,1.0,N,-73.99016571044922,40.7344970703125,1,6.5,0.0,0.5,1.7,0.0,0.3
CMT,2013-12-29 04:31:39,2013-12-29 04:48:50,2,1.9,-74.008282,40.738114,5.0,N,-74.006589,40.740549,NOC,40.0,0.0,0.0,0.0,0.0,40.0
VTS,2012-09-09 03:00:00,2012-09-09 03:03:00,5,0.75,-73.998317,40.745145,1.0,,-73.9952,40.752967,CRD,4.5,0.5,0.5,1.0,0.0,6.5
1,2015-07-08 20:40:52,2015-07-08 20:51:26,1,3.0,-73.99659729003906,40.72549057006836,1.0,N,-73.9961929321289,40.69339370727539,1,11.0,0.5,0.5,3.07,0.0,0.3
CMT,2012-01-12 15:02:23,2012-01-12 15:09:47,3,1.4,-73.96265,40.799623,1.0,N,-73.976776,40.788178,CSH,6.5,0.0,0.5,0.0,0.0,7.0
CMT,2009-03-31 11:52:06,2009-03-31 12:09:44,2,2.0,-74.002861,40.72817,,0,-73.990603,40.753512,Cash,10.5,0.0,,0.0,0.0,10.5
VTS,2010-04-10 13:22:00,2010-04-10 13:50:00,5,10.32,-73.980458,40.764495,1.0,,-73.861733,40.768362,Cre,25.7,0.0,0.5,5.14,0.0,31.34
CMT,2011-10-16 06:43:00,2011-10-16 07:00:51,1,8.3,-73.97751,40.726231,1.0,N,-73.959403,40.815357,CRD,20.9,0.0,0.5,2.8,0.0,24.2
CMT,2012-01-31 09:17:13,2012-01-31 09:29:51,1,2.7,-73.990888,40.756071,1.0,N,-73.96079,40.778276,CSH,9.3,0.0,0.5,0.0,0.0,9.8
VTS,2013-07-29 18:38:00,2013-07-29 18:45:00,4,1.7,-73.968315,40.791872,1.0,,-73.953655,40.809345,CSH,7.5,1.0,0.5,0.0,0.0,9.0
CMT,2011-07-08 02:27:47,2011-07-08 02:37:43,1,3.8,-73.994583,40.741405,1.0,N,-73.976238,40.783889,CRD,10.5,0.5,0.5,1.5,0.0,13.0
VTS,2010-07-01 11:04:00,2010-07-01 11:15:00,5,1.15,-73.96597,40.753935,1.0,,-73.970495,40.763582,CAS,7.7,0.0,0.5,0.0,0.0,8.2
CMT,2010-04-12 22:25:12,2010-04-12 22:29:48,1,0.4,-73.964138,40.771368,1.0,0,-73.958358,40.772638,Cas,4.1,0.5,0.5,0.0,0.0,5.1
CMT,2014-12-13 00:15:29,2014-12-13 00:18:34,2,0.7,-74.007331,40.743426,1.0,N,-74.001805,40.751973,CSH,4.5,0.5,0.5,0.0,0.0,5.5
CMT,2014-01-12 13:17:39,2014-01-12 13:25:00,1,1.1,-73.987558,40.750058,1.0,N,-74.003122,40.75636,CSH,7.0,0.0,0.5,0.0,0.0,7.5
CMT,2009-06-04 10:18:43,2009-06-04 10:34:44,2,2.0,-74.008216,40.736934,,1,-73.986557,40.757601,Cash,9.7,0.0,,0.0,0.0,9.7
CMT,2011-03-12 03:54:08,2011-03-12 04:05:38,1,7.1,-73.952383,40.777496,1.0,N,-74.00592,40.706827,CRD,17.3,0.5,0.5,3.0,0.0,21.3
CMT,2009-10-11 00:51:05,2009-10-11 00:58:21,1,1.6,-73.991566,40.726832,,0,-73.976724,40.747772,Cash,6.5,0.0,,0.0,0.0,6.5
CMT,2010-12-15 18:15:44,2010-12-15 18:19:16,1,0.5,-73.976342,40.751713,1.0,Y,-73.97708,40.745187,CSH,4.1,1.0,0.5,0.0,0.0,5.6
VTS,2013-04-07 14:33:00,2013-04-07 14:55:00,1,9.05,-73.866135,40.771397,1.0,,-73.958405,40.789977,CRD,26.5,0.0,0.5,6.62,5.33,38.95
CMT,2009-09-28 06:16:07,2009-09-28 06:35:53,1,9.0,-73.970092,40.797085,,0,-73.870239,40.773182,Cash,22.1,0.0,,0.0,4.57,26.67
VTS,2010-05-28 05:10:00,2010-05-28 05:26:00,5,10.29,-73.971605,40.750032,1.0,,-73.872642,40.774463,Cre,23.7,0.5,0.5,4.84,5.5,35.04
VTS,2009-03-01 02:43:00,2009-03-01 02:58:00,2,3.3,-73.992902,40.757992,,,-73.953487,40.77106,Credit,10.9,0.5,,0.0,0.0,11.4
CMT,2010-06-07 20:28:27,2010-06-07 20:40:40,1,2.8,-73.974696,40.753869,1.0,0,-74.001196,40.726524,Cre,9.3,0.5,0.5,1.54,0.0,11.84
CMT,2014-12-21 03:15:27,2014-12-21 03:28:09,1,4.5,-74.004314,40.742467,1.0,N,-73.975562,40.792026,CSH,15.0,0.5,0.5,0.0,0.0,16.0
2,2015-04-16 20:31:28,2015-04-16 20:44:14,1,2.28,-73.98514556884766,40.75715637207031,1.0,N,-74.00852966308594,40.73289108276367,1,10.5,1.0,0.5,2.46,0.0,0.3
2,2015-04-27 08:03:46,2015-04-27 08:16:55,2,0.94,-74.00601959228516,40.70720672607422,1.0,N,-74.00619506835938,40.716941833496094,1,9.5,0.0,0.5,2.06,0.0,0.3
1,2015-01-05 06:32:45,2015-01-05 06:37:46,1,1.0,-73.97198486328125,40.76552200317383,1.0,N,-73.9786376953125,40.77328872680664,1,6.0,0.0,0.5,1.0,0.0,0.3
VTS,2014-04-09 19:53:00,2014-04-09 20:01:00,2,1.68,-73.9971,40.723597,1.0,,-74.007842,40.706447,CRD,7.5,1.0,0.5,1.0,0.0,10.0
2,2015-10-05 11:16:37,2015-10-05 11:30:44,2,1.53,-73.97441101074219,40.736759185791016,1.0,N,-73.98017120361328,40.753089904785156,1,10.0,0.0,0.5,2.16,0.0,0.3
CMT,2010-10-13 20:26:32,2010-10-13 20:35:34,2,1.8,-73.969771,40.753212,1.0,N,-73.990361,40.737159,CSH,7.3,0.5,0.5,0.0,0.0,8.3
1,2015-11-03 10:11:01,2015-11-03 10:13:29,1,0.5,-73.97256469726562,40.79104995727539,1.0,N,-73.9659423828125,40.795528411865234,1,4.0,0.0,0.5,0.2,0.0,0.3
1,2015-11-23 15:53:45,2015-11-23 16:28:23,1,9.9,-73.97439575195312,40.761505126953125,1.0,N,-73.91791534423828,40.87095260620117,2,33.0,0.0,0.5,0.0,0.0,0.3
2,2015-02-22 20:36:52,2015-02-22 20:56:18,2,7.41,-73.87097930908203,40.773799896240234,1.0,N,-73.95539093017578,40.805328369140625,1,23.0,0.5,0.5,5.0,5.33,0.3
VTS,2012-10-25 22:33:00,2012-10-25 22:43:00,1,2.58,-73.983732,40.746515,1.0,,-73.95889,40.772272,CRD,10.5,0.5,0.5,1.5,0.0,13.0
2,2016-05-14 14:16:38,2016-05-14 14:32:30,1,1.25,-73.98802185058594,40.73223876953125,1.0,N,-73.99663543701172,40.71538543701172,1,11.0,0.0,0.5,2.36,0.0,0.3
VTS,2011-05-25 14:56:00,2011-05-25 14:59:00,2,0.04,-73.976693,40.75928,1.0,,-73.982275,40.7566,CSH,3.7,0.0,0.5,0.0,0.0,4.2
VTS,2011-04-12 18:54:00,2011-04-12 19:01:00,1,0.09,-73.952095,40.781492,1.0,,-73.959715,40.773692,CSH,5.7,1.0,0.5,0.0,0.0,7.2
CMT,2013-09-25 08:41:41,2013-09-25 08:58:09,1,2.3,-73.967218,40.755936,1.0,N,-73.981128,40.771097,CSH,12.5,0.0,0.5,0.0,0.0,13.0
CMT,2012-08-03 15:15:37,2012-08-03 15:19:51,1,0.9,-73.98999,40.732569,1.0,N,-73.977891,40.734194,CSH,4.5,0.0,0.5,0.0,0.0,5.0
VTS,2009-10-11 20:19:00,2009-10-11 20:27:00,1,0.96,-73.992213,40.74868,,,-73.97938,40.74159,CASH,5.7,0.5,,0.0,0.0,6.2
CMT,2011-06-03 17:37:07,2011-06-03 17:54:19,0,2.9,-73.9871,40.7226,1.0,N,-73.9935,40.752,CRD,11.3,1.0,0.5,2.0,0.0,14.8
VTS,2012-01-31 23:16:00,2012-01-31 23:35:00,5,6.87,-73.999537,40.738657,1.0,,-73.907355,40.758137,CSH,17.7,0.5,0.5,0.0,0.0,18.7
1,2016-03-25 00:32:52,2016-03-25 01:01:00,1,6.0,-73.99608612060547,40.748409271240234,1.0,N,-73.91625213623047,40.76666259765625,1,22.5,0.5,0.5,4.75,0.0,0.3
CMT,2011-12-18 20:45:02,2011-12-18 20:50:56,1,2.0,-73.974509,40.763163,1.0,N,-73.979987,40.740811,CSH,6.5,0.5,0.5,0.0,0.0,7.5
VTS,2011-03-14 18:16:00,2011-03-14 18:25:00,5,1.51,-73.96252,40.773068,1.0,,-73.960842,40.757573,CRD,6.5,1.0,0.5,1.0,0.0,9.0
1,2015-04-21 18:08:19,2015-04-21 18:24:46,2,2.3,-73.95842742919922,40.77544403076172,1.0,N,-73.96854400634766,40.79646682739258,2,12.5,1.0,0.5,0.0,0.0,0.3
VTS,2011-02-18 08:39:00,2011-02-18 09:10:00,6,3.7,-73.97764,40.773825,1.0,,-74.006188,40.741277,CSH,16.9,0.0,0.5,0.0,0.0,17.4
1,2016-04-30 17:53:44,2016-04-30 17:58:02,1,0.8,-73.99333953857422,40.733299255371094,1.0,N,-73.99725341796875,40.724830627441406,1,5.0,0.0,0.5,1.15,0.0,0.3
CMT,2012-05-25 10:09:31,2012-05-25 10:33:26,1,3.0,-73.991357,40.729929,1.0,N,-73.985921,40.762055,CSH,13.7,0.0,0.5,0.0,0.0,14.2
2,2016-06-09 08:30:24,2016-06-09 08:40:53,2,1.37,-73.97046661376953,40.78394317626953,1.0,N,-73.95584869384766,40.77953338623047,1,8.5,0.0,0.5,2.32,0.0,0.3
VTS,2013-06-25 15:46:00,2013-06-25 15:53:00,1,0.96,-73.988145,40.74355,1.0,,-73.991427,40.73234,CSH,6.5,0.0,0.5,0.0,0.0,7.0
VTS,2014-07-03 15:10:00,2014-07-03 15:14:00,1,0.8,-73.977072,40.748117,1.0,,-73.968713,40.756555,CRD,5.0,0.0,0.5,2.0,0.0,7.5
CMT,2013-03-11 18:16:55,2013-03-11 18:20:38,1,0.9,-74.010032,40.720667,1.0,N,-74.016272,40.70923,CSH,5.5,1.0,0.5,0.0,0.0,7.0
CMT,2014-12-03 11:26:42,2014-12-03 11:35:18,1,1.0,-73.955639,40.776223,1.0,N,-73.962051,40.766328,CRD,7.0,0.0,0.5,1.87,0.0,9.37
VTS,2012-11-10 18:30:00,2012-11-10 18:37:00,1,1.16,-73.963945,40.806857,1.0,,-73.974762,40.817978,CSH,6.5,0.0,0.5,0.0,0.0,7.0
VTS,2014-03-06 18:50:00,2014-03-06 18:57:00,2,1.33,-73.984177,40.743162,1.0,,-73.99555,40.726935,CRD,7.0,1.0,0.5,1.6,0.0,10.1
VTS,2012-10-12 17:30:00,2012-10-12 17:53:00,2,3.15,-73.96255,40.79914,1.0,,-73.928653,40.829135,CRD,16.0,1.0,0.5,4.25,0.0,21.75
VTS,2012-09-04 23:17:00,2012-09-04 23:35:00,2,6.67,-73.984712,40.754962,1.0,,-73.94774,40.781325,CRD,20.5,0.5,0.5,4.2,0.0,25.7
VTS,2012-08-28 00:36:00,2012-08-28 00:38:00,4,0.9,-73.998122,40.72399,1.0,,-74.004345,40.716677,CSH,4.5,0.5,0.5,0.0,0.0,5.5
VTS,2009-07-31 08:30:00,2009-07-31 08:46:00,1,3.8,-73.926442,40.765633,,,-73.968212,40.751707,CASH,12.5,0.0,,0.0,0.0,12.5
VTS,2010-10-16 12:43:00,2010-10-16 12:59:00,1,3.02,-73.848117,40.818272,1.0,,-73.848117,40.818272,CRD,10.9,0.0,0.5,2.0,0.0,13.4
1,2015-06-24 22:13:46,2015-06-24 22:20:56,1,1.7,-73.99349975585938,40.74609375,1.0,N,-74.00086975097656,40.727272033691406,2,7.5,0.5,0.5,0.0,0.0,0.3
CMT,2010-05-29 13:18:32,2010-05-29 13:40:49,1,3.1,-73.977487,40.751755,1.0,0,-74.004549,40.721458,Cas,13.7,0.0,0.5,0.0,0.0,14.2
CMT,2012-12-01 11:04:55,2012-12-01 11:25:38,3,5.8,-74.017142,40.705385,1.0,N,-73.984082,40.775088,CSH,21.0,0.0,0.5,0.0,0.0,21.5
VTS,2011-11-13 17:30:00,2011-11-13 18:14:00,2,12.32,-73.995738,40.764377,1.0,,-73.865135,40.770577,CSH,32.9,0.0,0.5,0.0,4.8,38.2
1,2016-01-01 22:04:43,2016-01-01 22:10:27,1,1.0,-73.99227142333984,40.75836944580078,1.0,N,-73.9809799194336,40.767520904541016,2,6.0,0.5,0.5,0.0,0.0,0.3
1,2016-02-02 15:45:53,2016-02-02 16:07:48,1,4.3,-73.93051147460938,40.85694885253906,1.0,N,-73.94319152832031,40.79956817626953,2,19.0,0.0,0.5,0.0,0.0,0.3
1,2015-11-03 00:28:32,2015-11-03 00:36:01,1,1.2,-73.95213317871094,40.824668884277344,1.0,N,-73.94110870361328,40.81406021118164,2,7.0,0.5,0.5,0.0,0.0,0.3
CMT,2011-03-24 14:27:36,2011-03-24 14:29:36,1,0.5,-73.991291,40.765478,1.0,N,-73.989493,40.771311,CSH,3.3,0.0,0.5,0.0,0.0,3.8
1,2015-05-17 00:16:43,2015-05-17 00:28:22,1,4.0,-73.915283203125,40.75385665893555,1.0,N,-73.97541046142578,40.745697021484375,1,14.0,0.5,0.5,3.05,0.0,0.3
CMT,2010-09-21 15:06:45,2010-09-21 15:16:30,1,1.1,-73.979366,40.752857,1.0,N,-73.999128,40.761055,CRD,6.9,0.0,0.5,0.6,0.0,8.0
VTS,2013-03-20 21:58:00,2013-03-20 22:13:00,1,3.68,-74.014712,40.714477,1.0,,-73.99214,40.694127,CRD,14.5,0.5,0.5,1.5,0.0,17.0
CMT,2013-04-03 12:45:00,2013-04-03 12:56:00,1,1.6,-73.989365,40.741762,1.0,N,-73.994053,40.722592,CRD,9.0,0.0,0.5,1.9,0.0,11.4
VTS,2010-08-10 21:29:00,2010-08-10 21:42:00,2,2.33,-73.982818,40.75114,1.0,,-73.98418,40.726353,CRD,9.3,0.5,0.5,1.5,0.0,11.8
CMT,2012-02-14 16:58:43,2012-02-14 17:05:10,1,0.8,-73.95938,40.774334,1.0,N,-73.968641,40.76507,CSH,5.7,1.0,0.5,0.0,0.0,7.2
CMT,2012-02-06 12:35:42,2012-02-06 12:50:42,4,2.3,-73.991713,40.75715,1.0,N,-73.998061,40.725892,CRD,9.7,0.0,0.5,2.55,0.0,12.75
VTS,2013-12-06 19:08:00,2013-12-06 19:30:00,1,2.77,-73.98803,40.720107,1.0,,-73.988887,40.722165,CSH,14.5,1.0,0.5,0.0,0.0,16.0
VTS,2010-07-06 07:34:00,2010-07-06 07:40:00,2,1.74,-73.965468,40.774565,1.0,,-73.981595,40.752743,Cre,6.5,0.0,0.5,1.0,0.0,8.0
VTS,2012-12-22 21:26:00,2012-12-22 21:35:00,1,2.67,-73.984175,40.737315,1.0,,-73.961635,40.768227,CRD,10.0,0.5,0.5,2.1,0.0,13.1
VTS,2010-12-21 23:51:00,2010-12-22 00:16:00,5,14.64,-74.003675,40.717322,1.0,,-73.860055,40.835545,CSH,32.9,0.5,0.5,0.0,0.0,33.9
CMT,2009-01-03 23:53:39,2009-01-03 23:56:48,1,1.1,-73.983589,40.737956,,,-73.97258,40.753035,Cash,5.4,0.0,,0.0,0.0,5.4
CMT,2009-05-19 07:41:56,2009-05-19 07:53:17,1,1.0,-73.970451,40.752552,,0,-73.984832,40.759359,Credit,7.3,0.0,,1.0,0.0,8.3
CMT,2014-04-07 11:53:19,2014-04-07 12:09:05,1,2.9,-73.954752,40.764041,1.0,N,-73.975648,40.751063,CRD,13.5,0.0,0.5,1.0,0.0,15.0
CMT,2009-08-14 18:41:12,2009-08-14 18:48:20,1,2.5,-73.981522,40.73273,,0,-73.958443,40.76425,Cash,7.7,0.0,,0.0,0.0,7.7
VTS,2014-09-18 08:01:00,2014-09-18 08:18:00,1,2.16,-73.992838,40.74832,1.0,,-73.971928,40.757647,CSH,12.0,0.0,0.5,0.0,0.0,12.5
VTS,2009-02-01 19:46:00,2009-02-01 19:53:00,3,1.14,-73.976378,40.752045,,,-73.992087,40.748482,CASH,5.7,0.0,,0.0,0.0,5.7
VTS,2011-11-04 11:08:00,2011-11-04 11:34:00,1,10.24,-73.991292,40.738282,1.0,,-73.862522,40.767252,CRD,26.1,0.0,0.5,5.22,4.8,36.62
CMT,2012-06-03 10:59:13,2012-06-03 11:11:43,3,0.8,-73.962311,40.75929,1.0,N,-73.971618,40.760621,CSH,7.3,0.0,0.5,0.0,0.0,7.8
VTS,2014-07-26 11:17:00,2014-07-26 11:20:00,1,0.93,-73.962847,40.775212,1.0,,-73.953417,40.783542,CRD,4.5,0.0,0.5,0.9,0.0,5.9
VTS,2013-08-01 02:18:00,2013-08-01 02:32:00,1,5.1,-73.987433,40.747747,1.0,,-73.911147,40.753007,CRD,16.5,0.5,0.5,0.0,0.0,17.5
1,2015-02-07 22:17:15,2015-02-07 22:35:04,1,2.7,-73.98744201660156,40.729251861572266,1.0,N,-73.98545837402344,40.75632858276367,2,13.0,0.5,0.5,0.0,0.0,0.3
VTS,2014-10-31 22:27:00,2014-10-31 22:30:00,1,0.86,-73.983957,40.760635,1.0,,-73.979045,40.754432,CSH,5.0,0.5,0.5,0.0,0.0,6.0
CMT,2009-09-06 20:14:11,2009-09-06 20:21:28,1,0.8,-73.978231,40.751886,,0,-73.991529,40.74811,Cash,5.7,0.0,,0.0,0.0,5.7
VTS,2009-08-10 03:51:00,2009-08-10 03:56:00,2,1.21,-73.954847,40.764063,,,-73.95282,40.774858,CASH,5.7,0.5,,0.0,0.0,6.2
CMT,2014-07-12 15:05:56,2014-07-12 15:40:11,1,12.6,-73.782642,40.644068,1.0,N,-73.944935,40.672259,CRD,38.5,0.0,0.5,7.8,0.0,46.8
CMT,2009-10-17 11:28:16,2009-10-17 11:42:33,1,2.7,-73.990412,40.756628,,0,-73.979652,40.733097,Credit,10.1,0.0,,3.0,0.0,13.1
VTS,2011-02-26 22:39:00,2011-02-26 22:45:00,1,0.5,-73.985485,40.731612,1.0,,-73.985987,40.726897,CSH,4.9,0.5,0.5,0.0,0.0,5.9
VTS,2010-04-01 08:24:00,2010-04-01 08:29:00,1,0.88,-73.975285,40.752222,1.0,,-73.973028,40.74344,Cre,4.9,0.0,0.5,1.0,0.0,6.4
VTS,2009-01-26 19:15:00,2009-01-26 19:33:00,2,4.14,-73.964962,40.770032,,,-74.006785,40.730283,CASH,13.3,1.0,,0.0,0.0,14.3
VTS,2010-12-21 21:38:00,2010-12-21 21:42:00,6,0.69,-73.988787,40.737068,1.0,,-73.98296,40.745382,CSH,4.1,0.5,0.5,0.0,0.0,5.1
VTS,2009-05-14 23:43:00,2009-05-14 23:47:00,5,1.26,-73.975465,40.75205,,,-73.98741,40.738355,CASH,4.9,0.5,,0.0,0.0,5.4
CMT,2011-05-15 03:37:02,2011-05-15 03:48:07,1,4.6,-73.962532,40.760628,1.0,N,-73.991882,40.722055,CSH,12.5,0.5,0.5,0.0,0.0,13.5
VTS,2009-04-23 09:22:00,2009-04-23 09:30:00,5,1.0,-73.991555,40.750448,,,-73.981305,40.759042,Credit,6.1,0.0,,2.0,0.0,8.1
VTS,2011-05-14 11:05:00,2011-05-14 11:17:00,1,2.31,-73.954948,40.776422,1.0,,-73.972893,40.796802,CRD,8.9,0.0,0.5,2.0,0.0,11.4
2,2015-08-28 09:59:37,2015-08-28 10:13:35,1,1.0,-74.00254821777344,40.73952865600586,1.0,N,-73.98571014404297,40.732601165771484,1,9.5,0.0,0.5,2.58,0.0,0.3
VTS,2011-09-28 07:09:00,2011-09-28 07:18:00,3,2.09,-73.98178,40.767347,1.0,,-73.985318,40.743237,CRD,7.7,0.0,0.5,1.75,0.0,9.95
CMT,2010-01-07 20:27:09,2010-01-07 20:37:27,1,1.5,-73.967797,40.7602,1.0,0,-73.980523,40.773209,Cas,7.7,0.5,0.5,0.0,0.0,8.7
VTS,2012-03-24 11:06:00,2012-03-24 11:11:00,1,1.13,-73.987245,40.73892,1.0,,-73.975068,40.745907,CRD,5.3,0.0,0.5,1.59,0.0,7.39
VTS,2009-06-02 15:42:00,2009-06-02 15:55:00,1,0.61,-73.998467,40.741268,,,-73.988182,40.737502,CASH,7.3,0.0,,0.0,0.0,7.3
VTS,2013-05-27 11:51:00,2013-05-27 12:01:00,1,3.12,-73.99242,40.743152,1.0,,-73.980475,40.781877,CSH,11.5,0.0,0.5,0.0,0.0,12.0
CMT,2009-11-05 02:02:19,2009-11-05 02:19:42,1,6.0,-73.995118,40.679788,,0,-73.921322,40.709042,Cash,16.5,0.5,0.5,0.0,0.0,17.5
1,2015-02-28 22:41:52,2015-02-28 22:48:05,3,1.5,-73.96591186523438,40.800559997558594,1.0,N,-73.97123718261719,40.78528594970703,1,7.0,0.5,0.5,2.0,0.0,0.3
1,2015-05-03 17:14:38,2015-05-03 17:20:10,2,0.9,-73.96709442138672,40.7662353515625,1.0,N,-73.95793914794922,40.775360107421875,1,6.0,0.0,0.5,1.35,0.0,0.3
CMT,2009-12-14 14:49:53,2009-12-14 14:58:18,1,0.7,-73.992142,40.764182,,0,-73.986686,40.759294,Cash,5.7,0.0,0.5,0.0,0.0,6.2
CMT,2014-03-21 10:17:16,2014-03-21 10:23:10,1,1.3,-73.971747,40.787139,1.0,N,-73.954089,40.782142,CRD,7.0,0.0,0.5,2.0,0.0,9.5
CMT,2011-12-05 09:03:19,2011-12-05 09:19:40,1,2.4,-73.960245,40.772989,1.0,Y,-73.982415,40.745725,CRD,10.5,0.0,0.5,2.2,0.0,13.2
1,2015-01-04 13:18:25,2015-01-04 13:36:46,1,2.6,-73.97539520263672,40.78221130371094,1.0,N,-73.99353790283203,40.74981689453125,2,13.5,0.0,0.5,0.0,0.0,0.0
CMT,2014-10-28 16:48:22,2014-10-28 17:00:17,2,1.2,-73.987578,40.752457,1.0,N,-73.982571,40.767218,CSH,9.0,1.0,0.5,0.0,0.0,10.5
1,2015-02-14 11:07:04,2015-02-14 11:18:47,1,1.5,-73.96054077148438,40.76163101196289,1.0,N,-73.95946502685547,40.7768669128418,2,9.5,0.0,0.5,0.0,0.0,0.3
VTS,2013-03-06 23:17:00,2013-03-06 23:22:00,1,0.68,-73.964667,40.763982,1.0,,-73.968897,40.758562,CRD,5.0,0.5,0.5,1.1,0.0,7.1
VTS,2011-02-19 20:17:00,2011-02-19 20:36:00,3,1.46,-73.984213,40.729267,1.0,,-74.005613,40.740168,CRD,10.5,0.5,0.5,2.0,0.0,13.5
CMT,2011-11-18 11:15:36,2011-11-18 11:34:54,1,6.5,-73.980563,40.73858,1.0,N,-73.976288,40.681984,CSH,17.7,0.0,0.5,0.0,0.0,18.2
CMT,2013-12-08 14:10:06,2013-12-08 14:43:55,1,17.4,-73.789831,40.643455,2.0,N,-73.974997,40.755603,CSH,52.0,0.0,0.5,0.0,5.33,57.83
VTS,2009-07-25 02:53:00,2009-07-25 03:00:00,1,3.06,-73.99722,40.793493,,,-74.032353,40.79627,Credit,8.5,0.5,,2.0,0.0,11.0
CMT,2011-03-21 22:36:19,2011-03-21 22:44:53,2,1.7,-73.981575,40.780352,1.0,N,-73.995145,40.760397,CSH,7.3,0.5,0.5,0.0,0.0,8.3
VTS,2014-01-30 15:52:00,2014-01-30 16:04:00,1,1.26,-74.003342,40.727475,1.0,,-74.005657,40.714927,CRD,9.0,0.0,0.5,2.25,0.0,11.75
VTS,2009-02-24 21:47:00,2009-02-24 21:51:00,5,0.65,-73.96171,40.770698,,,-73.968898,40.765985,CASH,4.1,0.5,,0.0,0.0,4.6
CMT,2014-07-10 17:19:00,2014-07-10 17:24:29,1,0.8,-73.959918,40.77638,1.0,N,-73.946318,40.772415,CSH,5.5,1.0,0.5,0.0,0.0,7.0
CMT,2009-12-17 11:56:37,2009-12-17 12:03:43,1,1.4,-73.968141,40.750894,,0,-73.971204,40.765662,Cash,6.1,0.0,0.5,0.0,0.0,6.6
VTS,2009-09-14 16:15:00,2009-09-14 16:20:00,1,1.16,-74.002125,40.72814,,,-73.992872,40.742655,Credit,4.9,1.0,,2.0,0.0,7.9
CMT,2012-05-21 09:51:37,2012-05-21 10:21:38,1,3.3,-73.95388,40.784388,1.0,N,-73.986401,40.749804,CRD,16.5,0.0,0.5,3.0,0.0,20.0
CMT,2010-11-29 19:49:04,2010-11-29 20:03:51,1,3.5,-73.985306,40.727438,1.0,N,-73.983671,40.76588,CSH,10.9,1.0,0.5,0.0,0.0,12.4
VTS,2009-03-31 11:00:00,2009-03-31 11:06:00,5,0.91,-73.960272,40.77654,,,-73.959888,40.766792,CASH,5.3,0.0,,0.0,0.0,5.3
DDS,2009-01-08 10:27:42,2009-01-08 10:41:55,1,1.7,-73.990138,40.732315,,,-73.994852,40.750074,CASH,8.5,0.0,,0.0,0.0,8.5
2,2015-03-14 04:58:59,2015-03-14 05:01:02,2,0.69,-73.94912719726562,40.78837966918945,1.0,N,-73.94940185546875,40.780818939208984,1,4.0,0.5,0.5,1.06,0.0,0.3
2,2015-08-05 09:33:33,2015-08-05 09:52:58,1,2.51,-73.95736694335938,40.774131774902344,1.0,N,-73.98187255859375,40.76023864746094,1,13.5,0.0,0.5,1.25,0.0,0.3
VTS,2011-07-21 06:42:00,2011-07-21 07:04:00,3,9.9,-73.96931,40.76341,1.0,,-73.872457,40.774568,CSH,24.9,0.0,0.5,0.0,4.8,30.2
VTS,2009-05-06 23:33:00,2009-05-06 23:35:00,1,0.71,-73.98244,40.757827,,,-73.980627,40.765575,Credit,4.1,0.5,,1.5,0.0,6.1
2,2015-09-11 06:52:55,2015-09-11 07:04:19,1,3.25,-73.95411682128906,40.77033615112305,1.0,N,-73.9555892944336,40.802005767822266,1,11.5,0.0,0.5,2.46,0.0,0.3
DDS,2009-02-11 15:36:09,2009-02-11 15:45:14,1,2.6,-74.002456,40.750145,,,-73.970642,40.761536,CASH,8.1,0.0,,0.0,0.0,8.1
VTS,2010-02-27 21:09:00,2010-02-27 21:32:00,2,4.14,-73.962662,40.767888,1.0,,-74.000675,40.722215,CRD,14.5,0.5,0.5,3.0,0.0,18.5
2,2015-09-29 14:29:20,2015-09-29 14:37:20,1,0.36,-73.98807525634766,40.74461364746094,1.0,N,-73.99394989013672,40.746551513671875,1,6.5,0.0,0.5,1.46,0.0,0.3
VTS,2009-12-14 20:08:00,2009-12-14 20:22:00,5,3.35,-73.991182,40.750065,,,-73.953392,40.771317,Credit,10.9,0.5,0.5,2.0,0.0,13.9
VTS,2009-11-12 12:18:00,2009-11-12 12:26:00,3,0.96,-73.959678,40.776905,,,-73.968355,40.765017,CASH,6.1,0.0,0.5,0.0,0.0,6.6
CMT,2012-11-10 00:33:20,2012-11-10 00:39:50,1,1.5,-73.918212,40.770136,1.0,N,-73.917595,40.783146,CRD,7.5,0.5,0.5,1.7,0.0,10.2
CMT,2009-04-27 00:36:35,2009-04-27 00:49:07,1,4.8,-73.939767,40.794405,,0,-73.994515,40.760164,Cash,12.9,0.0,,0.0,0.0,12.9
CMT,2009-09-04 17:16:30,2009-09-04 17:23:09,1,1.6,-73.995163,40.76108,,0,-73.976263,40.776007,Credit,6.5,0.0,,1.12,0.0,7.62
VTS,2014-10-15 20:50:00,2014-10-15 20:57:00,1,0.82,-73.97988,40.765535,1.0,,-73.992362,40.769207,CRD,6.5,0.5,0.5,1.4,0.0,8.9
CMT,2012-05-03 20:37:51,2012-05-03 20:45:51,1,1.4,-73.99257,40.743196,1.0,N,-73.984692,40.757689,CRD,6.1,0.5,0.5,1.42,0.0,8.52
CMT,2009-08-23 10:38:57,2009-08-23 10:43:12,2,1.1,-73.996698,40.750277,,0,-73.985243,40.761911,Cash,4.9,0.0,,0.0,0.0,4.9
CMT,2013-07-07 03:33:13,2013-07-07 03:36:51,1,0.7,-73.978249,40.724998,1.0,N,-73.980741,40.715876,CSH,5.0,0.5,0.5,0.0,0.0,6.0
CMT,2014-01-22 20:33:23,2014-01-22 20:53:28,2,4.7,-73.990517,40.754185,1.0,N,-74.017199,40.705473,CRD,18.0,0.5,0.5,3.8,0.0,22.8
2,2015-03-27 10:01:03,2015-03-27 10:14:21,1,2.18,-73.9549560546875,40.77349853515625,1.0,N,-73.98222351074219,40.770633697509766,1,11.0,0.0,0.5,1.0,0.0,0.3
VTS,2012-05-15 09:53:00,2012-05-15 09:56:00,1,0.58,-73.978537,40.764712,1.0,,-73.978537,40.764712,CSH,3.7,0.0,0.5,0.0,0.0,4.2
CMT,2012-03-23 09:39:12,2012-03-23 09:45:21,1,0.9,-73.99997,40.761518,1.0,N,-73.995225,40.753124,CSH,5.3,0.0,0.5,0.0,0.0,5.8
2,2016-05-31 11:29:09,2016-05-31 11:43:41,2,1.74,-73.96698760986328,40.764259338378906,1.0,N,-73.98509979248047,40.747589111328125,1,10.5,0.0,0.5,3.39,0.0,0.3
VTS,2014-03-20 06:55:00,2014-03-20 07:07:00,5,7.39,-73.945335,40.782462,1.0,,-73.87086,40.77403,CRD,21.5,0.0,0.5,1.0,5.33,28.33
VTS,2014-06-13 14:15:00,2014-06-13 14:17:00,1,0.29,-73.981585,40.768327,1.0,,-73.98021,40.76567,CRD,3.5,0.0,0.5,0.7,0.0,4.7
VTS,2011-03-03 10:19:00,2011-03-03 10:28:00,5,4.11,-73.962705,40.799207,1.0,,-73.996177,40.763925,CRD,11.3,0.0,0.5,2.0,0.0,13.8
VTS,2009-10-14 16:04:00,2009-10-14 16:09:00,1,0.87,-74.007543,40.743127,,,-73.993227,40.737533,CASH,4.5,1.0,,0.0,0.0,5.5
VTS,2014-06-10 16:30:00,2014-06-10 16:39:00,1,1.62,-73.971715,40.760427,1.0,,-73.971715,40.760427,CRD,8.5,1.0,0.5,2.38,0.0,12.38
CMT,2013-07-29 12:12:17,2013-07-29 12:22:24,1,1.5,-73.982027,40.750847,1.0,N,-73.981642,40.734209,CRD,8.5,0.0,0.5,1.8,0.0,10.8
VTS,2011-02-26 03:28:00,2011-02-26 03:32:00,1,1.4,-74.008535,40.725935,1.0,,-73.999412,40.743837,CSH,5.3,0.5,0.5,0.0,0.0,6.3
1,2015-09-29 19:16:29,2015-09-29 19:39:25,1,2.7,-73.95626831054688,40.767913818359375,1.0,N,-73.97954559326172,40.73726272583008,1,15.5,1.0,0.5,1.0,0.0,0.3
VTS,2013-06-03 23:17:00,2013-06-03 23:29:00,1,6.3,-73.985392,40.763547,1.0,,-73.9453,40.833767,CRD,19.0,0.5,0.5,5.85,0.0,25.85
VTS,2011-01-15 13:33:00,2011-01-15 13:39:00,1,0.84,-73.990575,40.761195,4.0,,-73.981688,40.767798,CSH,5.3,0.0,0.5,0.0,0.0,5.8
CMT,2011-06-19 09:16:20,2011-06-19 09:22:34,1,1.0,-73.983886,40.761628,1.0,N,-73.966413,40.754123,CSH,5.3,0.0,0.5,0.0,0.0,5.8
VTS,2014-05-02 19:25:00,2014-05-02 19:31:00,2,0.86,-73.9518,40.766452,1.0,,-73.963972,40.768607,CRD,5.5,1.0,0.5,1.95,0.0,8.95
CMT,2010-03-15 20:17:34,2010-03-15 20:27:06,1,1.6,-73.906719,40.760095,1.0,0,-73.918757,40.773186,Cas,6.9,0.5,0.5,0.0,0.0,7.9
VTS,2009-03-21 18:03:00,2009-03-21 18:06:00,2,1.1,-73.971007,40.750842,,,-73.981752,40.73679,Credit,4.9,0.0,,1.0,0.0,5.9
CMT,2009-11-06 15:36:16,2009-11-06 15:47:37,1,2.1,-73.968793,40.754634,,0,-73.991739,40.739391,Credit,8.5,0.0,0.5,1.0,0.0,10.0
VTS,2010-12-30 21:59:00,2010-12-30 22:10:00,1,5.6,-73.874457,40.774057,1.0,,-73.93577,40.73712,CRD,14.1,0.5,0.5,2.92,0.0,18.02
VTS,2010-05-10 18:07:00,2010-05-10 18:22:00,5,2.96,-73.991402,40.739047,1.0,,-73.982335,40.77231,CAS,10.5,1.0,0.5,0.0,0.0,12.0
1,2015-02-02 15:03:45,2015-02-02 15:23:45,3,1.5,-73.95362854003906,40.785301208496094,1.0,N,-73.94767761230469,40.77082061767578,1,12.5,0.0,0.5,2.66,0.0,0.3
CMT,2012-07-25 18:31:58,2012-07-25 18:47:01,2,2.6,-73.999544,40.749094,1.0,N,-73.986154,40.722601,CSH,10.1,1.0,0.5,0.0,0.0,11.6
CMT,2009-11-04 13:52:49,2009-11-04 14:10:46,1,2.5,-73.973707,40.763188,,0,-74.005534,40.75102,Credit,11.3,0.0,0.5,2.95,0.0,14.75
VTS,2011-01-07 07:03:00,2011-01-07 07:16:00,1,3.09,-73.975072,40.789337,1.0,,-73.979227,40.755488,CRD,10.5,0.0,0.5,1.1,0.0,12.1
CMT,2013-01-03 13:29:26,2013-01-03 13:42:25,1,2.2,-73.9674,40.767066,1.0,N,-73.987656,40.738487,CRD,11.5,0.0,0.5,0.0,0.0,12.0
CMT,2013-05-11 00:02:08,2013-05-11 00:14:11,1,1.9,-73.98243,40.772791,1.0,N,-73.991168,40.750129,CSH,10.0,0.5,0.5,0.0,0.0,11.0
CMT,2009-07-12 15:36:55,2009-07-12 15:46:33,1,1.2,-73.984951,40.748161,,0,-73.994281,40.754181,Cash,6.9,0.0,,0.0,0.0,6.9
CMT,2009-03-23 17:36:47,2009-03-23 17:42:57,1,1.4,-74.008672,40.719093,,0,-74.000224,40.734708,Cash,7.1,0.0,,0.0,0.0,7.1
2,2015-07-24 14:20:02,2015-07-24 14:36:36,2,6.3,-73.77671813964844,40.64539337158203,1.0,N,-73.73431396484375,40.68586349487305,2,19.5,0.0,0.5,0.0,0.0,0.3
CMT,2013-12-01 15:29:26,2013-12-01 15:49:32,1,5.9,-74.009896,40.70517,1.0,N,-73.988321,40.756469,CRD,21.5,0.0,0.5,1.08,0.0,23.08
1,2016-06-02 17:39:09,2016-06-02 17:47:52,1,1.1,-74.00392150878906,40.71316146850586,1.0,N,-73.99443817138672,40.727725982666016,1,7.5,1.0,0.5,0.93,0.0,0.3
CMT,2010-10-30 13:01:11,2010-10-30 13:06:43,1,0.8,-73.95773,40.785288,1.0,N,-73.963868,40.774395,CRD,4.9,0.0,0.5,0.81,0.0,6.21
VTS,2010-08-23 23:01:00,2010-08-23 23:05:00,1,0.81,-73.965065,40.764433,1.0,,-73.97161,40.756613,CSH,4.9,0.5,0.5,0.0,0.0,5.9
2,2016-05-15 20:20:47,2016-05-15 20:37:03,1,8.14,-73.81547546386719,40.739295959472656,1.0,N,-73.95389556884766,40.74304962158203,1,23.5,0.5,0.5,6.2,0.0,0.3
VTS,2012-02-08 17:58:00,2012-02-08 18:14:00,1,2.73,-73.998652,40.72636,1.0,,-73.99794,40.755847,CSH,10.5,1.0,0.5,0.0,0.0,12.0
VTS,2014-03-03 22:52:00,2014-03-03 23:20:00,1,10.2,-73.99782,40.71814,1.0,,-73.94101,40.824,CRD,32.5,0.5,0.5,2.0,0.0,35.5
VTS,2012-03-20 18:20:00,2012-03-20 18:22:00,1,0.38,-73.959627,40.770913,1.0,,-73.958478,40.77478,CSH,3.7,1.0,0.5,0.0,0.0,5.2
DDS,2009-12-12 16:06:04,2009-12-12 16:21:44,1,0.9,-73.999661,40.734288,,,-73.992625,40.725534,CASH,8.5,0.0,,0.0,0.0,9.0
1,2015-05-18 19:27:29,2015-05-18 19:39:18,1,1.5,-73.99422454833984,40.740867614746094,1.0,N,-73.98908996582031,40.75810623168945,2,9.0,1.0,0.5,0.0,0.0,0.3
CMT,2013-02-18 14:47:41,2013-02-18 14:53:42,1,1.0,-73.994506,40.755955,1.0,N,-73.995181,40.744902,CSH,6.0,0.0,0.5,0.0,0.0,6.5
CMT,2010-11-19 20:38:10,2010-11-19 20:48:08,1,4.3,-74.006738,40.711983,1.0,N,-73.953217,40.71368,CRD,11.7,0.5,0.5,0.0,0.0,12.7
VTS,2010-03-15 09:15:00,2010-03-15 10:23:00,1,16.95,-73.983015,40.761428,3.0,,-74.181675,40.687677,CSH,65.5,0.0,0.0,0.0,8.0,73.5
1,2016-06-30 22:13:58,2016-06-30 22:28:29,1,5.8,-73.98213195800781,40.77842330932617,1.0,N,-73.94290924072266,40.82721710205078,1,19.0,0.5,0.5,1.0,0.0,0.3
CMT,2014-02-14 20:49:09,2014-02-14 21:02:06,1,4.8,-73.955427,40.779562,1.0,N,-73.936571,40.830204,CRD,16.5,0.5,0.5,0.0,0.0,17.5
CMT,2014-08-06 15:30:05,2014-08-06 15:36:06,1,0.5,-73.974845,40.761988,1.0,N,-73.97965,40.755442,CSH,5.5,0.0,0.5,0.0,0.0,6.0
CMT,2010-04-22 12:32:04,2010-04-22 12:35:09,1,0.8,-73.956055,40.783046,1.0,0,-73.963083,40.772481,Cas,4.5,0.0,0.5,0.0,0.0,5.0
CMT,2011-04-26 11:29:34,2011-04-26 11:40:06,1,0.9,-73.983476,40.769889,1.0,N,-73.982497,40.77906,CRD,6.9,0.0,0.5,1.0,0.0,8.4
VTS,2010-04-13 23:18:00,2010-04-13 23:36:00,3,7.48,-73.99291,40.748053,1.0,,-73.950922,40.828132,Cre,19.7,0.5,0.5,2.5,0.0,23.2
CMT,2014-06-15 01:54:35,2014-06-15 01:57:50,1,1.7,-73.999749,40.728473,1.0,N,-73.999148,40.728194,CSH,4.0,0.5,0.5,0.0,0.0,5.0
CMT,2013-08-31 18:37:25,2013-08-31 18:47:50,2,4.2,-73.782071,40.644565,1.0,N,-73.82318,40.669644,CSH,14.0,0.0,0.5,0.0,0.0,14.5
CMT,2012-01-06 12:21:26,2012-01-06 12:33:53,1,1.7,-73.9922,40.7492,1.0,N,-73.9711,40.7564,CSH,8.5,0.0,0.5,0.0,0.0,9.0
CMT,2011-09-22 18:09:12,2011-09-22 18:27:05,1,2.2,-73.976768,40.733592,1.0,N,-73.965638,40.759268,CSH,11.3,1.0,0.5,0.0,0.0,12.8
2,2015-05-21 17:51:54,2015-05-21 18:31:42,2,2.85,-73.9574966430664,40.76993942260742,1.0,N,-73.98532104492188,40.759559631347656,1,23.5,1.0,0.5,4.0,0.0,0.3
CMT,2012-04-02 00:16:27,2012-04-02 00:22:49,0,2.6,-73.98945,40.769543,1.0,N,-73.95484,40.774192,CRD,7.7,0.5,0.5,1.7,0.0,10.4
VTS,2012-12-26 07:58:00,2012-12-26 08:14:00,1,0.58,-73.919445,40.772442,1.0,,-73.983605,40.737317,CRD,18.5,0.0,0.5,4.62,0.0,23.62
VTS,2013-01-13 13:04:00,2013-01-13 13:14:00,5,2.05,-73.961143,40.768857,1.0,,-73.985592,40.768022,CRD,9.5,0.0,0.5,1.9,0.0,11.9
VTS,2013-06-17 14:55:00,2013-06-17 15:03:00,1,1.88,-73.969487,40.769112,1.0,,-73.97717,40.78605,CRD,9.0,0.0,0.5,2.7,0.0,12.2
VTS,2013-06-11 23:40:00,2013-06-11 23:48:00,1,1.55,-73.994013,40.745892,1.0,,-73.985967,40.731072,CRD,7.5,0.5,0.5,1.6,0.0,10.1
VTS,2011-12-06 15:56:00,2011-12-06 16:03:00,2,0.72,-73.980303,40.785563,1.0,,-73.98307,40.77731,CSH,4.9,0.0,0.5,0.0,0.0,5.4
VTS,2009-01-12 15:33:00,2009-01-12 15:44:00,5,1.94,-73.955403,40.764702,,,-73.955663,40.785675,CASH,8.5,0.0,,0.0,0.0,8.5
VTS,2013-01-14 09:14:00,2013-01-14 09:21:00,6,1.26,-73.982767,40.74215,1.0,,-73.972695,40.75329,CSH,7.0,0.0,0.5,0.0,0.0,7.5
VTS,2009-11-13 09:19:00,2009-11-13 09:28:00,1,1.97,-73.973498,40.758207,,,-74.006032,40.724337,Credit,7.7,0.0,0.5,2.0,0.0,10.2
CMT,2011-12-22 12:39:23,2011-12-22 12:50:36,1,1.4,-73.963,40.7661,1.0,N,-73.9804,40.7691,CSH,7.7,0.0,0.5,0.0,0.0,8.2
1,2016-04-15 09:18:14,2016-04-15 09:30:20,3,0.9,-73.99125671386719,40.749881744384766,1.0,N,-74.0020751953125,40.75596237182617,1,8.5,0.0,0.5,1.85,0.0,0.3
CMT,2010-07-13 16:53:50,2010-07-13 16:57:05,1,0.8,-73.996492,40.753134,1.0,0,-73.99355,40.745373,Cas,4.1,1.0,0.5,0.0,0.0,5.6
VTS,2009-10-31 09:26:00,2009-10-31 09:31:00,5,0.77,-74.005203,40.748175,,,-73.992777,40.742867,CASH,4.5,0.0,,0.0,0.0,4.5
DDS,2010-04-12 13:23:26,2010-04-12 13:51:14,1,17.0,-73.984607,40.756782,1.0,,-73.98364,40.774277,CAS,37.3,0.0,0.5,0.0,0.0,37.8
VTS,2013-01-11 15:14:00,2013-01-11 15:17:00,1,0.46,-73.961115,40.76907,1.0,,-73.965223,40.767542,CSH,4.0,0.0,0.5,0.0,0.0,4.5
2,2015-10-19 07:04:51,2015-10-19 07:17:34,1,3.02,-73.9520263671875,40.78445816040039,1.0,N,-73.98380279541016,40.755680084228516,1,11.5,0.0,0.5,2.46,0.0,0.3
CMT,2009-06-03 08:17:17,2009-06-03 08:26:35,1,1.8,-74.006021,40.717252,,0,-73.994242,40.741165,Credit,7.3,0.0,,1.09,0.0,8.39
VTS,2013-09-25 18:41:00,2013-09-25 18:50:00,5,1.43,-73.99783,40.744202,1.0,,-73.991452,40.730295,CRD,8.0,1.0,0.5,1.5,0.0,11.0
VTS,2013-12-30 16:14:00,2013-12-30 16:19:00,1,0.55,-73.954515,40.778737,1.0,,-73.954155,40.77285,CSH,5.0,1.0,0.5,0.0,0.0,6.5
CMT,2010-04-14 19:12:51,2010-04-14 19:17:02,1,1.8,-73.967834,40.751462,1.0,0,-73.950747,40.774601,Cas,6.1,1.0,0.5,0.0,0.0,7.6
VTS,2013-08-19 08:30:00,2013-08-19 08:39:00,1,1.69,-73.992292,40.754107,1.0,,-74.00835,40.746097,CRD,8.5,0.0,0.5,1.0,0.0,10.0
1,2016-01-07 09:48:30,2016-01-07 09:53:05,1,0.7,-73.98149108886719,40.780887603759766,1.0,N,-73.98316955566406,40.7702522277832,2,5.0,0.0,0.5,0.0,0.0,0.3
CMT,2011-07-10 03:40:10,2011-07-10 03:48:49,1,2.0,-74.001807,40.739458,1.0,N,-73.977406,40.745386,CSH,7.7,0.5,0.5,0.0,0.0,8.7
CMT,2013-09-05 09:25:01,2013-09-05 09:33:56,1,1.3,-73.962029,40.767752,1.0,N,-73.974338,40.757013,CSH,8.0,0.0,0.5,0.0,0.0,8.5
VTS,2012-12-17 11:11:00,2012-12-17 11:16:00,1,0.44,-73.990047,40.732738,1.0,,-73.993023,40.729858,CRD,4.5,0.0,0.5,2.0,0.0,7.0
CMT,2011-03-18 04:48:37,2011-03-18 04:54:24,1,1.7,-74.00531,40.741011,1.0,N,-73.996171,40.760921,CRD,6.5,0.5,0.5,1.5,0.0,9.0
CMT,2012-10-16 19:38:59,2012-10-16 19:47:16,1,1.2,-74.003944,40.707641,1.0,N,-74.005126,40.722623,CSH,7.5,1.0,0.5,0.0,0.0,9.0
2,2016-01-16 23:45:15,2016-01-16 23:52:12,1,0.56,-73.99176025390625,40.71490478515625,1.0,N,-73.98802185058594,40.720767974853516,1,6.0,0.5,0.5,0.0,0.0,0.3
CMT,2011-05-24 10:11:14,2011-05-24 10:21:40,1,3.4,-73.957623,40.761853,1.0,N,-73.989382,40.734291,CRD,10.5,0.0,0.5,1.0,0.0,12.0
CMT,2009-01-27 11:07:54,2009-01-27 11:19:40,1,2.1,-74.001689,40.726197,,,-74.004527,40.7494,Cash,8.5,0.0,,0.0,0.0,8.5
VTS,2013-02-12 20:29:00,2013-02-12 20:48:00,5,11.92,-73.864015,40.769867,1.0,,-73.750653,40.779265,CSH,32.5,0.5,0.5,0.0,0.0,33.5
1,2015-11-30 10:03:33,2015-11-30 10:14:15,1,1.2,-73.994873046875,40.75022506713867,1.0,N,-74.00470733642578,40.74068069458008,1,8.5,0.0,0.5,1.0,0.0,0.3
CMT,2013-05-04 18:10:24,2013-05-04 18:29:32,2,3.9,-73.995144,40.724899,1.0,N,-73.984534,40.767477,CSH,16.0,0.0,0.5,0.0,0.0,16.5
1,2016-04-14 17:57:11,2016-04-14 18:08:52,1,1.8,-73.9914779663086,40.735191345214844,1.0,N,-73.98011016845703,40.7176513671875,1,10.0,1.0,0.5,1.0,0.0,0.3
VTS,2012-09-23 00:32:00,2012-09-23 00:47:00,1,5.83,-73.987698,40.765417,1.0,,-73.947663,40.821902,CSH,18.5,0.5,0.5,0.0,0.0,19.5
VTS,2012-09-07 13:12:00,2012-09-07 13:18:00,5,0.69,-73.959372,40.780115,1.0,,-73.970115,40.768325,CRD,5.5,0.0,0.5,1.38,0.0,7.38
VTS,2014-03-27 19:49:00,2014-03-27 20:00:00,1,2.46,-73.95483,40.777475,1.0,,-73.970513,40.760667,CRD,10.5,1.0,0.5,0.0,0.0,12.0
VTS,2014-01-31 22:27:00,2014-01-31 23:05:00,1,7.64,-73.989385,40.763157,1.0,,-73.967883,40.680642,CSH,29.5,0.5,0.5,0.0,0.0,30.5
CMT,2010-09-01 19:42:51,2010-09-01 19:59:34,1,3.2,-73.977177,40.762901,1.0,N,-73.997624,40.721617,CRD,11.7,1.0,0.5,2.0,0.0,15.2
1,2016-03-11 23:18:39,2016-03-11 23:36:33,4,3.7,-73.9971694946289,40.719661712646484,1.0,N,-73.9813232421875,40.764400482177734,1,14.5,0.5,0.5,3.15,0.0,0.3
VTS,2012-04-12 17:58:00,2012-04-12 18:10:00,3,1.35,-74.000368,40.730032,1.0,,-73.989882,40.746902,CSH,7.7,1.0,0.5,0.0,0.0,9.2
1,2015-11-22 10:04:47,2015-11-22 10:07:30,1,0.8,-73.985595703125,40.7269401550293,1.0,N,-73.98115539550781,40.73637390136719,1,4.5,0.0,0.5,1.05,0.0,0.3
VTS,2013-09-14 19:55:00,2013-09-14 20:06:00,2,1.2,-74.006135,40.733142,1.0,,-74.00406,40.722457,CRD,9.0,0.0,0.5,1.8,0.0,11.3
VTS,2009-10-09 18:09:00,2009-10-09 18:19:00,1,1.57,-73.98488,40.76855,,,-73.991378,40.750452,CASH,7.3,1.0,,0.0,0.0,8.3
2,2016-06-18 10:47:47,2016-06-18 10:55:52,1,2.3,-73.9620132446289,40.76398849487305,1.0,N,-73.98229217529297,40.73598098754883,1,9.0,0.0,0.5,1.96,0.0,0.3
VTS,2010-06-10 10:47:00,2010-06-10 10:51:00,1,0.77,-73.955635,40.787908,1.0,,-73.956403,40.77939,CAS,4.5,0.0,0.5,0.0,0.0,5.0
CMT,2013-05-02 09:13:04,2013-05-02 09:21:54,1,2.2,-73.954622,40.789311,1.0,N,-73.981959,40.778783,CSH,9.5,0.0,0.5,0.0,0.0,10.0
1,2016-06-09 01:10:38,2016-06-09 01:15:24,1,0.8,-73.9840316772461,40.732112884521484,1.0,N,-73.9765396118164,40.72391128540039,1,5.5,0.5,0.5,1.02,0.0,0.3
2,2015-01-25 04:09:05,2015-01-25 04:14:34,1,1.15,-74.00254821777344,40.75001525878906,1.0,N,-74.0052719116211,40.73763656616211,1,6.0,0.5,0.5,1.46,0.0,0.3
VTS,2010-11-06 23:38:00,2010-11-06 23:45:00,1,0.08,-73.982122,40.757917,1.0,,-73.985912,40.76646,CSH,5.7,0.5,0.5,0.0,0.0,6.7
CMT,2014-09-26 19:10:23,2014-09-26 19:29:51,1,2.1,-73.960047,40.762123,1.0,N,-73.984588,40.759638,CSH,13.5,1.0,0.5,0.0,0.0,15.0
2,2015-04-26 17:55:50,2015-04-26 18:24:58,3,10.17,-73.97371673583984,40.679595947265625,1.0,N,-73.908935546875,40.769283294677734,1,30.5,0.0,0.5,6.26,0.0,0.3
VTS,2014-05-09 10:25:00,2014-05-09 10:41:00,3,2.45,-73.974875,40.741937,1.0,,-73.978163,40.766492,CRD,12.5,0.0,0.5,2.0,0.0,15.0
1,2016-05-25 06:55:19,2016-05-25 07:00:20,1,1.0,-73.95060729980469,40.786502838134766,1.0,N,-73.96001434326172,40.77360534667969,1,5.5,0.0,0.5,1.5,0.0,0.3
CMT,2014-10-07 16:42:15,2014-10-07 16:56:18,3,1.6,-73.998156,40.722781,1.0,N,-74.006641,40.706206,CRD,10.5,1.0,0.5,3.0,0.0,15.0
1,2016-02-19 06:39:45,2016-02-19 06:46:45,1,1.0,-73.99200439453125,40.74928665161133,1.0,N,-73.98588562011719,40.758853912353516,1,6.5,0.0,0.5,2.0,0.0,0.3
VTS,2010-03-20 14:51:00,2010-03-20 14:59:00,3,1.18,-73.971857,40.782212,1.0,,-73.972898,40.792643,CRD,6.1,0.0,0.5,1.0,0.0,7.6
CMT,2012-04-27 14:03:30,2012-04-27 14:11:09,1,1.6,-73.969759,40.761385,1.0,N,-73.956686,40.780764,CSH,6.9,0.0,0.5,0.0,0.0,7.4
CMT,2010-04-09 00:37:42,2010-04-09 01:11:12,1,13.8,-73.983684,40.767531,1.0,0,-74.011472,40.642169,Cas,32.5,0.5,0.5,0.0,0.0,33.5
VTS,2012-04-26 23:33:00,2012-04-26 23:42:00,6,1.54,-73.983582,40.760957,1.0,,-73.993102,40.742882,CRD,6.9,0.5,0.5,1.48,0.0,9.38
VTS,2010-05-15 09:37:00,2010-05-15 09:41:00,5,1.12,-73.972937,40.752758,1.0,,-73.97233,40.764758,CAS,4.9,0.0,0.5,0.0,0.0,5.4
CMT,2011-03-02 08:47:24,2011-03-02 08:55:58,2,0.7,-73.968295,40.7637,1.0,N,-73.973277,40.754273,CSH,6.1,0.0,0.5,0.0,0.0,6.6
2,2015-03-30 10:35:20,2015-03-30 10:51:03,5,4.38,-73.97969055175781,40.7813720703125,1.0,N,-74.00548553466797,40.73748016357422,1,16.0,0.0,0.5,4.2,0.0,0.3
1,2016-05-25 13:13:26,2016-05-25 13:26:43,1,0.9,-73.98799133300781,40.73860549926758,1.0,N,-74.00167846679688,40.740596771240234,1,9.5,0.0,0.5,1.25,0.0,0.3
CMT,2011-07-13 14:36:42,2011-07-13 14:47:09,1,0.9,-73.994041,40.745554,1.0,N,-73.989958,40.756602,CSH,6.9,0.0,0.5,0.0,0.0,7.4
2,2015-05-29 09:05:38,2015-05-29 09:09:51,1,1.71,-73.97532653808594,40.73313903808594,1.0,N,-73.98286437988281,40.71752166748047,1,7.0,0.0,0.5,1.0,0.0,0.3
CMT,2012-12-27 08:29:32,2012-12-27 08:38:49,1,1.4,-73.962848,40.768007,1.0,N,-73.981538,40.77617,CSH,8.0,0.0,0.5,0.0,0.0,8.5
VTS,2013-02-05 15:00:00,2013-02-05 15:05:00,1,0.47,-73.988162,40.764607,1.0,,-73.991692,40.759685,CSH,5.5,0.0,0.5,0.0,0.0,6.0
2,2015-01-14 18:24:27,2015-01-14 18:31:11,1,1.32,-73.98468780517578,40.74843978881836,1.0,N,-73.99858093261719,40.73725128173828,2,6.5,1.0,0.5,0.0,0.0,0.3
1,2016-05-08 16:42:15,2016-05-08 17:06:40,1,4.0,-73.96009826660156,40.710792541503906,1.0,N,-73.99122619628906,40.745094299316406,1,19.5,0.0,0.5,4.05,0.0,0.3
1,2015-06-29 18:38:17,2015-06-29 18:54:17,2,2.1,-74.01211547851562,40.70611572265625,1.0,N,-73.98737335205078,40.714111328125,1,11.5,1.0,0.5,2.66,0.0,0.3
CMT,2013-08-13 17:17:49,2013-08-13 17:20:59,1,1.0,-73.974545,40.75101,1.0,N,-73.974049,40.744118,CSH,4.5,1.0,0.5,0.0,0.0,6.0
CMT,2014-07-31 08:27:42,2014-07-31 08:33:16,1,1.0,-73.991935,40.749257,1.0,N,-73.985397,40.739946,DIS,6.0,0.0,0.5,0.0,0.0,6.5
CMT,2012-04-26 07:58:28,2012-04-26 08:01:13,3,0.4,-73.962962,40.772267,1.0,N,-73.960265,40.777308,CSH,3.7,0.0,0.5,0.0,0.0,4.2
VTS,2012-11-04 14:11:00,2012-11-04 14:26:00,2,3.04,-73.997495,40.746725,1.0,,-73.989885,40.716902,CRD,13.0,0.0,0.5,2.6,0.0,16.1
VTS,2013-09-02 10:10:00,2013-09-02 10:12:00,2,0.5,-73.982327,40.76274,1.0,,-73.980795,40.759927,CSH,4.0,0.0,0.5,0.0,0.0,4.5
VTS,2012-07-11 11:27:00,2012-07-11 11:30:00,1,0.52,-74.016655,40.704787,1.0,,-74.01198,40.710037,CSH,3.7,0.0,0.5,0.0,0.0,4.2
2,2015-09-17 08:40:21,2015-09-17 08:51:47,1,1.0,-73.96219635009766,40.77320098876953,1.0,N,-73.96908569335938,40.76398849487305,1,8.5,0.0,0.5,1.86,0.0,0.3
VTS,2013-12-31 02:15:00,2013-12-31 02:19:00,1,1.56,-73.977492,40.742507,1.0,,-73.968707,40.758517,CRD,6.5,0.5,0.5,1.4,0.0,8.9
VTS,2009-12-23 08:08:00,2009-12-23 08:23:00,1,2.37,-73.993543,40.741655,,,-73.971553,40.765838,CASH,9.7,0.0,0.5,0.0,0.0,10.2
VTS,2014-08-14 07:49:00,2014-08-14 07:55:00,1,0.88,-73.97308,40.755682,1.0,,-73.98167,40.74641,CRD,6.0,0.0,0.5,0.0,0.0,6.5
VTS,2013-12-17 20:43:00,2013-12-17 21:06:00,5,6.7,-74.009775,40.720727,1.0,,-73.958777,40.780897,CSH,22.0,0.5,0.5,0.0,0.0,23.0
VTS,2010-12-08 09:33:00,2010-12-08 09:43:00,5,1.01,-73.993317,40.736665,1.0,,-73.987553,40.744233,CRD,6.5,0.0,0.5,1.5,0.0,8.5
VTS,2014-11-05 12:35:00,2014-11-05 12:41:00,6,0.89,-73.986445,40.739922,1.0,,-73.98106,40.74726,CRD,6.0,0.0,0.5,1.5,0.0,8.0
VTS,2012-12-08 11:10:00,2012-12-08 11:16:00,1,1.32,-73.98421,40.77384,1.0,,-73.992523,40.759162,CRD,7.0,0.0,0.5,1.4,0.0,8.9
VTS,2013-03-13 10:56:00,2013-03-13 11:11:00,1,2.65,-73.999518,40.761172,1.0,,-73.967068,40.769995,CSH,12.0,0.0,0.5,0.0,0.0,12.5
VTS,2009-06-10 23:51:00,2009-06-11 00:02:00,1,6.0,-73.97764,40.784283,,,-73.941093,40.84421,Credit,14.9,0.5,,2.0,0.0,17.4
CMT,2012-02-24 22:50:23,2012-02-24 23:01:50,1,2.2,-73.984634,40.742564,1.0,N,-74.008559,40.733543,CRD,8.5,0.5,0.5,1.2,0.0,10.7
VTS,2013-07-28 06:23:00,2013-07-28 06:49:00,1,19.09,-73.783382,40.646677,2.0,,-73.983915,40.730235,CSH,52.0,0.0,0.5,0.0,0.0,52.5
VTS,2014-09-26 19:55:00,2014-09-26 20:04:00,2,1.55,-73.980365,40.783305,1.0,,-73.960145,40.773747,CSH,8.0,1.0,0.5,0.0,0.0,9.5
1,2015-02-07 08:42:44,2015-02-07 08:56:23,1,2.3,-73.99453735351562,40.75107192993164,1.0,N,-73.98391723632812,40.77960205078125,2,11.5,0.0,0.5,0.0,0.0,0.3
CMT,2009-03-03 17:33:32,2009-03-03 17:37:49,1,0.6,-73.961152,40.769383,,,-73.963554,40.775224,Cash,5.1,0.0,,0.0,0.0,5.1
CMT,2009-11-11 07:54:24,2009-11-11 08:02:36,1,1.2,-73.981225,40.774176,,0,-73.977182,40.760333,Cash,6.1,0.0,0.5,0.0,0.0,6.6
CMT,2014-10-20 16:26:51,2014-10-20 16:32:51,1,1.7,-73.948132,40.783742,1.0,N,-73.937475,40.804463,CSH,7.0,1.0,0.5,0.0,0.0,8.5
VTS,2013-03-08 14:24:00,2013-03-08 14:48:00,1,2.56,-73.980332,40.754225,1.0,,-73.99745,40.727342,CSH,15.5,0.0,0.5,0.0,0.0,16.0
VTS,2012-01-09 09:29:00,2012-01-09 09:36:00,1,1.24,-73.993698,40.735772,1.0,,-74.007137,40.727422,CSH,6.1,0.0,0.5,0.0,0.0,6.6
CMT,2014-06-03 08:13:06,2014-06-03 08:18:46,1,1.1,-73.994207,40.751182,1.0,N,-73.981675,40.760529,CSH,6.0,0.0,0.5,0.0,0.0,6.5
VTS,2011-06-15 08:32:00,2011-06-15 08:32:00,1,0.02,-73.979068,40.75616,2.0,,-73.979327,40.755833,CSH,45.0,0.0,0.5,0.0,0.0,45.5
VTS,2012-05-21 23:30:00,2012-05-21 23:38:00,1,1.99,-73.953792,40.771028,1.0,,-73.980783,40.782253,CSH,7.3,0.5,0.5,0.0,0.0,8.3
VTS,2012-07-22 01:37:00,2012-07-22 01:42:00,1,1.48,-73.983372,40.749452,1.0,,-73.99584,40.73288,CSH,5.7,0.5,0.5,0.0,0.0,6.7
2,2015-05-10 03:19:09,2015-05-10 03:26:28,1,1.53,-74.00270080566406,40.734336853027344,1.0,N,-73.99150848388672,40.74956130981445,1,7.5,0.5,0.5,2.2,0.0,0.3
VTS,2014-09-13 16:50:00,2014-09-13 16:59:00,1,1.81,-73.975848,40.782168,1.0,,-73.960492,40.769637,CRD,8.5,0.0,0.5,1.0,0.0,10.0
CMT,2013-11-16 03:49:30,2013-11-16 03:54:54,2,1.3,-73.999598,40.714352,1.0,N,-74.001027,40.731524,CRD,6.5,0.5,0.5,1.0,0.0,8.5
VTS,2009-07-26 04:06:00,2009-07-26 04:11:00,1,0.99,-73.991702,40.744687,,,-74.00205,40.739592,CASH,4.9,0.5,,0.0,0.0,5.4
CMT,2012-11-03 20:18:56,2012-11-03 20:28:31,1,2.1,-74.006473,40.707888,1.0,N,-74.001106,40.729176,CSH,9.5,0.5,0.5,0.0,0.0,10.5
CMT,2014-02-09 23:33:49,2014-02-09 23:44:47,2,2.1,-74.00133,40.734423,1.0,N,-73.978173,40.745575,CRD,9.5,0.5,0.5,3.15,0.0,13.65
1,2015-12-19 10:11:25,2015-12-19 10:18:20,3,0.8,-73.96988677978516,40.799678802490234,1.0,N,-73.97610473632812,40.78896713256836,2,6.5,0.0,0.5,0.0,0.0,0.3
VTS,2010-09-26 04:04:00,2010-09-26 04:11:00,2,1.36,-73.981042,40.764133,1.0,,-73.976985,40.749087,CRD,6.1,0.5,0.5,2.0,0.0,9.1
2,2016-03-04 23:15:21,2016-03-04 23:17:43,5,1.06,-73.95565795898438,40.76826477050781,1.0,N,-73.95552825927734,40.77946853637695,2,5.0,0.5,0.5,0.0,0.0,0.3
VTS,2009-01-16 04:22:00,2009-01-16 04:23:00,1,0.0,-73.931743,40.737247,,,-73.931743,40.737247,CASH,2.5,0.5,,0.0,0.0,3.0
VTS,2013-02-28 17:51:00,2013-02-28 17:57:00,1,1.31,-73.979625,40.740652,1.0,,-73.976132,40.775837,CSH,6.5,1.0,0.5,0.0,0.0,8.0
VTS,2009-05-05 11:33:00,2009-05-05 11:43:00,1,1.72,-73.976742,40.790497,,,-73.987673,40.77043,CASH,7.7,0.0,,0.0,0.0,7.7
VTS,2014-03-13 12:46:00,2014-03-13 13:14:00,1,12.23,-73.870912,40.773517,1.0,,-74.004245,40.707617,CRD,36.0,0.0,0.5,5.0,5.33,46.83
2,2016-01-22 11:41:34,2016-01-22 11:41:35,1,0.0,0.0,0.0,1.0,N,-73.95674133300781,40.77987289428711,1,2.5,0.0,0.5,3.0,0.0,0.3
VTS,2009-06-03 15:31:00,2009-06-03 15:38:00,1,0.56,-73.982483,40.768023,,,-73.983615,40.764493,CASH,5.3,0.0,,0.0,0.0,5.3
DDS,2010-06-25 00:32:12,2010-06-25 00:49:03,2,2.7,-73.96924,40.791138,0.0,,-73.946058,40.808138,CRE,10.9,0.5,0.5,2.35,0.0,14.25
VTS,2010-06-24 08:53:00,2010-06-24 08:59:00,1,0.95,-73.991428,40.732387,1.0,,-74.002082,40.726388,Cre,4.9,0.0,0.5,1.0,0.0,6.4
VTS,2009-09-14 10:41:00,2009-09-14 10:48:00,1,1.22,-73.973578,40.760293,,,-73.97184,40.752238,CASH,5.7,0.0,,0.0,0.0,5.7
CMT,2009-10-17 18:57:59,2009-10-17 19:07:58,2,1.4,-73.948119,40.783088,,0,-73.961165,40.76508,Credit,7.3,0.0,,1.09,0.0,8.39
CMT,2010-12-10 01:21:48,2010-12-10 01:30:30,1,2.9,-73.983515,40.693825,1.0,N,-73.995379,40.717452,CSH,8.9,0.5,0.5,0.0,0.0,9.9
CMT,2014-07-21 21:27:02,2014-07-21 21:41:48,4,3.3,-73.978393,40.758052,1.0,N,-73.986665,40.722533,CSH,13.0,0.5,0.5,0.0,0.0,14.0
VTS,2010-02-24 12:55:00,2010-02-24 13:02:00,1,1.33,-73.951985,40.784495,1.0,,-73.958438,40.770203,CSH,5.7,0.0,0.5,0.0,0.0,6.2
VTS,2012-04-26 14:41:00,2012-04-26 14:51:00,1,2.71,-73.988488,40.74505,1.0,,-74.007797,40.716158,CSH,8.9,0.0,0.5,0.0,0.0,9.4
CMT,2014-04-22 13:09:14,2014-04-22 13:25:23,1,1.8,-73.962783,40.769704,1.0,N,-73.98137,40.779964,CRD,11.5,0.0,0.5,1.5,0.0,13.5
VTS,2012-01-17 15:54:00,2012-01-17 16:20:00,1,10.32,-73.98164,40.728483,1.0,,-73.861923,40.768533,CSH,24.9,0.0,0.5,0.0,4.8,30.2
CMT,2012-12-26 05:59:03,2012-12-26 06:03:17,2,1.2,-73.955668,40.779661,1.0,N,-73.968667,40.76761,CSH,6.0,0.0,0.5,0.0,0.0,6.5
CMT,2013-05-10 22:38:45,2013-05-10 22:56:33,1,2.3,-73.988908,40.747487,1.0,N,-73.987479,40.764413,CSH,12.5,0.5,0.5,0.0,0.0,13.5
DDS,2010-07-11 13:39:32,2010-07-11 13:46:00,2,1.8,-74.003878,40.72575,1.0,,-73.987769,40.749858,CRE,6.1,0.0,0.5,1.3,0.0,7.9
1,2016-06-05 22:45:38,2016-06-05 22:53:36,1,2.8,-73.99644470214844,40.75345993041992,1.0,N,-73.97459411621094,40.788272857666016,2,10.0,0.5,0.5,0.0,0.0,0.3
CMT,2014-06-25 12:05:49,2014-06-25 12:11:43,1,0.7,-73.995418,40.733596,1.0,N,-73.994476,40.74083,CSH,5.5,0.0,0.5,0.0,0.0,6.0
CMT,2010-09-19 04:06:59,2010-09-19 04:08:46,1,0.7,-73.987714,40.749843,1.0,N,-73.984604,40.758824,CSH,4.1,0.5,0.5,0.0,0.0,5.1
CMT,2012-03-01 02:02:16,2012-03-01 02:05:27,1,0.6,-73.951683,40.713989,1.0,N,-73.950269,40.705619,CSH,4.1,0.5,0.5,0.0,0.0,5.1
CMT,2009-09-29 14:59:00,2009-09-29 15:03:28,1,0.6,-74.00263,40.73351,,0,-73.994503,40.728483,Cash,4.5,0.0,,0.0,0.0,4.5
CMT,2013-09-28 17:01:52,2013-09-28 17:08:58,2,1.0,-73.982827,40.766787,1.0,N,-73.983552,40.780638,CSH,7.0,0.0,0.5,0.0,0.0,7.5
2,2016-04-12 21:14:52,2016-04-12 21:41:40,2,6.05,-73.99722290039062,40.736488342285156,1.0,N,-73.9151611328125,40.75688171386719,1,22.5,0.5,0.5,4.76,0.0,0.3
VTS,2011-04-30 22:29:00,2011-04-30 22:42:00,2,4.59,-73.953507,40.782437,1.0,,-73.979618,40.73492,CRD,12.9,0.5,0.5,1.0,0.0,14.9
CMT,2011-02-17 08:39:25,2011-02-17 08:53:28,1,1.8,-73.990777,40.760829,1.0,N,-73.974897,40.744673,CRD,9.3,0.0,0.5,1.0,0.0,10.8
CMT,2012-04-24 17:34:29,2012-04-24 17:37:18,1,0.9,0.0,0.0,1.0,N,-74.000697,40.747378,CSH,4.5,1.0,0.5,0.0,0.0,6.0
CMT,2013-07-26 22:42:16,2013-07-26 22:46:10,1,1.1,-74.001709,40.750882,1.0,N,-73.991779,40.764596,CRD,5.5,0.5,0.5,1.3,0.0,7.8
2,2016-02-20 18:29:04,2016-02-20 18:39:16,1,2.18,-73.95890045166016,40.78096008300781,1.0,N,-73.96942138671875,40.80039978027344,1,9.5,0.0,0.5,1.0,0.0,0.3
CMT,2012-02-17 20:44:36,2012-02-17 20:59:45,1,5.4,-73.965369,40.806324,1.0,N,-73.994735,40.750339,CRD,14.9,0.5,0.5,3.0,0.0,18.9
VTS,2011-08-13 18:35:00,2011-08-13 18:44:00,1,2.04,-73.999842,40.738953,1.0,,-73.977477,40.746358,CRD,8.1,0.0,0.5,1.4,0.0,10.0
CMT,2012-07-04 04:22:40,2012-07-04 04:38:04,1,4.8,-73.990283,40.751652,1.0,N,-73.922563,40.743387,CSH,13.3,0.5,0.5,0.0,0.0,14.3
CMT,2012-11-23 23:10:47,2012-11-23 23:15:39,2,0.9,-73.981482,40.767681,1.0,N,-73.977364,40.758582,CSH,5.5,0.5,0.5,0.0,0.0,6.5
CMT,2014-05-23 09:27:13,2014-05-23 09:43:57,1,2.6,-73.998708,40.73805,1.0,N,-73.997746,40.763876,CSH,13.5,0.0,0.5,0.0,0.0,14.0
CMT,2011-10-08 15:39:39,2011-10-08 15:52:57,1,3.1,-73.994176,40.751173,1.0,N,-73.959848,40.774671,CSH,10.1,0.0,0.5,0.0,0.0,10.6
CMT,2010-01-19 19:03:46,2010-01-19 19:12:31,3,1.5,-73.978334,40.74589,1.0,0,-74.000606,40.747663,Cas,6.9,1.0,0.5,0.0,0.0,8.4
CMT,2011-03-21 17:25:52,2011-03-21 17:30:42,1,1.5,-73.938109,40.796526,1.0,N,-73.953839,40.778817,CSH,5.7,1.0,0.5,0.0,0.0,7.2
CMT,2010-03-10 10:13:44,2010-03-10 10:25:31,1,1.6,-73.955511,40.764463,1.0,0,-73.97421,40.751564,Cas,8.1,0.0,0.5,0.0,0.0,8.6
CMT,2010-05-20 09:35:27,2010-05-20 09:47:51,1,1.5,-73.978126,40.752374,1.0,0,-73.999591,40.749008,Cas,8.1,0.0,0.5,0.0,0.0,8.6
CMT,2014-08-19 12:38:35,2014-08-19 13:01:18,1,3.6,-73.978118,40.725757,1.0,N,-73.96875,40.754636,CSH,16.5,0.0,0.5,0.0,0.0,17.0
1,2015-07-31 00:20:31,2015-07-31 00:51:05,1,6.5,-73.99991607666016,40.738677978515625,1.0,N,-73.95022583007812,40.672752380371094,1,25.0,0.5,0.5,6.55,0.0,0.3
VTS,2014-05-10 13:52:00,2014-05-10 14:00:00,3,1.91,-73.94963,40.79644,1.0,,-73.96656,40.77276,CSH,8.5,0.0,0.5,0.0,0.0,9.0
1,2016-01-30 19:35:25,2016-01-30 19:58:40,1,3.6,-74.00865936279297,40.7199821472168,1.0,N,-73.97566986083984,40.749656677246094,2,17.0,0.0,0.5,0.0,0.0,0.3
VTS,2012-01-10 21:28:00,2012-01-10 21:33:00,5,0.99,-74.00316,40.732862,1.0,,-73.9943,40.740842,CSH,4.9,0.5,0.5,0.0,0.0,5.9
VTS,2014-08-18 11:47:00,2014-08-18 11:55:00,2,0.9,-74.007555,40.71173,1.0,,-74.015505,40.715217,CRD,6.5,0.0,0.5,1.62,0.0,8.62
CMT,2011-08-16 17:25:51,2011-08-16 17:34:16,1,1.5,-73.9887,40.7548,1.0,N,-74.006,40.7487,CSH,6.9,1.0,0.5,0.0,0.0,8.4
VTS,2011-06-21 08:29:00,2011-06-21 08:40:00,1,1.23,-73.96097,40.765897,1.0,,-73.98043,40.77413,CRD,7.3,0.0,0.5,2.0,0.0,9.8
VTS,2012-11-22 14:19:00,2012-11-22 14:26:00,6,1.6,-73.97266,40.786827,1.0,,-73.95374,40.787792,CRD,8.0,0.0,0.5,1.6,0.0,10.1
CMT,2012-02-06 07:22:44,2012-02-06 07:25:50,1,0.7,-73.986089,40.743631,1.0,N,-73.979566,40.753452,CRD,4.1,0.0,0.5,0.92,0.0,5.52
VTS,2013-08-23 20:53:00,2013-08-23 21:04:00,5,3.33,-73.99376,40.721127,1.0,,-73.939977,40.708392,CRD,12.0,0.5,0.5,2.5,0.0,15.5
VTS,2011-05-06 14:09:00,2011-05-06 14:31:00,5,2.85,-73.97788,40.745613,1.0,,-73.975337,40.777002,CSH,12.9,0.0,0.5,0.0,0.0,13.4
2,2016-01-17 00:58:18,2016-01-17 01:10:22,1,2.18,-73.9880142211914,40.7436637878418,1.0,N,-73.98632049560547,40.76341247558594,1,10.5,0.5,0.5,2.36,0.0,0.3
VTS,2012-06-27 15:16:00,2012-06-27 15:20:00,6,0.47,-73.949223,40.773475,1.0,,-73.953135,40.767782,CSH,4.1,0.0,0.5,0.0,0.0,4.6
1,2015-04-14 19:14:29,2015-04-14 19:21:33,1,1.1,-74.00025177001953,40.73463439941406,1.0,N,-73.99481201171875,40.72330856323242,2,6.5,1.0,0.5,0.0,0.0,0.3
VTS,2010-08-26 11:26:00,2010-08-26 11:33:00,2,1.19,-73.956825,40.770672,1.0,,-73.968655,40.7573,CSH,5.7,0.0,0.5,0.0,0.0,6.2
VTS,2010-07-13 11:01:00,2010-07-13 11:14:00,5,1.46,-73.978405,40.763163,1.0,,-73.996407,40.753193,CAS,8.5,0.0,0.5,0.0,0.0,9.0
CMT,2013-10-23 08:42:46,2013-10-23 09:01:34,1,1.4,-73.984643,40.767771,1.0,N,-73.978468,40.753519,CRD,12.5,0.0,0.5,2.0,0.0,15.0
CMT,2010-05-29 00:00:02,2010-05-29 00:04:15,1,1.4,-73.978673,40.777507,1.0,0,-73.959005,40.775047,Cas,5.7,0.5,0.5,0.0,0.0,6.7
CMT,2011-06-07 16:05:26,2011-06-07 16:18:40,1,1.5,-73.983062,40.744794,1.0,N,-73.968998,40.763803,CSH,8.1,1.0,0.5,0.0,0.0,9.6
2,2015-09-15 00:58:40,2015-09-15 00:59:44,2,0.03,-73.9803695678711,40.647212982177734,1.0,N,-73.98052978515625,40.64720153808594,2,3.0,0.5,0.5,0.0,0.0,0.3
2,2015-09-30 17:20:38,2015-09-30 17:28:09,1,1.36,-73.97010040283203,40.7888298034668,1.0,N,-73.94994354248047,40.785430908203125,1,7.5,1.0,0.5,1.86,0.0,0.3
VTS,2014-12-12 18:25:00,2014-12-12 18:46:00,1,4.96,-74.00678,40.70757,1.0,,-73.97406,40.75189,CRD,18.5,1.0,0.5,3.9,0.0,23.9
VTS,2009-09-20 23:55:00,2009-09-21 00:05:00,1,3.22,-73.958617,40.710063,,,-74.006775,40.707027,CASH,10.1,0.5,,0.0,0.0,10.6
CMT,2011-12-10 11:07:59,2011-12-10 11:15:22,2,1.5,-73.970119,40.799665,1.0,N,-73.981391,40.781046,CSH,6.5,0.0,0.5,0.0,0.0,7.0
VTS,2012-01-17 20:51:00,2012-01-17 21:06:00,1,5.96,-73.995033,40.731495,1.0,,-73.99949,40.673027,CRD,15.7,0.5,0.5,3.24,0.0,19.94
CMT,2010-05-08 13:24:33,2010-05-08 13:27:44,1,0.8,-73.973494,40.792527,1.0,0,-73.977193,40.783765,Cre,4.5,0.0,0.5,0.75,0.0,5.75
2,2015-07-27 22:39:36,2015-07-27 23:10:40,2,6.81,-74.00550842285156,40.74068832397461,1.0,N,-73.92154693603516,40.767059326171875,1,25.5,0.5,0.5,2.0,0.0,0.3
CMT,2011-06-08 15:16:31,2011-06-08 15:32:59,1,1.7,-73.995619,40.749309,1.0,N,-73.975862,40.761175,CRD,9.7,0.0,0.5,1.8,0.0,12.0
CMT,2013-12-29 00:53:34,2013-12-29 01:07:35,1,1.4,-74.005823,40.740299,1.0,N,-73.987922,40.731043,CSH,10.0,0.5,0.5,0.0,0.0,11.0
CMT,2012-02-11 15:05:00,2012-02-11 15:21:51,1,2.8,-73.991142,40.756037,1.0,N,-73.99758,40.724331,CRD,11.3,0.0,0.5,2.95,0.0,14.75
VTS,2014-03-04 21:26:00,2014-03-04 21:30:00,1,0.5,-73.976003,40.791287,1.0,,-73.968575,40.788275,CSH,4.5,0.5,0.5,0.0,0.0,5.5
CMT,2011-01-25 09:12:04,2011-01-25 09:18:25,1,1.3,-73.980903,40.774477,1.0,N,-73.995752,40.763923,CSH,5.7,0.0,0.5,0.0,0.0,6.2
VTS,2011-07-31 17:42:00,2011-07-31 17:59:00,2,2.69,-73.983353,40.771253,1.0,,-73.98915,40.740345,CRD,10.9,0.0,0.5,3.0,0.0,14.4
CMT,2013-12-01 21:35:34,2013-12-01 22:00:25,1,9.4,-73.87082,40.773852,1.0,N,-73.920501,40.700044,CSH,29.0,0.5,0.5,0.0,0.0,30.0
VTS,2009-06-20 22:37:00,2009-06-20 23:14:00,5,8.52,-74.00313,40.748345,,,-74.00313,40.748345,CASH,24.9,0.5,,0.0,0.0,25.4
VTS,2011-06-16 00:48:00,2011-06-16 00:52:00,5,1.1,-73.967908,40.75903,1.0,,-73.958545,40.770473,CSH,4.9,0.5,0.5,0.0,0.0,5.9
CMT,2010-11-07 12:56:09,2010-11-07 13:09:33,1,3.0,-73.954531,40.784014,1.0,N,-73.983712,40.748193,CRD,10.9,0.0,0.5,1.71,0.0,13.11
2,2015-01-30 06:10:04,2015-01-30 06:27:12,5,7.73,-73.99658203125,40.69374084472656,1.0,N,-73.9547119140625,40.76554870605469,1,23.0,0.0,0.5,3.0,0.0,0.3
CMT,2010-06-08 06:01:18,2010-06-08 06:04:16,1,1.4,-73.98396,40.737585,1.0,0,-73.974983,40.755111,Cre,5.3,0.5,0.5,1.0,0.0,7.3
VTS,2012-05-19 19:45:00,2012-05-19 19:54:00,1,2.42,-74.016172,40.714977,1.0,,-74.004893,40.7424,CSH,8.9,0.0,0.5,0.0,0.0,9.4
CMT,2012-02-01 19:54:24,2012-02-01 20:03:11,1,1.5,-73.973191,40.763985,1.0,N,-73.980059,40.745957,CRD,6.9,1.0,0.5,1.68,0.0,10.08
VTS,2011-05-13 20:18:00,2011-05-13 20:24:00,1,0.07,-73.945075,40.774987,1.0,,-73.955387,40.77679,CSH,5.3,0.5,0.5,0.0,0.0,6.3
CMT,2012-02-10 18:50:17,2012-02-10 19:06:02,2,3.2,-74.00377,40.748165,1.0,N,-73.966658,40.765639,CSH,11.3,1.0,0.5,0.0,0.0,12.8
VTS,2011-05-25 06:54:00,2011-05-25 07:05:00,1,3.7,-74.01483,40.716225,1.0,,-73.98377,40.75564,CRD,10.9,0.0,0.5,3.0,0.0,14.4
CMT,2010-12-09 00:10:26,2010-12-09 00:15:45,1,1.1,-73.989335,40.740598,1.0,N,-73.991243,40.750113,CSH,5.3,0.5,0.5,0.0,0.0,6.3
VTS,2014-03-28 01:57:00,2014-03-28 02:16:00,1,4.93,-73.954897,40.777912,1.0,,-73.939597,40.827835,CRD,18.5,0.5,0.5,3.8,0.0,23.3
VTS,2013-12-29 13:23:00,2013-12-29 13:40:00,6,0.86,-73.971312,40.760602,1.0,,-73.983935,40.760087,CSH,11.0,0.0,0.5,0.0,0.0,11.5
VTS,2013-09-17 16:15:00,2013-09-17 17:16:00,2,18.58,-73.789837,40.643702,2.0,,-73.984085,40.76089,CRD,52.0,0.0,0.5,11.47,5.33,69.3
CMT,2012-03-31 20:16:40,2012-03-31 20:20:35,1,0.7,-73.958938,40.766449,1.0,N,-73.967433,40.763658,CSH,4.1,0.5,0.5,0.0,0.0,5.1
2,2015-03-01 23:42:01,2015-03-01 23:46:58,1,1.9,-73.9720230102539,40.76266860961914,1.0,N,-73.99121856689453,40.751251220703125,2,7.5,0.5,0.5,0.0,0.0,0.3
VTS,2009-01-30 07:11:00,2009-01-30 07:16:00,1,0.7,-73.90203,40.751955,,,-73.957317,40.785795,CASH,4.9,0.0,,0.0,0.0,4.9
CMT,2013-03-05 06:13:55,2013-03-05 06:20:00,1,1.1,-73.991123,40.756275,1.0,N,-73.977675,40.76221,CSH,6.5,0.0,0.5,0.0,0.0,7.0
2,2016-03-20 01:50:01,2016-03-20 01:58:48,5,1.7,-73.9871826171875,40.72918701171875,1.0,N,-73.97456359863281,40.747432708740234,1,8.5,0.5,0.5,1.96,0.0,0.3
2,2016-04-05 18:18:15,2016-04-05 18:25:03,1,1.35,-73.96607208251953,40.76764678955078,1.0,N,-73.95353698730469,40.783607482910156,1,7.0,1.0,0.5,1.76,0.0,0.3
CMT,2013-09-10 19:42:27,2013-09-10 20:04:55,1,3.3,-73.95886,40.77796,1.0,N,-73.988012,40.73996,DIS,16.5,1.0,0.5,0.0,0.0,18.0
VTS,2009-01-02 19:09:00,2009-01-02 19:14:00,1,0.87,-73.999815,40.717822,,,-74.01024,40.711707,CASH,4.9,1.0,,0.0,0.0,5.9
VTS,2013-01-13 12:10:00,2013-01-13 12:28:00,6,4.42,-73.99365,40.744092,1.0,,-73.947443,40.784352,CRD,16.0,0.0,0.5,3.2,0.0,19.7
VTS,2013-11-11 01:33:00,2013-11-11 01:43:00,5,1.54,-73.9867,40.747682,1.0,,-73.976713,40.751957,CSH,8.0,0.5,0.5,0.0,0.0,9.0
CMT,2014-03-24 20:04:07,2014-03-24 20:13:27,1,1.5,-73.979963,40.759762,1.0,N,-73.990075,40.774832,CRD,8.0,0.5,0.5,1.0,0.0,10.0
2,2015-04-11 18:41:52,2015-04-11 19:13:40,1,11.59,-73.87458038330078,40.77409362792969,1.0,N,-73.98912811279297,40.75762176513672,1,34.5,0.0,0.5,8.17,5.54,0.3
CMT,2012-05-23 08:00:27,2012-05-23 08:11:48,2,1.7,-73.975064,40.777428,1.0,N,-73.955887,40.784961,CSH,8.1,0.0,0.5,0.0,0.0,8.6
CMT,2011-06-16 19:30:11,2011-06-16 19:43:49,1,0.7,-73.96747,40.760594,1.0,N,-73.976478,40.765797,CSH,7.3,1.0,0.5,0.0,0.0,8.8
CMT,2011-09-16 00:37:56,2011-09-16 00:49:39,2,1.7,-73.983525,40.744002,1.0,N,-74.006261,40.739464,CRD,8.1,0.5,0.5,1.82,0.0,10.92
CMT,2013-10-01 14:47:57,2013-10-01 15:00:28,1,1.8,-73.991634,40.753551,1.0,N,-74.006089,40.739394,CRD,9.5,0.0,0.5,2.0,0.0,12.0
1,2015-11-06 14:18:56,2015-11-06 14:42:58,1,3.7,-74.01296997070312,40.714019775390625,1.0,N,-73.99809265136719,40.76411056518555,2,17.5,0.0,0.5,0.0,0.0,0.3
CMT,2013-08-12 12:55:53,2013-08-12 13:08:11,1,3.0,-73.970725,40.764352,1.0,N,-73.953,40.79853,CSH,11.0,0.0,0.5,0.0,0.0,11.5
CMT,2011-06-12 15:10:41,2011-06-12 15:31:49,1,9.7,-73.980594,40.733943,1.0,N,-73.86147,40.768256,CRD,23.3,0.0,0.5,7.15,4.8,35.75
CMT,2010-08-25 07:34:53,2010-08-25 07:44:26,1,1.5,-73.982229,40.763841,1.0,N,-73.987559,40.755071,CSH,6.9,0.0,0.5,0.0,0.0,7.4
CMT,2013-04-19 11:09:38,2013-04-19 11:14:45,2,2.0,-73.956312,40.773948,1.0,N,-73.962175,40.769656,CSH,5.5,0.0,0.5,0.0,0.0,6.0
CMT,2010-03-03 12:32:49,2010-03-03 12:47:36,1,1.7,-73.995795,40.753841,1.0,0,-73.975312,40.757097,Cas,8.9,0.0,0.5,0.0,0.0,9.4
VTS,2014-12-11 16:03:00,2014-12-11 16:08:00,2,0.73,-73.991782,40.739387,1.0,,-74.003117,40.74391,CSH,5.5,1.0,0.5,0.0,0.0,7.0
VTS,2011-06-16 21:14:00,2011-06-16 21:18:00,5,1.28,-73.982283,40.731717,1.0,,-73.972748,40.747593,CSH,5.3,0.5,0.5,0.0,0.0,6.3
VTS,2009-08-30 16:26:00,2009-08-30 16:39:00,1,2.42,-73.971845,40.757163,,,-74.003195,40.733018,CASH,9.7,0.0,,0.0,0.0,9.7
CMT,2014-06-07 14:56:08,2014-06-07 15:03:42,1,1.0,-73.988634,40.73703,1.0,N,-74.005005,40.741362,CRD,7.0,0.0,0.5,2.25,0.0,9.75
VTS,2014-12-02 20:31:00,2014-12-02 20:43:00,4,2.43,-73.987578,40.760322,1.0,,-74.008388,40.734882,CRD,10.5,0.5,0.5,2.2,0.0,13.7
CMT,2011-12-09 17:10:44,2011-12-09 17:16:34,1,0.8,-74.0159,40.7146,1.0,N,-74.0109,40.7247,CSH,5.3,1.0,0.5,0.0,0.0,6.8
CMT,2013-11-12 16:18:47,2013-11-12 16:23:24,1,0.6,-73.995353,40.733369,1.0,N,-73.99142,40.727424,CRD,5.0,1.0,0.5,0.0,0.0,6.5
VTS,2009-12-04 03:13:00,2009-12-04 03:18:00,5,0.76,-73.991818,40.726217,,,-74.000233,40.732687,CASH,4.5,0.5,0.5,0.0,0.0,5.5
VTS,2009-10-04 02:38:00,2009-10-04 02:43:00,1,2.08,-73.983842,40.746658,,,-73.965695,40.771258,Credit,6.9,0.5,,2.0,0.0,9.4
VTS,2013-10-30 10:30:00,2013-10-30 10:39:00,6,0.99,-73.981812,40.73788,1.0,,-73.997353,40.745017,CRD,7.5,0.0,0.5,1.88,0.0,9.88
VTS,2011-11-10 11:11:00,2011-11-10 11:19:00,1,0.76,-73.97909,40.771692,1.0,,-73.97139,40.76668,CSH,6.1,0.0,0.5,0.0,0.0,6.6
CMT,2011-09-09 16:15:43,2011-09-09 16:33:43,3,3.2,-73.966654,40.757546,1.0,N,-74.008176,40.748406,CSH,11.7,1.0,0.5,0.0,0.0,13.2
CMT,2012-08-03 09:11:01,2012-08-03 09:21:45,1,0.7,-73.991449,40.759984,1.0,N,-73.989944,40.752196,CRD,5.7,0.0,0.5,1.24,0.0,7.44
1,2015-04-14 20:10:11,2015-04-14 20:22:17,2,3.3,-73.97466278076172,40.75948715209961,1.0,N,-73.96314239501953,40.798580169677734,2,12.0,0.5,0.5,0.0,0.0,0.3
2,2016-01-15 11:29:35,2016-01-15 11:33:45,6,0.55,-73.9802017211914,40.78363037109375,1.0,N,-73.98538208007812,40.778568267822266,2,4.5,0.0,0.5,0.0,0.0,0.3
2,2015-02-07 15:52:15,2015-02-07 16:11:35,1,3.77,-73.98735046386719,40.74473571777344,1.0,N,-74.01566314697266,40.715579986572266,1,16.5,0.0,0.5,3.46,0.0,0.3
VTS,2012-03-02 21:40:00,2012-03-02 21:57:00,1,3.12,-73.997387,40.719207,1.0,,-73.97541,40.758103,CSH,11.7,0.5,0.5,0.0,0.0,12.7
VTS,2014-05-21 20:52:00,2014-05-21 21:05:00,1,1.19,-73.993087,40.7426,1.0,,-73.991847,40.754577,CRD,9.5,0.5,0.5,1.0,0.0,11.5
CMT,2011-03-12 11:22:07,2011-03-12 11:30:06,2,1.7,-73.975293,40.733217,1.0,N,-73.976747,40.751688,CRD,7.3,0.0,0.5,1.0,0.0,8.8
CMT,2013-07-30 22:06:11,2013-07-30 22:14:07,1,2.5,-73.970131,40.793963,1.0,N,-73.940061,40.805448,CSH,9.5,0.5,0.5,0.0,0.0,10.5
1,2015-10-12 10:56:33,2015-10-12 11:14:03,1,3.8,-73.99291229248047,40.76833724975586,1.0,N,-73.9865493774414,40.72816848754883,1,14.0,0.0,0.5,2.96,0.0,0.3
CMT,2013-02-24 17:57:48,2013-02-24 18:18:58,1,4.1,-73.999042,40.744511,1.0,N,-73.97451,40.788301,CRD,18.0,0.0,0.5,3.7,0.0,22.2
CMT,2013-10-17 07:21:08,2013-10-17 07:29:14,1,1.1,-73.989418,40.752152,1.0,N,-73.975315,40.755338,CSH,7.0,0.0,0.5,0.0,0.0,7.5
CMT,2012-09-03 20:28:07,2012-09-03 20:38:46,2,1.8,-73.995865,40.716238,1.0,N,-74.003293,40.732655,CRD,7.7,0.5,0.5,0.0,0.0,8.7
CMT,2010-11-16 23:01:28,2010-11-16 23:08:10,2,1.5,-74.006048,40.736509,1.0,N,-74.008981,40.715817,CSH,6.1,0.5,0.5,0.0,0.0,7.1
CMT,2011-02-26 23:15:38,2011-02-26 23:23:04,1,2.7,-73.990194,40.766985,1.0,N,-73.967375,40.801226,CRD,8.1,0.5,0.5,1.82,0.0,10.92
VTS,2012-10-13 09:21:00,2012-10-13 09:24:00,1,0.37,-73.972165,40.756798,1.0,,-73.97581,40.75253,CSH,4.0,0.0,0.5,0.0,0.0,4.5
CMT,2012-06-21 09:16:00,2012-06-21 09:22:00,2,1.4,-73.962429,40.759008,1.0,N,-73.958719,40.774956,CSH,5.7,0.0,0.5,0.0,0.0,6.2
CMT,2010-01-06 17:03:41,2010-01-06 17:19:14,3,3.5,-73.956886,40.774921,1.0,0,-73.939525,40.815804,Cas,11.3,1.0,0.5,0.0,0.0,12.8
VTS,2009-12-24 09:51:00,2009-12-24 10:01:00,2,1.8,-73.985058,40.773942,,,-73.970562,40.75874,CASH,7.3,0.0,0.5,0.0,0.0,7.8
VTS,2013-09-08 06:20:00,2013-09-08 06:29:00,1,2.12,-73.990507,40.756462,1.0,,-73.977093,40.73897,CRD,9.5,0.0,0.5,2.0,0.0,12.0
VTS,2013-07-04 01:04:00,2013-07-04 01:12:00,1,2.1,-73.995512,40.744242,1.0,,-73.992677,40.76345,CSH,8.5,0.5,0.5,0.0,0.0,9.5
VTS,2010-06-18 10:33:00,2010-06-18 10:40:00,3,1.1,-73.964285,40.774513,1.0,,-73.967932,40.762698,Cre,5.7,0.0,0.5,1.0,0.0,7.2
CMT,2009-10-01 14:58:01,2009-10-01 15:03:29,1,0.7,-73.949316,40.773101,,0,-73.959752,40.773875,Cash,4.9,0.0,,0.0,0.0,4.9
CMT,2009-04-11 17:48:51,2009-04-11 17:59:40,3,0.7,-73.993466,40.747904,,0,-73.98887,40.751125,Cash,6.9,0.0,,0.0,0.0,6.9
VTS,2014-06-29 01:03:00,2014-06-29 01:27:00,1,5.71,-73.99178,40.74431,1.0,,-73.91862,40.76087,CRD,20.0,0.5,0.5,4.1,0.0,25.1
1,2015-08-10 06:39:37,2015-08-10 07:05:21,1,15.9,-73.97181701660156,40.75053405761719,2.0,N,-73.78605651855469,40.64366149902344,1,52.0,0.0,0.5,15.84,0.0,0.3
VTS,2010-07-31 23:51:00,2010-08-01 00:02:00,2,1.25,-74.003042,40.73317,1.0,,-73.994035,40.721137,CAS,6.9,0.5,0.5,0.0,0.0,7.9
VTS,2011-03-26 18:42:00,2011-03-26 19:01:00,5,3.11,-73.993767,40.723675,1.0,,-73.971012,40.761772,CSH,12.1,0.0,0.5,0.0,0.0,12.6
VTS,2012-11-19 09:28:00,2012-11-19 09:52:00,5,0.92,-73.971745,40.762967,1.0,,-73.971347,40.759867,CSH,14.5,0.0,0.5,0.0,0.0,15.0
VTS,2014-03-06 22:58:00,2014-03-06 23:18:00,2,2.26,-73.983015,40.726787,1.0,,-73.989865,40.750062,CSH,14.5,0.5,0.5,0.0,0.0,15.5
CMT,2009-10-11 21:59:23,2009-10-11 22:03:55,1,1.1,-73.967932,40.802462,,0,-73.970711,40.789216,Cash,5.3,0.0,,0.0,0.0,5.3
CMT,2011-03-29 06:00:20,2011-03-29 06:03:20,1,1.5,-73.983149,40.738826,1.0,N,-73.969453,40.75693,CSH,5.3,0.0,0.5,0.0,0.0,5.8
VTS,2013-10-26 08:10:00,2013-10-26 08:23:00,1,7.5,-73.959498,40.711542,1.0,,-73.87104,40.774247,CRD,22.0,0.0,0.5,5.5,0.0,28.0
CMT,2010-10-01 20:01:24,2010-10-01 20:05:47,1,1.3,-73.973763,40.75801,1.0,N,-73.962832,40.775547,CSH,5.3,1.0,0.5,0.0,0.0,6.8
VTS,2010-06-20 03:02:00,2010-06-20 03:10:00,1,3.07,-73.983768,40.726973,1.0,,-74.004558,40.70774,Cre,8.9,0.5,0.5,2.0,0.0,11.9
VTS,2013-06-30 20:23:00,2013-06-30 20:31:00,1,2.08,-73.982415,40.76065,1.0,,-73.97718,40.784695,CRD,9.0,0.5,0.5,2.0,0.0,12.0
CMT,2012-12-15 15:31:51,2012-12-15 15:38:49,1,1.4,-73.954413,40.779044,1.0,N,-73.969947,40.764842,CSH,7.0,0.0,0.5,0.0,0.0,7.5
1,2015-01-07 11:13:23,2015-01-07 11:33:26,1,3.2,-73.95462036132812,40.765357971191406,1.0,N,-73.9820556640625,40.73203659057617,1,15.0,0.0,0.5,4.74,0.0,0.3
VTS,2013-08-10 11:40:00,2013-08-10 11:53:00,3,3.57,-73.99404,40.724545,1.0,,-73.96677,40.761362,CSH,13.5,0.0,0.5,0.0,0.0,14.0
VTS,2011-02-22 08:29:00,2011-02-22 08:36:00,1,1.14,-74.010512,40.723137,1.0,,-74.016668,40.715525,CRD,6.1,0.0,0.5,2.0,0.0,8.6
VTS,2010-08-25 06:18:00,2010-08-25 06:21:00,1,0.7,-73.99241,40.750355,1.0,,-73.983978,40.744308,CSH,4.1,0.0,0.5,0.0,0.0,4.6
VTS,2013-08-27 00:23:00,2013-08-27 00:28:00,1,1.35,-73.995975,40.741025,1.0,,-73.99905,40.754572,CRD,6.5,0.5,0.5,1.4,0.0,8.9
CMT,2010-04-26 12:42:43,2010-04-26 12:59:06,1,2.1,-73.952058,40.769083,1.0,0,-73.979517,40.759117,Cas,10.1,0.0,0.5,0.0,0.0,10.6
VTS,2012-05-26 01:22:00,2012-05-26 01:34:00,5,2.89,-73.991683,40.726905,1.0,,-73.985048,40.759185,CRD,9.7,0.5,0.5,1.0,0.0,11.7
CMT,2012-09-28 01:11:43,2012-09-28 01:13:36,1,0.3,-73.990958,40.719543,1.0,N,-73.994335,40.722262,CRD,3.5,0.5,0.5,0.9,0.0,5.4
CMT,2012-08-13 19:29:49,2012-08-13 19:33:47,1,1.0,-73.985074,40.774144,1.0,N,-73.976067,40.787429,CSH,4.9,1.0,0.5,0.0,0.0,6.4
VTS,2014-10-30 19:50:00,2014-10-30 20:02:00,5,4.14,-73.945302,40.778512,1.0,,-73.97822,40.729237,CRD,14.5,1.0,0.5,3.1,0.0,19.1
CMT,2011-05-28 18:43:05,2011-05-28 18:49:50,1,1.2,-73.958404,40.800875,1.0,N,-73.947325,40.815358,CSH,6.1,0.0,0.5,0.0,0.0,6.6
CMT,2010-07-15 13:56:45,2010-07-15 14:05:00,1,1.3,-73.971773,40.745843,1.0,0,-73.967091,40.761099,Cas,6.9,0.0,0.5,0.0,0.0,7.4
VTS,2014-04-01 11:45:00,2014-04-01 11:57:00,5,2.66,-73.97513,40.759472,1.0,,-73.99126,40.739357,CRD,11.5,0.0,0.5,2.3,0.0,14.3
CMT,2010-06-29 12:22:13,2010-06-29 12:26:58,1,0.7,-73.952813,40.78641,1.0,0,-73.952787,40.778168,Cre,4.9,0.0,0.5,2.0,0.0,7.4
CMT,2009-09-14 20:22:54,2009-09-14 20:26:02,1,0.6,-73.987646,40.724327,,0,-73.989718,40.729378,Cash,4.1,0.0,,0.0,0.0,4.1
CMT,2009-08-21 02:35:51,2009-08-21 02:48:20,1,3.3,-73.937371,40.748866,,0,-73.960967,40.714346,Cash,10.5,0.0,,0.0,0.0,10.5
2,2015-05-06 01:39:52,2015-05-06 01:56:55,1,5.05,-73.9842300415039,40.755470275878906,1.0,N,-74.0146255493164,40.70978546142578,1,17.0,0.5,0.5,3.66,0.0,0.3
CMT,2012-07-27 20:53:32,2012-07-27 21:10:33,1,3.4,-73.99775,40.725811,1.0,N,-73.98716,40.765244,CRD,11.7,0.5,0.5,3.0,0.0,15.7
1,2015-05-22 11:24:21,2015-05-22 11:27:50,1,0.5,-73.94651794433594,40.776363372802734,1.0,N,-73.95101165771484,40.769737243652344,1,4.5,0.0,0.5,1.32,0.0,0.3
VTS,2011-03-10 11:56:00,2011-03-10 12:11:00,1,0.94,-73.988662,40.758682,1.0,,-73.982052,40.75186,CRD,8.1,0.0,0.5,0.0,0.0,8.6
VTS,2013-05-16 14:52:00,2013-05-16 15:00:00,1,1.2,-73.97896,40.736102,1.0,,-73.978645,40.746817,CSH,7.0,0.0,0.5,0.0,0.0,7.5
CMT,2009-06-24 20:43:15,2009-06-24 20:51:02,1,1.1,-73.985754,40.76152,,0,-73.975694,40.750933,Cash,6.1,0.0,,0.0,0.0,6.1
1,2015-02-20 20:35:13,2015-02-20 20:42:14,1,1.1,-73.9771957397461,40.7581787109375,1.0,N,-73.9908676147461,40.75082778930664,2,6.5,0.5,0.5,0.0,0.0,0.3
CMT,2010-11-15 01:49:58,2010-11-15 01:58:05,1,5.1,-73.971988,40.794761,1.0,N,-73.931285,40.854866,CSH,13.3,0.5,0.5,0.0,0.0,14.3
1,2015-12-01 08:16:54,2015-12-01 08:30:22,1,2.2,-73.9736557006836,40.75986099243164,1.0,N,-73.98263549804688,40.7801628112793,1,10.5,0.0,0.5,2.8,0.0,0.3
1,2015-07-24 23:52:27,2015-07-25 00:01:04,1,1.3,-73.99368286132812,40.72467803955078,1.0,N,-73.99695587158203,40.7370491027832,1,7.5,0.5,0.5,1.0,0.0,0.3
VTS,2014-10-19 12:19:00,2014-10-19 12:25:00,5,0.66,-73.984728,40.724642,1.0,,-73.984728,40.724642,CRD,6.0,0.0,0.5,1.2,0.0,7.7
VTS,2009-03-04 23:06:00,2009-03-04 23:07:00,2,0.0,-73.943405,40.696035,,,-73.943407,40.69607,CASH,2.5,0.5,,0.0,0.0,3.0
2,2016-05-17 08:21:22,2016-05-17 08:53:49,3,7.34,-74.01614379882812,40.715328216552734,1.0,N,-73.9719009399414,40.76036834716797,1,28.0,0.0,0.5,5.76,0.0,0.3
CMT,2013-06-03 11:50:08,2013-06-03 11:59:44,1,0.4,-73.978389,40.745645,1.0,N,-73.975103,40.750802,CRD,7.0,0.0,0.5,0.91,0.0,8.41
2,2015-03-12 11:39:47,2015-03-12 11:50:09,1,0.83,-73.96810913085938,40.76569747924805,1.0,N,-73.97174835205078,40.75663375854492,1,8.0,0.0,0.5,2.08,0.0,0.3
VTS,2014-10-30 13:39:00,2014-10-30 13:48:00,1,0.8,-73.980347,40.754342,1.0,,-73.989282,40.747757,CSH,7.0,0.0,0.5,0.0,0.0,7.5
VTS,2012-11-09 19:56:00,2012-11-09 20:03:00,1,2.09,-73.984307,40.739535,1.0,,-73.963455,40.757602,CRD,8.0,1.0,0.5,1.5,0.0,11.0
VTS,2010-08-12 14:51:00,2010-08-12 15:14:00,1,3.15,-73.972047,40.757992,1.0,,-73.970188,40.784775,CRD,14.1,0.0,0.5,2.0,0.0,16.6
VTS,2011-10-19 16:18:00,2011-10-19 16:28:00,1,0.69,-73.991348,40.749853,1.0,,-73.98381,40.74383,CRD,6.1,1.0,0.5,3.0,0.0,10.6
CMT,2010-03-04 16:59:37,2010-03-04 17:02:48,1,0.7,-73.987507,40.749985,1.0,0,-73.978534,40.752509,Cas,4.1,1.0,0.5,0.0,0.0,5.6
2,2015-06-10 11:26:34,2015-06-10 11:39:08,1,1.04,-73.95376586914062,40.77880096435547,1.0,N,-73.96552276611328,40.773563385009766,1,9.0,0.0,0.5,2.45,0.0,0.3
VTS,2012-05-06 16:12:00,2012-05-06 17:14:00,1,18.06,-73.984212,40.763042,2.0,,-73.790045,40.644602,CRD,45.0,0.0,0.5,9.0,4.8,59.3
1,2016-01-04 16:22:28,2016-01-04 16:32:34,2,1.9,-73.9763412475586,40.744319915771484,1.0,N,-73.9944076538086,40.72429656982422,1,9.0,1.0,0.5,2.0,0.0,0.3
CMT,2013-05-04 18:02:37,2013-05-04 18:05:06,1,0.4,-73.983198,40.744785,1.0,N,-73.977086,40.746921,CSH,4.0,0.0,0.5,0.0,0.0,4.5
VTS,2010-12-17 23:32:00,2010-12-17 23:42:00,5,1.7,-73.955833,40.776283,1.0,,-73.967978,40.755585,CSH,7.3,0.5,0.5,0.0,0.0,8.3
CMT,2010-07-09 17:33:04,2010-07-09 17:42:06,1,1.2,-73.966379,40.769242,1.0,0,-73.97461,40.759321,Cas,6.9,1.0,0.5,0.0,0.0,8.4
VTS,2014-01-15 10:01:00,2014-01-15 10:04:00,5,0.52,-73.957435,40.780207,1.0,,-73.973425,40.754007,CSH,4.5,0.0,0.5,0.0,0.0,5.0
CMT,2010-02-12 07:28:17,2010-02-12 07:36:51,1,1.8,-73.982419,40.773814,1.0,0,-73.958341,40.772961,CAS,7.3,0.0,0.5,0.0,0.0,7.8
VTS,2014-05-24 17:03:00,2014-05-24 17:17:00,2,2.29,-73.958355,40.775712,1.0,,-73.985562,40.778517,CRD,11.5,0.0,0.5,2.88,0.0,14.88
VTS,2010-08-25 11:51:00,2010-08-25 12:05:00,1,1.11,-73.979198,40.762668,1.0,,-73.975168,40.751133,CRD,8.1,0.0,0.5,1.4,0.0,10.0
VTS,2010-05-23 23:26:00,2010-05-23 23:38:00,1,2.99,-73.982262,40.721057,1.0,,-74.015702,40.70997,CAS,10.1,0.5,0.5,0.0,0.0,11.1
CMT,2012-06-23 23:35:12,2012-06-23 23:49:09,1,2.9,-73.961045,40.714381,1.0,N,-73.984727,40.701923,CRD,10.5,0.5,0.5,1.88,0.0,13.38
VTS,2011-12-31 19:47:00,2011-12-31 20:02:00,1,2.09,-73.999028,40.734633,1.0,,-73.975978,40.744612,CRD,9.3,0.0,0.5,2.0,0.0,11.8
1,2015-08-21 21:38:22,2015-08-21 21:44:15,1,1.9,-74.01525115966797,40.70838928222656,1.0,N,-74.00635528564453,40.732669830322266,1,8.0,0.5,0.5,1.0,0.0,0.3
2,2015-07-26 16:10:27,2015-07-26 16:53:48,5,13.13,-73.9907455444336,40.75624084472656,1.0,N,-73.78282165527344,40.71432113647461,2,44.0,0.0,0.5,0.0,5.54,0.3
CMT,2010-08-26 00:03:32,2010-08-26 00:09:22,2,1.1,-73.983574,40.764506,1.0,N,-73.972904,40.756101,CSH,5.3,0.5,0.5,0.0,0.0,6.3
CMT,2011-09-22 21:05:28,2011-09-22 21:21:05,1,3.1,-73.952012,40.77319,1.0,N,-73.985408,40.762852,CSH,11.3,0.5,0.5,0.0,0.0,12.3
2,2016-05-04 20:23:58,2016-05-04 20:30:50,1,0.75,-73.97443389892578,40.74507522583008,1.0,N,-73.98583984375,40.74809646606445,1,6.0,0.5,0.5,1.46,0.0,0.3
VTS,2012-07-06 01:06:00,2012-07-06 01:09:00,1,0.81,-73.961245,40.806502,1.0,,-73.953812,40.816692,CSH,4.5,0.5,0.5,0.0,0.0,5.5
CMT,2014-06-29 08:55:39,2014-06-29 09:03:00,1,1.5,-73.999057,40.739528,1.0,N,-73.9874,40.754978,CSH,8.0,0.0,0.5,0.0,0.0,8.5
CMT,2012-06-01 04:57:35,2012-06-01 05:00:40,1,0.6,-73.982366,40.757387,1.0,N,-73.988019,40.757247,CSH,4.1,0.5,0.5,0.0,0.0,5.1
CMT,2011-10-24 07:59:05,2011-10-24 08:16:23,1,3.1,-73.993354,40.730979,1.0,N,-73.974014,40.764166,CRD,12.1,0.0,0.5,1.4,0.0,14.0
DDS,2009-09-18 21:07:14,2009-09-18 21:25:41,1,3.3,-73.956429,40.763168,,,-73.99606,40.743598,CASH,2.5,0.5,,0.0,0.0,3.0
VTS,2012-12-28 02:32:00,2012-12-28 02:38:00,4,1.38,-73.99341,40.721852,1.0,,-73.981757,40.730965,CRD,7.0,0.5,0.5,1.0,0.0,9.0
CMT,2011-12-04 14:53:28,2011-12-04 15:04:38,1,2.1,-73.994072,40.741261,1.0,N,-73.97807,40.759372,CRD,8.1,0.0,0.5,2.15,0.0,10.75
CMT,2010-03-26 18:20:43,2010-03-26 18:25:05,1,0.9,-73.961133,40.771778,1.0,0,-73.950046,40.776189,Cas,4.5,1.0,0.5,0.0,0.0,6.0
1,2015-12-04 22:35:42,2015-12-04 22:49:09,1,2.1,-73.98115539550781,40.753746032714844,1.0,N,-73.98075103759766,40.72991943359375,2,10.5,0.5,0.5,0.0,0.0,0.3
VTS,2013-04-22 11:24:00,2013-04-22 11:27:00,1,0.73,-73.978572,40.75677,1.0,,-73.985527,40.74921,CSH,4.5,0.0,0.5,0.0,0.0,5.0
VTS,2009-01-07 21:56:00,2009-01-07 22:02:00,5,1.5,-73.9827,40.745092,,,-73.999098,40.729293,CASH,6.1,0.5,,0.0,0.0,6.6
VTS,2013-10-10 21:32:00,2013-10-10 21:41:00,1,2.15,-73.98684,40.751092,1.0,,-73.976045,40.77633,CSH,9.0,0.5,0.5,0.0,0.0,10.0
1,2015-01-25 13:41:45,2015-01-25 13:52:04,1,2.3,-73.98169708251953,40.74080276489258,1.0,N,-73.9563980102539,40.76308822631836,1,10.0,0.0,0.5,2.16,0.0,0.3
VTS,2010-07-22 20:22:00,2010-07-22 20:24:00,1,0.54,-73.971897,40.76565,1.0,,-73.96902,40.760512,CAS,3.7,0.5,0.5,0.0,0.0,4.7
CMT,2013-09-29 22:22:21,2013-09-29 22:31:30,1,1.8,-73.981423,40.741289,1.0,N,-74.006741,40.735998,CRD,8.5,0.5,0.5,2.0,0.0,11.5
CMT,2011-10-29 20:53:34,2011-10-29 21:01:38,1,0.9,-74.002868,40.73368,1.0,N,-73.990004,40.726276,CSH,6.1,0.5,0.5,0.0,0.0,7.1
2,2015-02-26 07:29:32,2015-02-26 07:44:58,2,3.29,-73.96798706054688,40.80215835571289,1.0,N,-73.97933959960938,40.7601203918457,2,13.5,0.0,0.5,0.0,0.0,0.3
2,2015-06-24 15:35:15,2015-06-24 15:45:29,1,0.5,-73.98296356201172,40.75160598754883,1.0,N,-73.99024963378906,40.75144577026367,2,7.5,0.0,0.5,0.0,0.0,0.3
VTS,2010-05-09 23:01:00,2010-05-09 23:06:00,2,0.94,-73.98237,40.757723,1.0,,-73.991803,40.749318,CAS,4.9,0.5,0.5,0.0,0.0,5.9
CMT,2013-03-10 04:09:44,2013-03-10 04:20:54,1,3.4,-73.97469,40.791014,1.0,N,-73.997485,40.754759,CRD,12.5,0.5,0.5,2.0,0.0,15.5
VTS,2014-06-21 01:46:00,2014-06-21 01:54:00,6,1.07,-74.009797,40.706165,1.0,,-74.004972,40.718865,CSH,7.0,0.5,0.5,0.0,0.0,8.0
VTS,2012-10-04 10:32:00,2012-10-04 10:38:00,5,2.17,-73.981718,40.778572,1.0,,-73.962525,40.804807,CRD,8.0,0.0,0.5,1.6,0.0,10.1
VTS,2013-05-10 09:57:00,2013-05-10 10:09:00,1,0.82,-73.984162,40.764932,1.0,,-73.973098,40.761687,CSH,9.0,0.0,0.5,0.0,0.0,9.5
2,2016-01-09 22:28:12,2016-01-09 22:49:25,1,4.78,-73.97297668457031,40.78532791137695,1.0,N,-73.99358367919922,40.73055648803711,1,18.0,0.5,0.5,3.0,0.0,0.3
VTS,2012-06-12 08:12:00,2012-06-12 08:31:00,1,1.68,-73.991037,40.756747,1.0,,-73.96803,40.752112,CSH,10.9,0.0,0.5,0.0,0.0,11.4
CMT,2009-11-29 20:57:19,2009-11-29 21:10:55,1,9.2,-73.87481,40.774188,,0,-73.988741,40.722315,Credit,21.3,0.5,0.5,4.46,0.0,26.76
VTS,2011-08-18 13:36:00,2011-08-18 13:54:00,1,4.18,-73.970328,40.759437,1.0,,-74.009358,40.72,CSH,12.9,0.0,0.5,0.0,0.0,13.4
CMT,2013-08-23 16:16:19,2013-08-23 16:27:19,1,1.0,-73.984703,40.760909,1.0,N,-73.981309,40.750759,CRD,8.0,1.0,0.5,1.0,0.0,10.5
VTS,2014-09-14 03:36:00,2014-09-14 03:45:00,1,2.53,-73.962637,40.762982,1.0,,-73.990418,40.743352,CSH,10.0,0.5,0.5,0.0,0.0,11.0
CMT,2014-09-18 13:47:37,2014-09-18 14:15:09,1,3.1,-73.991351,40.750043,1.0,N,-73.955854,40.763915,CRD,18.0,0.0,0.5,3.7,0.0,22.2
CMT,2011-05-08 21:16:05,2011-05-08 21:20:50,1,1.2,-73.951113,40.785977,1.0,N,-73.962367,40.796508,CRD,5.3,0.5,0.5,1.25,0.0,7.55
CMT,2012-10-22 12:00:50,2012-10-22 12:19:07,1,3.1,-73.93853,40.804478,1.0,N,-73.963667,40.765358,CRD,15.0,0.0,0.5,2.0,0.0,17.5
VTS,2013-07-28 17:20:00,2013-07-28 17:26:00,1,1.02,-73.978682,40.745125,1.0,,-73.992365,40.744442,CRD,6.0,0.0,0.5,1.0,0.0,7.5
1,2016-06-19 14:57:12,2016-06-19 15:02:27,1,1.4,-73.96279907226562,40.75577926635742,1.0,N,-73.9730224609375,40.74360656738281,1,6.5,0.0,0.5,1.45,0.0,0.3
CMT,2014-06-24 14:52:45,2014-06-24 15:09:52,2,1.8,-74.003399,40.726907,1.0,N,-73.984482,40.745647,CRD,12.0,0.0,0.5,2.5,0.0,15.0
CMT,2009-10-18 11:51:41,2009-10-18 12:22:15,2,18.9,-73.980379,40.754872,,0,-73.789806,40.643143,Cash,45.0,0.0,,0.0,4.57,49.57
VTS,2012-08-03 10:54:00,2012-08-03 11:10:00,1,7.32,-73.870757,40.77369,1.0,,-73.948068,40.802267,CRD,18.1,0.0,0.5,0.0,4.8,23.4
VTS,2013-06-16 14:27:00,2013-06-16 14:36:00,3,1.61,-73.97712,40.683727,1.0,,-73.986663,40.703257,CSH,9.0,0.0,0.5,0.0,0.0,9.5
CMT,2009-06-23 17:03:55,2009-06-23 17:17:56,1,2.0,-73.978197,40.752284,,0,-73.95702,40.774935,Cash,9.3,0.0,,0.0,0.0,9.3
2,2015-05-30 17:28:40,2015-05-30 17:49:26,5,4.4,-73.96763610839844,40.80308151245117,1.0,N,-73.93425750732422,40.85079574584961,1,18.0,0.0,0.5,2.0,0.0,0.3
VTS,2011-03-25 18:34:00,2011-03-25 18:39:00,1,0.59,-73.948512,40.784932,1.0,,-73.941145,40.788185,CRD,4.9,1.0,0.5,2.0,0.0,8.4
1,2016-02-09 20:16:28,2016-02-09 20:25:22,1,1.3,-73.98352813720703,40.75839614868164,1.0,N,-73.9913101196289,40.74488830566406,1,7.5,0.5,0.5,1.75,0.0,0.3
2,2015-04-21 19:54:33,2015-04-21 20:10:03,1,6.96,-73.7767105102539,40.645301818847656,1.0,N,-73.85779571533203,40.68263626098633,1,21.5,1.0,0.5,0.0,0.0,0.3
CMT,2013-02-02 17:59:13,2013-02-02 18:00:53,1,0.6,-73.959755,40.771199,1.0,N,-73.953896,40.77921,CSH,4.0,0.0,0.5,0.0,0.0,4.5
CMT,2014-02-03 15:33:21,2014-02-03 15:44:57,1,2.4,-74.008224,40.722846,1.0,N,-73.986264,40.737386,CRD,10.0,0.0,0.5,1.0,0.0,11.5
VTS,2013-12-05 01:00:00,2013-12-05 01:12:00,1,3.8,-74.001547,40.726087,1.0,,-73.988637,40.769237,CRD,13.5,0.5,0.5,0.0,0.0,14.5
VTS,2010-12-15 20:02:00,2010-12-15 20:09:00,1,3.17,-73.987698,40.700525,1.0,,-73.95443,40.718577,CRD,9.3,0.5,0.5,3.0,0.0,13.3
CMT,2010-12-08 11:48:50,2010-12-08 11:59:16,1,1.0,-73.989518,40.758971,1.0,N,-73.996024,40.753846,CSH,6.9,0.0,0.5,0.0,0.0,7.4
2,2016-01-08 23:47:31,2016-01-08 23:54:35,1,3.0,-73.87293243408203,40.7741813659668,1.0,N,-73.89486694335938,40.74338150024414,2,10.5,0.5,0.5,0.0,0.0,0.3
2,2015-06-17 19:13:51,2015-06-17 19:36:25,1,4.48,-73.992919921875,40.693241119384766,1.0,N,-74.00946807861328,40.739681243896484,1,18.5,1.0,0.5,3.0,0.0,0.3
CMT,2011-07-01 02:46:04,2011-07-01 02:55:42,1,3.0,-73.982004,40.77548,1.0,N,-73.961529,40.813004,CSH,9.3,0.5,0.5,0.0,0.0,10.3
VTS,2010-09-25 18:15:00,2010-09-25 18:29:00,1,3.44,-73.997165,40.749317,1.0,,-73.959743,40.776253,CSH,10.9,0.0,0.5,0.0,0.0,11.4
VTS,2010-05-07 18:12:00,2010-05-07 18:17:00,1,1.16,-73.968653,40.76154,1.0,,-73.959375,40.773412,CAS,4.9,1.0,0.5,0.0,0.0,6.4
VTS,2011-09-15 00:52:00,2011-09-15 00:55:00,1,0.59,-73.98409,40.72103,1.0,,-73.980237,40.727062,CRD,3.7,0.5,0.5,2.0,0.0,6.7
CMT,2009-08-10 03:21:04,2009-08-10 03:42:45,1,9.9,-73.954592,40.764166,,0,-73.981008,40.665751,Cash,24.1,0.0,,0.0,0.0,24.1
1,2016-03-06 00:46:10,2016-03-06 01:02:48,1,3.6,-74.00396728515625,40.72547912597656,1.0,N,-73.9727554321289,40.687374114990234,1,15.0,0.5,0.5,4.0,0.0,0.3
2,2016-02-10 21:02:45,2016-02-10 21:04:49,1,0.37,-73.98223114013672,40.77394485473633,1.0,N,-73.98790740966797,40.7751350402832,1,3.5,0.5,0.5,1.2,0.0,0.3
CMT,2013-07-24 22:22:23,2013-07-24 22:43:11,1,6.6,-74.01355,40.70911,1.0,N,-73.960885,40.771475,CRD,21.5,0.5,0.5,4.5,0.0,27.0
VTS,2014-10-27 18:41:00,2014-10-27 18:59:00,2,2.96,-73.982055,40.75894,1.0,,-74.007968,40.731842,CSH,13.5,1.0,0.5,0.0,0.0,15.0
CMT,2009-09-18 00:21:59,2009-09-18 00:30:53,1,3.0,-73.980308,40.773025,,0,-73.976443,40.743919,Cash,8.9,0.0,,0.0,0.0,8.9
CMT,2013-02-15 21:34:30,2013-02-15 21:42:04,1,2.4,-73.978891,40.757996,1.0,N,-73.952508,40.776521,CRD,9.0,0.5,0.5,3.0,0.0,13.0
CMT,2011-06-22 13:12:55,2011-06-22 13:23:13,1,1.2,-73.989094,40.745989,1.0,N,-73.97348,40.75115,CSH,7.3,0.0,0.5,0.0,0.0,7.8
CMT,2009-06-13 10:33:57,2009-06-13 10:37:17,1,1.1,-73.973735,40.789532,,0,-73.966013,40.804079,Cash,4.9,0.0,,0.0,0.0,4.9
1,2015-11-16 16:41:34,2015-11-16 17:13:42,2,10.2,-73.9730453491211,40.75676345825195,1.0,Y,-73.87324523925781,40.774436950683594,2,31.5,1.0,0.5,0.0,5.54,0.3
DDS,2009-10-24 13:28:16,2009-10-24 13:34:12,1,1.0,-73.981871,40.766057,,,-73.977062,40.779062,CASH,5.3,0.0,,0.0,0.0,5.3
CMT,2012-11-13 09:13:06,2012-11-13 09:30:15,1,1.8,-73.952835,40.783123,1.0,N,-73.9708,40.765886,CRD,11.5,0.0,0.5,2.4,0.0,14.4
CMT,2009-07-27 19:50:46,2009-07-27 20:12:19,1,4.5,-73.95741,40.776787,,0,-74.002938,40.727755,Credit,14.1,0.0,,1.0,0.0,15.1
2,2015-12-07 18:16:13,2015-12-07 18:44:57,2,3.0,-73.9749755859375,40.75925827026367,1.0,N,-73.99919128417969,40.72825622558594,1,18.5,1.0,0.5,4.06,0.0,0.3
CMT,2011-09-07 18:36:10,2011-09-07 18:39:31,1,0.6,-73.997,40.7423,1.0,N,-74.0057,40.7358,CRD,4.1,1.0,0.5,1.1,0.0,6.7
VTS,2010-07-29 21:15:00,2010-07-29 21:27:00,1,2.37,-73.96914,40.790908,1.0,,-73.986672,40.767962,Cre,8.9,0.5,0.5,2.0,0.0,11.9
VTS,2012-03-25 00:29:00,2012-03-25 00:43:00,1,4.02,-74.004957,40.740828,1.0,,-73.961728,40.760168,CRD,11.7,0.5,0.5,1.9,0.0,14.6
DDS,2009-10-08 19:34:27,2009-10-08 19:47:18,1,2.3,-73.989143,40.74376,,,-73.982534,40.768406,CREDIT,8.9,1.0,,1.95,0.0,11.85
CMT,2010-11-04 04:07:17,2010-11-04 04:21:26,1,4.9,-73.992359,40.725193,1.0,N,-73.980388,40.661262,CRD,13.7,0.5,0.5,2.2,0.0,16.9
VTS,2014-10-20 14:47:00,2014-10-20 15:00:00,1,2.57,-73.973617,40.753177,1.0,,-73.998152,40.72508,CRD,11.0,0.0,0.5,2.2,0.0,13.7
VTS,2011-12-19 18:06:00,2011-12-19 18:20:00,1,1.93,-73.982157,40.772242,1.0,,-73.960788,40.759118,CRD,9.3,1.0,0.5,2.0,0.0,12.8
CMT,2013-08-15 11:55:26,2013-08-15 12:11:13,1,3.0,-73.973634,40.751408,1.0,N,-73.97212,40.781578,CSH,13.0,0.0,0.5,0.0,0.0,13.5
CMT,2012-07-28 02:03:54,2012-07-28 02:09:59,1,1.0,-73.98847,40.756698,1.0,N,-73.995751,40.764463,CRD,5.7,0.5,0.5,1.34,0.0,8.04
VTS,2013-11-16 15:15:00,2013-11-16 15:29:00,2,2.16,-73.982992,40.745262,1.0,,-74.005505,40.72861,CRD,11.0,0.0,0.5,2.2,0.0,13.7
CMT,2012-07-27 14:52:47,2012-07-27 15:38:40,3,13.8,-73.993964,40.756413,1.0,N,-73.869011,40.852999,CRD,35.3,0.0,0.5,8.95,0.0,44.75
CMT,2010-04-16 23:41:42,2010-04-16 23:45:36,1,0.5,-73.980174,40.742522,1.0,0,-73.988195,40.745845,Cas,4.1,0.5,0.5,0.0,0.0,5.1
VTS,2012-05-08 19:57:00,2012-05-08 20:00:00,1,0.51,-73.982437,40.74992,1.0,,-73.977695,40.756855,CRD,3.7,1.0,0.5,1.0,0.0,6.2
VTS,2010-03-22 17:33:00,2010-03-22 17:46:00,1,2.02,-73.986852,40.756728,1.0,,-74.010133,40.746923,CRD,8.9,1.0,0.5,3.0,0.0,13.4
1,2015-10-27 07:35:40,2015-10-27 07:44:01,1,1.6,-74.00115203857422,40.73167419433594,1.0,N,-73.98603057861328,40.75249099731445,2,8.0,0.0,0.5,0.0,0.0,0.3
VTS,2010-09-17 19:23:00,2010-09-17 19:26:00,1,0.63,-73.990508,40.745803,1.0,,-73.984103,40.726295,CRD,3.7,1.0,0.5,1.0,0.0,6.2
CMT,2013-11-14 13:19:53,2013-11-14 13:26:43,1,0.9,-73.956488,40.780942,1.0,N,-73.944787,40.779223,CRD,6.0,0.0,0.5,1.3,0.0,7.8
VTS,2012-06-22 11:42:00,2012-06-22 11:46:00,1,0.69,-73.955017,40.765012,1.0,,-73.960227,40.770362,CSH,4.5,0.0,0.5,0.0,0.0,5.0
VTS,2011-07-25 13:23:00,2011-07-25 13:33:00,3,1.11,-73.990602,40.737278,1.0,,-73.991528,40.749228,CSH,6.9,0.0,0.5,0.0,0.0,7.4
CMT,2014-03-23 17:49:17,2014-03-23 17:57:00,1,1.1,-73.934855,40.801153,1.0,N,-73.943911,40.809959,CSH,7.0,0.0,0.5,0.0,0.0,7.5
VTS,2010-07-27 08:42:00,2010-07-27 09:00:00,2,6.59,-73.970425,40.764467,1.0,,-74.011233,40.70238,Cre,17.7,0.0,0.5,2.8,0.0,21.0
VTS,2013-05-04 00:49:00,2013-05-04 01:04:00,1,3.49,-73.967455,40.766842,1.0,,-73.998398,40.724802,CSH,14.0,0.5,0.5,0.0,0.0,15.0
VTS,2013-10-16 09:50:00,2013-10-16 10:01:00,1,1.1,-73.992742,40.730125,1.0,,-74.004265,40.71651,CSH,8.5,0.0,0.5,0.0,0.0,9.0
VTS,2011-01-26 18:24:00,2011-01-26 18:29:00,2,0.74,-73.981253,40.781807,1.0,,-73.979917,40.788932,CRD,4.5,1.0,0.5,0.0,0.0,6.0
CMT,2014-08-27 00:09:49,2014-08-27 00:18:03,1,3.8,-73.971447,40.795038,1.0,N,-73.944228,40.834606,CSH,13.0,0.5,0.5,0.0,0.0,14.0
CMT,2010-11-19 18:21:20,2010-11-19 18:34:49,2,2.3,-74.010032,40.72112,1.0,N,-73.982815,40.719717,CRD,9.3,1.0,0.5,1.0,0.0,11.8
VTS,2010-09-02 10:08:00,2010-09-02 10:29:00,1,3.6,-73.946658,40.780447,1.0,,-73.9905,40.770895,CRD,12.9,0.0,0.5,2.0,0.0,15.4
VTS,2013-10-14 07:55:00,2013-10-14 08:03:00,2,1.77,-73.989912,40.77155,1.0,,-73.989292,40.753725,CRD,8.5,0.0,0.5,1.0,0.0,10.0
CMT,2013-12-07 20:18:35,2013-12-07 20:30:16,1,1.3,-73.976924,40.747506,1.0,N,-73.962647,40.75865,CSH,9.0,0.5,0.5,0.0,0.0,10.0
2,2015-02-22 15:18:23,2015-02-22 15:38:40,1,2.98,-73.9990005493164,40.722938537597656,1.0,N,-73.98895263671875,40.758060455322266,2,14.5,0.0,0.5,0.0,0.0,0.3
VTS,2009-08-05 17:52:00,2009-08-05 18:07:00,1,3.16,-73.98461,40.768522,,,-73.954325,40.789745,CASH,10.5,1.0,,0.0,0.0,11.5
VTS,2010-07-23 21:43:00,2010-07-23 21:53:00,1,2.62,-73.986172,40.755788,1.0,,-73.954745,40.769532,CAS,8.9,0.5,0.5,0.0,0.0,9.9
CMT,2010-01-23 19:18:09,2010-01-23 19:28:13,1,1.5,-73.992053,40.744162,1.0,0,-73.999576,40.728377,Cas,7.3,0.0,0.5,0.0,0.0,7.8
VTS,2009-11-16 18:41:00,2009-11-16 18:56:00,3,1.72,-73.997342,40.723278,,,-74.00769,40.74073,Credit,8.9,1.0,0.5,2.0,0.0,12.4
VTS,2013-05-13 13:43:00,2013-05-13 13:52:00,1,1.31,-73.952255,40.789867,1.0,,-73.961085,40.777402,CSH,7.5,0.0,0.5,0.0,0.0,8.0
VTS,2011-11-05 15:30:00,2011-11-05 15:38:00,1,1.28,-73.994573,40.745567,1.0,,-73.98004,40.746427,CSH,6.5,0.0,0.5,0.0,0.0,7.0
CMT,2012-07-05 19:41:30,2012-07-05 19:59:06,1,3.0,-73.978597,40.762137,1.0,N,-74.007269,40.743061,CSH,11.3,1.0,0.5,0.0,0.0,12.8
CMT,2009-07-27 08:39:17,2009-07-27 08:48:35,1,2.1,-73.953228,40.786832,,0,-73.972233,40.760091,Cash,8.1,0.0,,0.0,0.0,8.1
CMT,2012-05-30 12:40:37,2012-05-30 13:05:23,1,2.1,-73.957362,40.780418,1.0,N,-73.979585,40.754828,CRD,12.9,0.0,0.5,3.35,0.0,16.75
VTS,2010-12-07 10:20:00,2010-12-07 10:30:00,1,0.82,-73.976468,40.751658,1.0,,-73.983645,40.75934,CRD,6.5,0.0,0.5,1.0,0.0,8.0
VTS,2010-01-11 18:36:00,2010-01-11 18:47:00,1,2.1,-73.980313,40.76046,1.0,,-73.955263,40.77001,CAS,8.1,1.0,0.5,0.0,0.0,9.6
CMT,2014-10-19 11:00:07,2014-10-19 11:06:39,1,1.3,-73.98051,40.779902,1.0,N,-73.988263,40.764198,CRD,7.0,0.0,0.5,0.75,0.0,8.25
1,2015-12-10 12:41:31,2015-12-10 12:45:28,1,0.7,-73.95802307128906,40.78477478027344,1.0,N,-73.9630126953125,40.77579116821289,2,5.0,0.0,0.5,0.0,0.0,0.3
1,2016-03-25 07:04:12,2016-03-25 07:17:55,1,5.3,-73.96249389648438,40.810054779052734,1.0,N,-74.00682830810547,40.75138473510742,1,17.0,0.0,0.5,3.55,0.0,0.3
VTS,2011-06-02 12:14:00,2011-06-02 12:36:00,1,2.92,-73.990693,40.74497,1.0,,-73.98091,40.780973,CSH,12.9,0.0,0.5,0.0,0.0,13.4
1,2016-01-17 03:25:34,2016-01-17 03:38:46,3,2.3,-74.00507354736328,40.7411994934082,1.0,N,-73.98611450195312,40.762306213378906,1,11.0,0.5,0.5,2.0,0.0,0.3
2,2015-08-18 09:44:10,2015-08-18 10:03:24,1,2.04,-73.99439239501953,40.74068069458008,1.0,N,-73.97154235839844,40.75481033325195,1,13.0,0.0,0.5,2.76,0.0,0.3
CMT,2009-08-15 00:32:47,2009-08-15 00:40:23,1,0.7,-73.986301,40.730481,,0,-73.988027,40.723769,Credit,5.7,0.0,,1.55,0.0,7.25
VTS,2009-02-26 10:03:00,2009-02-26 10:21:00,1,2.94,-73.96347,40.771742,,,-73.991602,40.739163,CASH,11.3,0.0,,0.0,0.0,11.3
VTS,2013-11-14 22:40:00,2013-11-14 22:57:00,1,9.77,-73.98867,40.693072,1.0,,-73.935798,40.796232,CRD,27.5,0.5,0.5,5.6,0.0,34.1
CMT,2012-04-30 14:59:49,2012-04-30 15:10:48,2,1.4,-73.99571,40.726495,1.0,N,-74.009016,40.71829,CRD,7.7,0.0,0.5,1.0,0.0,9.2
VTS,2011-02-21 18:59:00,2011-02-21 19:08:00,5,1.75,-73.985917,40.73827,1.0,,-73.99467,40.723012,CRD,6.9,0.0,0.5,2.0,0.0,9.4
CMT,2009-08-29 02:03:51,2009-08-29 02:06:45,1,0.7,-73.943558,40.711704,,0,-73.943686,40.702226,Cash,4.1,0.0,,0.0,0.0,4.1
CMT,2012-05-17 20:27:21,2012-05-17 20:40:55,2,1.8,-73.980861,40.769647,1.0,Y,-73.973371,40.755233,CRD,9.3,0.5,0.5,2.06,0.0,12.36
1,2016-04-01 09:19:25,2016-04-01 09:36:52,1,2.0,-73.98140716552734,40.752193450927734,1.0,N,-73.96084594726562,40.76306915283203,1,12.0,0.0,0.5,2.55,0.0,0.3
1,2016-03-23 12:27:31,2016-03-23 12:36:52,1,1.0,-73.9922103881836,40.731300354003906,1.0,N,-74.00353240966797,40.72853088378906,1,7.5,0.0,0.5,1.65,0.0,0.3
CMT,2013-02-01 00:18:00,2013-02-01 00:35:52,1,4.3,-73.961125,40.719192,1.0,N,-74.006011,40.733116,CRD,16.5,0.5,0.5,1.0,0.0,18.5
VTS,2011-06-30 18:35:00,2011-06-30 18:42:00,5,1.53,-73.98833,40.75423,1.0,,-74.00511,40.741103,CRD,6.5,1.0,0.5,1.0,0.0,9.0
VTS,2010-06-29 20:33:00,2010-06-29 20:39:00,1,1.07,-73.99769,40.756505,1.0,,-74.007705,40.75159,Cre,5.3,0.5,0.5,2.0,0.0,8.3
2,2015-03-26 21:41:06,2015-03-26 21:51:32,1,1.73,-73.99024200439453,40.76166534423828,1.0,N,-73.99246978759766,40.74284362792969,1,9.0,0.5,0.5,2.06,0.0,0.3
2,2015-07-07 18:44:34,2015-07-07 18:53:06,1,1.39,-74.00556182861328,40.750938415527344,1.0,N,-74.00232696533203,40.73573684692383,1,8.0,1.0,0.5,1.0,0.0,0.3
CMT,2011-11-28 20:27:22,2011-11-28 20:40:11,1,3.0,-73.990195,40.772238,1.0,N,-73.953573,40.781858,CRD,10.5,0.5,0.5,1.0,0.0,12.5
CMT,2013-09-29 02:16:29,2013-09-29 02:24:40,2,2.1,-73.987393,40.759643,1.0,N,-73.980513,40.737797,CRD,9.0,0.5,0.5,1.0,0.0,11.0
1,2016-05-01 17:26:30,2016-05-01 17:36:44,1,1.5,-73.96256256103516,40.770469665527344,1.0,N,-73.98218536376953,40.77702331542969,1,9.0,0.0,0.5,1.2,0.0,0.3
CMT,2012-09-03 21:47:28,2012-09-03 22:07:35,2,9.3,-73.862701,40.76886,1.0,N,-73.985997,40.742124,CSH,22.1,0.5,0.5,0.0,4.8,27.9
CMT,2009-01-27 23:36:50,2009-01-27 23:52:21,2,5.3,-74.017937,40.706156,,,-74.003683,40.681581,Cash,15.0,0.0,,0.0,0.0,15.0
CMT,2010-07-07 12:30:41,2010-07-07 12:37:01,2,0.8,-73.984723,40.769671,1.0,0,-73.972268,40.76307,Cas,5.3,0.0,0.5,0.0,0.0,5.8
CMT,2014-04-01 21:43:29,2014-04-01 22:00:33,1,3.6,-73.985205,40.778714,1.0,N,-73.989041,40.743973,CRD,14.5,0.5,0.5,3.1,0.0,18.6
1,2015-10-11 15:14:19,2015-10-11 15:25:06,1,1.3,-74.00267791748047,40.73393630981445,1.0,N,-74.00030517578125,40.71879959106445,1,8.5,0.0,0.5,1.0,0.0,0.3
VTS,2013-10-22 16:58:00,2013-10-22 17:12:00,1,4.95,-74.008137,40.707782,1.0,,-73.986245,40.749185,CSH,17.0,1.0,0.5,0.0,0.0,18.5
CMT,2013-06-26 09:47:49,2013-06-26 10:17:47,2,2.9,-73.977429,40.765048,1.0,N,-73.997685,40.730047,CSH,18.5,0.0,0.5,0.0,0.0,19.0
CMT,2013-12-08 13:25:47,2013-12-08 13:29:22,1,0.8,-73.980826,40.742021,1.0,N,-73.978237,40.751314,CSH,5.0,0.0,0.5,0.0,0.0,5.5
2,2015-01-23 18:46:24,2015-01-23 18:58:52,4,3.19,-73.97984313964844,40.75348663330078,1.0,N,-73.97789001464844,40.712677001953125,2,12.5,1.0,0.5,0.0,0.0,0.3
VTS,2009-11-21 14:05:00,2009-11-21 14:10:00,1,0.69,-73.99001,40.746507,,,-73.988887,40.739178,CASH,4.5,0.0,0.5,0.0,0.0,5.0
VTS,2011-06-15 21:11:00,2011-06-15 21:23:00,2,3.22,-73.92903,40.785152,1.0,,-73.941288,40.776908,CRD,9.7,0.5,0.5,2.0,0.0,12.7
VTS,2009-05-13 19:19:00,2009-05-13 19:45:00,1,3.37,-73.95411,40.774583,,,-73.988843,40.742665,Credit,14.5,1.0,,1.75,0.0,17.25
2,2016-04-04 20:17:53,2016-04-04 20:31:44,1,2.38,-73.96947479248047,40.760711669921875,1.0,N,-74.00281524658203,40.7604866027832,1,11.0,0.5,0.5,3.08,0.0,0.3
VTS,2014-06-13 21:02:00,2014-06-13 21:21:00,5,5.95,-74.011807,40.71087,1.0,,-73.963895,40.710367,CRD,20.5,0.5,0.5,4.2,0.0,25.7
CMT,2012-06-04 22:45:44,2012-06-04 22:51:32,1,1.0,-73.989925,40.742024,1.0,N,-73.974732,40.741941,CSH,5.3,0.5,0.5,0.0,0.0,6.3
2,2015-01-08 18:10:06,2015-01-08 18:23:15,1,2.03,-73.97767639160156,40.7892951965332,1.0,N,-73.94929504394531,40.78181457519531,1,10.5,1.0,0.5,2.3,0.0,0.3
CMT,2010-07-14 10:59:57,2010-07-14 11:23:10,1,4.1,-73.974578,40.753318,1.0,0,-74.014465,40.713894,Cre,14.9,0.0,0.5,3.08,0.0,18.48
VTS,2014-10-04 21:42:00,2014-10-04 21:50:00,6,2.0,-73.956335,40.78699,1.0,,-73.973692,40.793875,CSH,9.0,0.5,0.5,0.0,0.0,10.0
2,2015-01-08 21:24:41,2015-01-08 21:32:32,1,0.82,-73.98562622070312,40.75395965576172,1.0,N,-73.97393798828125,40.747501373291016,1,6.5,0.5,0.5,2.5,0.0,0.3
CMT,2010-07-22 20:15:37,2010-07-22 20:22:53,1,1.3,-73.992362,40.758665,1.0,0,-74.004876,40.741529,Cre,6.5,0.5,0.5,3.0,0.0,10.5
CMT,2009-04-04 11:03:53,2009-04-04 11:18:16,1,3.3,-73.978263,40.766473,,0,-73.94952,40.796627,Cash,11.3,0.0,,0.0,0.0,11.3
VTS,2012-07-07 20:26:00,2012-07-07 20:39:00,1,1.88,-73.979552,40.749667,1.0,,-73.988385,40.758967,CSH,8.9,0.5,0.5,0.0,0.0,9.9
VTS,2009-04-06 12:15:00,2009-04-06 12:34:00,1,5.79,-73.951527,40.77187,,,-73.994932,40.716087,CASH,16.9,0.0,,0.0,0.0,16.9
VTS,2009-05-12 07:31:00,2009-05-12 07:33:00,1,0.56,-73.980157,40.75404,,,-73.989008,40.75821,CASH,3.7,0.0,,0.0,0.0,3.7
2,2016-01-26 19:38:08,2016-01-26 19:57:24,1,0.92,-73.97866821289062,40.7623405456543,1.0,N,-73.98312377929688,40.76607131958008,2,12.0,1.0,0.5,0.0,0.0,0.3
VTS,2014-03-31 00:07:00,2014-03-31 00:14:00,1,2.75,-73.994967,40.734192,1.0,,-73.973775,40.764392,CSH,9.5,0.5,0.5,0.0,0.0,10.5
CMT,2013-04-02 17:54:38,2013-04-02 18:07:56,1,1.2,-73.975921,40.745023,1.0,N,-73.993856,40.755083,CRD,10.0,1.0,0.5,2.87,0.0,14.37
VTS,2013-03-24 12:36:00,2013-03-24 12:42:00,1,1.01,-73.973227,40.757372,1.0,,-73.983817,40.749023,CRD,6.0,0.0,0.5,1.2,0.0,7.7
VTS,2014-04-03 14:55:00,2014-04-03 15:10:00,1,1.59,-73.982865,40.766567,1.0,,-73.960825,40.766337,CRD,11.0,0.0,0.5,2.2,0.0,13.7
VTS,2009-12-13 13:44:00,2009-12-13 13:58:00,1,1.84,-73.830553,40.73925,,,-73.831873,40.738207,CASH,9.3,0.0,0.5,0.0,0.0,9.8
VTS,2011-10-16 15:30:00,2011-10-16 15:33:00,1,0.51,-73.984142,40.743198,1.0,,-73.989368,40.736082,CSH,3.7,0.0,0.5,0.0,0.0,4.2
CMT,2010-07-10 22:47:15,2010-07-10 23:12:09,1,10.1,-73.991547,40.745738,1.0,0,-73.991547,40.745738,Cas,24.5,0.5,0.5,0.0,0.0,25.5
CMT,2013-01-24 20:14:02,2013-01-24 20:23:04,1,1.7,-74.00231,40.734541,1.0,N,-73.98968,40.750471,CSH,8.0,0.5,0.5,0.0,0.0,9.0
CMT,2012-08-05 15:19:28,2012-08-05 15:37:14,3,3.8,-73.964696,40.759951,1.0,N,-74.005429,40.73247,CRD,12.9,0.0,0.5,2.68,0.0,16.08
2,2015-12-15 17:10:41,2015-12-15 17:15:28,3,0.82,-73.99057006835938,40.740318298339844,1.0,N,-74.00203704833984,40.739559173583984,2,5.5,1.0,0.5,0.0,0.0,0.3
2,2015-05-26 10:33:33,2015-05-26 10:39:06,1,1.36,-73.96927642822266,40.8006706237793,1.0,N,-73.96826171875,40.78683090209961,2,6.5,0.0,0.5,0.0,0.0,0.3
VTS,2013-02-21 05:39:00,2013-02-21 05:56:00,1,6.25,-73.971335,40.675747,1.0,,-73.974163,40.754615,CRD,20.0,0.5,0.5,2.0,0.0,23.0
VTS,2011-10-06 08:06:00,2011-10-06 08:13:00,3,1.18,-73.981912,40.743437,1.0,,-73.98318,40.755225,CRD,5.7,0.0,0.5,1.0,0.0,7.2
CMT,2013-08-29 04:19:16,2013-08-29 04:20:01,1,0.0,-73.933434,40.75238,1.0,N,-73.933434,40.75238,CSH,2.5,0.5,0.5,0.0,0.0,3.5
CMT,2012-04-26 13:54:21,2012-04-26 14:16:53,2,2.9,-74.003945,40.725629,1.0,N,-73.978318,40.761914,CSH,12.9,0.0,0.5,0.0,0.0,13.4
DDS,2010-05-21 18:26:43,2010-05-21 18:34:24,1,1.3,-74.005394,40.745948,1.0,,-73.993478,40.736333,CAS,5.7,1.0,0.5,0.0,0.0,7.2
CMT,2012-05-31 11:55:11,2012-05-31 11:58:49,1,0.5,-73.983198,40.755304,1.0,N,-73.978665,40.763217,CSH,4.1,0.0,0.5,0.0,0.0,4.6
1,2016-05-17 04:33:17,2016-05-17 04:46:01,1,3.3,-74.00052642822266,40.72737121582031,1.0,N,-73.9499740600586,40.709625244140625,1,13.5,0.5,0.5,2.95,0.0,0.3
VTS,2011-05-05 13:03:00,2011-05-05 13:19:00,1,10.4,-73.975233,40.755355,1.0,,-73.870417,40.77367,CRD,23.3,0.0,0.5,3.0,4.8,31.6
CMT,2014-04-24 07:34:33,2014-04-24 07:39:55,1,0.5,-74.004583,40.713433,1.0,N,-74.012613,40.717641,CSH,5.0,0.0,0.5,0.0,0.0,5.5
VTS,2011-09-30 06:06:00,2011-09-30 06:24:00,1,4.62,-73.985563,40.759818,1.0,,-73.926213,40.763705,CRD,14.1,0.0,0.5,2.0,0.0,16.6
VTS,2009-10-17 21:06:00,2009-10-17 21:23:00,5,4.91,-73.96533,40.795815,,,-73.988492,40.738762,Credit,14.1,0.5,,3.0,0.0,17.6
2,2016-05-28 21:55:42,2016-05-28 22:10:16,2,1.7,-73.99589538574219,40.739540100097656,1.0,N,-73.98784637451172,40.757781982421875,1,11.0,0.5,0.5,2.46,0.0,0.3
VTS,2014-01-08 21:23:00,2014-01-08 21:29:00,3,1.75,-73.96602,40.758535,1.0,,-73.951778,40.772917,CRD,7.5,0.5,0.5,1.6,0.0,10.1
1,2016-04-08 23:28:09,2016-04-08 23:36:53,2,1.2,-73.97970581054688,40.73537063598633,1.0,N,-73.98978424072266,40.74711990356445,2,7.5,0.5,0.5,0.0,0.0,0.3
CMT,2010-02-06 13:55:58,2010-02-06 14:02:12,2,1.0,-73.998216,40.750809,1.0,0,-73.994608,40.740928,CRE,5.3,0.0,0.5,1.0,0.0,6.8
CMT,2013-05-14 11:01:02,2013-05-14 11:38:20,1,3.9,-73.99289,40.753247,1.0,N,-74.008387,40.707804,CRD,23.5,0.0,0.5,1.0,0.0,25.0
VTS,2012-08-03 22:39:00,2012-08-03 22:51:00,5,2.56,-73.994453,40.755967,1.0,,-73.982263,40.73171,CRD,8.9,0.5,0.5,1.88,0.0,11.78
VTS,2012-02-17 20:57:00,2012-02-17 21:05:00,3,2.41,-73.963133,40.774838,1.0,,-73.97903,40.747432,CRD,7.7,0.5,0.5,1.0,0.0,9.7
CMT,2010-02-26 23:16:13,2010-02-26 23:30:35,3,3.4,-73.982381,40.772429,1.0,0,-73.988603,40.731501,CAS,10.9,0.5,0.5,0.0,0.0,11.9
CMT,2013-02-20 10:23:13,2013-02-20 10:27:01,1,0.6,-73.996103,40.737842,1.0,N,-74.005467,40.741964,CRD,4.5,0.0,0.5,1.0,0.0,6.0
CMT,2014-07-18 15:09:53,2014-07-18 15:54:46,1,9.3,-73.980576,40.742581,1.0,N,-73.861505,40.768204,CRD,36.0,0.0,0.5,8.36,5.33,50.19
CMT,2011-01-22 13:49:10,2011-01-22 13:53:50,1,0.6,-73.972307,40.764139,1.0,N,-73.964785,40.768096,CSH,4.5,0.0,0.5,0.0,0.0,5.0
VTS,2010-06-09 10:49:00,2010-06-09 10:54:00,2,0.6,-73.970878,40.755822,1.0,,-73.970878,40.755822,CAS,4.5,0.0,0.5,0.0,0.0,5.0
CMT,2011-04-30 13:06:19,2011-04-30 13:12:14,1,1.1,-73.985476,40.76185,1.0,N,-73.973087,40.76297,CRD,5.3,0.0,0.5,1.45,0.0,7.25
CMT,2009-01-01 00:59:56,2009-01-01 01:03:35,1,0.4,-73.986076,40.73091,,,-73.990613,40.724686,Cash,4.6,0.0,,0.0,0.0,4.6
CMT,2012-08-14 16:59:33,2012-08-14 17:06:20,1,0.8,-73.96623,40.758248,1.0,N,-73.975913,40.75159,CRD,5.7,1.0,0.5,1.4,0.0,8.6
VTS,2012-04-06 01:51:00,2012-04-06 02:10:00,1,2.79,-73.997152,40.714557,1.0,,-74.003887,40.742817,CSH,12.1,0.5,0.5,0.0,0.0,13.1
CMT,2014-06-19 06:51:46,2014-06-19 06:59:30,1,1.5,-73.982046,40.747274,1.0,N,-74.003832,40.747624,CSH,7.5,0.0,0.5,0.0,0.0,8.0
VTS,2013-03-16 01:58:00,2013-03-16 02:06:00,3,1.79,-73.968242,40.801532,1.0,,-73.952297,40.81877,CSH,8.0,0.5,0.5,0.0,0.0,9.0
2,2016-05-09 20:50:10,2016-05-09 20:58:21,1,1.31,-73.96156311035156,40.769569396972656,1.0,N,-73.97416687011719,40.75374984741211,2,7.5,0.5,0.5,0.0,0.0,0.3
DDS,2009-07-25 15:56:39,2009-07-25 16:08:15,1,2.0,-73.957471,40.776873,,,-73.975499,40.751365,CASH,8.1,0.0,,0.0,0.0,8.1
CMT,2013-07-01 19:02:40,2013-07-01 19:04:41,1,0.5,-73.954008,40.778922,1.0,N,-73.948569,40.78636,CSH,4.0,1.0,0.5,0.0,0.0,5.5
1,2015-07-10 16:57:29,2015-07-10 17:24:56,1,4.2,-73.9931869506836,40.730648040771484,1.0,N,-73.98017883300781,40.77518081665039,1,19.0,1.0,0.5,4.15,0.0,0.3
VTS,2012-01-14 17:14:00,2012-01-14 17:29:00,1,5.14,-73.967855,40.786952,1.0,,-73.943102,40.840282,CSH,14.1,0.0,0.5,0.0,0.0,14.6
VTS,2014-06-20 06:49:00,2014-06-20 06:58:00,5,2.17,-73.994622,40.745837,1.0,,-74.008717,40.720765,CRD,9.5,0.0,0.5,1.0,0.0,11.0
VTS,2009-09-29 20:20:00,2009-09-29 20:25:00,1,0.92,-73.956227,40.779922,,,-73.969848,40.784772,Credit,4.9,0.5,,1.0,0.0,6.4
VTS,2009-04-08 12:04:00,2009-04-08 12:16:00,5,1.8,-73.972607,40.785948,,,-73.980178,40.763135,Credit,8.1,0.0,,1.0,0.0,9.1
CMT,2012-08-12 15:42:34,2012-08-12 15:48:22,3,1.4,-73.977114,40.743124,1.0,N,-73.98048,40.727899,CRD,6.1,0.0,0.5,1.2,0.0,7.8
1,2015-12-27 01:22:03,2015-12-27 01:24:20,1,0.2,-73.92059326171875,40.76790237426758,1.0,N,-73.91912841796875,40.765785217285156,2,3.5,0.5,0.5,0.0,0.0,0.3
1,2015-11-04 19:23:03,2015-11-04 19:28:36,1,0.8,-73.95692443847656,40.7808723449707,1.0,N,-73.96646118164062,40.773502349853516,1,6.0,1.0,0.5,1.0,0.0,0.3
VTS,2011-05-08 13:56:00,2011-05-08 14:02:00,5,1.3,-73.959822,40.781317,1.0,,-73.972423,40.791333,CSH,6.1,0.0,0.5,0.0,0.0,6.6
CMT,2013-04-03 18:59:31,2013-04-03 19:04:02,1,0.6,-73.958562,40.764478,1.0,N,-73.964935,40.760002,CRD,5.0,1.0,0.5,1.0,0.0,7.5
CMT,2010-02-20 16:16:13,2010-02-20 16:39:06,2,7.9,-73.979728,40.677668,1.0,0,-73.986467,40.746675,CAS,20.5,0.0,0.5,0.0,0.0,21.0
CMT,2010-12-04 20:27:28,2010-12-04 20:32:40,1,1.0,-74.007695,40.740875,1.0,N,-74.004213,40.729791,CRD,4.9,0.5,0.5,1.18,0.0,7.08
CMT,2010-08-08 14:22:26,2010-08-08 14:34:22,1,6.0,-73.874808,40.774138,1.0,N,-73.938643,40.805706,CSH,15.3,0.0,0.5,0.0,4.57,20.37
CMT,2011-12-22 18:54:30,2011-12-22 18:59:52,1,0.8,-74.002046,40.740331,1.0,N,-73.990772,40.741078,CRD,4.9,1.0,0.5,1.28,0.0,7.68
CMT,2013-07-22 18:06:42,2013-07-22 18:19:40,1,1.1,-73.976383,40.759625,1.0,N,-73.984496,40.748364,CRD,9.0,1.0,0.5,2.62,0.0,13.12
VTS,2011-05-21 02:25:00,2011-05-21 02:33:00,1,1.32,-73.944267,40.784037,1.0,,-73.941467,40.79447,CSH,6.9,0.5,0.5,0.0,0.0,7.9
CMT,2012-02-20 10:12:57,2012-02-20 10:22:08,1,1.5,-73.9707,40.75185,1.0,N,-73.99547,40.754547,CRD,6.9,0.0,0.5,1.85,0.0,9.25
CMT,2010-09-23 23:34:47,2010-09-23 23:39:58,3,1.1,-73.980976,40.744535,1.0,N,-73.988822,40.731284,CSH,5.3,0.5,0.5,0.0,0.0,6.3
VTS,2010-11-27 11:50:00,2010-11-27 11:58:00,2,1.56,-74.005503,40.745617,1.0,,-73.998552,40.764,CRD,7.3,0.0,0.5,2.0,0.0,9.8
VTS,2009-04-14 07:10:00,2009-04-14 07:24:00,5,2.87,-73.985013,40.727923,,,-74.014672,40.716643,CASH,10.5,0.0,,0.0,0.0,10.5
CMT,2013-10-27 08:28:00,2013-10-27 08:36:30,1,2.3,-73.97772,40.729845,1.0,N,-74.006893,40.727295,CRD,9.5,0.0,0.5,2.5,0.0,12.5
VTS,2009-01-23 13:41:00,2009-01-23 13:55:00,5,1.55,-73.962395,40.770737,,,-73.976025,40.751945,CASH,8.5,0.0,,0.0,0.0,8.5
CMT,2014-04-10 17:29:18,2014-04-10 17:29:20,1,1.9,-74.002287,40.741395,1.0,Y,-74.002287,40.741395,DIS,2.5,1.0,0.5,0.0,0.0,4.0
CMT,2012-12-01 12:10:15,2012-12-01 12:14:32,1,0.8,-73.970144,40.749537,1.0,N,-73.967928,40.755595,CRD,5.0,0.0,0.5,1.1,0.0,6.6
VTS,2012-10-10 07:45:00,2012-10-10 08:02:00,5,3.4,-74.0179,40.709542,1.0,,-73.989155,40.736387,CRD,14.5,0.0,0.5,2.9,0.0,17.9
CMT,2010-06-16 15:08:52,2010-06-16 15:18:03,1,1.2,-74.002446,40.753004,1.0,0,-73.986508,40.760726,Cas,6.9,0.0,0.5,0.0,0.0,7.4
1,2015-05-13 12:07:16,2015-05-13 12:48:22,2,11.1,-73.98920440673828,40.759193420410156,1.0,N,-73.8615951538086,40.76826858520508,2,40.0,0.0,0.5,0.0,0.0,0.3
VTS,2012-05-18 21:43:00,2012-05-18 21:48:00,1,0.9,-73.968967,40.764917,1.0,,-73.959625,40.776817,CSH,5.3,0.5,0.5,0.0,0.0,6.3
VTS,2013-12-18 15:32:00,2013-12-18 16:07:00,1,3.44,-73.989842,40.714097,1.0,,-73.973612,40.758825,CRD,21.5,0.0,0.5,1.5,0.0,23.5
CMT,2012-07-13 19:42:35,2012-07-13 19:49:14,1,1.6,-73.993335,40.747367,1.0,N,-73.986057,40.730983,CRD,6.1,1.0,0.5,1.4,0.0,9.0
CMT,2009-10-31 23:29:25,2009-10-31 23:35:36,2,1.6,-73.974807,40.793265,,0,-73.987945,40.773845,Cash,6.5,0.5,0.0,0.0,0.0,7.0
1,2016-03-08 21:02:24,2016-03-08 21:11:18,1,1.0,-73.97962188720703,40.7608642578125,1.0,N,-73.97128295898438,40.750892639160156,1,7.5,0.5,0.5,1.0,0.0,0.3
VTS,2010-06-09 22:07:00,2010-06-09 22:13:00,1,1.07,-74.001227,40.718835,1.0,,-74.007193,40.707667,CAS,5.3,0.5,0.5,0.0,0.0,6.3
2,2016-05-21 02:03:41,2016-05-21 02:12:46,1,2.23,-73.99504089355469,40.71780014038086,1.0,N,-73.98966217041016,40.70161819458008,1,9.5,0.5,0.5,2.16,0.0,0.3
CMT,2012-05-24 18:36:50,2012-05-24 19:06:15,1,4.1,-73.995551,40.754565,1.0,N,-74.011667,40.709618,CSH,16.9,1.0,0.5,0.0,0.0,18.4
VTS,2012-03-27 16:46:00,2012-03-27 16:56:00,5,1.66,-73.996807,40.747522,1.0,,-73.991505,40.765127,CSH,7.3,1.0,0.5,0.0,0.0,8.8
CMT,2012-08-26 01:46:50,2012-08-26 01:55:00,1,2.9,-73.980662,40.688567,1.0,N,-74.007689,40.715525,CRD,8.9,0.5,0.5,1.98,0.0,11.88
VTS,2013-04-26 14:26:00,2013-04-26 14:38:00,1,1.94,-73.9745,40.756092,1.0,,-73.953937,40.772867,CRD,10.0,0.0,0.5,1.0,0.0,11.5
2,2015-08-31 18:15:42,2015-08-31 18:17:33,2,0.66,-73.95299530029297,40.780086517333984,1.0,N,-73.94701385498047,40.78826904296875,2,4.0,1.0,0.5,0.0,0.0,0.3
1,2015-07-05 11:14:27,2015-07-05 11:25:05,1,1.8,-73.97737884521484,40.7538948059082,1.0,N,-74.00267791748047,40.75613021850586,2,9.0,0.0,0.5,0.0,0.0,0.3
VTS,2011-07-20 11:07:00,2011-07-20 11:17:00,1,0.77,-73.993443,40.757027,1.0,,-73.982883,40.756525,CSH,6.5,0.0,0.5,0.0,0.0,7.0
1,2015-03-28 12:07:17,2015-03-28 12:18:48,1,1.8,-73.98959350585938,40.72603225708008,1.0,N,-74.00756072998047,40.718509674072266,1,9.5,0.0,0.5,2.05,0.0,0.3
2,2015-05-22 07:32:30,2015-05-22 07:36:54,1,1.08,-73.99455261230469,40.74363708496094,1.0,N,-74.00390625,40.752872467041016,1,5.5,0.0,0.5,1.26,0.0,0.3
VTS,2012-01-27 21:57:00,2012-01-27 22:25:00,2,5.14,-73.986443,40.730192,1.0,,-73.973977,40.782967,CRD,17.7,0.5,0.5,0.0,0.0,18.7
CMT,2009-12-01 21:46:28,2009-12-01 21:48:39,1,0.6,-73.959633,40.770974,,0,-73.95507,40.778421,Credit,3.7,0.5,0.5,1.0,0.0,5.7
VTS,2009-01-04 15:48:00,2009-01-04 16:08:00,1,7.49,-73.874427,40.773995,,,-73.96037,40.719643,CASH,18.9,0.0,,0.0,0.0,18.9
CMT,2012-05-12 14:34:09,2012-05-12 14:41:52,1,1.8,-73.993303,40.747162,1.0,N,-73.999807,40.726819,CSH,6.9,0.0,0.5,0.0,0.0,7.4
VTS,2012-10-30 15:14:00,2012-10-30 15:43:00,1,6.18,-73.88901,40.745707,1.0,,-73.952832,40.780232,CSH,23.0,0.0,0.5,0.0,0.0,23.5
2,2015-11-07 14:51:14,2015-11-07 15:21:28,1,4.37,-73.9719467163086,40.78185272216797,1.0,N,-73.9999008178711,40.732906341552734,1,20.5,0.0,0.5,4.26,0.0,0.3
CMT,2011-07-20 18:00:47,2011-07-20 18:11:00,2,2.3,-73.982264,40.782263,1.0,N,-73.950097,40.76934,CRD,8.1,1.0,0.5,2.0,0.0,11.6
2,2016-03-03 11:16:05,2016-03-03 11:29:55,1,1.75,-73.98190307617188,40.7390251159668,1.0,N,-74.00471496582031,40.7408332824707,1,10.5,0.0,0.5,2.26,0.0,0.3
CMT,2012-03-03 02:22:11,2012-03-03 02:32:05,1,2.3,-73.970981,40.751481,1.0,N,-73.980303,40.722165,CSH,8.5,0.5,0.5,0.0,0.0,9.5
CMT,2009-12-07 23:29:25,2009-12-07 23:41:16,1,4.1,-73.985687,40.763085,,0,-73.960391,40.812508,Cash,11.7,0.5,0.5,0.0,0.0,12.7
VTS,2010-01-03 13:45:00,2010-01-03 14:04:00,1,4.09,-73.991935,40.749997,1.0,,-73.948435,40.782723,CAS,13.3,0.0,0.5,0.0,0.0,13.8
VTS,2010-01-23 12:41:00,2010-01-23 12:44:00,1,0.74,-73.993037,40.746167,1.0,,-73.993037,40.746167,CAS,4.1,0.0,0.5,0.0,0.0,4.6
CMT,2010-02-07 11:47:14,2010-02-07 11:52:25,2,0.9,-73.982027,40.754898,1.0,0,-73.973191,40.755066,CAS,4.9,0.0,0.5,0.0,0.0,5.4
VTS,2009-11-30 20:58:00,2009-11-30 21:10:00,1,2.12,-73.983047,40.761533,,,-73.985595,40.73822,Credit,8.5,0.5,0.5,2.0,0.0,11.5
CMT,2013-07-11 19:03:52,2013-07-11 19:15:00,1,1.3,-73.970328,40.752562,1.0,N,-73.95654,40.766792,CRD,8.5,1.0,0.5,2.5,0.0,12.5
VTS,2014-12-24 10:50:00,2014-12-24 10:56:00,1,0.78,-73.981227,40.774135,1.0,,-73.980535,40.764872,CSH,6.0,0.0,0.5,0.0,0.0,6.5
CMT,2014-05-25 12:33:05,2014-05-25 12:42:44,1,1.5,-73.983428,40.765031,1.0,N,-73.984028,40.747005,CRD,8.5,0.0,0.5,1.0,0.0,10.0
VTS,2012-10-16 12:05:00,2012-10-16 12:09:00,2,0.94,-73.997952,40.722432,1.0,,-73.990122,40.731112,CSH,5.0,0.0,0.5,0.0,0.0,5.5
VTS,2009-10-16 11:50:00,2009-10-16 12:02:00,2,1.51,-74.002493,40.730432,,,-73.984832,40.737118,CASH,8.1,0.0,,0.0,0.0,8.1
VTS,2010-05-07 19:54:00,2010-05-07 19:58:00,1,0.78,-73.977777,40.746113,1.0,,-73.970988,40.755505,CAS,4.1,1.0,0.5,0.0,0.0,5.6
VTS,2014-10-03 10:57:00,2014-10-03 11:20:00,1,2.5,-73.991265,40.71713,1.0,,-73.981652,40.746585,CRD,15.5,0.0,0.5,0.0,0.0,16.0
VTS,2013-05-05 09:52:00,2013-05-05 09:58:00,6,1.63,-73.984325,40.764662,1.0,,-74.001632,40.756387,CRD,7.0,0.0,0.5,1.5,0.0,9.0
CMT,2011-05-08 16:26:32,2011-05-08 16:56:13,2,8.8,-73.866056,40.771104,1.0,N,-73.980139,40.747594,CRD,24.5,0.0,0.5,8.94,4.8,38.74
CMT,2012-02-07 23:57:03,2012-02-08 00:03:31,1,1.0,-74.007728,40.740853,1.0,N,-74.005752,40.727333,CRD,5.3,0.5,0.5,1.26,0.0,7.56
2,2015-03-14 19:25:13,2015-03-14 19:29:10,2,0.55,-73.99356842041016,40.72906494140625,1.0,N,-74.00086975097656,40.7333869934082,2,4.5,0.0,0.5,0.0,0.0,0.3
VTS,2013-01-08 17:47:00,2013-01-08 17:52:00,5,0.68,-73.982248,40.779715,1.0,,-73.987848,40.773355,CSH,5.0,1.0,0.5,0.0,0.0,6.5
VTS,2010-11-17 08:12:00,2010-11-17 08:17:00,5,0.95,-73.980393,40.745558,1.0,,-73.991468,40.739035,CRD,4.9,0.0,0.5,1.0,0.0,6.4
CMT,2011-09-26 12:57:22,2011-09-26 13:11:42,1,1.7,-73.991218,40.735915,1.0,N,-73.980912,40.750888,CSH,8.9,0.0,0.5,0.0,0.0,9.4
VTS,2012-12-20 12:57:00,2012-12-20 13:01:00,1,0.82,-74.007267,40.727415,1.0,,-74.006552,40.737947,CSH,5.0,0.0,0.5,0.0,0.0,5.5
DDS,2009-09-07 21:18:23,2009-09-07 21:27:54,1,2.2,-73.981989,40.776281,,,-73.977204,40.753895,CASH,8.1,0.5,,0.0,0.0,8.6
CMT,2012-11-17 03:19:41,2012-11-17 03:32:48,1,4.9,-73.989536,40.720425,1.0,N,-73.94595,40.747755,CSH,16.0,0.5,0.5,0.0,0.0,17.0
1,2016-03-08 06:56:42,2016-03-08 07:02:38,1,1.7,-73.96305084228516,40.79408264160156,1.0,N,-73.98029327392578,40.77716064453125,1,7.5,0.0,0.5,1.65,0.0,0.3
CMT,2010-09-21 16:28:13,2010-09-21 16:45:54,1,2.6,-74.005573,40.725573,1.0,N,-73.995159,40.755465,CRD,11.3,1.0,0.5,3.0,0.0,15.8
VTS,2014-06-07 23:27:00,2014-06-07 23:40:00,1,2.74,-73.998462,40.734997,1.0,,-73.97175,40.763135,CSH,11.5,0.5,0.5,0.0,0.0,12.5
CMT,2012-05-17 00:32:58,2012-05-17 00:37:18,1,0.6,-73.980283,40.742838,1.0,N,-73.985681,40.746746,CSH,4.5,0.5,0.5,0.0,0.0,5.5
CMT,2011-07-07 06:53:08,2011-07-07 07:05:40,1,2.4,-73.977421,40.754385,1.0,N,-73.987687,40.776396,CSH,9.3,0.0,0.5,0.0,0.0,9.8
VTS,2013-08-08 22:52:00,2013-08-08 23:03:00,1,2.46,-74.001052,40.747105,1.0,,-73.988087,40.728077,CRD,10.0,0.5,0.5,2.2,0.0,13.2
CMT,2009-11-19 00:02:27,2009-11-19 00:09:01,1,2.0,-74.006934,40.729223,,0,-73.985046,40.739565,Credit,6.9,0.5,0.5,1.0,0.0,8.9
VTS,2009-08-21 20:40:00,2009-08-21 20:48:00,1,1.1,-73.990152,40.733993,,,-73.976822,40.736077,CASH,6.1,0.5,,0.0,0.0,6.6
CMT,2011-03-19 04:05:40,2011-03-19 04:08:23,1,0.1,-74.009222,40.726035,1.0,N,-74.005552,40.725642,CSH,3.3,0.5,0.5,0.0,0.0,4.3
CMT,2011-10-09 16:12:12,2011-10-09 16:16:53,1,0.8,-73.953484,40.767432,1.0,N,-73.94619,40.777115,CSH,4.9,0.0,0.5,0.0,0.0,5.4
2,2016-03-12 12:12:36,2016-03-12 12:18:33,1,1.19,-73.9997787475586,40.73316955566406,1.0,N,-74.00646209716797,40.744659423828125,2,6.0,0.0,0.5,0.0,0.0,0.3
CMT,2010-11-05 08:09:30,2010-11-05 08:28:04,1,2.2,-73.950659,40.771054,1.0,N,-73.976047,40.760289,CSH,11.7,0.0,0.5,0.0,0.0,12.2
VTS,2013-03-09 23:58:00,2013-03-10 00:17:00,1,2.98,-73.99088,40.760902,1.0,,-73.98944,40.72945,CSH,14.5,0.5,0.5,0.0,0.0,15.5
CMT,2011-07-08 12:37:19,2011-07-08 12:48:16,1,0.9,-73.983816,40.76193,1.0,N,-73.991011,40.750416,CSH,6.9,0.0,0.5,0.0,0.0,7.4
2,2016-02-20 00:39:42,2016-02-20 00:51:16,2,2.49,-73.98594665527344,40.7309455871582,1.0,N,-73.99250793457031,40.74333572387695,1,10.5,0.5,0.5,1.0,0.0,0.3
CMT,2009-09-15 22:24:25,2009-09-15 22:45:17,1,4.2,-73.982867,40.763595,,0,-73.979913,40.717834,Cash,14.5,0.0,,0.0,0.0,14.5
CMT,2014-12-12 23:14:55,2014-12-12 23:26:16,1,2.2,-73.970546,40.752556,1.0,N,-73.95106,40.774726,CRD,10.0,0.5,0.5,2.0,0.0,13.0
VTS,2013-07-02 15:11:00,2013-07-02 15:23:00,1,1.2,-73.987295,40.744707,1.0,,-73.972767,40.749937,CSH,8.5,0.0,0.5,0.0,0.0,9.0
CMT,2013-05-04 02:26:18,2013-05-04 02:43:40,2,4.4,-73.983352,40.725945,1.0,N,-73.950712,40.727159,CRD,17.5,0.5,0.5,5.55,0.0,24.05
VTS,2013-12-22 17:19:00,2013-12-22 17:29:00,1,0.91,-73.988627,40.744712,1.0,,-73.979517,40.75302,CSH,7.5,0.0,0.5,0.0,0.0,8.0
VTS,2013-04-21 00:55:00,2013-04-21 01:10:00,1,8.16,-73.927602,40.763072,1.0,,-73.83587,40.71943,CSH,24.5,0.5,0.5,0.0,0.0,25.5
1,2015-01-15 14:37:32,2015-01-15 14:41:15,1,0.7,-73.9897232055664,40.73564910888672,1.0,N,-73.9955825805664,40.726566314697266,2,4.5,0.0,0.5,0.0,0.0,0.3
VTS,2011-06-26 03:45:00,2011-06-26 03:51:00,1,1.37,-73.988563,40.769035,1.0,,-73.967032,40.759032,CSH,5.7,0.5,0.5,0.0,0.0,6.7
CMT,2011-04-25 03:40:17,2011-04-25 03:56:50,2,8.6,-73.844275,40.72137,1.0,N,-73.776723,40.76311,CSH,20.9,0.5,0.5,0.0,0.0,21.9
CMT,2014-02-17 18:44:08,2014-02-17 19:06:58,1,9.3,-73.874524,40.774147,1.0,N,-73.985229,40.759805,CRD,28.0,0.0,0.5,6.75,5.33,40.58
CMT,2009-03-31 11:10:34,2009-03-31 11:17:34,1,1.2,-73.995291,40.743862,,0,-73.99354,40.731091,Cash,6.1,0.0,,0.0,0.0,6.1
VTS,2010-06-11 02:24:00,2010-06-11 02:29:00,1,0.71,-73.980573,40.75418,1.0,,-73.992335,40.759208,CAS,4.9,0.5,0.5,0.0,0.0,5.9
VTS,2011-08-11 22:47:00,2011-08-11 22:51:00,2,1.62,-73.57965,40.753908,1.0,,-73.561922,40.74057,CSH,5.7,0.5,0.5,0.0,0.0,6.7
CMT,2014-06-29 16:25:29,2014-06-29 17:41:50,1,19.1,-74.004429,40.725514,2.0,N,-73.782326,40.648744,CRD,52.0,0.0,0.5,17.34,5.33,75.17
2,2016-04-16 23:35:39,2016-04-16 23:58:27,1,3.26,-73.96153259277344,40.713802337646484,1.0,N,-74.00257873535156,40.72840881347656,1,16.5,0.5,0.5,3.0,0.0,0.3
DDS,2010-07-17 21:34:39,2010-07-17 21:50:38,1,4.3,-73.98469,40.775026,1.0,,-74.010416,40.719095,CAS,12.9,0.5,0.5,0.0,0.0,13.9
2,2015-01-21 16:46:00,2015-01-21 16:53:49,1,1.18,-73.95429229736328,40.7697868347168,1.0,N,-73.95930480957031,40.7810173034668,1,7.0,1.0,0.5,1.76,0.0,0.3
CMT,2010-12-18 13:00:38,2010-12-18 13:06:03,1,1.3,-73.973027,40.761027,1.0,N,-73.973712,40.747787,CSH,5.7,0.0,0.5,0.0,0.0,6.2
CMT,2010-12-15 16:48:56,2010-12-15 17:33:21,1,12.1,-73.862954,40.769472,1.0,N,-73.990771,40.746794,CRD,31.3,1.0,0.5,5.0,4.57,42.37
CMT,2013-01-30 13:55:31,2013-01-30 14:04:42,1,1.5,-74.001888,40.740772,1.0,N,-73.984544,40.745745,CRD,8.0,0.0,0.5,1.7,0.0,10.2
CMT,2013-06-08 19:12:14,2013-06-08 19:19:26,2,1.4,-73.98469,40.774035,1.0,N,-73.962282,40.767225,CRD,7.5,0.0,0.5,1.6,0.0,9.6
VTS,2010-10-20 19:47:00,2010-10-20 20:00:00,5,1.19,-73.979952,40.76241,1.0,,-73.969355,40.75293,CSH,7.3,1.0,0.5,0.0,0.0,8.8
VTS,2013-07-17 23:52:00,2013-07-18 00:00:00,1,1.84,-73.989057,40.74378,1.0,,-73.984365,40.725032,CRD,8.0,0.5,0.5,2.0,0.0,11.0
VTS,2014-09-28 07:12:00,2014-09-28 07:28:00,3,9.22,-73.983182,40.693542,1.0,,-73.929987,40.801772,CRD,26.5,0.0,0.5,5.3,0.0,32.3
VTS,2014-11-03 03:16:00,2014-11-03 03:24:00,1,3.24,-74.001873,40.750948,1.0,,-73.972222,40.791582,CRD,10.5,0.5,0.5,2.2,0.0,13.7
DDS,2010-04-28 21:05:48,2010-04-28 21:21:32,1,4.2,-73.997529,40.746665,1.0,,-73.950957,40.779277,CRE,12.1,0.5,0.5,2.6,0.0,15.7
VTS,2013-10-27 15:37:00,2013-10-27 15:58:00,1,2.93,-74.00004,40.721752,1.0,,-73.99913,40.752275,CSH,15.5,0.0,0.5,0.0,0.0,16.0
CMT,2010-07-12 01:38:30,2010-07-12 01:49:48,1,3.7,-74.008887,40.726123,1.0,0,-73.973671,40.754499,Cas,10.5,0.5,0.5,0.0,0.0,11.5
CMT,2013-02-07 22:59:46,2013-02-07 23:04:58,1,1.5,-74.013723,40.708242,1.0,N,-74.005247,40.726405,CSH,6.5,0.5,0.5,0.0,0.0,7.5
CMT,2011-03-18 02:28:50,2011-03-18 02:31:24,1,0.8,-73.987666,40.756164,1.0,N,-73.984187,40.765113,CRD,4.1,0.5,0.5,1.0,0.0,6.1
2,2016-04-04 13:31:44,2016-04-04 13:36:01,1,0.54,-73.96170043945312,40.76409149169922,1.0,N,-73.96707153320312,40.76068878173828,1,4.5,0.0,0.5,1.06,0.0,0.3
VTS,2013-10-13 21:13:00,2013-10-13 21:21:00,2,2.61,-73.973205,40.748712,1.0,,-73.9866,40.719892,CRD,9.5,0.5,0.5,2.5,0.0,13.0
CMT,2014-08-01 05:55:11,2014-08-01 06:01:59,2,1.1,0.0,0.0,1.0,N,-73.979381,40.720205,CSH,6.5,0.5,0.5,0.0,0.0,7.5
VTS,2011-07-08 00:49:00,2011-07-08 00:53:00,2,2.01,-73.937788,40.759767,1.0,,-73.920755,40.782862,CSH,6.5,0.5,0.5,0.0,0.0,7.5
CMT,2011-04-13 12:41:28,2011-04-13 12:46:26,1,0.9,-73.994298,40.734332,1.0,N,-73.996214,40.724619,CSH,4.9,0.0,0.5,0.0,0.0,5.4
CMT,2012-04-19 00:38:07,2012-04-19 00:47:03,2,2.4,-74.006278,40.74119,1.0,N,-73.983562,40.760905,CSH,8.5,0.5,0.5,0.0,0.0,9.5
2,2015-10-11 07:49:36,2015-10-11 07:55:42,6,1.33,-73.9940414428711,40.751121520996094,1.0,N,-73.978271484375,40.76311111450195,2,6.5,0.0,0.5,0.0,0.0,0.3
VTS,2012-11-09 06:39:00,2012-11-09 06:51:00,6,2.05,-73.994107,40.751237,1.0,,-73.991032,40.773697,CSH,10.0,0.0,0.5,0.0,0.0,10.5
VTS,2009-08-31 09:56:00,2009-08-31 09:59:00,2,0.73,-73.975972,40.751847,,,-73.968958,40.758633,Credit,4.1,0.0,,2.0,0.0,6.1
VTS,2012-12-06 04:53:00,2012-12-06 04:59:00,1,1.38,-73.998435,40.727772,1.0,,-73.989482,40.736722,CRD,6.5,0.5,0.5,0.0,0.0,7.5
VTS,2014-11-17 12:13:00,2014-11-17 12:27:00,1,0.78,-74.011222,40.715957,1.0,,-74.012195,40.709137,CRD,9.0,0.0,0.5,1.8,0.0,11.3
CMT,2009-01-20 13:33:14,2009-01-20 13:40:50,1,1.1,-74.005979,40.739774,,,-74.004953,40.72917,Cash,6.1,0.0,,0.0,0.0,6.1
1,2016-04-18 02:03:02,2016-04-18 02:10:57,1,1.6,-73.9809799194336,40.689247131347656,1.0,N,-73.95996856689453,40.692474365234375,4,8.0,0.5,0.5,0.0,0.0,0.3
2,2015-08-05 21:27:02,2015-08-05 21:39:40,5,7.91,-73.87300109863281,40.774139404296875,1.0,N,-73.97850036621094,40.74803924560547,1,22.5,0.5,0.5,5.87,5.54,0.3
VTS,2011-11-29 19:14:00,2011-11-29 19:23:00,1,10.3,-73.951687,40.773917,1.0,,-73.956138,40.78385,CSH,6.5,1.0,0.5,0.0,0.0,8.0
CMT,2014-02-27 08:27:13,2014-02-27 08:53:05,1,2.8,-73.952092,40.781214,1.0,N,-73.97657,40.750938,CSH,17.5,0.0,0.5,0.0,0.0,18.0
VTS,2012-10-04 10:24:00,2012-10-04 10:40:00,1,1.99,-73.98563,40.741312,1.0,,-74.005307,40.728742,CRD,12.0,0.0,0.5,1.75,0.0,14.25
VTS,2014-12-02 17:58:00,2014-12-02 18:26:00,3,3.6,-73.993677,40.72731,1.0,,-73.968662,40.75632,CRD,19.0,1.0,0.5,4.0,0.0,24.5
1,2015-05-29 05:38:26,2015-05-29 05:46:48,1,3.3,-73.98812103271484,40.73198318481445,1.0,N,-73.9663314819336,40.772159576416016,1,11.0,0.5,0.5,2.45,0.0,0.3
VTS,2012-09-02 12:09:00,2012-09-02 12:11:00,4,0.43,-73.985527,40.762958,1.0,,-73.981228,40.768217,CSH,3.3,0.0,0.5,0.0,0.0,3.8
2,2015-11-17 13:18:24,2015-11-17 13:35:51,1,1.29,-73.98040771484375,40.76470947265625,1.0,N,-73.98329162597656,40.750118255615234,1,12.0,0.0,0.5,2.56,0.0,0.3
1,2015-02-17 13:56:00,2015-02-17 13:59:28,1,0.5,-73.98714447021484,40.776023864746094,1.0,N,-73.98226165771484,40.77705001831055,2,4.5,0.0,0.5,0.0,0.0,0.3
VTS,2009-04-21 21:03:00,2009-04-21 21:12:00,5,1.7,-74.005288,40.71972,,,-73.982215,40.723728,Credit,6.9,0.5,,1.6,0.0,9.0
CMT,2011-03-29 20:33:40,2011-03-29 20:36:21,1,0.7,-73.959247,40.768526,1.0,N,-73.971164,40.763454,CSH,4.1,0.5,0.5,0.0,0.0,5.1
CMT,2009-05-21 13:06:18,2009-05-21 13:14:11,1,1.0,-73.963348,40.766453,,0,-73.954217,40.778584,Cash,6.1,0.0,,0.0,0.0,6.1
VTS,2012-05-19 19:01:00,2012-05-19 19:11:00,1,1.54,-73.979045,40.782282,1.0,,-73.958775,40.774153,CSH,7.3,0.0,0.5,0.0,0.0,7.8
CMT,2010-12-10 18:19:52,2010-12-10 18:30:35,1,1.3,-73.994957,40.745191,1.0,N,-73.988548,40.759508,CSH,7.3,1.0,0.5,0.0,0.0,8.8
VTS,2012-05-24 19:54:00,2012-05-24 20:01:00,1,0.7,-73.970733,40.796197,1.0,,-73.982348,40.774653,CSH,5.3,1.0,0.5,0.0,0.0,6.8
CMT,2010-01-04 12:16:40,2010-01-04 12:23:56,1,0.9,-73.981103,40.757674,1.0,0,-73.991366,40.750119,Cas,5.7,0.0,0.5,0.0,0.0,6.2
CMT,2012-12-01 15:04:54,2012-12-01 15:09:38,1,0.6,-73.990919,40.734394,1.0,N,-73.996405,40.725917,CSH,5.0,0.0,0.5,0.0,0.0,5.5
CMT,2014-03-15 00:56:53,2014-03-15 01:05:54,1,3.5,-73.983579,40.738151,1.0,N,-73.949727,40.784558,CRD,11.5,0.5,0.5,2.0,0.0,14.5
VTS,2014-08-27 19:18:00,2014-08-27 19:29:00,6,2.36,-73.98521,40.75352,1.0,,-73.97668,40.78078,CSH,10.0,1.0,0.5,0.0,0.0,11.5
CMT,2009-11-16 21:01:29,2009-11-16 21:12:28,1,2.6,-73.984839,40.736445,,0,-73.985362,40.76385,Credit,8.9,0.5,0.5,1.48,0.0,11.38
CMT,2012-09-23 12:21:29,2012-09-23 12:28:52,1,1.1,-74.006425,40.739499,1.0,N,-74.003438,40.736242,CRD,6.5,0.0,0.5,1.75,0.0,8.75
VTS,2012-06-07 18:53:00,2012-06-07 18:59:00,1,0.88,-73.982263,40.768818,1.0,,-73.990422,40.775385,CRD,5.7,1.0,0.5,1.0,0.0,8.2
1,2015-10-22 11:33:50,2015-10-22 11:53:23,1,2.0,-73.9822769165039,40.77299499511719,1.0,N,-73.95531463623047,40.76539611816406,2,13.0,0.0,0.5,0.0,0.0,0.3
VTS,2013-05-30 17:42:00,2013-05-30 17:48:00,6,0.55,-73.98941,40.733327,1.0,,-73.986342,40.739157,CRD,5.0,1.0,0.5,1.2,0.0,7.7
VTS,2012-05-11 19:36:00,2012-05-11 19:40:00,1,0.58,-73.969283,40.757585,1.0,,-73.974895,40.753265,CSH,4.1,1.0,0.5,0.0,0.0,5.6
1,2015-10-25 02:05:28,2015-10-25 02:07:08,1,0.6,-73.9888916015625,40.75393295288086,1.0,N,-73.99388122558594,40.74610137939453,2,4.0,0.5,0.5,0.0,0.0,0.3
DDS,2009-07-31 13:11:59,2009-07-31 13:22:34,1,1.4,-73.990446,40.732835,,,-73.977938,40.751491,CASH,7.3,0.0,,0.0,0.0,7.3
VTS,2009-09-14 04:42:00,2009-09-14 04:48:00,5,2.33,-74.00659,40.744243,,,-73.982503,40.76543,Credit,7.3,0.5,,1.0,0.0,8.8
CMT,2009-07-26 16:04:59,2009-07-26 16:13:34,2,2.2,-74.010131,40.711856,,0,-73.991539,40.736848,Cash,7.7,0.0,,0.0,0.0,7.7
VTS,2014-05-01 15:17:00,2014-05-01 15:23:00,6,0.74,-73.989992,40.734647,1.0,,-73.986502,40.743502,CRD,6.0,0.0,0.5,1.0,0.0,7.5
CMT,2013-07-10 17:34:17,2013-07-10 17:35:24,1,0.2,-73.961754,40.774136,1.0,N,-73.96498,40.77164,CRD,3.0,1.0,0.5,0.75,0.0,5.25
1,2015-10-16 21:28:43,2015-10-16 21:36:02,1,0.5,-73.9989242553711,40.730587005615234,1.0,N,-73.99197387695312,40.72606658935547,2,6.0,0.5,0.5,0.0,0.0,0.3
VTS,2014-12-04 12:37:00,2014-12-04 12:52:00,5,0.77,-73.98738,40.741607,1.0,,-73.991655,40.74918,CRD,9.5,0.0,0.5,2.85,0.0,12.85
2,2015-12-01 21:20:54,2015-12-01 21:26:40,1,1.32,-73.98956298828125,40.75750732421875,1.0,N,-73.97380065917969,40.76445388793945,2,6.5,0.5,0.5,0.0,0.0,0.3
CMT,2012-01-08 16:13:05,2012-01-08 16:16:37,1,1.0,-73.964769,40.759849,1.0,N,-73.977325,40.751939,CRD,4.9,0.0,0.5,1.35,0.0,6.75
CMT,2010-02-08 14:49:57,2010-02-08 15:07:12,1,2.0,-73.984617,40.753401,1.0,0,-74.006915,40.751345,CRE,10.5,0.0,0.5,2.0,0.0,13.0
2,2015-11-12 11:12:16,2015-11-12 11:22:45,5,1.29,-73.97134399414062,40.76435852050781,1.0,N,-73.95500946044922,40.76914596557617,2,8.0,0.0,0.5,0.0,0.0,0.3
2,2015-10-31 03:24:05,2015-10-31 03:35:28,5,3.31,-74.00788879394531,40.7404670715332,1.0,N,-74.0072250366211,40.7048225402832,1,12.5,0.5,0.5,2.76,0.0,0.3
CMT,2013-05-29 11:26:37,2013-05-29 11:34:24,1,0.9,-73.796681,40.710349,1.0,N,-73.94241,40.754107,CSH,4.5,0.0,0.5,0.0,0.0,5.0
CMT,2013-11-30 23:15:37,2013-11-30 23:30:12,2,4.5,-73.955361,40.72471,1.0,N,-73.983926,40.736035,CRD,16.0,0.5,0.5,3.0,5.33,25.33
VTS,2014-10-18 18:10:00,2014-10-18 18:18:00,5,1.51,-73.999352,40.718932,1.0,,-74.01609,40.71128,CRD,7.5,0.0,0.5,1.25,0.0,9.25
1,2015-01-03 16:31:01,2015-01-03 16:33:38,1,0.1,-73.99742889404297,40.72134780883789,1.0,N,-73.994873046875,40.721351623535156,1,3.5,0.0,0.5,0.85,0.0,0.0
CMT,2013-03-08 01:19:33,2013-03-08 01:27:52,1,1.2,-73.990832,40.7365,1.0,N,-73.992698,40.74512,CSH,7.5,0.5,0.5,0.0,0.0,8.5
2,2016-06-26 20:05:50,2016-06-26 20:08:15,1,0.97,-73.977783203125,40.783878326416016,1.0,N,-73.96736907958984,40.792720794677734,1,4.5,0.5,0.5,0.0,0.0,0.3
VTS,2011-11-02 17:46:00,2011-11-02 18:05:00,1,3.7,-74.004837,40.72588,1.0,,-73.99096,40.759947,CSH,12.9,1.0,0.5,0.0,0.0,14.4
CMT,2012-09-10 19:06:54,2012-09-10 19:13:22,1,1.1,-73.972308,40.759162,1.0,N,-73.979593,40.746185,CSH,6.5,1.0,0.5,0.0,0.0,8.0
2,2015-04-18 18:53:03,2015-04-18 19:01:10,1,1.13,-73.99335479736328,40.68247985839844,1.0,N,-73.98108673095703,40.67829513549805,1,7.0,0.0,0.5,2.34,0.0,0.3
CMT,2009-12-05 21:39:41,2009-12-05 21:54:16,1,1.6,-73.98059,40.734025,,0,-73.99013,40.749817,Cash,8.9,0.5,0.5,0.0,0.0,9.9
CMT,2009-01-29 07:44:00,2009-01-29 07:48:47,2,0.9,-73.971545,40.797713,,,-73.971424,40.787647,Cash,4.9,0.0,,0.0,0.0,4.9
VTS,2010-07-06 08:14:00,2010-07-06 08:27:00,1,2.9,-74.000173,40.72716,1.0,,-74.002895,40.760453,Cre,10.9,0.0,0.5,2.0,0.0,13.4
CMT,2009-05-19 19:50:10,2009-05-19 19:54:42,1,0.6,-73.951106,40.78594,,0,-73.94233,40.786501,Cash,4.5,0.0,,0.0,0.0,4.5
1,2015-07-02 20:56:58,2015-07-02 21:11:31,1,2.0,-74.01309204101562,40.702327728271484,1.0,N,-74.01117706298828,40.72963333129883,2,11.5,0.5,0.5,0.0,0.0,0.3
CMT,2010-02-27 10:52:10,2010-02-27 11:02:02,1,2.6,-73.98287,40.692923,1.0,0,-73.999165,40.722482,CRE,8.9,0.0,0.5,0.0,0.0,9.4
VTS,2013-12-19 15:32:00,2013-12-19 15:40:00,6,1.54,-73.971867,40.763317,1.0,,-73.956095,40.77966,CSH,8.0,0.0,0.5,0.0,0.0,8.5
CMT,2012-11-03 03:11:25,2012-11-03 03:19:15,1,2.0,-73.99046,40.72457,1.0,N,-74.000025,40.743272,CSH,8.0,0.5,0.5,0.0,0.0,9.0
VTS,2012-04-03 08:01:00,2012-04-03 08:14:00,1,1.22,-73.991102,40.750407,1.0,,-73.983885,40.755255,CSH,8.1,0.0,0.5,0.0,0.0,8.6
1,2016-05-13 18:49:54,2016-05-13 18:54:06,1,0.8,-73.98135375976562,40.737037658691406,1.0,N,-73.98859405517578,40.72724533081055,1,5.0,1.0,0.5,1.35,0.0,0.3
VTS,2011-06-19 08:42:00,2011-06-19 08:46:00,1,0.48,-74.01033,40.725442,1.0,,-74.01033,40.725442,CSH,4.1,0.0,0.5,0.0,0.0,4.6
CMT,2013-01-24 07:27:30,2013-01-24 07:33:38,1,0.9,-73.993615,40.731929,1.0,N,-73.986027,40.740576,CSH,6.5,0.0,0.5,0.0,0.0,7.0
CMT,2009-11-18 23:40:31,2009-11-18 23:45:31,2,1.0,-73.974899,40.790772,,0,-73.963183,40.796363,Cash,5.3,0.5,0.5,0.0,0.0,6.3
CMT,2013-02-14 23:13:37,2013-02-14 23:17:56,2,0.9,-73.981842,40.768839,1.0,N,-73.979284,40.779406,CRD,5.5,0.5,0.5,1.0,0.0,7.5
2,2016-01-01 02:16:22,2016-01-01 02:27:52,1,1.55,-73.9900894165039,40.746646881103516,1.0,N,-73.97230529785156,40.75589370727539,2,9.0,0.5,0.5,0.0,0.0,0.3
CMT,2009-01-04 11:49:28,2009-01-04 11:56:16,1,1.7,-73.950416,40.783601,,,-73.963816,40.765212,Cash,6.5,0.0,,0.0,0.0,6.5
CMT,2011-08-30 12:30:55,2011-08-30 12:37:36,1,1.2,-73.961,40.769096,1.0,N,-73.956945,40.783197,CRD,5.7,0.0,0.5,1.86,0.0,8.06
CMT,2014-03-29 17:20:43,2014-03-29 17:27:59,1,3.1,-74.006807,40.704087,1.0,N,-73.977768,40.721123,CRD,11.0,0.0,0.5,1.0,0.0,12.5
VTS,2010-08-19 09:00:00,2010-08-19 09:03:00,2,0.29,-73.991163,40.754965,1.0,,-73.988778,40.753242,CSH,3.7,0.0,0.5,0.0,0.0,4.2
CMT,2014-01-16 06:47:16,2014-01-16 06:57:09,1,2.4,-73.98075,40.733837,1.0,N,-73.982536,40.760074,CSH,10.0,0.0,0.5,0.0,0.0,10.5
CMT,2012-12-12 16:22:46,2012-12-12 16:30:17,4,0.9,-74.00771,40.740658,1.0,N,-73.997952,40.746181,CSH,6.5,1.0,0.5,0.0,0.0,8.0
VTS,2010-09-12 08:34:00,2010-09-12 08:38:00,1,0.83,-73.98256,40.756095,1.0,,-74.005203,40.728722,CSH,4.5,0.0,0.5,0.0,0.0,5.0
CMT,2011-01-05 23:51:33,2011-01-06 00:06:51,1,5.2,-73.95581,40.779404,1.0,N,-73.953432,40.757927,CRD,13.7,0.5,0.5,3.0,0.0,17.7
VTS,2011-06-27 13:15:00,2011-06-27 13:34:00,1,3.97,-73.954622,40.780185,1.0,,-73.992912,40.735023,CSH,13.3,0.0,0.5,0.0,0.0,13.8
VTS,2014-06-03 23:04:00,2014-06-03 23:27:00,3,4.39,-73.972675,40.780727,1.0,,-73.982047,40.762872,CRD,18.5,0.5,0.5,4.75,0.0,24.25
CMT,2012-10-02 17:34:45,2012-10-02 17:51:21,1,1.6,-73.980403,40.754622,1.0,N,-73.993281,40.738542,CRD,11.5,1.0,0.5,3.25,0.0,16.25
VTS,2014-01-27 07:04:00,2014-01-27 07:11:00,1,1.24,-73.991257,40.749565,1.0,,-73.9787,40.758752,CRD,6.5,0.0,0.5,1.95,0.0,8.95
2,2016-06-25 22:07:14,2016-06-25 22:27:24,1,8.19,-73.98800659179688,40.759544372558594,1.0,N,-73.93528747558594,40.84324645996094,1,25.5,0.5,0.5,5.36,0.0,0.3
DDS,2009-07-25 22:27:02,2009-07-25 22:33:45,1,1.3,-73.988338,40.722969,,,-73.982889,40.738916,CREDIT,5.7,0.5,,1.0,0.0,7.2
VTS,2011-03-06 13:28:00,2011-03-06 13:37:00,1,1.14,-73.999343,40.726583,1.0,,-74.003745,40.71829,CSH,6.5,0.0,0.5,0.0,0.0,7.0
1,2015-06-15 15:44:52,2015-06-15 16:12:55,3,1.3,-73.97543334960938,40.75193405151367,1.0,N,-73.96859741210938,40.76247787475586,1,16.5,0.0,0.5,0.0,0.0,0.3
VTS,2011-06-16 06:23:00,2011-06-16 06:32:00,1,2.61,-73.96218,40.802277,1.0,,-73.982272,40.769478,CSH,8.5,0.0,0.5,0.0,0.0,9.0
1,2015-12-07 05:41:44,2015-12-07 06:12:24,1,19.7,-73.99288940429688,40.71516799926758,4.0,N,-73.8394775390625,40.91154861450195,2,58.0,0.5,0.5,0.0,0.0,0.3
VTS,2012-11-27 16:04:00,2012-11-27 16:19:00,5,1.25,-73.96846,40.770597,1.0,,-73.975172,40.755772,CSH,10.5,1.0,0.5,0.0,0.0,12.0
1,2015-08-27 11:40:45,2015-08-27 11:57:12,2,2.3,-73.96908569335938,40.76417541503906,1.0,N,-73.94430541992188,40.77555465698242,1,12.5,0.0,0.5,2.0,0.0,0.3
CMT,2010-09-15 15:28:35,2010-09-15 15:47:25,1,2.9,-73.973893,40.763507,1.0,Y,-73.97191,40.764672,CRD,12.1,0.0,0.5,2.52,0.0,15.12
CMT,2011-02-23 20:32:20,2011-02-23 20:37:18,1,1.5,-73.965671,40.762978,1.0,N,-73.948827,40.774983,CSH,5.7,0.5,0.5,0.0,0.0,6.7
CMT,2011-01-30 17:13:51,2011-01-30 17:17:10,1,0.7,-73.981717,40.769124,1.0,N,-73.989868,40.764735,CSH,4.1,0.0,0.5,0.0,0.0,4.6
VTS,2009-03-17 18:22:00,2009-03-17 18:28:00,6,1.68,-73.977965,40.778698,,,-73.968942,40.797708,CASH,6.1,1.0,,0.0,0.0,7.1
VTS,2013-10-12 21:27:00,2013-10-12 21:35:00,1,1.37,-73.978772,40.755632,1.0,,-73.963635,40.761407,CRD,8.0,0.5,0.5,2.55,0.0,11.55
2,2015-04-01 11:31:47,2015-04-01 12:16:14,6,18.11,-73.97826385498047,40.75236129760742,2.0,N,-73.78291320800781,40.64887237548828,2,52.0,0.0,0.5,0.0,5.54,0.3
VTS,2009-02-11 07:06:00,2009-02-11 07:13:00,5,1.2,-73.967627,40.75547,,,-73.983522,40.754283,CASH,5.7,0.0,,0.0,0.0,5.7
CMT,2011-05-06 16:29:10,2011-05-06 16:42:33,1,1.6,-73.969542,40.785298,1.0,N,-73.969889,40.767795,CRD,8.9,1.0,0.5,1.08,0.0,11.48
1,2015-06-22 10:31:07,2015-06-22 10:39:04,2,1.6,-73.96776580810547,40.77096939086914,1.0,N,-73.94554138183594,40.77406311035156,1,7.5,0.0,0.5,1.25,0.0,0.3
CMT,2009-02-23 22:59:04,2009-02-23 23:02:13,1,0.9,-73.974895,40.790091,,0,-73.982139,40.778983,Cash,5.0,0.0,,0.0,0.0,5.0
1,2015-06-07 08:20:15,2015-06-07 08:26:51,1,1.5,-73.97190856933594,40.75493621826172,1.0,N,-73.9551773071289,40.765926361083984,1,7.0,0.0,0.5,1.0,0.0,0.3
CMT,2012-03-11 10:37:11,2012-03-11 10:38:20,1,0.3,-73.9728,40.755649,1.0,N,-73.974935,40.752073,CSH,2.9,0.0,0.5,0.0,0.0,3.4
VTS,2011-07-01 10:38:00,2011-07-01 10:41:00,1,0.83,-73.932777,40.71206,1.0,,-74.41291,40.635017,CRD,4.1,0.0,0.5,2.0,0.0,6.6
VTS,2011-07-14 02:33:00,2011-07-14 02:36:00,1,0.85,-73.980092,40.76558,1.0,,-73.990633,40.761083,CRD,4.5,0.5,0.5,1.0,0.0,6.5
VTS,2013-03-24 22:59:00,2013-03-24 23:06:00,1,1.19,-73.992018,40.714917,1.0,,-74.005088,40.720707,CSH,6.5,0.5,0.5,0.0,0.0,7.5
CMT,2010-09-22 18:15:43,2010-09-22 18:41:50,1,2.5,-73.980153,40.748691,1.0,N,-73.960497,40.770069,CRD,14.5,1.0,0.5,3.2,0.0,19.2
CMT,2014-07-03 07:57:01,2014-07-03 08:10:45,1,3.5,-73.98844,40.75916,1.0,N,-74.007733,40.717285,CRD,13.0,0.0,0.5,2.0,0.0,15.5
CMT,2012-10-28 04:31:20,2012-10-28 04:46:18,1,6.4,-73.978696,40.75682,1.0,N,-73.943309,40.815751,CSH,20.5,0.5,0.5,0.0,0.0,21.5
CMT,2014-12-17 22:23:16,2014-12-17 22:32:50,1,3.7,-73.975963,40.732878,1.0,N,-74.005599,40.709309,CRD,13.0,0.5,0.5,0.0,0.0,14.0
VTS,2009-09-18 15:15:00,2009-09-18 15:32:00,1,1.34,-73.996167,40.686525,,,-73.978652,40.683807,CASH,9.7,0.0,,0.0,0.0,9.7
VTS,2014-10-18 15:33:00,2014-10-18 16:25:00,5,16.69,-73.992592,40.753327,2.0,,-73.789697,40.647055,CSH,52.0,0.0,0.5,0.0,5.33,57.83
CMT,2013-12-19 19:55:51,2013-12-19 20:17:18,1,8.4,-73.872974,40.774178,1.0,N,-73.986264,40.746915,CRD,26.5,1.0,0.5,6.66,5.33,39.99
VTS,2013-03-31 10:59:00,2013-03-31 11:11:00,1,1.78,-73.983115,40.730522,1.0,,-73.994645,40.750445,CSH,9.5,0.0,0.5,0.0,0.0,10.0
CMT,2013-02-03 14:21:31,2013-02-03 14:25:54,2,1.5,-74.007331,40.741269,1.0,N,-74.003686,40.753182,CSH,6.5,0.0,0.5,0.0,0.0,7.0
CMT,2013-06-30 02:57:58,2013-06-30 03:18:41,1,4.9,-73.945924,40.746108,1.0,N,-73.983352,40.78095,CRD,19.5,0.5,0.5,4.1,0.0,24.6
CMT,2009-05-08 00:23:19,2009-05-08 00:24:30,1,0.4,-73.989739,40.751504,,0,-73.992697,40.747268,Cash,2.9,0.0,,0.0,0.0,2.9
2,2015-07-17 06:34:41,2015-07-17 06:37:00,1,0.94,-73.983154296875,40.730438232421875,1.0,N,-73.97510528564453,40.74153137207031,2,4.5,0.0,0.5,0.0,0.0,0.3
VTS,2010-06-03 15:51:00,2010-06-03 15:55:00,1,0.46,-73.992228,40.738847,1.0,,-73.990853,40.733228,CAS,4.1,0.0,0.5,0.0,0.0,4.6
2,2015-03-24 11:42:39,2015-03-24 12:08:00,5,4.36,-74.01284790039062,40.704566955566406,1.0,N,-73.99409484863281,40.75114059448242,2,19.5,0.0,0.5,0.0,0.0,0.3
CMT,2013-05-22 12:47:40,2013-05-22 12:55:07,1,0.6,-73.952162,40.772893,1.0,N,-73.952275,40.76631,CSH,6.5,0.0,0.5,0.0,0.0,7.0
VTS,2009-01-04 03:58:00,2009-01-04 04:03:00,5,0.67,-73.981302,40.749977,,,-73.975083,40.744402,CASH,4.5,0.5,,0.0,0.0,5.0
VTS,2014-10-31 23:22:00,2014-10-31 23:29:00,5,0.41,-73.98845,40.72751,1.0,,-73.98833,40.72851,CSH,6.0,0.5,0.5,0.0,0.0,7.0
VTS,2012-04-15 12:19:00,2012-04-15 12:27:00,1,0.93,-73.987523,40.7329,1.0,,-73.989677,40.741467,CRD,6.1,0.0,0.5,1.0,0.0,7.6
VTS,2013-03-06 17:39:00,2013-03-06 17:49:00,5,1.35,-73.994657,40.750592,1.0,,-73.990722,40.76504,CRD,8.0,1.0,0.5,1.8,0.0,11.3
VTS,2014-09-28 18:38:00,2014-09-28 19:01:00,5,9.11,-73.865762,40.770577,1.0,,-73.988353,40.749112,CRD,27.5,0.0,0.5,3.0,5.33,36.33
CMT,2012-08-04 13:19:00,2012-08-04 13:23:08,1,1.2,-73.986608,40.751502,1.0,N,-73.974445,40.764857,CSH,4.9,0.0,0.5,0.0,0.0,5.4
1,2015-02-20 19:26:00,2015-02-20 19:40:48,1,3.8,-73.99470520019531,40.75048065185547,1.0,N,-73.96875,40.798500061035156,1,13.5,1.0,0.5,3.05,0.0,0.3
CMT,2010-02-01 20:40:45,2010-02-01 20:45:00,1,1.6,-73.973468,40.743996,1.0,0,-73.958883,40.764233,CRE,5.7,0.5,0.5,4.0,0.0,10.7
CMT,2011-11-06 23:04:29,2011-11-06 23:09:02,1,1.1,-73.992116,40.725918,1.0,N,-74.005475,40.717528,CSH,5.3,0.5,0.5,0.0,0.0,6.3
VTS,2010-10-13 21:10:00,2010-10-13 21:26:00,2,1.99,-73.990935,40.727952,1.0,,-73.992335,40.749307,CSH,9.7,0.5,0.5,0.0,0.0,10.7
CMT,2009-07-05 20:29:45,2009-07-05 20:41:40,3,2.0,-74.016348,40.711144,,0,-73.996763,40.719186,Cash,8.9,0.0,,0.0,0.0,8.9
VTS,2010-02-09 10:03:00,2010-02-09 10:18:00,1,1.39,-73.991558,40.749965,1.0,,-73.976905,40.748522,CRD,8.5,0.0,0.5,3.0,0.0,12.0
VTS,2013-12-26 13:15:00,2013-12-26 13:27:00,1,2.65,-73.952732,40.780097,1.0,,-73.967555,40.804597,CSH,11.0,0.0,0.5,0.0,0.0,11.5
VTS,2014-08-24 01:00:00,2014-08-24 01:06:00,1,1.24,-73.984557,40.732972,1.0,,-73.998115,40.723692,CRD,6.0,0.5,0.5,1.3,0.0,8.3
CMT,2011-04-27 16:04:40,2011-04-27 16:14:26,1,1.1,-73.948992,40.781837,1.0,N,-73.959417,40.769431,CRD,6.9,0.0,0.5,1.0,0.0,8.4
1,2016-05-20 08:40:08,2016-05-20 08:53:11,1,1.2,-73.97917938232422,40.740779876708984,1.0,N,-73.99171447753906,40.751468658447266,1,9.5,0.0,0.5,0.0,0.0,0.3
CMT,2011-01-22 21:07:37,2011-01-22 21:20:18,1,1.2,-74.001054,40.74128,1.0,N,-73.985369,40.732842,CSH,7.7,0.5,0.5,0.0,0.0,8.7
VTS,2009-08-06 14:17:00,2009-08-06 14:21:00,1,0.42,-73.971235,40.754928,,,-73.966368,40.757772,Credit,3.7,0.0,,1.0,0.0,4.7
2,2015-10-21 22:11:24,2015-10-21 22:25:36,1,2.0,-73.96308898925781,40.77503967285156,1.0,N,-73.96337127685547,40.75476837158203,1,10.5,0.5,0.5,1.0,0.0,0.3
VTS,2014-01-24 21:42:00,2014-01-24 21:46:00,1,1.21,-73.955448,40.764432,1.0,,-73.949152,40.777335,CSH,5.5,0.5,0.5,0.0,0.0,6.5
CMT,2010-08-26 01:34:08,2010-08-26 01:44:48,1,3.2,-74.009887,40.712101,1.0,N,-73.998966,40.684887,CSH,10.1,0.5,0.5,0.0,0.0,11.1
VTS,2012-09-24 16:52:00,2012-09-24 17:03:00,1,1.52,-73.972822,40.758757,1.0,,-73.956723,40.771612,CSH,9.0,1.0,0.5,0.0,0.0,10.5
VTS,2009-08-31 01:54:00,2009-08-31 02:08:00,1,5.73,-73.987332,40.718172,,,-73.996318,40.69536,Credit,14.5,0.5,,3.0,0.0,18.0
CMT,2012-08-14 18:16:28,2012-08-14 18:55:04,3,20.2,-73.781856,40.644663,2.0,N,-73.99217,40.749232,CSH,45.0,0.0,0.5,0.0,4.8,50.3
CMT,2014-10-20 09:34:42,2014-10-20 09:44:10,1,0.7,-73.982381,40.768254,1.0,N,-73.972485,40.762823,CRD,7.0,0.0,0.5,1.5,0.0,9.0
VTS,2014-07-09 20:43:00,2014-07-09 20:58:00,1,4.93,-74.008007,40.711897,1.0,,-73.985005,40.747835,CRD,17.5,0.5,0.5,2.5,0.0,21.0
2,2015-05-25 15:46:17,2015-05-25 15:58:37,1,1.49,-73.98712921142578,40.74959182739258,1.0,N,-73.97982788085938,40.75736618041992,2,9.0,0.0,0.5,0.0,0.0,0.3
CMT,2009-03-14 00:32:52,2009-03-14 00:48:29,1,4.0,-73.967799,40.801114,,0,-73.961558,40.760318,Cash,12.6,0.0,,0.0,0.0,12.6
CMT,2013-09-18 14:37:20,2013-09-18 14:42:46,1,0.7,-73.95232,40.778448,1.0,N,-73.954342,40.769573,CSH,5.5,0.0,0.5,0.0,0.0,6.0
1,2016-03-10 19:51:59,2016-03-10 20:03:06,1,3.0,-73.96685791015625,40.7529182434082,1.0,N,-73.96900177001953,40.785179138183594,1,11.5,1.0,0.5,2.65,0.0,0.3
VTS,2013-07-24 19:22:00,2013-07-24 19:40:00,1,2.5,-73.993397,40.741782,1.0,,-73.967112,40.76449,CRD,13.0,1.0,0.5,1.0,0.0,15.5
1,2015-07-12 14:23:36,2015-07-12 14:32:16,3,1.0,-74.0098876953125,40.720123291015625,1.0,N,-73.9995346069336,40.724769592285156,2,7.5,0.0,0.5,0.0,0.0,0.3
CMT,2010-07-22 08:52:03,2010-07-22 09:06:28,1,0.8,-73.971167,40.749457,1.0,0,-73.975791,40.756365,Cre,8.5,0.0,0.5,2.25,0.0,11.25
1,2015-06-30 17:01:51,2015-06-30 17:05:53,1,0.5,-73.9979476928711,40.740970611572266,1.0,N,-74.00684356689453,40.743560791015625,1,4.5,1.0,0.5,1.25,0.0,0.3
VTS,2009-01-15 18:31:00,2009-01-15 18:41:00,2,0.042,-74.010133,40.720142,,,-74.013963,40.714898,CASH,6.5,1.0,,0.0,0.0,7.5
CMT,2014-06-14 08:11:38,2014-06-14 08:18:19,1,1.8,-73.995223,40.73335,1.0,N,-73.977568,40.750467,CSH,8.5,0.0,0.5,0.0,0.0,9.0
VTS,2009-09-13 11:43:00,2009-09-13 12:02:00,1,8.36,-73.947932,40.776288,,,-74.011863,40.713845,Credit,20.9,0.0,,1.0,0.0,21.9
VTS,2012-05-04 18:13:00,2012-05-04 18:18:00,1,1.52,-73.996242,40.75995,1.0,,-73.99407,40.747522,CSH,5.7,1.0,0.5,0.0,0.0,7.2
2,2015-12-13 20:04:59,2015-12-13 20:17:46,5,2.24,-73.95619201660156,40.766971588134766,1.0,N,-73.97915649414062,40.74374008178711,1,10.5,0.5,0.5,2.36,0.0,0.3
VTS,2014-07-07 13:27:00,2014-07-07 13:39:00,2,3.57,-73.97726,40.72587,1.0,,-73.951742,40.769605,CSH,13.5,0.0,0.5,0.0,0.0,14.0
1,2015-06-17 19:46:49,2015-06-17 19:58:05,3,0.8,-73.97946166992188,40.758392333984375,1.0,N,-73.96820068359375,40.756370544433594,1,8.0,1.0,0.5,3.0,0.0,0.3
CMT,2009-12-24 09:52:15,2009-12-24 10:11:20,1,2.1,-73.98347,40.777627,,0,-73.988299,40.748854,Cash,11.3,0.0,0.5,0.0,0.0,11.8
VTS,2009-03-26 02:39:00,2009-03-26 02:50:00,1,3.38,-73.98266,40.767518,,,-73.959777,40.810597,CASH,10.1,0.5,,0.0,0.0,10.6
VTS,2009-02-06 21:22:00,2009-02-06 21:25:00,5,0.35,-73.97221,40.796723,,,-73.969207,40.80089,CASH,3.3,0.5,,0.0,0.0,3.8
CMT,2012-01-31 05:41:39,2012-01-31 05:43:04,1,0.5,-73.97228,40.753206,1.0,N,-73.965931,40.755265,CRD,3.3,0.5,0.5,1.29,0.0,5.59
CMT,2011-02-28 12:38:53,2011-02-28 12:47:53,1,1.2,-74.00254,40.730441,1.0,N,-73.984751,40.721655,CSH,6.5,0.0,0.5,0.0,0.0,7.0
VTS,2014-06-24 19:10:00,2014-06-24 19:27:00,1,2.7,-73.975362,40.752252,1.0,,-74.008328,40.738217,CSH,13.5,1.0,0.5,0.0,0.0,15.0
VTS,2014-09-06 06:12:00,2014-09-06 06:15:00,1,1.33,-74.0096,40.71273,1.0,,-74.00433,40.73057,CRD,6.0,0.0,0.5,1.11,0.0,7.61
VTS,2012-02-24 02:05:00,2012-02-24 02:06:00,1,0.01,-73.983057,40.76309,1.0,,-73.983453,40.762745,CSH,2.5,0.5,0.5,0.0,0.0,3.5
CMT,2009-03-31 14:54:26,2009-03-31 15:07:52,4,1.4,-73.980836,40.738124,,0,-73.998899,40.732366,Cash,8.5,0.0,,0.0,0.0,8.5
VTS,2013-05-09 14:06:00,2013-05-09 14:07:00,1,0.08,-74.00439,40.724367,1.0,,-74.004215,40.72479,CSH,2.5,0.0,0.5,0.0,0.0,3.0
VTS,2010-12-11 23:26:00,2010-12-11 23:48:00,6,5.18,-73.982228,40.777028,1.0,,-74.014827,40.718042,CRD,15.7,0.5,0.5,1.8,0.0,18.5
VTS,2014-01-28 19:26:00,2014-01-28 19:30:00,1,1.03,-74.00049,40.718567,1.0,,-74.011638,40.707542,CRD,5.5,1.0,0.5,1.3,0.0,8.3
VTS,2014-08-15 23:57:00,2014-08-16 00:18:00,1,4.53,-73.951897,40.777667,1.0,,-74.00249,40.750152,CRD,18.0,0.5,0.5,3.7,0.0,22.7
1,2016-01-13 13:01:47,2016-01-13 13:06:32,1,1.0,-73.99015045166016,40.719356536865234,1.0,N,-73.9820785522461,40.73191833496094,1,5.5,0.0,0.5,0.63,0.0,0.3
VTS,2013-05-05 05:24:00,2013-05-05 05:29:00,1,1.46,-73.985557,40.761557,1.0,,-73.990042,40.751557,CRD,6.5,0.5,0.5,1.0,0.0,8.5
1,2015-12-09 14:02:53,2015-12-09 14:07:40,1,0.6,-73.98936462402344,40.76306915283203,1.0,N,-73.99590301513672,40.75396728515625,1,5.0,0.0,0.5,1.16,0.0,0.3
VTS,2013-05-28 06:41:00,2013-05-28 06:46:00,6,0.46,-73.970645,40.752467,1.0,,-73.977132,40.754702,CSH,5.0,0.0,0.5,0.0,0.0,5.5
VTS,2010-02-22 23:02:00,2010-02-22 23:11:00,1,1.57,-74.003323,40.72705,1.0,,-73.998715,40.711987,CRD,6.9,0.5,0.5,1.0,0.0,8.9
VTS,2009-12-13 21:55:00,2009-12-13 22:02:00,1,1.59,-73.960837,40.772495,,,-73.979683,40.783717,CASH,6.5,0.5,0.5,0.0,0.0,7.5
CMT,2010-09-19 03:49:51,2010-09-19 03:54:51,1,1.3,-73.98126,40.744883,1.0,N,-73.967613,40.756042,CSH,5.7,0.5,0.5,0.0,0.0,6.7
VTS,2011-02-28 19:17:00,2011-02-28 19:25:00,2,0.5,-73.98591,40.756823,1.0,,-73.991073,40.750262,CSH,5.7,1.0,0.5,0.0,0.0,7.2
VTS,2010-06-08 00:47:00,2010-06-08 00:53:00,2,1.68,-74.00128,40.736907,1.0,,-73.998023,40.756153,Cre,6.1,0.5,0.5,1.0,0.0,8.1
VTS,2010-08-26 07:25:00,2010-08-26 07:36:00,1,2.92,-73.957157,40.770777,1.0,,-73.983862,40.733905,CSH,9.3,0.0,0.5,0.0,0.0,9.8
CMT,2009-08-16 07:29:27,2009-08-16 07:38:54,1,2.3,-73.970857,40.758473,,0,-73.991617,40.749735,Cash,8.1,0.0,,0.0,0.0,8.1
VTS,2010-08-27 09:55:00,2010-08-27 10:03:00,5,1.36,-73.964662,40.755758,1.0,,-73.966837,40.770012,CSH,6.5,0.0,0.5,0.0,0.0,7.0
CMT,2011-12-15 18:12:23,2011-12-15 18:27:14,1,2.3,-73.9835,40.7658,1.0,N,-73.9571,40.7749,CRD,10.1,1.0,0.5,2.9,0.0,14.5
VTS,2010-03-21 23:45:00,2010-03-22 00:06:00,2,10.69,-73.991482,40.749912,1.0,,-74.030103,40.636253,CSH,24.9,0.5,0.5,0.0,0.0,25.9
2,2016-02-19 19:03:38,2016-02-19 19:14:09,1,1.44,-74.00284576416016,40.76046371459961,1.0,N,-73.98596954345703,40.748958587646484,1,9.0,1.0,0.5,2.16,0.0,0.3
CMT,2011-04-02 17:40:48,2011-04-02 17:54:39,3,2.2,-73.95141,40.770268,1.0,Y,-73.977555,40.76353,CSH,9.3,0.0,0.5,0.0,0.0,9.8
VTS,2010-10-26 13:41:00,2010-10-26 13:50:00,2,1.61,-73.983652,40.767658,1.0,,-73.971505,40.777573,CSH,7.3,0.0,0.5,0.0,0.0,7.8
1,2015-04-09 06:28:24,2015-04-09 06:38:51,1,3.2,-73.99308013916016,40.757442474365234,1.0,N,-74.00997924804688,40.7209587097168,1,11.0,0.0,0.5,1.0,0.0,0.3
1,2016-04-22 10:43:12,2016-04-22 10:56:41,1,2.0,-74.00039672851562,40.733070373535156,1.0,N,-74.00468444824219,40.7512092590332,1,11.0,0.0,0.5,5.0,0.0,0.3
CMT,2013-03-19 07:18:05,2013-03-19 07:30:43,1,2.4,-73.952193,40.773035,1.0,N,-73.978588,40.757063,CSH,11.0,0.0,0.5,0.0,0.0,11.5
VTS,2013-06-05 15:18:00,2013-06-05 15:39:00,1,0.82,-73.983168,40.75446,1.0,,-73.98019,40.762365,CSH,6.5,0.0,0.5,0.0,0.0,7.0
2,2015-12-27 12:53:51,2015-12-27 13:04:12,1,2.07,-73.996337890625,40.72544860839844,1.0,N,-73.99191284179688,40.74911117553711,1,9.5,0.0,0.5,1.2,0.0,0.3
CMT,2009-05-28 22:42:55,2009-05-28 22:50:12,1,1.7,-73.973794,40.74904,,0,-73.984234,40.728646,Credit,6.5,0.0,,1.05,0.0,7.55
2,2015-01-11 18:05:32,2015-01-11 18:07:10,1,0.16,-73.81307983398438,40.719268798828125,1.0,N,-73.81502532958984,40.718387603759766,2,3.0,0.0,0.5,0.0,0.0,0.3
VTS,2014-05-05 12:44:00,2014-05-05 12:59:00,3,3.28,-73.999135,40.725482,1.0,,-73.999392,40.761132,CRD,14.0,0.0,0.5,2.8,0.0,17.3
VTS,2013-04-27 01:13:00,2013-04-27 01:23:00,1,3.13,-73.974455,40.750237,1.0,,-73.953135,40.788557,CSH,11.5,0.5,0.5,0.0,0.0,12.5
VTS,2011-03-22 09:08:00,2011-03-22 09:13:00,1,0.6,-73.983572,40.738552,1.0,,-73.990657,40.736695,CRD,4.5,0.0,0.5,1.0,0.0,6.0
VTS,2012-02-05 15:22:00,2012-02-05 15:59:00,1,6.94,-73.955407,40.802453,1.0,,-73.994705,40.72765,CRD,23.3,0.0,0.5,2.0,0.0,25.8
VTS,2013-08-10 00:49:00,2013-08-10 01:29:00,1,8.31,-73.950035,40.722035,1.0,,-73.993845,40.686652,CRD,31.0,0.5,0.5,7.88,0.0,39.88
2,2016-05-23 11:10:54,2016-05-23 11:17:24,6,1.0,-73.98571014404297,40.758060455322266,1.0,N,-74.00048828125,40.76245880126953,2,6.5,0.0,0.5,0.0,0.0,0.3
CMT,2011-09-10 23:41:15,2011-09-10 23:52:20,1,2.2,-73.965151,40.764092,1.0,N,-73.987882,40.743568,CSH,8.5,0.5,0.5,0.0,0.0,9.5
VTS,2012-12-30 20:36:00,2012-12-30 20:48:00,2,6.74,-73.95931,40.814655,1.0,,-73.908823,40.893312,CSH,19.5,0.5,0.5,0.0,2.2,22.7
VTS,2010-11-13 21:22:00,2010-11-13 21:38:00,2,2.13,-73.993947,40.751678,1.0,,-73.998748,40.729802,CRD,9.7,0.5,0.5,1.0,0.0,11.7
VTS,2010-08-12 08:16:00,2010-08-12 08:26:00,1,2.21,-74.005478,40.73873,1.0,,-73.978617,40.750427,CSH,8.1,0.0,0.5,0.0,0.0,8.6
CMT,2012-11-09 11:11:21,2012-11-09 11:24:01,1,1.1,-74.001458,40.730482,1.0,N,-73.995136,40.741368,CSH,9.0,0.0,0.5,0.0,0.0,9.5
CMT,2014-03-10 00:25:02,2014-03-10 00:37:18,1,4.5,-73.971007,40.763302,1.0,N,-73.954242,40.719112,CRD,15.0,0.5,0.5,4.0,0.0,20.0
CMT,2010-04-29 15:58:30,2010-04-29 16:10:15,1,1.3,-73.981875,40.766831,1.0,0,-73.963857,40.766114,Cas,7.7,0.0,0.5,0.0,0.0,8.2
VTS,2011-08-25 19:43:00,2011-08-25 19:53:00,5,1.73,-73.976832,40.743442,1.0,,-74.001742,40.745032,CRD,7.3,1.0,0.5,1.5,0.0,10.3
1,2015-06-10 16:29:09,2015-06-10 16:36:50,1,1.3,-73.94660186767578,40.772674560546875,1.0,N,-73.95426177978516,40.784358978271484,2,7.5,1.0,0.5,0.0,0.0,0.3
VTS,2013-04-08 18:37:00,2013-04-08 18:41:00,1,0.78,-73.981645,40.746652,1.0,,-73.975892,40.753972,CSH,4.5,1.0,0.5,0.0,0.0,6.0
2,2016-02-29 21:57:12,2016-02-29 22:09:59,5,2.3,-73.9952392578125,40.72494125366211,1.0,N,-73.9903564453125,40.75040054321289,2,11.0,0.5,0.5,0.0,0.0,0.3
CMT,2012-04-09 07:19:09,2012-04-09 07:30:15,1,3.8,-73.913201,40.746043,1.0,N,-73.958222,40.764767,CRD,10.9,0.0,0.5,1.5,0.0,12.9
CMT,2010-11-17 18:16:12,2010-11-17 18:23:32,1,0.7,-73.963543,40.76586,1.0,N,-73.970865,40.758327,CSH,5.3,1.0,0.5,0.0,0.0,6.8
VTS,2014-06-09 16:52:00,2014-06-09 16:56:00,1,0.44,-74.001062,40.736812,1.0,,-74.00532,40.740935,CRD,4.5,1.0,0.5,1.38,0.0,7.38
CMT,2012-12-12 00:35:40,2012-12-12 00:38:42,1,0.5,-73.988773,40.727251,1.0,N,-73.987567,40.722059,CRD,4.0,0.5,0.5,1.0,0.0,6.0
CMT,2009-07-30 11:36:58,2009-07-30 11:48:23,1,1.1,-73.978148,40.751728,,0,-73.98747,40.748893,Cash,7.3,0.0,,0.0,0.0,7.3
CMT,2014-01-10 00:27:41,2014-01-10 00:39:41,2,2.8,-73.982759,40.754317,1.0,N,-74.004838,40.732679,CRD,11.0,0.5,0.5,2.4,0.0,14.4
VTS,2012-01-21 15:35:00,2012-01-21 15:43:00,5,1.77,-73.966067,40.767745,1.0,,-73.952238,40.784643,CSH,6.9,0.0,0.5,0.0,0.0,7.4
2,2016-06-23 17:19:29,2016-06-23 17:30:56,1,0.8,-73.97351837158203,40.76464080810547,1.0,N,-73.97367858886719,40.75579071044922,1,8.5,1.0,0.5,2.06,0.0,0.3
CMT,2011-03-02 16:22:00,2011-03-02 16:29:34,1,1.6,-73.982029,40.768441,1.0,N,-73.994068,40.752008,CSH,6.5,1.0,0.5,0.0,0.0,8.0
CMT,2010-05-18 01:29:24,2010-05-18 01:44:31,1,5.0,-73.990203,40.753844,1.0,0,-73.954498,40.807247,Cre,13.7,0.5,0.5,1.0,0.0,15.7
VTS,2012-12-29 23:22:00,2012-12-29 23:25:00,1,0.98,-73.979617,40.73942,1.0,,-73.973912,40.743067,CSH,5.0,0.5,0.5,0.0,0.0,6.0
CMT,2011-10-29 19:26:35,2011-10-29 19:37:16,1,1.2,-73.987138,40.729415,1.0,N,-74.004349,40.728543,CSH,7.3,0.0,0.5,0.0,0.0,7.8
CMT,2009-05-09 17:08:10,2009-05-09 17:15:05,1,1.2,-73.952654,40.776759,,0,-73.967833,40.771258,Cash,6.1,0.0,,0.0,0.0,6.1
CMT,2013-11-06 20:11:46,2013-11-06 20:17:31,1,0.7,-73.989168,40.73628,1.0,N,-73.980287,40.74293,CRD,5.5,0.5,0.5,1.3,0.0,7.8
CMT,2012-05-11 15:15:54,2012-05-11 15:41:18,3,4.1,-73.953904,40.784624,1.0,N,-73.991121,40.732627,CRD,15.7,0.0,0.5,2.5,0.0,18.7
CMT,2011-03-05 19:27:57,2011-03-05 19:43:33,1,2.5,-73.98111,40.720795,1.0,N,-73.982782,40.747907,CRD,10.5,0.0,0.5,0.0,0.0,11.0
VTS,2010-04-05 10:30:00,2010-04-05 10:46:00,2,2.59,-73.982185,40.783115,1.0,,-73.969287,40.758313,Cre,10.9,0.0,0.5,1.6,0.0,13.0
CMT,2014-07-05 22:14:13,2014-07-05 22:21:18,2,1.4,-73.972004,40.794615,1.0,N,-73.982254,40.775395,CRD,7.5,0.5,0.5,1.7,0.0,10.2
1,2015-09-09 22:00:25,2015-09-09 22:05:57,1,0.9,-73.9798812866211,40.73949432373047,1.0,N,-73.99240112304688,40.737754821777344,1,5.5,0.5,0.5,0.0,0.0,0.3
VTS,2010-08-30 00:32:00,2010-08-30 00:39:00,1,1.99,-73.984283,40.742598,1.0,,-74.006678,40.730965,CRD,6.5,0.5,0.5,1.0,0.0,8.5
VTS,2009-11-11 19:19:00,2009-11-11 19:29:00,1,1.34,-73.970408,40.761808,,,-73.958102,40.769602,CASH,7.3,0.0,0.5,0.0,0.0,7.8
CMT,2013-08-07 15:58:38,2013-08-07 16:04:27,1,0.4,-73.985228,40.753307,1.0,N,-73.990158,40.753502,CRD,5.5,0.0,0.5,2.0,0.0,8.0
1,2015-06-10 18:16:50,2015-06-10 18:20:45,1,0.5,-73.99138641357422,40.724403381347656,1.0,N,-73.98858642578125,40.73114776611328,1,4.5,1.0,0.5,0.5,0.0,0.3
VTS,2014-07-31 06:49:00,2014-07-31 06:54:00,5,0.45,-73.969702,40.76137,1.0,,-73.974395,40.758932,UNK,5.0,0.0,0.5,1.0,0.0,6.5
VTS,2013-02-24 10:46:00,2013-02-24 10:50:00,3,0.85,-73.987413,40.733072,1.0,,-73.995183,40.727997,CRD,5.0,0.0,0.5,1.5,0.0,7.0
VTS,2014-03-04 01:21:00,2014-03-04 01:49:00,1,17.6,-73.77675,40.645652,2.0,,-73.953637,40.768535,CSH,52.0,0.0,0.5,0.0,0.0,52.5
VTS,2014-05-21 15:51:00,2014-05-21 16:00:00,1,0.76,-73.982722,40.766747,1.0,,-73.970202,40.76132,CSH,7.0,0.0,0.5,0.0,0.0,7.5
1,2015-02-01 13:29:57,2015-02-01 13:34:48,3,1.1,-73.96126556396484,40.777469635009766,1.0,N,-73.96721649169922,40.78864288330078,1,6.0,0.0,0.5,1.0,0.0,0.3
VTS,2012-02-22 20:32:00,2012-02-22 20:47:00,1,2.39,-73.988845,40.745427,1.0,,-73.963217,40.757585,CRD,9.7,0.5,0.5,2.55,0.0,13.25
VTS,2013-06-16 15:16:00,2013-06-16 15:27:00,1,2.37,-73.95888,40.783592,1.0,,-73.98084,40.75627,CSH,10.0,0.0,0.5,0.0,0.0,10.5
CMT,2010-09-02 17:28:28,2010-09-02 17:42:05,2,1.9,-73.987983,40.72795,1.0,N,-73.996588,40.743524,CSH,8.9,1.0,0.5,0.0,0.0,10.4
VTS,2010-11-04 19:23:00,2010-11-04 19:39:00,1,3.64,-73.985243,40.735805,1.0,,-73.956153,40.77581,CSH,11.3,1.0,0.5,0.0,0.0,12.8
VTS,2013-06-21 11:38:00,2013-06-21 11:43:00,5,1.58,-73.937692,40.7973,1.0,,-73.952622,40.780932,CSH,6.5,0.0,0.5,0.0,0.0,7.0
CMT,2011-04-29 00:23:33,2011-04-29 00:28:03,1,1.2,-73.965598,40.760903,1.0,N,-73.951273,40.769311,CRD,5.3,0.5,0.5,1.0,0.0,7.3
CMT,2011-09-10 09:46:58,2011-09-10 09:58:56,1,3.0,-73.993573,40.718116,1.0,N,-73.941845,40.707397,CRD,10.5,0.0,0.5,3.3,0.0,14.3
CMT,2013-09-09 05:56:57,2013-09-09 05:59:12,1,0.7,-73.968575,40.801749,1.0,N,-73.975035,40.792654,CSH,4.5,0.5,0.5,0.0,0.0,5.5
VTS,2012-08-19 14:16:00,2012-08-19 14:21:00,1,0.83,-73.989452,40.747445,1.0,,-73.977672,40.754112,CSH,4.9,0.0,0.5,0.0,0.0,5.4
CMT,2014-04-12 17:14:24,2014-04-12 17:24:29,3,1.0,-73.97995,40.759997,1.0,N,-73.995706,40.764557,CSH,8.0,0.0,0.5,0.0,0.0,8.5
CMT,2011-12-31 10:34:27,2011-12-31 10:36:13,1,0.5,-73.967675,40.792623,1.0,N,-73.972195,40.786764,CSH,3.3,0.0,0.5,0.0,0.0,3.8
CMT,2012-09-12 23:02:23,2012-09-12 23:33:26,1,11.2,-73.990738,40.756259,1.0,N,-74.029592,40.634371,CRD,35.5,0.5,0.5,5.0,4.8,46.3
2,2015-12-13 19:18:00,2015-12-13 19:43:31,1,6.06,-73.98519897460938,40.773399353027344,1.0,N,-74.0137710571289,40.70848083496094,1,22.5,0.0,0.5,4.66,0.0,0.3
VTS,2012-12-07 23:59:00,2012-12-08 00:12:00,1,3.31,-73.983867,40.721565,1.0,,-73.952638,40.695907,CSH,13.0,0.5,0.5,0.0,0.0,14.0
VTS,2010-03-18 17:46:00,2010-03-18 17:48:00,1,0.47,-74.003608,40.748682,1.0,,-73.999425,40.754728,CSH,3.7,1.0,0.5,0.0,0.0,5.2
CMT,2010-06-03 21:08:02,2010-06-03 21:15:14,1,1.4,-73.946978,40.775131,1.0,0,-73.95537,40.788035,Cas,6.1,0.5,0.5,0.0,0.0,7.1
VTS,2010-02-17 22:14:00,2010-02-17 22:29:00,1,4.44,-73.904213,40.74028,1.0,,-73.904018,40.7419,CRD,12.5,0.5,0.5,2.0,0.0,15.5
VTS,2009-07-04 12:23:00,2009-07-04 12:29:00,2,2.57,-73.979518,40.735332,,,-73.960117,40.766792,Credit,7.7,0.0,,1.0,0.0,8.7
VTS,2013-03-26 09:21:00,2013-03-26 09:29:00,1,0.82,-73.98191,40.746427,1.0,,-73.98191,40.746427,CRD,7.0,0.0,0.5,1.0,0.0,8.5
VTS,2011-01-13 01:19:00,2011-01-13 01:35:00,1,4.58,-73.98975,40.767125,1.0,,-73.949277,40.781507,CRD,12.9,0.5,0.5,3.0,0.0,16.9
VTS,2014-04-27 00:57:00,2014-04-27 01:05:00,5,1.54,-73.986,40.75599,1.0,,-73.975205,40.76194,CSH,7.5,0.5,0.5,0.0,0.0,8.5
1,2015-02-20 15:24:44,2015-02-20 16:21:36,1,19.6,-73.77667999267578,40.64514923095703,2.0,N,-73.95552062988281,40.77681350708008,1,52.0,0.0,0.5,11.6,5.33,0.3
VTS,2009-02-11 16:28:00,2009-02-11 16:34:00,1,2.13,-73.978638,40.745228,,,-73.963403,40.770957,CASH,6.9,1.0,,0.0,0.0,7.9
CMT,2012-04-07 13:55:50,2012-04-07 14:33:13,2,4.6,-73.998953,40.723138,1.0,N,-73.988414,40.764936,CRD,20.5,0.0,0.5,5.0,0.0,26.0
CMT,2013-01-29 05:40:19,2013-01-29 05:49:00,1,2.2,-73.964707,40.765736,1.0,N,-73.973863,40.743127,CSH,8.5,0.5,0.5,0.0,0.0,9.5
VTS,2011-01-04 17:12:00,2011-01-04 17:59:00,5,13.54,-73.874425,40.774012,1.0,,-74.001852,40.733018,CRD,35.3,1.0,0.5,7.26,4.8,48.86
2,2015-06-18 12:17:56,2015-06-18 12:26:02,6,0.88,-73.99034118652344,40.75607681274414,1.0,N,-73.9823226928711,40.76738357543945,2,7.0,0.0,0.5,0.0,0.0,0.3
1,2015-02-11 20:54:08,2015-02-11 20:56:58,1,0.4,-73.9871826171875,40.768611907958984,1.0,N,-73.98052215576172,40.76754379272461,2,4.0,0.5,0.5,0.0,0.0,0.3
2,2015-05-02 21:41:23,2015-05-02 21:48:45,1,2.43,-73.95901489257812,40.77488327026367,1.0,N,-73.97974395751953,40.74461364746094,1,9.0,0.5,0.5,2.06,0.0,0.3
VTS,2009-12-26 10:39:00,2009-12-26 10:46:00,1,3.0,-74.011293,40.712075,,,-73.987845,40.750795,CASH,8.5,0.0,0.5,0.0,0.0,9.0
CMT,2011-12-04 17:22:26,2011-12-04 17:39:37,2,3.5,-73.9854,40.7383,1.0,N,-73.9828,40.7733,CRD,12.1,0.0,0.5,3.0,0.0,15.6
CMT,2011-04-14 00:38:06,2011-04-14 00:55:58,2,5.9,-73.986579,40.755722,1.0,N,-73.975883,40.681034,CRD,15.7,0.5,0.5,5.0,0.0,21.7
VTS,2012-12-11 08:52:00,2012-12-11 09:02:00,1,2.59,-73.956325,40.78452,1.0,,-73.981895,40.77007,CRD,10.5,0.0,0.5,2.1,0.0,13.1
VTS,2009-11-20 22:48:00,2009-11-20 23:04:00,1,6.74,-73.95237,40.771988,,,-73.942885,40.843495,CASH,17.3,0.5,0.5,0.0,0.0,18.3
VTS,2012-07-15 20:14:00,2012-07-15 20:20:00,1,1.1,-73.9853,40.763537,1.0,,-73.969572,40.76094,CSH,5.7,0.5,0.5,0.0,0.0,6.7
2,2015-07-19 11:16:55,2015-07-19 11:24:37,6,1.84,-74.00003051757812,40.72713851928711,1.0,N,-74.00569915771484,40.74591827392578,2,8.0,0.0,0.5,0.0,0.0,0.3
VTS,2013-08-23 19:46:00,2013-08-23 20:01:00,1,1.86,-73.978055,40.729302,1.0,,-73.989855,40.746422,CRD,11.0,1.0,0.5,0.0,0.0,12.5
VTS,2009-12-24 12:46:00,2009-12-24 12:50:00,2,0.57,-73.975808,40.759815,,,-73.969235,40.760647,CASH,4.1,0.0,0.5,0.0,0.0,4.6
CMT,2011-06-22 12:02:17,2011-06-22 12:15:33,1,1.1,-73.983229,40.773928,1.0,N,-73.984517,40.759964,CRD,8.1,0.0,0.5,2.0,0.0,10.6
CMT,2013-01-18 17:19:40,2013-01-18 17:23:54,1,0.6,-73.937726,40.797189,1.0,N,-73.947074,40.797083,CSH,4.5,1.0,0.5,0.0,0.0,6.0
CMT,2009-08-20 22:07:04,2009-08-20 22:24:35,1,3.0,-74.008214,40.748985,,0,-73.980599,40.764764,Cash,12.1,0.0,,0.0,0.0,12.1
VTS,2013-02-24 15:42:00,2013-02-24 15:45:00,1,0.75,-73.984365,40.760972,1.0,,-73.989465,40.752827,CSH,4.5,0.0,0.5,0.0,0.0,5.0
CMT,2014-09-08 08:56:43,2014-09-08 09:02:23,1,0.5,-73.999618,40.733937,1.0,N,-74.005453,40.739687,CRD,5.5,0.0,0.5,1.2,0.0,7.2
2,2016-04-01 13:49:53,2016-04-01 13:59:09,3,0.72,-73.97038269042969,40.752376556396484,1.0,N,-73.97640228271484,40.74410629272461,1,7.0,0.0,0.5,1.56,0.0,0.3
CMT,2010-02-07 02:25:15,2010-02-07 02:47:59,3,6.0,-73.98351,40.738467,1.0,0,-73.986003,40.661694,CRE,18.1,0.5,0.5,2.86,0.0,21.96
VTS,2013-02-21 19:51:00,2013-02-21 19:57:00,1,0.86,-73.996142,40.743327,1.0,,-74.005242,40.74046,CRD,6.0,1.0,0.5,1.4,0.0,8.9
CMT,2014-05-21 22:01:26,2014-05-21 22:05:45,1,1.0,-73.986597,40.757915,1.0,N,-73.990572,40.745777,CRD,5.5,0.5,0.5,1.3,0.0,7.8
1,2016-02-16 12:12:16,2016-02-16 12:18:45,1,1.5,-73.95138549804688,40.79106521606445,1.0,N,-73.93534851074219,40.80453872680664,2,7.0,0.0,0.5,0.0,0.0,0.3
VTS,2010-11-05 10:23:00,2010-11-05 10:27:00,5,0.47,-74.005257,40.718673,1.0,,-74.001743,40.724735,CSH,4.1,0.0,0.5,0.0,0.0,4.6
CMT,2011-09-19 22:24:24,2011-09-19 22:31:36,2,1.7,-74.004531,40.74168,1.0,N,-73.987605,40.756103,CSH,6.9,0.5,0.5,0.0,0.0,7.9
VTS,2014-04-05 19:02:00,2014-04-05 19:18:00,2,2.91,-73.973612,40.763497,1.0,,-73.994262,40.72832,CSH,12.5,0.0,0.5,0.0,0.0,13.0
CMT,2012-05-18 08:26:33,2012-05-18 08:36:00,1,0.9,-74.009237,40.716281,1.0,N,-74.007705,40.707907,CRD,6.5,0.0,0.5,1.0,0.0,8.0
1,2015-11-30 08:53:32,2015-11-30 09:04:10,1,0.9,-73.9998779296875,40.738182067871094,1.0,N,-74.00507354736328,40.746646881103516,2,8.0,0.0,0.5,0.0,0.0,0.3
2,2015-08-15 22:36:49,2015-08-15 22:47:20,1,1.65,-74.0028076171875,40.73029708862305,1.0,N,-74.0049057006836,40.746803283691406,1,9.0,0.5,0.5,2.0,0.0,0.3
CMT,2010-02-28 08:44:00,2010-02-28 08:48:10,4,0.9,-73.988237,40.750241,1.0,0,-74.001676,40.756443,CAS,4.5,0.0,0.5,0.0,0.0,5.0
1,2015-02-24 19:48:02,2015-02-24 20:00:22,2,2.0,-73.96236419677734,40.75897216796875,1.0,N,-73.96227264404297,40.779048919677734,1,10.5,1.0,0.5,1.0,0.0,0.3
VTS,2009-06-03 16:06:00,2009-06-03 16:10:00,1,0.18,-73.972253,40.75883,,,-73.974142,40.759937,CASH,3.3,1.0,,0.0,0.0,4.3
VTS,2013-12-21 02:29:00,2013-12-21 02:49:00,6,6.92,-73.92726,40.701532,1.0,,-74.003125,40.715657,CSH,22.0,0.5,0.5,0.0,0.0,23.0
VTS,2010-08-23 15:07:00,2010-08-23 15:18:00,1,1.68,-73.983922,40.747022,1.0,,-73.99962,40.761452,CSH,7.7,0.0,0.5,0.0,0.0,8.2
VTS,2011-03-26 15:13:00,2011-03-26 15:18:00,1,1.21,-74.005537,40.74101,1.0,,-74.009165,40.726063,CRD,5.3,0.0,0.5,2.0,0.0,7.8
CMT,2011-12-17 12:23:35,2011-12-17 12:30:52,1,1.7,-73.979798,40.72693,1.0,N,-73.974678,40.746773,CRD,6.5,0.0,0.5,1.0,0.0,8.0
CMT,2012-02-17 00:22:21,2012-02-17 00:51:21,1,8.5,-74.004267,40.72469,1.0,N,-73.945843,40.829472,CRD,22.5,0.5,0.5,2.5,0.0,26.0
VTS,2011-01-26 08:47:00,2011-01-26 09:00:00,1,1.45,-73.965517,40.75795,1.0,,-73.989783,40.741778,CSH,7.7,0.0,0.5,0.0,0.0,8.2
CMT,2011-05-10 01:29:39,2011-05-10 01:34:13,1,1.1,-73.992631,40.728439,1.0,N,-74.000243,40.719904,CSH,4.9,0.5,0.5,0.0,0.0,5.9
CMT,2014-04-23 12:32:32,2014-04-23 12:38:05,1,0.4,-73.994512,40.74595,1.0,N,-73.989516,40.744387,CSH,5.0,0.0,0.5,0.0,0.0,5.5
VTS,2013-02-06 18:04:00,2013-02-06 18:12:00,5,1.2,-73.976238,40.756352,1.0,,-73.963355,40.757165,CRD,7.0,1.0,0.5,1.6,0.0,10.1
CMT,2009-03-15 21:27:43,2009-03-15 21:34:49,1,1.5,-73.978502,40.741007,,0,-74.000847,40.747319,Cash,7.0,0.0,,0.0,0.0,7.0
VTS,2009-09-19 16:18:00,2009-09-19 16:27:00,1,1.36,-73.977132,40.726327,,,-73.996565,40.727062,CASH,6.5,0.0,,0.0,0.0,6.5
VTS,2013-04-15 11:48:00,2013-04-15 12:10:00,1,6.77,-73.989847,40.700747,1.0,,-73.986055,40.7575,CRD,24.0,0.0,0.5,4.8,0.0,29.3
1,2015-11-12 08:09:50,2015-11-12 08:14:26,1,0.9,-73.99050903320312,40.73489761352539,1.0,N,-73.99710845947266,40.725154876708984,2,5.5,0.0,0.5,0.0,0.0,0.3
CMT,2011-08-16 21:55:54,2011-08-16 21:59:41,1,1.2,-73.980957,40.752742,1.0,N,-73.985172,40.739072,CSH,4.9,0.5,0.5,0.0,0.0,5.9
CMT,2012-11-05 00:18:57,2012-11-05 00:50:15,2,8.9,-73.987329,40.732954,1.0,N,-73.966156,40.804676,CSH,30.5,0.5,0.5,0.0,0.0,31.5
CMT,2010-05-20 11:20:10,2010-05-20 11:21:31,1,0.3,-73.996594,40.742778,1.0,0,-73.999527,40.738906,Cas,2.9,0.0,0.5,0.0,0.0,3.4
1,2015-12-19 12:36:53,2015-12-19 12:43:23,1,0.8,-73.98258209228516,40.76778793334961,1.0,N,-73.98512268066406,40.75932312011719,2,6.0,0.0,0.5,0.0,0.0,0.3
VTS,2014-03-27 21:55:00,2014-03-27 22:05:00,1,4.33,-73.782323,40.64465,1.0,,-73.768195,40.668727,CRD,14.0,0.5,0.5,0.0,0.0,15.0
VTS,2009-05-04 10:52:00,2009-05-04 10:59:00,1,1.03,-73.977947,40.745815,,,-73.968723,40.758508,Credit,5.7,0.0,,2.0,0.0,7.7
VTS,2013-08-17 13:05:00,2013-08-17 13:16:00,6,2.36,-73.980593,40.779872,1.0,,-73.947722,40.77503,CSH,10.0,0.0,0.5,0.0,0.0,10.5
CMT,2009-01-23 10:13:34,2009-01-23 10:37:12,1,2.4,-73.980167,40.730373,,,-74.007522,40.712631,Cash,13.3,0.0,,0.0,0.0,13.3
2,2015-09-14 13:18:04,2015-09-14 13:28:20,5,0.76,-74.00283813476562,40.730918884277344,1.0,N,-73.99434661865234,40.724491119384766,1,7.5,0.0,0.5,0.83,0.0,0.3
CMT,2012-10-27 04:10:22,2012-10-27 04:23:46,2,3.4,-73.988602,40.722709,1.0,N,-73.991963,40.758982,CRD,13.0,0.5,0.5,2.8,0.0,16.8
CMT,2011-05-12 13:03:23,2011-05-12 13:07:12,1,0.3,-73.962125,40.764628,1.0,N,-73.966676,40.764297,CSH,4.1,0.0,0.5,0.0,0.0,4.6
1,2016-02-19 15:28:55,2016-02-19 15:41:11,1,2.4,-73.9911880493164,40.73268127441406,1.0,N,-73.98443603515625,40.71125030517578,1,10.5,0.0,0.5,1.0,0.0,0.3
CMT,2010-02-26 04:07:15,2010-02-26 05:01:47,1,8.9,-74.005608,40.726417,1.0,0,-73.890641,40.739097,CAS,25.7,0.5,0.5,0.0,0.0,26.7
2,2015-05-31 22:36:44,2015-05-31 23:15:32,1,12.33,-73.99246215820312,40.73041534423828,1.0,N,-73.91776275634766,40.62196350097656,2,39.0,0.5,0.5,0.0,0.0,0.3
VTS,2012-03-26 21:41:00,2012-03-26 21:44:00,1,1.39,-73.963677,40.765325,1.0,,-73.953128,40.780382,CRD,4.9,0.5,0.5,1.0,0.0,6.9
2,2016-03-13 22:01:14,2016-03-13 22:15:08,1,1.17,-73.99305725097656,40.7520637512207,1.0,N,-73.9769515991211,40.7528076171875,1,10.0,0.5,0.5,2.26,0.0,0.3
VTS,2012-07-22 10:44:00,2012-07-22 10:50:00,4,1.44,-73.982273,40.76929,1.0,,-74.00068,40.761975,CSH,6.1,0.0,0.5,0.0,0.0,6.6
CMT,2012-01-17 11:33:39,2012-01-17 11:45:18,1,0.4,-73.980664,40.767527,1.0,N,-73.974014,40.764556,CSH,6.9,0.0,0.5,0.0,0.0,7.4
VTS,2009-11-08 00:06:00,2009-11-08 00:20:00,2,2.98,-73.9751,40.75589,,,-74.003693,40.722592,Credit,10.1,0.5,0.5,1.4,0.0,12.5
CMT,2010-03-01 10:29:42,2010-03-01 10:36:52,1,0.9,-73.989956,40.75668,1.0,0,-73.998485,40.75067,Cas,5.7,0.0,0.5,0.0,0.0,6.2
CMT,2011-12-08 12:18:53,2011-12-08 12:42:13,1,4.1,-73.978059,40.737756,1.0,N,-73.98673,40.774919,CSH,14.9,0.0,0.5,0.0,0.0,15.4
CMT,2012-08-04 14:57:50,2012-08-04 15:05:46,1,2.4,-73.995104,40.718207,1.0,N,-74.014047,40.709751,CSH,8.1,0.0,0.5,0.0,0.0,8.6
2,2016-06-17 01:19:10,2016-06-17 01:25:17,1,1.46,-73.9908676147461,40.75551986694336,1.0,N,-73.9835433959961,40.7752799987793,1,6.5,0.5,0.5,1.0,0.0,0.3
VTS,2013-08-22 22:14:00,2013-08-22 22:16:00,1,0.48,-73.960382,40.7729,1.0,,-73.964805,40.769005,CSH,3.5,0.5,0.5,0.0,0.0,4.5
CMT,2014-01-02 01:02:44,2014-01-02 01:13:38,1,2.7,-74.004197,40.752022,1.0,N,-73.990572,40.724744,CRD,10.5,0.5,0.5,2.3,0.0,13.8
VTS,2011-07-30 18:17:00,2011-07-30 18:19:00,1,0.59,-73.958508,40.780932,1.0,,-73.951942,40.784237,CSH,3.7,0.0,0.5,0.0,0.0,4.2
VTS,2012-05-24 12:04:00,2012-05-24 12:08:00,2,0.89,-73.947312,40.783498,1.0,,-73.953863,40.77289,CSH,4.5,0.0,0.5,0.0,0.0,5.0
VTS,2014-06-07 10:35:00,2014-06-07 10:44:00,1,0.6,-73.996312,40.723645,1.0,,-73.99653,40.718817,CRD,7.0,0.0,0.5,1.4,0.0,8.9
VTS,2014-02-12 21:34:00,2014-02-12 21:40:00,5,1.13,-73.992805,40.72833,1.0,,-73.981517,40.73816,CRD,6.5,0.5,0.5,1.0,0.0,8.5
VTS,2012-07-31 22:04:00,2012-07-31 22:35:00,2,18.1,-73.790645,40.646382,2.0,,-73.98255,40.762912,CSH,45.0,0.0,0.5,0.0,4.8,50.3
CMT,2010-07-18 21:11:01,2010-07-18 21:23:16,2,0.8,-73.844752,40.740616,1.0,0,-73.844752,40.740616,Cas,7.3,0.5,0.5,0.0,0.0,8.3
2,2015-07-22 22:02:26,2015-07-22 22:08:36,2,1.33,-73.98690032958984,40.736549377441406,1.0,N,-73.99263763427734,40.7206916809082,1,6.5,0.5,0.5,1.56,0.0,0.3
VTS,2011-09-19 12:33:00,2011-09-19 12:57:00,1,4.72,-73.94588,40.824587,1.0,,-73.95416,40.778562,CRD,15.7,0.0,0.5,3.14,0.0,19.34
CMT,2012-10-14 19:36:45,2012-10-14 19:43:58,1,2.5,-74.00727,40.743178,1.0,N,-73.98372,40.773847,CSH,9.5,0.0,0.5,0.0,0.0,10.0
CMT,2012-10-26 07:02:12,2012-10-26 07:10:05,1,1.0,-73.990713,40.756176,1.0,N,-73.978912,40.764197,CSH,7.0,0.0,0.5,0.0,0.0,7.5
2,2015-11-05 22:13:57,2015-11-05 22:31:25,1,4.36,-73.9940414428711,40.751251220703125,1.0,N,-74.01512908935547,40.70960998535156,1,17.0,0.5,0.5,3.66,0.0,0.3
VTS,2009-12-18 14:18:00,2009-12-18 14:26:00,1,1.17,-73.976767,40.765923,,,-73.985755,40.778323,CASH,6.1,0.0,0.5,0.0,0.0,6.6
1,2015-03-26 00:25:57,2015-03-26 00:34:31,1,0.8,-73.99005889892578,40.72957992553711,1.0,N,-74.00418853759766,40.73318099975586,2,7.0,0.5,0.5,0.0,0.0,0.3
1,2015-04-13 21:22:14,2015-04-13 21:31:07,1,2.3,-73.96813201904297,40.755088806152344,1.0,N,-73.9949722290039,40.736690521240234,1,9.0,0.5,0.5,0.0,0.0,0.3
CMT,2013-07-06 15:45:24,2013-07-06 15:46:27,1,0.4,-73.957518,40.765811,1.0,N,-73.953534,40.771275,CRD,3.5,0.0,0.5,0.0,0.0,4.0
1,2015-07-08 18:35:46,2015-07-08 18:48:32,1,3.7,-73.96355438232422,40.77449035644531,1.0,N,-74.00275421142578,40.76064682006836,2,13.5,1.0,0.5,0.0,0.0,0.3
CMT,2011-02-19 11:25:51,2011-02-19 11:29:44,0,1.2,-73.955725,40.779332,1.0,N,-73.95657,40.7669,CRD,4.9,0.0,0.5,1.1,0.0,6.5
CMT,2011-01-03 16:54:53,2011-01-03 16:57:05,1,0.4,-73.947058,40.776018,1.0,N,-73.955293,40.779393,CSH,3.7,1.0,0.5,0.0,0.0,5.2
VTS,2009-09-26 08:41:00,2009-09-26 09:01:00,1,9.14,-73.97033,40.796612,,,-73.870898,40.774147,Credit,22.5,0.0,,4.5,5.5,32.5
2,2016-04-24 11:09:37,2016-04-24 11:19:30,1,3.19,-73.97125244140625,40.750972747802734,1.0,N,-73.98541259765625,40.723411560058594,1,12.0,0.0,0.5,2.56,0.0,0.3
VTS,2014-02-27 08:39:00,2014-02-27 08:55:00,6,1.65,-73.954805,40.785932,1.0,,-73.968607,40.765762,CRD,11.0,0.0,0.5,2.75,0.0,14.25
VTS,2012-07-05 10:13:00,2012-07-05 10:25:00,1,2.62,-73.992242,40.746947,1.0,,-73.967737,40.772697,CSH,8.9,0.0,0.5,0.0,0.0,9.4
CMT,2009-03-11 00:00:48,2009-03-11 00:05:47,1,1.7,-73.97562,40.761201,,0,-73.997974,40.754109,Cash,6.6,0.0,,0.0,0.0,6.6
CMT,2012-08-19 02:54:31,2012-08-19 02:58:43,1,0.9,-74.006693,40.743638,1.0,N,-73.996036,40.750099,CRD,4.9,0.5,0.5,1.0,0.0,6.9
VTS,2013-12-06 19:08:00,2013-12-06 19:37:00,3,3.21,-73.984855,40.760415,1.0,,-73.989055,40.731572,CRD,19.5,1.0,0.5,4.1,0.0,25.1
1,2015-08-23 05:33:42,2015-08-23 05:35:59,1,0.8,-73.99259185791016,40.763404846191406,1.0,N,-73.99703979492188,40.75627517700195,2,4.5,0.5,0.5,0.0,0.0,0.3
VTS,2013-02-26 19:38:00,2013-02-26 19:42:00,1,0.94,-73.97886,40.784972,1.0,,-73.969627,40.79551,CSH,5.5,1.0,0.5,0.0,0.0,7.0
VTS,2010-04-08 04:56:00,2010-04-08 05:11:00,1,5.33,-73.997,40.724967,1.0,,-73.973263,40.789863,CAS,14.1,0.5,0.5,0.0,0.0,15.1
VTS,2013-11-02 19:59:00,2013-11-02 20:24:00,6,2.76,-73.981683,40.763687,1.0,,-74.00043,40.729932,CSH,16.5,0.0,0.5,0.0,0.0,17.0
CMT,2009-08-11 18:02:20,2009-08-11 18:10:58,1,2.1,-73.985444,40.768172,,0,-74.004286,40.748487,Credit,7.7,0.0,,1.3,0.0,9.0
VTS,2009-08-11 09:48:00,2009-08-11 09:55:00,2,1.0,-73.98158,40.749482,,,-73.984988,40.757733,Credit,5.7,0.0,,2.0,0.0,7.7
1,2015-02-06 22:46:22,2015-02-06 22:59:11,2,2.7,-73.97966766357422,40.78658676147461,1.0,N,-73.96000671386719,40.782005310058594,2,12.0,0.5,0.5,0.0,0.0,0.3
VTS,2011-07-26 21:16:00,2011-07-26 21:21:00,2,1.56,-73.972162,40.791707,1.0,,-73.959425,40.811235,CSH,5.7,0.5,0.5,0.0,0.0,6.7
CMT,2013-02-23 21:21:36,2013-02-23 21:28:14,1,0.8,-73.977015,40.758569,1.0,N,-73.988098,40.756337,CSH,6.0,0.5,0.5,0.0,0.0,7.0
VTS,2013-10-31 14:10:00,2013-10-31 14:22:00,1,2.02,-73.953602,40.78706,1.0,,-73.979212,40.785165,CRD,10.5,0.0,0.5,3.15,0.0,14.15
2,2015-07-15 08:28:03,2015-07-15 08:36:01,1,1.0,-73.99483489990234,40.72564697265625,1.0,N,-73.98673248291016,40.73674011230469,1,7.0,0.0,0.5,1.56,0.0,0.3
VTS,2012-09-24 13:37:00,2012-09-24 13:46:00,2,1.76,-73.95838,40.781597,1.0,,-73.978235,40.788427,CRD,8.5,0.0,0.5,1.7,0.0,10.7
CMT,2009-01-30 22:53:18,2009-01-30 22:54:41,1,0.5,-73.959253,40.775037,,,-73.959253,40.775037,Cash,3.8,0.0,,0.0,0.0,3.8
VTS,2014-03-20 18:24:00,2014-03-20 18:27:00,1,0.95,-73.95378,40.78518,1.0,,-73.96186,40.7737,CRD,5.5,1.0,0.5,1.3,0.0,8.3
2,2015-12-18 11:01:50,2015-12-18 11:30:19,1,2.53,-73.96318817138672,40.77490234375,1.0,N,-73.96318817138672,40.77490234375,1,17.5,0.0,0.5,4.58,0.0,0.3
2,2015-11-01 00:51:45,2015-11-01 00:59:37,3,0.91,-73.99552154541016,40.76784896850586,1.0,N,-73.9834213256836,40.76034164428711,1,7.0,0.5,0.5,1.66,0.0,0.3
VTS,2010-03-11 10:43:00,2010-03-11 10:48:00,3,0.72,-73.991512,40.750053,1.0,,-73.991342,40.742115,CSH,4.9,0.0,0.5,0.0,0.0,5.4
CMT,2014-02-01 19:22:44,2014-02-01 19:26:56,1,1.6,-73.965959,40.762943,1.0,N,-73.954181,40.778914,CRD,6.5,0.0,0.5,1.0,0.0,8.0
VTS,2013-08-25 16:06:00,2013-08-25 16:14:00,1,1.99,-73.994892,40.740165,1.0,,-73.980825,40.764212,CSH,8.5,0.0,0.5,0.0,0.0,9.0
VTS,2010-05-07 19:02:00,2010-05-07 19:09:00,5,0.98,-73.994297,40.735137,1.0,,-73.994173,40.724775,Cre,5.7,1.0,0.5,1.0,0.0,8.2
CMT,2013-12-20 07:46:27,2013-12-20 07:53:24,1,0.9,-74.007445,40.711615,1.0,N,-74.000715,40.720924,CSH,6.5,0.0,0.5,0.0,0.0,7.0
VTS,2012-06-26 15:22:00,2012-06-26 15:36:00,1,3.68,-73.952362,40.76881,1.0,,-73.987088,40.734148,CRD,11.7,0.0,0.5,1.0,0.0,13.2
VTS,2011-04-29 20:19:00,2011-04-29 20:27:00,5,1.51,-73.984997,40.747167,1.0,,-73.986108,40.73068,CSH,6.5,0.5,0.5,0.0,0.0,7.5
CMT,2009-02-23 20:08:09,2009-02-23 20:16:43,2,1.5,-73.976765,40.765931,,0,-73.97454,40.750949,Cash,7.4,0.0,,0.0,0.0,7.4
VTS,2009-07-31 00:24:00,2009-07-31 00:40:00,1,4.83,-73.989075,40.757125,,,-73.936628,40.79562,CASH,13.7,0.5,,0.0,0.0,14.2
2,2015-10-24 09:34:34,2015-10-24 09:39:25,1,0.85,-73.96595001220703,40.75394058227539,1.0,N,-73.95848083496094,40.76443862915039,1,5.5,0.0,0.5,1.26,0.0,0.3
VTS,2011-07-08 11:20:00,2011-07-08 11:32:00,1,1.9,-73.970868,40.788393,1.0,,-73.98283,40.763373,CSH,8.1,0.0,0.5,0.0,0.0,8.6
CMT,2014-08-20 02:13:31,2014-08-20 02:23:42,1,2.9,-73.982082,40.778175,1.0,N,-73.94437,40.787892,CSH,11.0,0.5,0.5,0.0,0.0,12.0
2,2015-07-26 19:22:54,2015-07-26 19:28:23,2,1.13,-73.98160552978516,40.767391204833984,1.0,N,-73.98668670654297,40.7530403137207,2,6.0,0.0,0.5,0.0,0.0,0.3
2,2015-10-10 01:10:59,2015-10-10 01:50:02,1,21.84,-73.77670288085938,40.64543533325195,2.0,N,-73.9822769165039,40.77688217163086,1,52.0,0.0,0.5,11.67,5.54,0.3
1,2015-08-12 12:10:03,2015-08-12 12:15:02,1,0.8,-73.98229217529297,40.73125076293945,1.0,N,-73.97638702392578,40.72465515136719,1,5.5,0.0,0.5,1.55,0.0,0.3
1,2015-06-27 20:52:07,2015-06-27 20:55:13,1,0.4,-73.97908020019531,40.73624038696289,1.0,N,-73.98178100585938,40.74071502685547,1,4.0,0.5,0.5,1.05,0.0,0.3
CMT,2011-01-28 19:41:25,2011-01-28 19:47:39,1,0.9,-73.953893,40.77497,1.0,N,-73.956055,40.78185,CSH,5.3,1.0,0.5,0.0,0.0,6.8
VTS,2014-10-03 06:41:00,2014-10-03 06:50:00,4,1.34,-73.98729,40.762767,1.0,,-73.994325,40.750157,CRD,7.5,0.0,0.5,1.0,0.0,9.0
CMT,2014-09-15 10:20:11,2014-09-15 10:49:12,1,3.4,-73.996087,40.725137,1.0,N,-74.001245,40.75637,CSH,20.0,0.0,0.5,0.0,0.0,20.5
CMT,2012-01-27 18:52:49,2012-01-27 18:58:06,1,1.2,-73.988778,40.74523,1.0,N,-74.001624,40.737437,CRD,5.3,1.0,0.5,1.36,0.0,8.16
VTS,2011-08-09 10:23:00,2011-08-09 10:36:00,1,1.48,-73.991872,40.747978,1.0,,-73.975515,40.754318,CSH,8.5,0.0,0.5,0.0,0.0,9.0
CMT,2011-10-11 18:47:19,2011-10-11 19:06:05,1,2.5,-73.987335,40.770281,1.0,N,-73.968181,40.801363,CSH,11.3,1.0,0.5,0.0,0.0,12.8
CMT,2010-07-02 08:38:18,2010-07-02 08:43:05,1,0.9,-73.975316,40.780234,1.0,0,-73.982265,40.769716,Cas,4.9,0.0,0.5,0.0,0.0,5.4
CMT,2013-07-19 16:40:05,2013-07-19 16:51:25,1,1.6,-73.982695,40.779037,1.0,N,-73.965528,40.768498,CRD,10.0,1.0,0.5,2.3,0.0,13.8
CMT,2013-10-06 12:45:46,2013-10-06 12:55:20,1,4.0,-74.015793,40.70756,1.0,N,-73.986552,40.719356,CRD,13.5,0.0,0.5,2.8,0.0,16.8
VTS,2009-08-11 10:37:00,2009-08-11 10:45:00,5,2.04,-74.004132,40.72558,,,-73.986285,40.751767,Credit,6.9,0.0,,0.8,0.0,7.7
CMT,2010-02-18 06:19:55,2010-02-18 06:41:14,1,10.8,-73.97187,40.759921,1.0,0,-73.86504,40.770511,CRE,25.3,0.0,0.5,6.07,4.57,36.44
1,2015-10-27 16:45:42,2015-10-27 17:08:14,1,2.3,-73.95369720458984,40.78195571899414,1.0,N,-73.97571563720703,40.75178146362305,2,14.5,1.0,0.5,0.0,0.0,0.3
VTS,2012-02-22 14:22:00,2012-02-22 14:48:00,5,11.03,-74.00235,40.73989,1.0,,-73.861217,40.767902,CRD,26.9,0.0,0.5,5.8,4.8,38.0
2,2015-03-01 18:10:59,2015-03-01 18:28:33,6,2.76,-73.9843521118164,40.76485824584961,1.0,N,-73.96514892578125,40.8012809753418,2,12.5,0.0,0.5,0.0,0.0,0.3
2,2015-04-27 09:05:47,2015-04-27 09:23:26,3,2.43,-73.95142364501953,40.77005386352539,1.0,N,-73.9757308959961,40.757110595703125,1,13.5,0.0,0.5,2.86,0.0,0.3
VTS,2012-11-27 22:12:00,2012-11-27 22:19:00,6,1.41,-73.994017,40.75151,1.0,,-74.005272,40.736582,CRD,7.5,0.5,0.5,1.6,0.0,10.1
VTS,2013-03-30 16:20:00,2013-03-30 16:37:00,5,4.71,-73.982268,40.714697,1.0,,-73.964307,40.764627,CRD,17.0,0.0,0.5,3.4,0.0,20.9
1,2016-06-16 14:34:22,2016-06-16 14:45:29,1,1.8,-73.95601654052734,40.78483581542969,1.0,N,-73.95466613769531,40.80507278442383,1,9.0,0.0,0.5,2.45,0.0,0.3
CMT,2009-05-01 13:53:19,2009-05-01 13:58:24,1,0.8,-73.981638,40.7738,,0,-73.98848,40.768273,Cash,4.9,0.0,,0.0,0.0,4.9
CMT,2012-05-13 03:25:55,2012-05-13 03:43:26,1,3.9,-73.997375,40.721593,1.0,N,-73.988493,40.7658,CRD,13.3,0.5,0.5,2.86,0.0,17.16
VTS,2013-07-07 05:28:00,2013-07-07 05:36:00,5,2.26,-73.98943,40.737637,1.0,,-73.977065,40.72252,CSH,9.0,0.5,0.5,0.0,0.0,10.0
VTS,2014-01-03 16:37:00,2014-01-03 16:55:00,1,10.77,-73.783702,40.648657,1.0,,-73.871707,40.72906,CRD,30.0,1.0,0.5,2.0,0.0,33.5
2,2015-08-29 13:23:39,2015-08-29 13:32:47,1,1.19,-73.98451232910156,40.76557922363281,1.0,N,-73.96935272216797,40.75688171386719,1,7.5,0.0,0.5,1.66,0.0,0.3
VTS,2013-05-10 22:02:00,2013-05-10 22:10:00,1,1.95,-73.990125,40.729067,1.0,,-74.010102,40.711505,CSH,8.5,0.5,0.5,0.0,0.0,9.5
VTS,2010-07-17 10:44:00,2010-07-17 10:48:00,1,0.51,-73.984003,40.759355,1.0,,-73.97627,40.757033,CAS,3.7,0.0,0.5,0.0,0.0,4.2
CMT,2014-03-09 21:02:56,2014-03-09 21:08:17,2,1.0,-73.991584,40.746203,1.0,N,-73.99078,40.734511,CRD,6.0,0.5,0.5,1.0,0.0,8.0
VTS,2013-11-16 19:28:00,2013-11-16 19:42:00,1,3.57,-73.985382,40.738232,1.0,,-73.951682,40.773622,CRD,13.5,0.0,0.5,2.7,0.0,16.7
CMT,2009-04-23 20:25:19,2009-04-23 20:44:29,1,8.3,-73.78955,40.647024,,0,-73.78646,40.723615,Cash,20.9,0.0,,0.0,0.0,20.9
CMT,2012-07-22 03:16:44,2012-07-22 03:20:46,1,1.4,-74.006302,40.741362,1.0,N,-73.99376,40.752237,CRD,5.3,0.5,0.5,1.25,0.0,7.55
VTS,2009-06-01 11:37:00,2009-06-01 11:47:00,5,1.63,-73.981748,40.774013,,,-73.976537,40.758722,CASH,7.7,0.0,,0.0,0.0,7.7
VTS,2014-11-20 15:31:00,2014-11-20 15:40:00,1,0.94,-73.977722,40.751862,1.0,,-73.993522,40.758687,CSH,7.5,0.0,0.5,0.0,0.0,8.0
VTS,2011-09-28 12:46:00,2011-09-28 12:48:00,1,0.61,-73.992185,40.70985,1.0,,-74.002328,40.706687,CSH,3.7,0.0,0.5,0.0,0.0,4.2
1,2015-09-22 08:21:45,2015-09-22 08:41:32,1,2.0,-73.96577453613281,40.79018020629883,1.0,N,-73.96367645263672,40.771305084228516,1,13.0,0.0,0.5,3.45,0.0,0.3
VTS,2014-01-06 15:59:00,2014-01-06 16:09:00,2,1.52,-73.951073,40.786047,1.0,,-73.973857,40.796805,CRD,9.0,0.0,0.5,1.8,0.0,11.3
CMT,2011-02-14 05:01:18,2011-02-14 05:06:18,4,1.7,-73.956711,40.768097,1.0,N,-73.974632,40.752874,CSH,6.1,0.5,0.5,0.0,0.0,7.1
VTS,2012-06-12 19:13:00,2012-06-12 19:24:00,1,2.22,-73.99622,40.753418,1.0,,-73.991845,40.729963,CSH,8.1,1.0,0.5,0.0,0.0,9.6
VTS,2011-01-13 21:26:00,2011-01-13 21:39:00,2,4.46,-73.997343,40.72165,1.0,,-73.96015,40.769553,CSH,12.1,0.5,0.5,0.0,0.0,13.1
VTS,2014-02-11 14:43:00,2014-02-11 14:47:00,1,0.8,-73.96789,40.79233,1.0,,-73.97548,40.7821,CRD,5.0,0.0,0.5,1.0,0.0,6.5
VTS,2010-11-06 11:26:00,2010-11-06 11:37:00,5,2.06,-73.984943,40.761057,1.0,,-74.004568,40.741528,CSH,8.1,0.0,0.5,0.0,0.0,8.6
2,2015-04-11 15:43:58,2015-04-11 15:55:58,1,1.28,-73.96954345703125,40.75703811645508,1.0,N,-73.98097229003906,40.76778030395508,1,9.0,0.0,0.5,1.96,0.0,0.3
CMT,2011-05-02 13:38:42,2011-05-02 13:51:19,1,2.7,-73.98784,40.770033,1.0,N,-73.955064,40.787545,CSH,9.7,0.0,0.5,0.0,0.0,10.2
VTS,2013-01-29 01:06:00,2013-01-29 01:15:00,1,5.36,-73.873035,40.774035,1.0,,-73.925563,40.737527,CRD,16.0,0.5,0.5,3.3,0.0,20.3
VTS,2013-10-27 13:50:00,2013-10-27 13:56:00,1,0.9,-73.959945,40.770797,1.0,,-73.96165,40.779387,CRD,6.0,0.0,0.5,1.2,0.0,7.7
VTS,2013-03-06 22:21:00,2013-03-06 22:30:00,1,1.0,-73.983077,40.759013,1.0,,-73.970392,40.750985,CSH,7.5,0.5,0.5,0.0,0.0,8.5
CMT,2013-12-09 22:55:45,2013-12-09 23:04:58,1,2.0,-73.987103,40.745207,1.0,N,-73.995232,40.720793,CSH,9.0,0.5,0.5,0.0,0.0,10.0
VTS,2013-02-04 04:31:00,2013-02-04 04:36:00,3,1.59,-73.977147,40.787882,1.0,,-73.951937,40.786372,CRD,7.0,0.5,0.5,2.0,0.0,10.0
VTS,2011-01-10 22:14:00,2011-01-10 22:25:00,3,2.79,-73.98057,40.76422,1.0,,-73.98057,40.76422,CRD,8.9,0.5,0.5,2.0,0.0,11.9
VTS,2013-11-19 10:42:00,2013-11-19 10:55:00,1,1.27,-73.956277,40.778532,1.0,,-73.96784,40.762695,CSH,9.5,0.0,0.5,0.0,0.0,10.0
VTS,2013-01-15 15:05:00,2013-01-15 15:15:00,1,1.6,-73.961342,40.76417,1.0,,-73.981018,40.77349,CRD,8.5,0.0,0.5,1.7,0.0,10.7
VTS,2014-05-23 20:38:00,2014-05-23 20:47:00,2,2.01,-73.969907,40.763265,1.0,,-73.951487,40.785902,CRD,9.0,0.5,0.5,1.5,0.0,11.5
DDS,2009-06-29 19:10:43,2009-06-29 19:21:31,2,1.5,-73.97801,40.745607,,,-73.996179,40.738827,CASH,7.7,1.0,,0.0,0.0,8.7
VTS,2010-08-08 18:24:00,2010-08-08 18:28:00,1,0.84,-73.982482,40.774153,1.0,,-73.988672,40.763748,CSH,4.9,0.0,0.5,0.0,0.0,5.4
CMT,2014-02-24 13:19:53,2014-02-24 13:31:50,2,2.8,-73.980505,40.765217,1.0,N,-74.006697,40.730222,CSH,11.0,0.0,0.5,0.0,0.0,11.5
CMT,2011-04-12 09:15:02,2011-04-12 09:26:13,1,1.7,-73.992132,40.749817,1.0,N,-73.971131,40.760846,CSH,8.1,0.0,0.5,0.0,0.0,8.6
1,2015-09-18 19:49:15,2015-09-18 19:58:43,1,1.7,-73.97509002685547,40.75196075439453,1.0,N,-73.95968627929688,40.767662048339844,1,8.5,0.5,0.5,1.95,0.0,0.3
2,2016-05-20 08:25:06,2016-05-20 08:36:31,1,1.43,-73.98445892333984,40.74602127075195,1.0,N,-73.9688491821289,40.75905990600586,1,9.0,0.0,0.5,1.96,0.0,0.3
1,2015-09-04 12:41:53,2015-09-04 12:59:05,2,3.4,-73.95792388916016,40.77648162841797,1.0,N,-73.99657440185547,40.75599670410156,2,14.0,0.0,0.5,0.0,0.0,0.3
CMT,2012-10-25 22:47:16,2012-10-25 22:57:28,1,2.4,-73.965224,40.71421,1.0,N,-73.965138,40.684753,CRD,10.0,0.5,0.5,2.2,0.0,13.2
VTS,2014-06-02 09:44:00,2014-06-02 10:08:00,5,6.23,-74.017412,40.7077,1.0,,-73.980848,40.752927,CRD,23.0,0.0,0.5,4.6,0.0,28.1
CMT,2011-12-09 03:08:11,2011-12-09 03:15:16,1,1.3,-74.006983,40.725785,1.0,N,-73.988691,40.727358,CRD,6.5,0.5,0.5,2.25,0.0,9.75
CMT,2013-10-19 07:58:29,2013-10-19 08:11:39,1,3.7,-73.949443,40.781411,1.0,N,-73.987355,40.749375,CRD,13.5,0.0,0.5,2.8,0.0,16.8
CMT,2013-06-26 20:02:35,2013-06-26 20:10:50,1,1.7,-73.992944,40.742664,1.0,N,-73.982553,40.762715,CSH,8.0,0.5,0.5,0.0,0.0,9.0
CMT,2010-10-25 21:26:36,2010-10-25 21:36:30,1,3.0,-73.960358,40.766251,1.0,N,-73.955888,40.744838,CSH,9.3,0.5,0.5,0.0,0.0,10.3
2,2015-12-06 01:57:01,2015-12-06 02:05:16,2,1.03,-73.98091888427734,40.74176025390625,1.0,N,-73.989013671875,40.734928131103516,1,7.0,0.5,0.5,1.0,0.0,0.3
CMT,2011-02-20 14:35:36,2011-02-20 14:43:40,1,0.8,-73.981914,40.772937,1.0,N,-73.972573,40.780809,CSH,6.1,0.0,0.5,0.0,0.0,6.6
1,2016-04-19 08:31:27,2016-04-19 08:58:32,1,7.0,-73.94532012939453,40.778385162353516,1.0,N,-74.00501251220703,40.70673370361328,1,24.5,0.0,0.5,3.0,0.0,0.3
VTS,2011-07-30 04:11:00,2011-07-30 04:18:00,2,3.1,-73.973175,40.792867,1.0,,-73.998023,40.756677,CRD,9.3,0.5,0.5,0.7,0.0,11.0
VTS,2010-02-11 14:56:00,2010-02-11 15:15:00,2,2.17,-73.983563,40.734385,1.0,,-73.990648,40.755985,CSH,11.3,0.0,0.5,0.0,0.0,11.8
VTS,2010-05-12 18:36:00,2010-05-12 18:36:00,1,0.0,-73.957428,40.771152,2.0,,-73.957482,40.771132,Cre,45.0,0.0,0.5,9.0,4.57,59.07
VTS,2011-05-14 04:04:00,2011-05-14 04:27:00,5,3.27,-74.002133,40.734698,1.0,,-73.975547,40.733142,CRD,14.5,0.5,0.5,3.0,0.0,18.5
CMT,2014-05-05 08:28:27,2014-05-05 08:40:46,1,1.7,-73.979718,40.784774,1.0,N,-73.962579,40.769934,CSH,10.0,0.0,0.5,0.0,0.0,10.5
CMT,2012-10-06 19:07:46,2012-10-06 19:19:39,2,2.1,-73.986982,40.750218,1.0,N,-73.971386,40.763078,CSH,10.5,0.0,0.5,0.0,0.0,11.0
2,2015-09-17 18:34:05,2015-09-17 18:37:31,1,0.33,-73.98076629638672,40.7797966003418,1.0,N,-73.97787475585938,40.78376770019531,1,4.0,1.0,0.5,1.16,0.0,0.3
CMT,2010-09-15 10:26:38,2010-09-15 10:42:51,1,5.3,-73.968517,40.791698,1.0,N,-73.975458,40.760068,CRD,15.3,0.0,0.5,3.95,0.0,19.75
VTS,2011-04-28 11:50:00,2011-04-28 11:59:00,5,2.05,-73.994655,40.744992,1.0,,-74.005225,40.718365,CRD,7.7,0.0,0.5,1.8,0.0,10.0
CMT,2009-06-14 03:38:02,2009-06-14 03:45:56,1,1.4,-74.006145,40.743755,,0,-73.995562,40.733231,Credit,6.9,0.0,,0.5,0.0,7.4
CMT,2009-02-25 20:32:47,2009-02-25 20:37:18,1,2.0,-73.997771,40.761706,,0,-73.982591,40.784917,Cash,7.0,0.0,,0.0,0.0,7.0
2,2015-04-05 18:03:08,2015-04-05 18:13:15,1,2.13,-73.9914321899414,40.73255920410156,1.0,N,-74.00450897216797,40.7069206237793,1,9.0,0.0,0.5,2.94,0.0,0.3
CMT,2012-02-04 03:56:16,2012-02-04 04:17:09,1,10.6,-73.998438,40.754563,1.0,N,-73.908418,40.864053,CSH,25.3,0.5,0.5,0.0,0.0,26.3
2,2016-06-04 22:18:27,2016-06-04 22:33:43,1,2.62,-74.00098419189453,40.7315673828125,1.0,N,-73.97374725341797,40.75557327270508,2,12.0,0.5,0.5,0.0,0.0,0.3
VTS,2010-02-19 14:02:00,2010-02-19 14:12:00,1,1.82,-73.982425,40.777287,1.0,,-73.961527,40.76502,CRD,7.7,0.0,0.5,1.8,0.0,10.0
CMT,2011-11-28 22:47:54,2011-11-28 23:03:58,2,4.2,-73.985782,40.741108,1.0,N,-73.973517,40.784685,CRD,12.9,0.5,0.5,2.78,0.0,16.68
VTS,2014-07-23 14:32:00,2014-07-23 14:45:00,1,2.01,-73.978217,40.763965,1.0,,-73.978775,40.7876,CSH,10.5,0.0,0.5,0.0,0.0,11.0
CMT,2010-03-24 08:36:34,2010-03-24 08:43:11,1,1.1,-73.982075,40.772503,1.0,0,-73.972021,40.763794,Cas,5.7,0.0,0.5,0.0,0.0,6.2
2,2015-12-18 22:43:40,2015-12-19 01:21:45,5,6.86,-74.01115417480469,40.71267318725586,1.0,N,-73.95748901367188,40.63077163696289,2,25.5,0.5,0.5,0.0,0.0,0.3
CMT,2014-03-25 14:36:31,2014-03-25 14:50:03,1,1.8,-73.983582,40.725897,1.0,N,-74.009817,40.726441,CRD,10.5,0.0,0.5,2.75,0.0,13.75
CMT,2012-07-13 04:08:22,2012-07-13 04:13:04,1,1.2,-73.981958,40.732045,1.0,N,-73.988457,40.722741,CSH,5.3,0.5,0.5,0.0,0.0,6.3
VTS,2012-09-13 15:33:00,2012-09-13 16:00:00,1,3.39,-73.96239,40.773312,1.0,,-73.997792,40.741235,CRD,19.0,0.0,0.5,3.8,0.0,23.3
CMT,2010-11-08 16:17:11,2010-11-08 16:24:32,1,1.2,-73.983226,40.752788,1.0,N,-73.991563,40.738384,CRD,6.1,1.0,0.5,1.1,0.0,8.7
VTS,2013-11-03 14:31:00,2013-11-03 14:44:00,5,3.22,-73.963825,40.765052,1.0,,-73.941647,40.804347,CRD,13.0,0.0,0.5,3.25,0.0,16.75
VTS,2010-07-13 16:42:00,2010-07-13 17:28:00,1,9.51,-73.992013,40.746402,1.0,,-73.872785,40.77429,Cre,27.7,1.0,0.5,5.74,4.57,39.51
CMT,2014-05-16 11:07:27,2014-05-16 11:36:40,1,16.0,-73.991448,40.731654,3.0,N,-74.177122,40.695068,CRD,62.0,0.0,0.0,7.0,9.0,78.0
VTS,2009-12-28 15:09:00,2009-12-28 15:36:00,5,2.79,-73.956855,40.772317,,,-73.987372,40.755398,CASH,14.1,0.0,0.5,0.0,0.0,14.6
2,2015-04-17 22:49:23,2015-04-17 22:58:14,1,1.53,-73.95584869384766,40.77960968017578,1.0,N,-73.95446014404297,40.76424026489258,1,8.0,0.5,0.5,1.86,0.0,0.3
CMT,2010-04-04 22:15:36,2010-04-04 22:25:52,1,2.3,-73.965737,40.80578,1.0,0,-73.982114,40.774416,Cas,8.9,0.5,0.5,0.0,0.0,9.9
CMT,2009-12-02 22:08:48,2009-12-02 22:12:37,1,0.9,-73.997235,40.736752,,0,-73.98557,40.738387,Cash,4.5,0.5,0.5,0.0,0.0,5.5
CMT,2011-04-16 00:13:16,2011-04-16 00:23:02,2,2.4,-73.982453,40.751507,1.0,N,-73.980789,40.72801,CSH,8.5,0.5,0.5,0.0,0.0,9.5
DDS,2009-11-24 19:20:52,2009-11-24 19:49:33,2,17.8,-73.785278,40.648473,,,-73.98225,40.753141,CASH,45.0,0.0,,0.0,4.57,50.07
1,2015-06-26 21:30:57,2015-06-26 21:47:25,1,1.9,-73.99069213867188,40.76423645019531,1.0,N,-74.0033187866211,40.74018478393555,1,12.0,0.5,0.5,3.95,0.0,0.3
CMT,2014-04-24 00:08:30,2014-04-24 00:14:09,1,1.9,-73.968462,40.754062,1.0,N,-73.950225,40.775511,CRD,7.5,0.5,0.5,2.0,0.0,10.5
1,2016-05-02 09:13:44,2016-05-02 09:26:39,1,1.7,-73.95736694335938,40.766056060791016,1.0,N,-73.98030090332031,40.77027130126953,1,10.0,0.0,0.5,3.2,0.0,0.3
CMT,2012-09-18 16:14:25,2012-09-18 16:19:15,1,0.7,-73.969251,40.790192,1.0,N,-73.974706,40.780163,CSH,5.5,1.0,0.5,0.0,0.0,7.0
CMT,2011-09-04 19:46:09,2011-09-04 19:58:30,1,1.9,-73.983835,40.743609,1.0,N,-73.984881,40.76403,CSH,8.5,0.0,0.5,0.0,0.0,9.0
CMT,2009-05-21 23:32:28,2009-05-21 23:38:50,1,1.4,-73.977065,40.789843,,0,-73.977462,40.776056,Cash,6.1,0.0,,0.0,0.0,6.1
VTS,2013-04-05 00:00:00,2013-04-05 00:08:00,1,1.22,-73.985467,40.731802,1.0,,-74.004555,40.740662,CSH,7.0,0.5,0.5,0.0,0.0,8.0
1,2016-06-23 09:56:15,2016-06-23 10:07:41,1,2.4,-74.00518035888672,40.719398498535156,1.0,N,-74.00743865966797,40.75151062011719,1,11.0,0.0,0.5,2.35,0.0,0.3
2,2015-04-21 05:43:23,2015-04-21 05:47:11,1,1.19,-73.99276733398438,40.74321365356445,1.0,N,-73.98189544677734,40.755531311035156,1,6.0,0.5,0.5,1.82,0.0,0.3
CMT,2011-09-27 18:38:13,2011-09-27 18:45:01,1,1.7,-74.0156,40.7096,1.0,N,-74.0063,40.7334,CRD,6.9,1.0,0.5,2.5,0.0,10.9
VTS,2010-02-15 11:15:00,2010-02-15 11:34:00,5,5.78,-73.978332,40.766423,1.0,,-74.016715,40.70472,CSH,16.1,0.0,0.5,0.0,0.0,16.6
1,2015-12-04 11:38:41,2015-12-04 12:01:11,1,1.3,-73.99102783203125,40.77023696899414,1.0,N,-73.97576141357422,40.760459899902344,1,14.0,0.0,0.5,2.95,0.0,0.3
VTS,2014-05-22 23:11:00,2014-05-22 23:18:00,1,2.82,-73.976242,40.748122,1.0,,-73.947408,40.776107,CRD,10.0,0.5,0.5,2.1,0.0,13.1
VTS,2013-07-29 10:24:00,2013-07-29 10:47:00,6,2.51,-74.007475,40.734285,1.0,,-74.013068,40.70237,CSH,16.5,0.0,0.5,0.0,0.0,17.0
CMT,2012-09-19 13:44:55,2012-09-19 13:57:17,2,1.3,-73.973858,40.751367,1.0,N,-73.962166,40.762777,CRD,8.0,0.0,0.5,2.12,0.0,10.62
CMT,2011-11-28 20:02:17,2011-11-28 20:09:46,1,2.1,-73.974883,40.759329,1.0,N,-73.971299,40.782441,CSH,7.3,1.0,0.5,0.0,0.0,8.8
VTS,2011-02-23 14:02:00,2011-02-23 14:15:00,1,1.69,-74.002013,40.729885,1.0,,-73.98434,40.743333,CRD,8.1,0.0,0.5,1.5,0.0,10.1
DDS,2009-08-17 13:11:33,2009-08-17 13:29:20,1,0.3,-73.979928,40.739275,,,-73.97474,40.750307,CASH,3.3,0.0,,0.0,0.0,3.3
VTS,2010-05-20 08:40:00,2010-05-20 09:19:00,2,28.79,-73.78804,40.641537,2.0,,-74.00517,40.707063,CAS,45.0,0.0,0.5,0.0,4.57,50.07
CMT,2010-11-05 20:21:46,2010-11-05 20:40:39,4,4.4,-73.980795,40.74211,1.0,N,-73.971047,40.789405,CRD,14.1,0.5,0.5,2.26,0.0,17.36
CMT,2010-12-24 15:49:40,2010-12-24 15:54:53,3,1.3,-73.981842,40.772652,1.0,N,-73.975145,40.790293,CSH,5.7,0.0,0.5,0.0,0.0,6.2
2,2015-07-18 11:52:32,2015-07-18 11:55:15,6,0.71,-73.98356628417969,40.74702453613281,1.0,N,-73.97696685791016,40.75607681274414,1,4.5,0.0,0.5,1.06,0.0,0.3
VTS,2009-03-22 13:57:00,2009-03-22 14:16:00,5,4.35,-73.993052,40.738415,,,-73.972585,40.79101,CASH,13.7,0.0,,0.0,0.0,13.7
2,2016-06-09 00:56:34,2016-06-09 01:17:01,1,4.62,-73.98384857177734,40.76030349731445,1.0,N,-73.91532897949219,40.75370788574219,2,18.0,0.5,0.5,0.0,0.0,0.3
VTS,2013-11-02 05:25:00,2013-11-02 05:31:00,1,2.17,-74.004657,40.73772,1.0,,-73.987487,40.760292,CSH,8.0,0.5,0.5,0.0,0.0,9.0
CMT,2013-09-26 06:38:25,2013-09-26 06:45:30,1,1.2,-73.988304,40.75592,1.0,N,-73.976096,40.76144,CSH,7.0,0.0,0.5,0.0,0.0,7.5
CMT,2012-06-08 15:45:34,2012-06-08 16:13:37,2,5.2,-73.963568,40.776952,1.0,N,-74.008205,40.738006,CRD,18.1,0.0,0.5,2.0,0.0,20.6
2,2015-01-23 17:00:36,2015-01-23 17:11:13,1,1.4,-73.98855590820312,40.74281311035156,1.0,N,-73.9937973022461,40.73452377319336,1,8.5,1.0,0.5,1.9,0.0,0.3
VTS,2014-05-01 22:10:00,2014-05-01 22:21:00,6,2.86,-73.980008,40.754417,1.0,,-73.94932,40.785337,CRD,11.0,0.5,0.5,2.88,0.0,14.88
CMT,2011-08-03 10:49:41,2011-08-03 11:25:30,4,17.1,-73.78991,40.646963,2.0,N,-73.994486,40.748187,CSH,45.0,0.0,0.5,0.0,4.8,50.3
CMT,2009-11-05 05:40:10,2009-11-05 05:47:49,1,1.2,-73.882309,40.755998,,0,-73.873878,40.742361,Cash,6.5,0.5,0.5,0.0,0.0,7.5
CMT,2012-12-13 12:36:46,2012-12-13 12:48:19,1,1.7,-73.983287,40.744465,1.0,Y,-73.992827,40.723801,CSH,9.5,0.0,0.5,0.0,0.0,10.0
1,2015-02-01 04:06:48,2015-02-01 04:11:32,1,1.3,-74.00672912597656,40.744136810302734,1.0,N,-73.9928207397461,40.75530242919922,1,6.0,0.5,0.5,0.0,0.0,0.3
CMT,2014-08-12 21:40:44,2014-08-12 21:52:39,1,3.4,-73.967327,40.762896,1.0,N,-73.960819,40.800988,CRD,12.5,0.5,0.5,1.5,0.0,15.0
VTS,2010-05-18 09:47:00,2010-05-18 10:03:00,1,2.29,-73.996178,40.738705,1.0,,-73.971523,40.757675,Cre,9.7,0.0,0.5,2.0,0.0,12.2
CMT,2010-12-16 12:12:54,2010-12-16 12:40:05,1,1.4,-73.990875,40.75123,1.0,N,-73.975215,40.755496,CRD,13.3,0.0,0.5,2.0,0.0,15.8
CMT,2012-11-06 11:30:48,2012-11-06 11:50:28,1,2.8,-73.99391,40.717982,1.0,N,-73.992139,40.749019,CRD,14.5,0.0,0.5,0.0,0.0,15.0
CMT,2013-11-12 15:02:30,2013-11-12 15:23:54,1,2.1,-73.979059,40.777614,1.0,N,-73.954658,40.770758,CRD,14.5,0.0,0.5,0.0,0.0,15.0
CMT,2010-11-25 22:13:30,2010-11-25 22:18:42,1,1.0,-73.952401,40.772266,1.0,N,-73.963016,40.762648,CRD,5.3,0.5,0.5,1.0,0.0,7.3
2,2016-06-09 22:12:34,2016-06-09 22:27:52,1,1.2,-73.97901153564453,40.740211486816406,1.0,N,-73.97228240966797,40.748741149902344,1,10.5,0.5,0.5,1.77,0.0,0.3
2,2015-02-20 20:52:05,2015-02-20 20:54:45,3,0.69,-73.97454071044922,40.74895095825195,1.0,N,-73.9822769165039,40.7429084777832,1,4.0,0.5,0.5,1.06,0.0,0.3
VTS,2012-03-07 00:56:00,2012-03-07 00:58:00,5,0.44,-73.992685,40.758443,1.0,,-73.997952,40.756575,CRD,3.3,0.5,0.5,0.76,0.0,5.06
CMT,2010-07-22 13:22:05,2010-07-22 13:45:20,1,3.3,-73.987765,40.753467,1.0,0,-73.953981,40.776243,Cas,13.7,0.0,0.5,0.0,0.0,14.2
1,2016-06-20 18:54:14,2016-06-20 19:08:45,1,1.3,-73.98125457763672,40.767887115478516,1.0,N,-73.99332427978516,40.754913330078125,1,10.5,1.0,0.5,1.0,0.0,0.3
2,2016-04-20 15:53:04,2016-04-20 16:00:45,1,1.0,-73.99935913085938,40.737571716308594,1.0,N,-74.00061798095703,40.74784851074219,1,7.0,1.0,0.5,1.0,0.0,0.3
1,2016-04-28 08:10:21,2016-04-28 08:31:32,1,3.2,-73.98137664794922,40.7813835144043,1.0,N,-73.95361328125,40.8203010559082,1,16.5,0.0,0.5,3.45,0.0,0.3
VTS,2010-10-23 03:43:00,2010-10-23 04:11:00,5,7.35,-73.995697,40.749807,1.0,,-73.957892,40.65835,CRD,20.5,0.5,0.5,5.25,0.0,26.75
VTS,2010-03-09 20:40:00,2010-03-09 20:58:00,1,6.33,-73.995258,40.688265,1.0,,-73.987408,40.741155,CRD,16.9,0.5,0.5,3.48,0.0,21.38
2,2016-02-21 14:28:36,2016-02-21 14:49:33,1,2.27,-73.99057006835938,40.73543167114258,1.0,N,-73.9759292602539,40.752559661865234,2,15.0,0.0,0.5,0.0,0.0,0.3
2,2015-08-18 21:19:20,2015-08-18 21:27:35,2,1.99,-73.99070739746094,40.71944808959961,1.0,N,-73.97903442382812,40.740596771240234,1,8.5,0.5,0.5,1.96,0.0,0.3
VTS,2012-05-17 18:52:00,2012-05-17 19:10:00,1,2.38,-73.983843,40.785513,1.0,,-73.985587,40.755008,CSH,10.9,1.0,0.5,0.0,0.0,12.4
CMT,2014-01-22 11:59:24,2014-01-22 12:06:14,1,0.7,-73.981401,40.75281,1.0,N,-73.970464,40.749084,CSH,6.0,0.0,0.5,0.0,0.0,6.5
CMT,2013-09-03 17:01:12,2013-09-03 17:07:28,1,1.5,-73.998048,40.726215,1.0,N,-73.99214,40.743907,CRD,7.0,1.0,0.5,1.0,0.0,9.5
2,2015-05-19 13:04:27,2015-05-19 13:17:41,1,2.1,-73.96747589111328,40.75852584838867,1.0,N,-73.98651885986328,40.73012161254883,2,10.5,0.0,0.5,0.0,0.0,0.3
VTS,2011-04-26 19:28:00,2011-04-26 19:49:00,1,3.87,-74.007177,40.741502,1.0,,-73.96344,40.757415,CSH,12.9,1.0,0.5,0.0,0.0,14.4
CMT,2012-07-07 19:05:18,2012-07-07 19:13:00,1,1.2,-74.010823,40.710913,1.0,N,-74.0011,40.725531,CRD,6.5,0.0,0.5,1.4,0.0,8.4
CMT,2012-09-24 22:55:39,2012-09-24 23:13:22,1,5.1,-73.985873,40.731132,1.0,N,-73.966534,40.789071,CSH,17.5,0.5,0.5,0.0,0.0,18.5
CMT,2011-10-02 04:48:08,2011-10-02 04:57:24,1,2.6,-73.971625,40.794527,1.0,N,-73.939764,40.80691,CSH,8.9,0.5,0.5,0.0,0.0,9.9
CMT,2009-08-28 22:42:51,2009-08-28 22:50:49,2,1.8,-73.987248,40.761192,,0,-73.980289,40.782291,Cash,6.9,0.0,,0.0,0.0,6.9
VTS,2010-05-15 06:36:00,2010-05-15 06:46:00,3,2.99,-73.981903,40.768847,1.0,,-73.963785,40.807827,CAS,9.7,0.0,0.5,0.0,0.0,10.2
VTS,2014-08-18 11:25:00,2014-08-18 12:18:00,1,6.23,-73.9562,40.76362,1.0,,-73.95798,40.76492,CRD,35.5,0.0,0.5,7.1,0.0,43.1
VTS,2013-11-27 18:06:00,2013-11-27 18:12:00,1,1.13,-73.95026,40.771557,1.0,,-73.958747,40.781002,CSH,6.0,1.0,0.5,0.0,0.0,7.5
VTS,2009-06-21 21:06:00,2009-06-21 21:11:00,5,0.97,-73.98829,40.7278,,,-73.977525,40.725842,CASH,5.3,0.5,,0.0,0.0,5.8
1,2015-10-24 23:47:51,2015-10-25 00:08:20,1,3.2,-73.9811019897461,40.75937271118164,1.0,N,-73.98626708984375,40.72808837890625,1,15.5,0.5,0.5,2.0,0.0,0.3
VTS,2010-05-15 02:06:00,2010-05-15 02:07:00,1,0.14,-74.006393,40.720408,1.0,,-74.00419,40.719848,CAS,2.5,0.5,0.5,0.0,0.0,3.5
CMT,2013-06-05 10:35:01,2013-06-05 10:45:37,1,0.8,-73.988495,40.746169,1.0,N,-73.986006,40.754862,CSH,7.5,0.0,0.5,0.0,0.0,8.0
CMT,2012-07-14 13:53:32,2012-07-14 13:58:26,1,1.2,-73.968924,40.790835,1.0,N,-73.981817,40.779625,CSH,5.3,0.0,0.5,0.0,0.0,5.8
1,2015-08-26 18:42:17,2015-08-26 18:50:59,1,1.1,-73.99382019042969,40.751853942871094,1.0,N,-73.97825622558594,40.75162124633789,1,7.5,1.0,0.5,1.85,0.0,0.3
CMT,2009-10-22 18:04:07,2009-10-22 18:25:28,1,3.5,-73.989874,40.734695,,0,-73.981924,40.772649,Cash,13.3,1.0,0.0,0.0,0.0,14.3
2,2015-01-20 09:40:41,2015-01-20 10:53:55,1,17.97,-73.7947998046875,40.6447868347168,2.0,N,-73.98491668701172,40.768409729003906,1,52.0,0.0,0.5,14.53,5.33,0.3
VTS,2013-12-30 12:01:00,2013-12-30 12:07:00,1,1.07,-73.978992,40.777287,1.0,,-73.973637,40.789408,CSH,6.0,0.0,0.5,0.0,0.0,6.5
VTS,2013-11-10 12:17:00,2013-11-10 12:29:00,1,2.02,-73.977597,40.751777,1.0,,-73.996942,40.734652,CRD,10.0,0.0,0.5,2.0,0.0,12.5
VTS,2011-11-15 11:19:00,2011-11-15 11:36:00,1,2.94,-73.977123,40.759678,1.0,,-73.99836,40.723767,CRD,10.5,0.0,0.5,2.0,0.0,13.0
CMT,2012-02-11 11:15:00,2012-02-11 11:26:15,1,6.3,-73.9921,40.764143,1.0,N,-73.945937,40.838507,CSH,15.7,0.0,0.5,0.0,0.0,16.2
VTS,2009-03-08 23:09:00,2009-03-08 23:14:00,1,1.63,-73.989518,40.772877,,,-73.97507,40.792695,CASH,6.5,0.5,,0.0,0.0,7.0
CMT,2014-09-27 21:11:53,2014-09-27 21:14:41,4,0.7,-73.959219,40.777662,1.0,N,-73.965647,40.768854,CSH,4.5,0.5,0.5,0.0,0.0,5.5
VTS,2009-11-27 03:46:00,2009-11-27 03:53:00,2,1.7,-73.939777,40.798088,,,-73.955493,40.779837,CASH,6.5,0.5,0.5,0.0,0.0,7.5
CMT,2011-02-06 08:25:10,2011-02-06 08:27:08,1,0.6,-73.974147,40.794071,1.0,N,-73.974,40.787303,CSH,3.7,0.0,0.5,0.0,0.0,4.2
VTS,2011-01-26 20:21:00,2011-01-26 20:25:00,1,0.54,-73.965813,40.790672,1.0,,-73.971843,40.786795,CRD,4.1,0.5,0.5,3.0,0.0,8.1
CMT,2009-08-27 12:45:43,2009-08-27 12:52:36,1,1.2,-73.9698,40.757617,,0,-73.955481,40.765935,Cash,6.1,0.0,,0.0,0.0,6.1
VTS,2012-03-31 14:56:00,2012-03-31 15:16:00,6,3.93,-74.005827,40.681512,1.0,,-73.995732,40.700287,CRD,14.5,0.0,0.5,2.9,0.0,17.9
2,2015-06-21 20:47:09,2015-06-21 20:53:20,1,1.19,-73.97864532470703,40.757625579833984,1.0,N,-73.98485565185547,40.74807357788086,2,6.5,0.5,0.5,0.0,0.0,0.3
CMT,2009-07-31 07:14:42,2009-07-31 07:44:48,1,11.4,-74.008216,40.73891,,0,-73.865443,40.77082,Cash,28.1,0.0,,0.0,4.57,32.67
VTS,2011-08-24 08:12:00,2011-08-24 08:22:00,5,1.74,-73.953027,40.775987,1.0,,-73.97099,40.761697,CRD,7.7,0.0,0.5,0.8,0.0,9.0
1,2016-03-19 01:59:58,2016-03-19 02:05:39,1,1.2,-73.99329376220703,40.74724197387695,1.0,N,-74.0011978149414,40.731632232666016,2,6.0,0.5,0.5,0.0,0.0,0.3
CMT,2010-12-30 19:42:02,2010-12-30 20:01:02,1,4.0,-73.955703,40.779354,1.0,N,-73.955684,40.746033,CRD,13.3,1.0,0.5,2.22,0.0,17.02
CMT,2012-07-01 02:13:30,2012-07-01 02:16:30,2,0.6,-74.004204,40.707605,1.0,N,-73.99493,40.711663,CSH,4.1,0.5,0.5,0.0,0.0,5.1
VTS,2009-05-16 00:48:00,2009-05-16 00:58:00,1,2.83,-73.974835,40.764348,,,-73.994332,40.73425,Credit,8.9,0.5,,2.0,0.0,11.4
1,2016-04-15 10:09:33,2016-04-15 10:17:17,1,1.3,-73.97952270507812,40.753238677978516,1.0,N,-73.9844741821289,40.743526458740234,2,7.0,0.0,0.5,0.0,0.0,0.3
VTS,2010-08-05 07:24:00,2010-08-05 07:31:00,3,1.31,-73.987823,40.744462,1.0,,-73.974967,40.753557,CRD,5.7,0.0,0.5,1.0,0.0,7.2
CMT,2010-01-26 02:27:59,2010-01-26 02:39:44,1,3.3,-73.992716,40.728326,1.0,0,-73.982766,40.762815,Cas,10.5,0.5,0.5,0.0,0.0,11.5
CMT,2010-10-24 00:45:34,2010-10-24 00:53:23,2,1.4,-73.993527,40.758738,1.0,N,-73.973103,40.760269,CSH,6.5,0.5,0.5,0.0,0.0,7.5
CMT,2014-10-03 18:52:28,2014-10-03 19:04:19,2,2.3,-73.990943,40.750651,1.0,N,-73.987507,40.725387,CRD,10.5,1.0,0.5,2.4,0.0,14.4
VTS,2013-07-15 13:45:00,2013-07-15 13:55:00,1,1.93,-73.969248,40.757972,1.0,,-73.95866,40.781087,CRD,9.5,0.0,0.5,1.9,0.0,11.9
2,2016-03-30 11:48:13,2016-03-30 12:17:32,5,3.43,-73.9947509765625,40.750362396240234,1.0,N,-73.96241760253906,40.779022216796875,1,19.5,0.0,0.5,4.06,0.0,0.3
2,2015-06-19 04:40:09,2015-06-19 04:47:55,5,3.66,-73.98796081542969,40.72814178466797,1.0,N,-73.9429702758789,40.72016525268555,2,12.5,0.5,0.5,0.0,0.0,0.3
CMT,2013-06-28 18:20:58,2013-06-28 18:29:43,1,0.8,-73.979753,40.742325,1.0,N,-73.976953,40.751864,CRD,7.0,1.0,0.5,1.5,0.0,10.0
VTS,2009-08-01 22:18:00,2009-08-01 22:38:00,1,9.9,-73.988685,40.737993,,,-73.86822,40.774705,Credit,23.3,0.5,,4.76,4.57,33.13
VTS,2010-10-30 04:34:00,2010-10-30 04:39:00,1,2.05,-73.956913,40.777637,1.0,,-73.97315,40.752112,CRD,6.5,0.5,0.5,1.0,0.0,8.5
CMT,2014-01-31 16:41:21,2014-01-31 16:49:16,1,0.9,-73.991453,40.750684,1.0,N,-73.985089,40.741882,CRD,6.5,1.0,0.5,1.6,0.0,9.6
CMT,2009-11-23 11:29:40,2009-11-23 11:38:14,1,1.5,-73.997315,40.741829,,0,-73.982843,40.756651,Credit,6.9,0.0,0.5,1.11,0.0,8.51
VTS,2012-10-12 19:28:00,2012-10-12 19:34:00,5,1.14,-73.98007,40.739242,1.0,,-73.98007,40.739242,CRD,6.0,1.0,0.5,1.5,0.0,9.0
VTS,2013-01-06 19:58:00,2013-01-06 20:06:00,6,2.16,-73.98217,40.77142,1.0,,-74.002497,40.756027,CSH,9.0,0.0,0.5,0.0,0.0,9.5
CMT,2011-09-19 11:02:11,2011-09-19 11:11:53,2,3.3,-73.981501,40.732712,1.0,N,-73.999214,40.711799,CRD,10.5,0.0,0.5,0.0,0.0,11.0
CMT,2013-11-08 19:32:59,2013-11-08 19:37:36,3,1.0,-73.944379,40.77841,1.0,N,-73.955958,40.77547,CSH,5.5,1.0,0.5,0.0,0.0,7.0
CMT,2011-04-18 17:00:19,2011-04-18 17:21:17,2,5.7,-73.893503,40.744648,1.0,N,-73.977265,40.757128,CSH,16.5,1.0,0.5,0.0,0.0,18.0
CMT,2011-08-17 13:41:47,2011-08-17 14:04:13,1,3.6,-74.009841,40.710093,1.0,N,-73.99719,40.68645,CSH,14.1,0.0,0.5,0.0,0.0,14.6
CMT,2012-04-07 01:28:47,2012-04-07 01:36:00,1,1.4,-73.939867,40.707569,1.0,N,-73.957178,40.712892,CSH,6.5,0.5,0.5,0.0,0.0,7.5
CMT,2014-01-16 08:19:14,2014-01-16 08:28:18,1,1.3,-74.002251,40.732719,1.0,N,-73.99954,40.719592,CRD,8.0,0.0,0.5,2.5,0.0,11.0
2,2016-03-15 20:46:39,2016-03-15 21:08:59,1,3.79,-74.00579071044922,40.733150482177734,1.0,N,-73.9679946899414,40.76828384399414,1,17.0,0.5,0.5,3.66,0.0,0.3
CMT,2012-06-06 21:40:25,2012-06-06 22:00:12,1,8.6,-73.86291,40.768782,1.0,N,-73.954372,40.78013,CSH,21.3,0.5,0.5,0.0,4.8,27.1
CMT,2013-12-28 18:10:20,2013-12-28 18:43:11,1,6.9,-73.995031,40.755168,1.0,N,-73.917463,40.74428,CRD,26.5,0.0,0.5,0.0,0.0,27.0
CMT,2014-07-19 09:20:34,2014-07-19 09:26:28,1,1.6,-73.982565,40.774604,1.0,N,-73.971994,40.757908,CRD,7.0,0.0,0.5,1.5,0.0,9.0
VTS,2012-09-07 22:09:00,2012-09-07 22:20:00,1,3.86,-73.938657,40.75272,1.0,,-73.948302,40.786587,CRD,13.5,0.5,0.5,0.0,0.0,14.5
2,2015-06-26 23:12:49,2015-06-26 23:18:29,5,0.9,-73.98255157470703,40.77228927612305,1.0,N,-73.97976684570312,40.763248443603516,2,6.0,0.5,0.5,0.0,0.0,0.3
CMT,2014-04-06 17:15:53,2014-04-06 17:20:07,1,0.9,-73.962786,40.794487,1.0,N,-73.973465,40.787933,CRD,5.5,0.0,0.5,1.5,0.0,7.5
CMT,2009-06-12 21:55:53,2009-06-12 22:12:14,1,3.0,-73.960651,40.761304,,0,-73.997624,40.7653,Cash,10.9,0.0,,0.0,0.0,10.9
CMT,2014-09-15 21:55:44,2014-09-15 22:15:07,3,4.5,-73.975576,40.753867,1.0,N,-74.010368,40.719277,CRD,15.0,0.5,0.5,2.0,0.0,18.0
VTS,2014-03-12 08:30:00,2014-03-12 08:48:00,1,1.89,-73.97398,40.783085,1.0,,-73.973023,40.76423,CSH,13.0,0.0,0.5,0.0,0.0,13.5
CMT,2013-11-01 21:01:23,2013-11-01 21:13:21,1,2.8,-73.980794,40.725761,1.0,Y,-73.962031,40.713412,CRD,12.0,0.5,0.5,2.6,0.0,15.6
CMT,2012-01-22 09:36:08,2012-01-22 09:43:59,1,2.5,-74.007749,40.733006,1.0,N,-73.983882,40.761368,CRD,8.1,0.0,0.5,1.5,0.0,10.1
CMT,2010-11-11 09:35:50,2010-11-11 09:43:58,1,1.6,-74.001956,40.7458,1.0,N,-73.995304,40.728398,CSH,6.5,0.0,0.5,0.0,0.0,7.0
VTS,2014-11-19 18:36:00,2014-11-19 18:42:00,2,0.8,-74.005307,40.74091,1.0,,-73.992215,40.735237,CSH,5.5,1.0,0.5,0.0,0.0,7.0
CMT,2009-04-06 14:06:44,2009-04-06 14:14:33,1,1.4,-73.97628,40.763914,,0,-73.965934,40.773983,Cash,6.5,0.0,,0.0,0.0,6.5
CMT,2013-06-07 04:44:56,2013-06-07 05:09:44,1,10.8,-73.986235,40.75575,1.0,N,-73.864815,40.77034,CSH,31.0,0.5,0.5,0.0,0.0,32.0
VTS,2012-01-03 08:42:00,2012-01-03 08:45:00,1,0.82,-73.965383,40.761912,1.0,,-73.956347,40.768112,CSH,4.1,0.0,0.5,0.0,0.0,4.6
DDS,2009-06-19 18:29:07,2009-06-19 18:37:58,1,1.9,-73.982155,40.745822,,,-73.963512,40.769214,CASH,7.7,1.0,,0.0,0.0,8.7
1,2015-01-06 05:57:59,2015-01-06 06:01:37,1,1.2,-73.97532653808594,40.7518310546875,1.0,N,-73.9876937866211,40.73846435546875,2,5.5,0.0,0.5,0.0,0.0,0.3
DDS,2010-01-07 19:02:22,2010-01-07 19:16:40,1,1.8,-73.94104,40.78853,1.0,,-73.95988,40.773832,CAS,8.9,1.0,-1.0,0.0,0.0,10.4
VTS,2009-07-15 15:47:00,2009-07-15 15:51:00,1,1.05,-73.974772,40.753175,,,-73.985252,40.741455,CASH,4.9,0.0,,0.0,0.0,4.9
VTS,2013-03-08 07:22:00,2013-03-08 07:29:00,1,1.24,-74.009655,40.705352,1.0,,-73.996155,40.716002,CRD,7.5,0.0,0.5,1.5,0.0,9.5
CMT,2013-01-19 03:21:08,2013-01-19 03:28:12,1,1.1,-73.993843,40.720685,1.0,N,-74.000842,40.721725,CRD,7.0,0.5,0.5,1.6,0.0,9.6
CMT,2009-03-19 21:37:19,2009-03-19 21:47:58,1,2.9,-73.980207,40.765346,,0,-74.005244,40.727827,Credit,9.8,0.0,,1.3,0.0,11.1
VTS,2010-01-06 21:08:00,2010-01-06 21:11:00,1,0.33,-73.946792,40.816612,1.0,,-73.941573,40.815315,CAS,3.3,0.5,0.5,0.0,0.0,4.3
CMT,2010-10-04 17:39:04,2010-10-04 18:01:15,1,3.3,-73.997075,40.736954,1.0,N,-73.988612,40.774932,CRD,12.9,1.0,0.5,3.6,0.0,18.0
VTS,2009-06-16 10:10:00,2009-06-16 10:46:00,2,17.58,-74.014747,40.709227,,,-73.901397,40.934613,CASH,41.3,0.0,,0.0,0.0,41.3
1,2015-02-08 09:46:38,2015-02-08 09:50:13,1,0.9,-73.9781494140625,40.78850173950195,1.0,N,-73.97805786132812,40.778350830078125,2,5.0,0.0,0.5,0.0,0.0,0.3
2,2016-05-17 16:25:03,2016-05-17 16:34:59,1,1.07,-74.00312805175781,40.73311996459961,1.0,N,-73.98970031738281,40.7335090637207,1,8.0,1.0,0.5,1.96,0.0,0.3
VTS,2014-08-09 10:22:00,2014-08-09 10:24:00,1,0.8,-73.981327,40.779232,1.0,,-73.974755,40.788472,CRD,4.5,0.0,0.5,1.0,0.0,6.0
2,2016-06-25 19:44:27,2016-06-25 19:51:33,1,0.77,-73.99767303466797,40.716819763183594,1.0,N,-74.00801086425781,40.716949462890625,1,6.0,0.0,0.5,1.7,0.0,0.3
CMT,2014-05-15 19:45:14,2014-05-15 20:01:19,1,2.0,-73.959649,40.769338,1.0,N,-73.988527,40.778589,CRD,11.5,1.0,0.5,2.6,0.0,15.6
VTS,2009-06-06 17:58:00,2009-06-06 18:06:00,5,1.19,-73.994397,40.761058,,,-73.999452,40.74914,CASH,6.1,0.0,,0.0,0.0,6.1
CMT,2013-11-20 21:49:25,2013-11-20 21:56:59,4,0.8,-74.003248,40.727168,1.0,N,-73.999847,40.72058,CRD,6.5,0.5,0.5,1.85,0.0,9.35
CMT,2013-12-13 07:18:53,2013-12-13 07:31:46,1,3.3,-73.989776,40.720294,1.0,N,-73.973747,40.759687,CRD,12.5,0.0,0.5,1.2,0.0,14.2
VTS,2013-04-11 09:47:00,2013-04-11 09:55:00,1,1.13,-73.993947,40.766445,1.0,,-73.992435,40.754787,CRD,7.0,0.0,0.5,1.75,0.0,9.25
VTS,2011-05-04 23:18:00,2011-05-04 23:23:00,1,0.88,-73.991432,40.759593,1.0,,-73.981518,40.765558,CSH,4.5,0.5,0.5,0.0,0.0,5.5
CMT,2013-04-28 12:11:57,2013-04-28 12:45:39,1,6.8,-73.966266,40.804974,1.0,N,-73.987906,40.728447,CRD,26.5,0.0,0.5,5.4,0.0,32.4
VTS,2010-01-09 00:35:00,2010-01-09 00:57:00,2,7.24,-73.986748,40.721787,1.0,,-74.00736,40.653412,CAS,20.5,0.5,0.5,0.0,0.0,21.5
VTS,2009-04-25 15:52:00,2009-04-25 15:58:00,1,0.93,-74.00061,40.737337,,,-73.992453,40.741108,CASH,5.3,0.0,,0.0,0.0,5.3
1,2016-02-25 19:41:51,2016-02-25 19:54:10,1,1.2,-74.00640869140625,40.737911224365234,1.0,N,-73.99803161621094,40.72554016113281,1,9.0,1.0,0.5,2.15,0.0,0.3
VTS,2011-06-16 20:03:00,2011-06-16 20:14:00,1,1.93,-74.0505,40.737287,1.0,,-74.059962,40.740832,CRD,8.1,0.5,0.5,1.0,0.0,10.1
VTS,2013-10-22 20:39:00,2013-10-22 21:01:00,1,4.55,-74.006872,40.707642,1.0,,-73.98947,40.757625,CRD,18.0,0.5,0.5,3.7,0.0,22.7
VTS,2011-06-07 22:50:00,2011-06-07 23:07:00,1,3.6,-73.993502,40.735822,1.0,,-73.959588,40.711153,CRD,12.9,0.5,0.5,2.0,0.0,15.9
CMT,2013-12-04 18:40:46,2013-12-04 18:47:59,1,1.4,-73.968477,40.799208,1.0,N,-73.983577,40.783605,CRD,7.5,1.0,0.5,1.5,0.0,10.5
CMT,2011-10-21 03:20:18,2011-10-21 03:22:59,1,0.7,-74.006009,40.740351,1.0,N,-74.007471,40.747489,CRD,4.1,0.5,0.5,0.01,0.0,5.11
2,2015-01-08 14:50:10,2015-01-08 15:01:44,5,1.71,-74.00723266601562,40.728275299072266,1.0,N,-73.99468994140625,40.75041580200195,2,9.0,0.0,0.5,0.0,0.0,0.3
VTS,2010-05-28 12:18:00,2010-05-28 12:37:00,1,3.02,-74.007172,40.728623,1.0,,-74.005242,40.705708,CAS,12.5,0.0,0.5,0.0,0.0,13.0
VTS,2013-09-19 13:21:00,2013-09-19 13:53:00,1,9.26,-73.874632,40.774107,1.0,,-73.973972,40.763027,CRD,32.5,0.0,0.5,9.46,5.33,47.79
VTS,2011-09-23 09:22:00,2011-09-23 09:31:00,1,2.17,-73.959382,40.779878,4.0,,-73.964687,40.80192,CRD,7.7,0.0,0.5,2.0,0.0,10.2
VTS,2009-09-26 00:29:00,2009-09-26 00:46:00,1,2.8,-73.971475,40.754655,,,-74.003272,40.73288,CASH,10.9,0.5,,0.0,0.0,11.4
2,2015-04-08 22:44:14,2015-04-08 22:51:31,1,1.06,-73.98193359375,40.77389907836914,1.0,N,-73.98319244384766,40.75942611694336,1,7.0,0.5,0.5,1.66,0.0,0.3
2,2016-02-27 14:51:28,2016-02-27 14:57:35,2,1.08,-73.961669921875,40.776893615722656,1.0,N,-73.96490478515625,40.766563415527344,1,6.5,0.0,0.5,1.46,0.0,0.3
2,2015-06-02 13:46:47,2015-06-02 14:07:51,1,0.65,-73.97931671142578,40.751190185546875,1.0,N,-73.97077941894531,40.7552604675293,1,12.5,0.0,0.5,1.0,0.0,0.3
VTS,2012-07-19 13:16:00,2012-07-19 13:31:00,1,2.76,-73.977565,40.757852,1.0,,-73.998462,40.72479,CSH,10.5,0.0,0.5,0.0,0.0,11.0
CMT,2011-02-12 17:47:18,2011-02-12 17:54:53,1,0.5,-73.993935,40.736281,1.0,N,-73.985387,40.732571,CRD,5.7,0.0,0.5,1.0,0.0,7.2
VTS,2009-08-10 18:53:00,2009-08-10 18:59:00,3,0.87,-73.979125,40.756702,,,-73.971147,40.748395,Credit,5.3,1.0,,1.5,0.0,7.8
VTS,2011-01-28 18:44:00,2011-01-28 18:48:00,1,0.59,-73.955887,40.78192,1.0,,-73.960953,40.775032,CSH,4.1,1.0,0.5,0.0,0.0,5.6
1,2016-05-25 21:27:13,2016-05-25 21:48:29,3,4.4,-74.00399017333984,40.753074645996094,1.0,N,-73.95490264892578,40.77824020385742,1,17.0,0.5,0.5,1.7,0.0,0.3
CMT,2010-11-11 07:11:57,2010-11-11 07:18:51,1,0.8,-73.991257,40.755938,1.0,N,-73.978617,40.755657,CSH,5.3,0.0,0.5,0.0,0.0,5.8
2,2015-04-13 07:08:51,2015-04-13 07:16:20,1,1.38,-73.98328399658203,40.73871612548828,1.0,N,-73.97510528564453,40.75518798828125,2,7.5,0.0,0.5,0.0,0.0,0.3
VTS,2014-09-02 18:42:00,2014-09-02 18:51:00,1,1.22,-73.991787,40.742577,1.0,,-73.990233,40.729085,CRD,7.5,1.0,0.5,1.7,0.0,10.7
CMT,2014-09-16 08:04:29,2014-09-16 08:10:13,1,0.8,-73.987897,40.755548,1.0,N,-73.981279,40.759997,CSH,6.0,0.0,0.5,0.0,0.0,6.5
CMT,2013-01-04 18:47:08,2013-01-04 18:58:30,2,1.7,-73.97604,40.751362,1.0,N,-73.992175,40.730762,CRD,10.0,1.0,0.5,2.0,0.0,13.5
VTS,2014-08-18 11:40:00,2014-08-18 11:56:00,1,1.43,-73.978787,40.758292,1.0,,-73.978787,40.758292,CSH,10.5,0.0,0.5,0.0,0.0,11.0
VTS,2012-03-13 02:03:00,2012-03-13 02:06:00,1,1.0,-74.005825,40.725227,1.0,,-73.993027,40.74724,CSH,4.5,0.5,0.5,0.0,0.0,5.5
2,2015-11-23 22:30:51,2015-11-23 22:43:40,2,1.35,-73.9906234741211,40.761192321777344,1.0,N,-73.97412109375,40.75038528442383,2,9.5,0.5,0.5,0.0,0.0,0.3
CMT,2014-11-28 10:07:43,2014-11-28 10:15:11,2,1.9,-73.970467,40.783868,1.0,N,-73.96602,40.804878,CRD,8.0,0.0,0.5,2.1,0.0,10.6
2,2015-01-24 16:55:55,2015-01-24 16:59:33,1,0.84,-73.95508575439453,40.7773551940918,1.0,N,-73.95328521728516,40.78602600097656,1,5.0,0.0,0.5,1.0,0.0,0.3
CMT,2012-09-03 13:07:13,2012-09-03 13:14:53,1,1.8,-73.989857,40.735012,1.0,N,-73.98438,40.755047,CSH,7.3,0.0,0.5,0.0,0.0,7.8
CMT,2013-05-08 23:41:16,2013-05-08 23:51:34,1,3.2,-73.990785,40.760899,1.0,N,-74.009933,40.720074,CSH,11.5,0.5,0.5,0.0,0.0,12.5
VTS,2013-09-01 12:26:00,2013-09-01 12:31:00,1,0.9,-73.983132,40.750342,1.0,,-73.9823,40.740962,CSH,5.5,0.0,0.5,0.0,0.0,6.0
CMT,2014-07-23 06:22:05,2014-07-23 06:39:11,1,4.0,-73.990651,40.756361,1.0,N,-74.006696,40.717445,CRD,16.0,0.0,0.5,1.0,0.0,17.5
CMT,2014-02-19 09:17:31,2014-02-19 09:33:47,1,0.8,-73.97226,40.753685,1.0,N,-73.983999,40.756264,CRD,10.5,0.0,0.5,2.2,0.0,13.2
1,2015-07-17 13:03:49,2015-07-17 13:35:09,1,4.4,-74.00602722167969,40.73997116088867,1.0,N,-73.9725570678711,40.764984130859375,1,21.5,0.0,0.5,3.5,0.0,0.3
VTS,2010-07-14 17:58:00,2010-07-14 18:09:00,1,1.7,-73.979282,40.75645,1.0,,-73.983463,40.745608,Cre,8.1,1.0,0.5,3.0,0.0,12.6
1,2015-04-23 12:05:52,2015-04-23 12:23:55,1,1.6,-73.9886703491211,40.748573303222656,1.0,N,-73.97095489501953,40.76398468017578,2,12.0,0.0,0.5,0.0,0.0,0.3
1,2015-08-04 09:21:12,2015-08-04 09:41:11,1,1.8,-73.9903335571289,40.755767822265625,1.0,N,-73.9662857055664,40.7596321105957,1,13.5,0.0,0.5,2.85,0.0,0.3
VTS,2013-07-26 22:45:00,2013-07-26 22:51:00,5,0.84,-73.99955,40.723662,1.0,,-74.00335,40.718207,CRD,5.5,0.5,0.5,1.2,0.0,7.7
VTS,2014-07-29 13:55:00,2014-07-29 14:23:00,1,11.45,-73.862802,40.76881,1.0,,-73.979382,40.77274,CRD,34.5,0.0,0.5,9.96,5.33,50.29
VTS,2011-03-04 07:35:00,2011-03-04 07:41:00,4,0.92,-74.00556,40.725652,1.0,,-74.011415,40.720277,CSH,5.3,0.0,0.5,0.0,0.0,5.8
VTS,2014-02-09 20:17:00,2014-02-09 20:29:00,2,2.37,-73.982127,40.771977,1.0,,-73.95795,40.780492,CSH,11.0,0.5,0.5,0.0,0.0,12.0
CMT,2011-01-06 07:58:45,2011-01-06 08:33:38,1,10.0,-73.924286,40.769742,1.0,N,-74.007737,40.703018,CRD,27.7,0.0,0.5,3.0,0.0,31.2
VTS,2014-01-25 12:24:00,2014-01-25 12:33:00,3,0.81,-73.946837,40.791467,1.0,,-73.952722,40.781607,CRD,7.5,0.0,0.5,1.0,0.0,9.0
VTS,2013-10-05 03:48:00,2013-10-05 04:09:00,1,8.58,-73.989192,40.718812,1.0,,-73.961132,40.806437,CRD,27.0,0.5,0.5,0.0,0.0,28.0
CMT,2009-09-09 14:44:00,2009-09-09 15:04:32,1,7.0,-73.973144,40.758229,,0,-74.015763,40.714517,Cash,19.3,0.0,,0.0,0.0,19.3
VTS,2013-12-30 20:32:00,2013-12-30 20:41:00,5,0.62,-73.982743,40.758912,1.0,,-73.99228,40.758987,CSH,7.0,0.5,0.5,0.0,0.0,8.0
CMT,2009-11-19 23:36:21,2009-11-19 23:46:39,1,1.9,-73.9653,40.766098,,0,-73.989673,40.757942,Credit,7.7,0.5,0.5,1.74,0.0,10.44
VTS,2011-06-11 20:14:00,2011-06-11 20:27:00,5,2.42,-74.005153,40.719817,1.0,,-73.991272,40.750075,CSH,9.3,0.5,0.5,0.0,0.0,10.3
CMT,2009-10-05 09:03:34,2009-10-05 09:14:40,1,1.6,-73.988474,40.737883,,0,-74.006835,40.751282,Cash,8.1,0.0,,0.0,0.0,8.1
CMT,2010-02-13 00:47:58,2010-02-13 00:55:02,1,1.7,-74.006879,40.734996,1.0,0,-74.014538,40.718164,CAS,6.9,0.5,0.5,0.0,0.0,7.9
VTS,2009-10-20 13:23:00,2009-10-20 13:31:00,1,1.18,-73.993657,40.751275,,,-73.978425,40.751333,Credit,6.1,0.0,,2.0,0.0,8.1
CMT,2011-05-27 14:31:33,2011-05-27 14:34:38,1,0.7,-73.968067,40.764209,1.0,N,-73.962299,40.772997,CSH,4.1,0.0,0.5,0.0,0.0,4.6
1,2015-02-08 15:43:12,2015-02-08 15:57:50,1,2.3,-73.9920883178711,40.749942779541016,1.0,N,-73.98377227783203,40.727054595947266,1,11.5,0.0,0.5,2.46,0.0,0.3
VTS,2012-11-04 19:56:00,2012-11-04 20:20:00,1,11.59,-73.8706,40.77357,1.0,,-73.970032,40.748867,CRD,33.5,0.0,0.5,0.0,0.0,34.0
VTS,2009-12-18 23:02:00,2009-12-18 23:27:00,5,5.17,-73.98526,40.727475,,,-73.992885,40.677427,CASH,15.7,0.5,0.5,0.0,0.0,16.7
CMT,2010-07-05 05:35:13,2010-07-05 05:39:04,2,1.2,-74.004678,40.741934,1.0,0,-73.993717,40.752339,Cre,4.9,0.5,0.5,0.88,0.0,6.78
VTS,2014-10-16 20:39:00,2014-10-16 21:09:00,4,4.44,-73.975477,40.777055,1.0,,-73.998525,40.726982,CSH,20.5,0.5,0.5,0.0,0.0,21.5
VTS,2009-09-01 10:31:00,2009-09-01 10:46:00,6,1.59,-73.989928,40.725675,,,-74.003485,40.740942,Credit,8.9,0.0,,1.5,0.0,10.4
CMT,2012-02-02 19:25:29,2012-02-02 19:32:39,1,0.5,-73.992101,40.748936,1.0,N,-73.994388,40.75017,CRD,5.3,1.0,0.5,1.36,0.0,8.16
CMT,2009-01-10 15:05:09,2009-01-10 15:12:23,2,1.5,-73.982446,40.770437,,,-73.979459,40.788713,Cash,6.5,0.0,,0.0,0.0,6.5
CMT,2011-01-15 16:50:30,2011-01-15 17:03:02,1,2.3,-73.980485,40.734448,1.0,N,-73.966484,40.761923,CRD,9.3,0.0,0.5,1.96,0.0,11.76
2,2015-01-26 01:09:26,2015-01-26 01:23:33,1,4.85,-73.98272705078125,40.73875045776367,1.0,N,-73.92088317871094,40.74161148071289,1,16.0,0.5,0.5,3.46,0.0,0.3
VTS,2011-09-03 12:29:00,2011-09-03 12:34:00,1,1.24,-73.987995,40.74426,1.0,,-73.983772,40.754232,CRD,5.7,0.0,0.5,1.0,0.0,7.2
VTS,2011-06-06 09:38:00,2011-06-06 09:49:00,1,2.0,-73.981695,40.763235,1.0,,-73.98476,40.740458,CRD,7.7,0.0,0.5,2.0,0.0,10.2
CMT,2010-02-24 11:16:26,2010-02-24 11:18:19,1,0.3,-73.986095,40.726448,1.0,0,-73.988228,40.7296,CAS,3.3,0.0,0.5,0.0,0.0,3.8
VTS,2014-05-08 20:18:00,2014-05-08 20:26:00,1,1.62,-73.989647,40.720357,1.0,,-74.000962,40.734007,CRD,8.0,0.5,0.5,1.7,0.0,10.7
VTS,2010-08-17 17:27:00,2010-08-17 17:39:00,5,2.03,-73.962543,40.799062,1.0,,-73.935903,40.803533,CRD,8.1,1.0,0.5,0.0,0.0,9.6
VTS,2010-04-03 16:12:00,2010-04-03 16:17:00,1,1.32,-73.98194,40.778747,1.0,,-73.9763,40.792972,CAS,5.7,0.0,0.5,0.0,0.0,6.2
VTS,2013-10-07 15:41:00,2013-10-07 16:12:00,5,9.23,-73.959507,40.77972,1.0,,-73.913355,40.886917,CRD,30.5,0.0,0.5,5.0,2.44,38.44
CMT,2011-12-15 20:13:07,2011-12-15 20:29:48,2,2.9,-73.956448,40.771511,1.0,N,-73.985212,40.738883,CSH,10.5,1.0,0.5,0.0,0.0,12.0
VTS,2014-06-20 03:14:00,2014-06-20 03:30:00,1,4.53,-73.97317,40.754637,1.0,,-73.919282,40.765867,CSH,16.0,0.5,0.5,0.0,0.0,17.0
CMT,2012-05-27 00:06:28,2012-05-27 00:21:19,1,3.6,-74.008044,40.741229,1.0,N,-73.973019,40.760453,CSH,11.3,0.5,0.5,0.0,0.0,12.3
VTS,2014-10-30 04:36:00,2014-10-30 04:55:00,1,10.14,-73.992315,40.74894,1.0,,-73.87544,40.771465,CSH,28.5,0.5,0.5,0.0,5.33,34.83
1,2016-06-06 12:55:11,2016-06-06 13:02:17,1,1.0,-73.9587173461914,40.77214431762695,1.0,N,-73.94696044921875,40.771942138671875,2,6.5,0.0,0.5,0.0,0.0,0.3
VTS,2011-03-31 06:15:00,2011-03-31 06:22:00,1,2.37,-73.961663,40.76915,1.0,,-73.98808,40.754272,CSH,7.7,0.0,0.5,0.0,0.0,8.2
VTS,2011-06-10 22:42:00,2011-06-10 22:47:00,1,1.74,-73.977453,40.779443,1.0,,-73.969252,40.798225,CSH,5.7,0.5,0.5,0.0,0.0,6.7
VTS,2012-10-11 16:24:00,2012-10-11 16:37:00,1,2.06,-74.008187,40.722168,1.0,,-73.994835,40.750055,CRD,10.5,1.0,0.5,0.0,0.0,12.0
VTS,2013-02-17 15:17:00,2013-02-17 15:30:00,1,2.09,-73.974912,40.745317,1.0,,-73.997755,40.725707,CRD,11.5,0.0,0.5,1.5,0.0,13.5
CMT,2010-09-20 09:19:14,2010-09-20 09:36:32,1,1.1,-73.987145,40.754118,1.0,N,-73.974981,40.75599,CRD,9.7,0.0,0.5,1.53,0.0,11.73
VTS,2013-08-26 23:01:00,2013-08-26 23:27:00,1,5.47,-74.007947,40.723702,1.0,,-73.960122,40.7664,CRD,21.5,0.5,0.5,1.0,0.0,23.5
VTS,2014-02-01 19:11:00,2014-02-01 19:20:00,1,1.94,-73.978013,40.761877,1.0,,-73.967747,40.769617,CRD,8.5,0.0,0.5,2.55,0.0,11.55
CMT,2010-01-29 23:44:02,2010-01-30 00:09:19,4,4.0,-73.986803,40.719569,1.0,0,-73.997367,40.755545,Cas,15.3,0.5,0.5,0.0,0.0,16.3
CMT,2009-04-17 19:26:25,2009-04-17 19:41:25,1,9.3,-73.973868,40.750289,,0,-73.864541,40.770257,Credit,21.3,0.0,,5.0,4.15,30.45
2,2016-06-24 08:38:23,2016-06-24 08:54:45,1,1.82,-73.98699951171875,40.73897933959961,1.0,N,-73.97875213623047,40.758705139160156,1,12.0,0.0,0.5,2.56,0.0,0.3
VTS,2014-12-24 14:06:00,2014-12-24 14:16:00,1,0.95,-74.004315,40.733597,1.0,,-73.999157,40.723115,CRD,7.5,0.0,0.5,1.0,0.0,9.0
2,2016-01-02 15:39:43,2016-01-02 15:52:08,6,1.8,-73.99198150634766,40.74980163574219,1.0,N,-73.96907043457031,40.74959182739258,1,9.5,0.0,0.5,2.06,0.0,0.3
1,2015-09-21 15:34:37,2015-09-21 15:49:20,1,1.8,-74.00756072998047,40.74074935913086,1.0,N,-73.98009490966797,40.735137939453125,1,11.0,0.0,0.5,0.0,0.0,0.3
VTS,2010-06-20 15:36:00,2010-06-20 15:39:00,1,0.5,-73.993062,40.762842,1.0,,-73.98852,40.769213,CAS,3.7,0.0,0.5,0.0,0.0,4.2
CMT,2014-03-31 20:27:56,2014-03-31 20:40:56,1,2.5,-73.99737,40.71909,1.0,N,-74.002098,40.74429,CSH,11.0,0.5,0.5,0.0,0.0,12.0
2,2015-09-17 09:13:32,2015-09-17 09:23:07,2,1.05,-73.99800109863281,40.749481201171875,1.0,N,-73.98780059814453,40.741065979003906,1,8.0,0.0,0.5,1.0,0.0,0.3
CMT,2009-02-13 12:27:56,2009-02-13 12:32:30,1,0.8,-73.996568,40.725428,,0,-73.983176,40.723706,Cash,4.9,0.0,,0.0,0.0,4.9
CMT,2013-09-21 00:22:36,2013-09-21 00:27:03,1,0.4,-73.994424,40.761226,1.0,N,-73.987285,40.761044,CSH,5.0,0.5,0.5,0.0,0.0,6.0
VTS,2012-08-18 08:04:00,2012-08-18 08:14:00,1,0.28,-73.999513,40.721747,1.0,,-73.990552,40.755542,CRD,8.9,0.0,0.5,2.0,0.0,11.4
VTS,2014-02-05 07:06:00,2014-02-05 07:13:00,1,0.95,-73.971992,40.763647,1.0,,-73.974587,40.751642,CSH,6.5,0.0,0.5,0.0,0.0,7.0
CMT,2013-04-12 12:47:01,2013-04-12 13:13:25,1,6.8,-73.870986,40.773812,1.0,N,-73.956239,40.768807,CSH,23.5,0.0,0.5,0.0,0.0,24.0
1,2016-01-03 22:25:29,2016-01-03 22:31:55,1,1.7,-73.99117279052734,40.74937057495117,1.0,N,-73.99866485595703,40.727970123291016,1,7.5,0.5,0.5,2.0,0.0,0.3
1,2015-12-13 06:31:48,2015-12-13 06:43:29,1,3.4,-73.95402526855469,40.77474594116211,1.0,N,-73.9933090209961,40.752174377441406,1,13.0,0.0,0.5,2.75,0.0,0.3
1,2016-02-26 10:01:07,2016-02-26 10:16:57,2,1.0,-73.98331451416016,40.7427864074707,1.0,N,-73.97266387939453,40.75314712524414,1,10.5,0.0,0.5,2.25,0.0,0.3
CMT,2009-01-09 23:28:36,2009-01-09 23:31:32,1,0.4,-73.98704,40.71967,,,-73.981009,40.721063,Credit,4.2,0.0,,0.84,0.0,5.04
CMT,2013-05-07 22:29:15,2013-05-07 22:32:51,1,1.1,-73.958024,40.764927,1.0,N,-73.948073,40.778684,CSH,5.5,0.5,0.5,0.0,0.0,6.5
CMT,2010-07-14 19:13:06,2010-07-14 19:29:09,1,2.3,-73.981139,40.764419,1.0,0,-73.953207,40.77258,Cas,10.1,1.0,0.5,0.0,0.0,11.6
CMT,2013-03-28 12:34:39,2013-03-28 12:42:35,1,1.9,-73.980705,40.744743,1.0,N,-74.005348,40.735995,CRD,8.0,0.0,0.5,1.0,0.0,9.5
VTS,2011-03-23 16:45:00,2011-03-23 17:13:00,1,9.65,-73.865328,40.770652,1.0,,-73.992377,40.745477,CRD,24.1,1.0,0.5,4.5,4.8,34.9
CMT,2012-07-20 08:54:11,2012-07-20 09:08:03,1,1.2,-74.005169,40.718388,1.0,N,-74.008683,40.707523,CSH,8.1,0.0,0.5,0.0,0.0,8.6
CMT,2012-08-18 22:01:16,2012-08-18 22:06:02,1,1.0,-73.976143,40.763947,1.0,N,-73.962439,40.763424,CRD,4.9,0.5,0.5,1.18,0.0,7.08
1,2015-05-25 21:44:24,2015-05-25 21:52:14,1,1.4,-73.89482116699219,40.748653411865234,1.0,N,-73.91653442382812,40.74319076538086,1,7.5,0.5,0.5,1.76,0.0,0.3
CMT,2011-02-17 09:50:43,2011-02-17 09:55:28,1,0.8,-73.99018,40.746506,1.0,N,-74.00389,40.752552,CSH,4.9,0.0,0.5,0.0,0.0,5.4
CMT,2014-11-29 14:22:20,2014-11-29 14:29:34,1,2.0,-74.012913,40.716108,1.0,N,-74.00707,40.7439,CRD,8.5,0.0,0.5,1.8,0.0,10.8
CMT,2010-10-09 16:04:46,2010-10-09 16:14:24,1,2.6,-73.989951,40.733164,1.0,N,-73.962887,40.757698,CRD,8.9,0.0,0.5,1.88,0.0,11.28
VTS,2014-01-09 21:53:00,2014-01-09 22:03:00,2,2.72,-74.001407,40.730977,1.0,,-73.971448,40.75069,CRD,10.0,0.5,0.5,2.1,0.0,13.1
CMT,2011-04-21 22:25:36,2011-04-21 22:34:36,1,1.3,-73.975378,40.760811,1.0,N,-73.990815,40.750928,CSH,6.9,0.5,0.5,0.0,0.0,7.9
CMT,2011-10-27 20:05:28,2011-10-27 20:15:35,1,1.9,-73.9788,40.7405,1.0,N,-74.0012,40.7316,CRD,7.7,0.5,0.5,1.0,0.0,9.7
CMT,2014-01-24 21:32:55,2014-01-24 21:37:33,1,0.8,-73.98926,40.726253,1.0,N,-73.980964,40.733764,CSH,5.0,0.5,0.5,0.0,0.0,6.0
VTS,2013-10-12 22:27:00,2013-10-12 22:39:00,1,2.65,-73.98796,40.74327,1.0,,-73.95886,40.763727,CRD,11.5,0.5,0.5,2.0,0.0,14.5
CMT,2011-11-09 03:55:45,2011-11-09 04:02:20,1,1.3,-73.995704,40.767253,1.0,N,-73.997755,40.756654,CSH,6.5,0.5,0.5,0.0,0.0,7.5
VTS,2012-04-20 15:54:00,2012-04-20 16:21:00,5,3.92,-73.999853,40.748562,1.0,,-73.954132,40.764085,CRD,15.7,0.0,0.5,3.14,0.0,19.34
CMT,2011-07-03 12:35:28,2011-07-03 12:45:48,1,2.1,-73.9898,40.756948,1.0,N,-73.975292,40.782825,CSH,8.5,0.0,0.5,0.0,0.0,9.0
VTS,2009-10-02 14:06:00,2009-10-02 15:04:00,2,17.04,-73.97209,40.755158,,,-73.78273,40.64412,CASH,45.0,0.0,,0.0,4.57,49.57
CMT,2014-10-13 19:53:10,2014-10-13 20:04:59,1,1.5,-73.994921,40.740312,1.0,N,-73.982501,40.728775,CRD,9.0,0.0,0.5,0.5,0.0,10.0
VTS,2010-06-03 20:59:00,2010-06-03 21:07:00,1,1.55,-73.998192,40.75078,1.0,,-73.986717,40.73677,CAS,6.5,0.5,0.5,0.0,0.0,7.5
CMT,2013-06-14 13:11:52,2013-06-14 13:22:35,1,1.5,-73.979309,40.743765,1.0,N,-73.971036,40.753457,CSH,8.5,0.0,0.5,0.0,0.0,9.0
VTS,2011-12-27 19:12:00,2011-12-27 19:19:00,1,0.53,-73.968172,40.762315,1.0,,-73.975128,40.755652,CSH,5.7,1.0,0.5,0.0,0.0,7.2
CMT,2011-10-21 10:49:31,2011-10-21 10:50:49,1,0.4,-73.9653,40.8059,1.0,N,-73.9632,40.8108,CRD,3.3,0.0,0.5,1.0,0.0,4.8
VTS,2012-09-05 19:07:00,2012-09-05 19:20:00,5,2.63,-73.98366,40.76093,1.0,,-73.966452,40.791497,CRD,11.5,1.0,0.5,2.5,0.0,15.5
VTS,2013-04-21 03:37:00,2013-04-21 03:50:00,2,3.74,-74.000517,40.730037,1.0,,-73.977745,40.774405,CRD,13.0,0.5,0.5,2.7,0.0,16.7
CMT,2012-03-16 20:34:42,2012-03-16 20:50:56,2,2.5,-73.985983,40.722624,1.0,N,-73.991074,40.748388,CRD,10.5,0.5,0.5,1.0,0.0,12.5
CMT,2011-05-13 16:04:06,2011-05-13 16:16:51,0,2.1,-74.00497,40.751613,1.0,N,-73.98952,40.73259,CRD,8.9,1.0,0.5,2.1,0.0,12.5
CMT,2014-09-03 01:55:26,2014-09-03 01:59:37,1,1.5,-73.959396,40.767599,1.0,N,-73.973763,40.747717,CRD,6.5,0.5,0.5,1.87,0.0,9.37
VTS,2011-06-18 16:46:00,2011-06-18 16:52:00,1,0.84,-73.98435,40.742598,1.0,,-73.989672,40.73559,CRD,5.3,0.0,0.5,1.0,0.0,6.8
CMT,2011-10-30 00:53:12,2011-10-30 01:25:08,1,9.2,-73.954306,40.73058,1.0,N,-73.860203,40.753962,CSH,25.7,0.5,0.5,0.0,0.0,26.7
CMT,2012-04-20 21:34:10,2012-04-20 21:47:02,1,2.1,-73.990063,40.686553,1.0,Y,-73.959822,40.675657,CSH,9.3,0.5,0.5,0.0,0.0,10.3
CMT,2012-06-05 10:34:58,2012-06-05 10:44:11,3,1.8,-73.952766,40.786517,1.0,N,-73.96931,40.763673,CRD,7.7,0.0,0.5,1.0,0.0,9.2
2,2016-03-18 19:45:27,2016-03-18 19:52:39,1,1.39,-73.99109649658203,40.750892639160156,1.0,N,-74.00706481933594,40.74161148071289,1,7.0,1.0,0.5,2.64,0.0,0.3
CMT,2011-02-20 09:52:08,2011-02-20 09:56:45,2,0.9,-73.996023,40.748168,1.0,N,-73.988718,40.759091,CSH,4.9,0.0,0.5,0.0,0.0,5.4
VTS,2011-03-11 20:35:00,2011-03-11 20:41:00,1,1.08,-73.97997,40.737303,1.0,,-73.991368,40.72768,CRD,5.3,0.5,0.5,1.5,0.0,7.8
VTS,2012-06-29 19:40:00,2012-06-29 19:42:00,1,0.44,-73.978977,40.774025,1.0,,-73.981597,40.771157,CSH,3.3,1.0,0.5,0.0,0.0,4.8
VTS,2013-05-02 21:23:00,2013-05-02 21:35:00,5,1.83,-74.000975,40.73656,1.0,,-73.986852,40.72133,CRD,10.0,0.5,0.5,1.0,0.0,12.0
1,2015-11-06 08:44:04,2015-11-06 09:10:36,1,3.2,-74.00115966796875,40.722347259521484,1.0,N,-73.97572326660156,40.756797790527344,1,17.0,0.0,0.5,5.0,0.0,0.3
CMT,2014-01-20 05:22:47,2014-01-20 05:30:00,1,2.0,-73.984901,40.74997,1.0,N,-73.99727,40.764604,CSH,8.5,0.5,0.5,0.0,0.0,9.5
1,2015-04-27 19:05:34,2015-04-27 19:21:34,1,2.8,-73.9940414428711,40.741737365722656,1.0,N,-74.00850677490234,40.70768356323242,1,12.5,1.0,0.5,2.85,0.0,0.3
2,2015-07-17 15:59:06,2015-07-17 16:24:57,2,1.58,-74.01485443115234,40.70457458496094,1.0,N,-73.99897766113281,40.71649169921875,2,16.0,1.0,0.5,0.0,0.0,0.3
2,2015-08-15 16:30:18,2015-08-15 16:32:03,1,0.77,-73.97075653076172,40.76477813720703,1.0,N,-73.96244049072266,40.776390075683594,2,4.0,0.0,0.5,0.0,0.0,0.3
DDS,2009-11-24 20:32:40,2009-11-24 20:44:35,2,0.1,-73.990114,40.761859,,,-73.986798,40.775797,CASH,2.9,0.5,,0.0,0.0,3.9
VTS,2009-12-08 00:32:00,2009-12-08 00:36:00,1,1.76,-73.98992,40.729512,,,-73.977573,40.75217,CASH,6.1,0.5,0.5,0.0,0.0,7.1
CMT,2010-06-23 14:11:24,2010-06-23 14:18:48,2,0.9,-74.00179,40.746795,1.0,0,-73.986606,40.740606,Cas,5.7,0.0,0.5,0.0,0.0,6.2
CMT,2009-10-11 08:10:11,2009-10-11 08:14:12,2,1.2,-73.978592,40.762663,,0,-73.991604,40.749336,Credit,5.3,0.0,,1.0,0.0,6.3
CMT,2012-07-14 07:40:09,2012-07-14 07:55:16,1,8.9,-73.947488,40.77952,1.0,N,-73.898636,40.881969,CRD,20.5,0.0,0.5,0.0,0.0,21.0
CMT,2013-12-04 19:36:06,2013-12-04 19:40:39,1,0.6,-73.992135,40.737757,1.0,N,-74.000329,40.742691,CRD,5.0,1.0,0.5,1.3,0.0,7.8
2,2015-03-19 08:43:07,2015-03-19 09:24:30,6,6.31,-74.0073013305664,40.705177307128906,1.0,N,-73.96791076660156,40.76582717895508,2,29.5,0.0,0.5,0.0,0.0,0.3
1,2015-04-18 01:27:55,2015-04-18 01:51:36,2,4.9,-73.95968627929688,40.71125411987305,1.0,N,-73.97102355957031,40.75349044799805,1,20.5,0.5,0.5,3.0,0.0,0.3
VTS,2011-04-04 18:27:00,2011-04-04 18:48:00,1,3.44,-73.957832,40.778997,1.0,,-73.995245,40.754927,CRD,12.5,1.0,0.5,3.0,0.0,17.0
VTS,2014-09-24 14:11:00,2014-09-24 14:25:00,1,0.51,-73.9665,40.75351,1.0,,-73.9731,40.75772,CRD,9.5,0.0,0.5,1.9,0.0,11.9
VTS,2010-05-19 19:22:00,2010-05-19 19:34:00,1,1.86,-73.993655,40.759943,1.0,,-73.979358,40.767025,CAS,8.9,1.0,0.5,0.0,0.0,10.4
VTS,2012-05-14 19:53:00,2012-05-14 20:01:00,1,1.61,-73.97427,40.742828,1.0,,-73.959377,40.763207,CSH,6.5,1.0,0.5,0.0,0.0,8.0
2,2015-10-09 11:07:58,2015-10-09 11:24:14,6,2.05,-73.98816680908203,40.73487091064453,1.0,N,-73.9781494140625,40.75809097290039,1,12.0,0.0,0.5,1.0,0.0,0.3
VTS,2014-09-22 08:18:00,2014-09-22 08:29:00,1,1.78,-73.990402,40.73863,1.0,,-73.982178,40.757395,CRD,9.0,0.0,0.5,0.5,0.0,10.0
VTS,2011-12-15 18:10:00,2011-12-15 18:24:00,1,5.67,-73.947145,40.780837,1.0,,-73.98541,40.722002,CRD,14.5,1.0,0.5,2.0,0.0,18.0
VTS,2009-04-22 13:57:00,2009-04-22 14:43:00,5,7.92,-73.973827,40.761665,,,-73.929683,40.701493,CASH,26.5,0.0,,0.0,0.0,26.5
CMT,2012-05-10 08:36:35,2012-05-10 08:48:02,1,2.0,-73.946542,40.776302,1.0,N,-73.967972,40.792345,CRD,8.5,0.0,0.5,2.0,0.0,11.0
CMT,2011-03-07 06:48:14,2011-03-07 06:58:19,1,3.0,-73.959553,40.798671,1.0,N,-73.95562,40.76749,CSH,9.3,0.0,0.5,0.0,0.0,9.8
CMT,2014-12-17 05:52:01,2014-12-17 05:57:05,1,1.8,-74.000927,40.731858,1.0,N,-73.982317,40.75258,CRD,7.0,0.5,0.5,1.0,0.0,9.0
VTS,2009-06-26 01:17:00,2009-06-26 01:20:00,1,0.57,-73.988005,40.720075,,,-73.985807,40.726932,Credit,4.1,0.5,,2.0,0.0,6.6
2,2015-08-16 00:00:18,2015-08-16 00:13:47,2,2.91,-73.99076080322266,40.71834182739258,1.0,N,-73.9411392211914,40.7129020690918,2,12.5,0.5,0.5,0.0,0.0,0.3
VTS,2014-01-12 10:14:00,2014-01-12 10:26:00,1,2.2,-74.006962,40.719442,1.0,,-73.990347,40.729162,CRD,10.0,0.0,0.5,2.0,0.0,12.5
VTS,2010-09-15 08:26:00,2010-09-15 08:31:00,2,0.48,-74.000098,40.732165,1.0,,-74.004358,40.7406,CSH,4.1,0.0,0.5,0.0,0.0,4.6
VTS,2011-01-05 18:14:00,2011-01-05 18:33:00,1,3.6,-73.993793,40.751735,1.0,,-73.954155,40.778673,CRD,12.5,1.0,0.5,2.0,0.0,16.0
VTS,2010-05-23 18:58:00,2010-05-23 19:20:00,5,1.54,-73.968857,40.75454,1.0,,-73.985437,40.746323,CAS,12.1,0.0,0.5,0.0,0.0,12.6
1,2016-06-30 07:32:54,2016-06-30 07:43:05,1,1.2,-73.98719024658203,40.739593505859375,1.0,N,-73.97315216064453,40.74995422363281,1,8.5,0.0,0.5,1.85,0.0,0.3
VTS,2010-07-14 19:10:00,2010-07-14 19:39:00,1,4.14,-73.984657,40.729677,1.0,,-73.982442,40.772443,CAS,16.9,1.0,0.5,0.0,0.0,18.4
CMT,2010-06-05 14:26:47,2010-06-05 14:46:20,1,3.3,-73.956448,40.771336,1.0,0,-73.991691,40.749036,Cre,12.9,0.0,0.5,2.0,0.0,15.4
VTS,2010-10-05 13:33:00,2010-10-05 13:40:00,1,1.41,-73.959563,40.756078,1.0,,-73.959563,40.756078,CRD,6.1,0.0,0.5,1.5,0.0,8.1
VTS,2011-02-22 13:22:00,2011-02-22 13:33:00,1,1.33,-74.00278,40.720122,1.0,,-73.991817,40.735155,CSH,7.3,0.0,0.5,0.0,0.0,7.8
VTS,2013-06-27 22:06:00,2013-06-27 22:14:00,1,1.7,-73.986357,40.730422,1.0,,-73.974725,40.746502,CRD,8.0,0.5,0.5,1.7,0.0,10.7
VTS,2014-05-01 23:45:00,2014-05-02 00:08:00,5,16.71,-73.800977,40.646297,2.0,,-73.985697,40.750827,CSH,52.0,0.0,0.5,0.0,5.33,57.83
CMT,2012-09-04 08:57:25,2012-09-04 09:12:52,1,2.5,-74.008064,40.739067,1.0,N,-73.975279,40.749617,CRD,12.0,0.0,0.5,3.12,0.0,15.62
VTS,2009-12-14 19:20:00,2009-12-14 19:25:00,1,0.51,-73.972848,40.764568,,,-73.976877,40.758893,CASH,4.5,1.0,0.5,0.0,0.0,6.0
CMT,2009-11-12 14:34:02,2009-11-12 14:47:07,3,1.6,-73.951033,40.7737,,0,-73.96535,40.762787,Cash,8.5,0.0,0.5,0.0,0.0,9.0
CMT,2012-04-27 10:35:58,2012-04-27 10:52:08,1,7.3,-73.968368,40.761866,1.0,N,-74.013702,40.715111,CSH,18.1,0.0,0.5,0.0,0.0,18.6
CMT,2012-12-17 11:04:37,2012-12-17 11:33:13,1,4.9,-73.957068,40.766577,1.0,N,-74.007395,40.751533,CRD,23.0,0.0,0.5,4.7,0.0,28.2
CMT,2013-09-15 17:31:43,2013-09-15 17:42:12,1,4.4,-73.98725,40.72242,1.0,N,-73.95664,40.766808,CRD,15.0,0.0,0.5,2.75,0.0,18.25
CMT,2011-10-19 19:53:35,2011-10-19 20:04:33,1,1.2,-73.986833,40.751353,1.0,N,-73.982391,40.76486,CRD,7.3,1.0,0.5,1.5,0.0,10.3
VTS,2013-12-12 07:36:00,2013-12-12 07:41:00,4,0.78,-73.96305,40.772477,1.0,,-73.968467,40.7648,CRD,5.5,0.0,0.5,0.0,0.0,6.0
CMT,2013-11-22 11:56:19,2013-11-22 12:19:08,2,5.3,-73.984835,40.763961,1.0,N,-74.016739,40.704751,CRD,20.0,0.0,0.5,5.0,0.0,25.5
CMT,2013-08-04 17:51:38,2013-08-04 17:57:16,1,0.9,-73.984128,40.740249,1.0,N,-73.999207,40.745732,CRD,6.0,0.0,0.5,0.5,0.0,7.0
VTS,2010-07-23 17:08:00,2010-07-23 17:19:00,1,0.82,-73.982115,40.745842,1.0,,-73.971965,40.744405,CAS,6.9,1.0,0.5,0.0,0.0,8.4
CMT,2009-12-18 22:41:27,2009-12-18 22:53:13,1,2.0,-73.987223,40.72923,,0,-73.987594,40.749436,Credit,8.5,0.5,0.5,1.9,0.0,11.4
1,2015-04-10 17:15:48,2015-04-10 17:29:57,1,2.3,-73.9581069946289,40.78468704223633,1.0,N,-73.98153686523438,40.76850891113281,1,11.5,1.0,0.5,2.0,0.0,0.3
VTS,2009-11-13 14:02:00,2009-11-13 14:15:00,1,2.09,-74.003397,40.72686,,,-73.98441,40.751232,Credit,8.1,0.0,0.5,1.0,0.0,9.6
VTS,2011-11-06 13:34:00,2011-11-06 13:48:00,1,2.4,-73.969055,40.80101,1.0,,-73.95754,40.778672,CSH,9.3,0.0,0.5,0.0,0.0,9.8
VTS,2010-01-02 18:17:00,2010-01-02 18:36:00,5,1.45,-73.987378,40.696133,1.0,,-73.990712,40.70306,Cre,10.5,0.0,0.5,4.0,0.0,15.0
VTS,2014-10-28 08:16:00,2014-10-28 08:21:00,1,1.32,-74.015357,40.704867,1.0,,-74.01112,40.721532,CRD,6.5,0.0,0.5,1.95,0.0,8.95
VTS,2012-10-05 19:05:00,2012-10-05 19:07:00,2,0.55,-73.986717,40.734205,1.0,,-73.983092,40.738825,CRD,4.0,1.0,0.5,1.0,0.0,6.5
CMT,2014-07-03 14:51:40,2014-07-03 14:57:50,1,1.1,-73.974706,40.72993,1.0,N,-73.988084,40.722824,CRD,6.5,0.0,0.5,1.0,0.0,8.0
1,2016-01-29 21:12:54,2016-01-29 21:22:20,1,1.3,-73.98619842529297,40.74599838256836,1.0,N,-73.98445892333984,40.73215866088867,1,8.0,0.5,0.5,2.75,0.0,0.3
1,2015-02-06 15:01:33,2015-02-06 15:21:52,1,3.9,-74.00643157958984,40.70646286010742,1.0,N,-73.9826889038086,40.73868179321289,1,16.0,0.0,0.5,1.5,0.0,0.3
VTS,2014-04-04 00:40:00,2014-04-04 01:09:00,1,6.09,0.0,0.0,1.0,,-73.92471,40.69324,CSH,22.0,0.5,0.5,0.0,0.0,23.0
1,2015-03-03 12:54:27,2015-03-03 13:02:31,1,0.9,-73.98246765136719,40.7314453125,1.0,Y,-73.9933853149414,40.72969055175781,1,7.0,0.0,0.5,2.34,0.0,0.3
CMT,2014-10-15 10:52:50,2014-10-15 11:19:10,2,4.1,-73.989244,40.742079,1.0,N,-74.016546,40.704766,CSH,21.0,0.0,0.5,0.0,0.0,21.5
1,2015-12-15 12:38:21,2015-12-15 12:49:55,1,1.1,-73.99303436279297,40.76778793334961,1.0,N,-73.98920440673828,40.756900787353516,1,9.0,0.0,0.5,1.95,0.0,0.3
VTS,2011-01-21 14:27:00,2011-01-21 14:37:00,5,1.5,-73.974868,40.744273,1.0,,-73.978163,40.756955,CRD,7.3,0.0,0.5,1.5,0.0,9.3
CMT,2013-11-27 12:55:32,2013-11-27 13:08:30,2,2.4,-73.980751,40.764436,1.0,N,-73.959221,40.783258,CSH,10.5,0.0,0.5,0.0,0.0,11.0
CMT,2010-04-21 00:27:06,2010-04-21 00:39:09,1,3.4,-73.987911,40.722591,1.0,0,-73.975061,40.689412,Cre,10.9,0.5,0.5,1.78,0.0,13.68
CMT,2014-11-28 09:06:13,2014-11-28 09:09:05,1,0.7,-73.988241,40.72358,1.0,N,-73.982765,40.733176,CSH,4.5,0.0,0.5,0.0,0.0,5.0
VTS,2012-06-14 00:40:00,2012-06-14 00:47:00,1,2.53,-73.978293,40.766752,1.0,,-73.993355,40.73846,CRD,7.7,0.5,0.5,2.05,0.0,10.75
VTS,2011-06-10 11:21:00,2011-06-10 11:38:00,2,3.71,-73.98084,40.742238,1.0,,-73.954598,40.786703,CRD,12.5,0.0,0.5,1.5,0.0,14.5
VTS,2010-01-23 12:04:00,2010-01-23 12:13:00,5,2.43,-73.991488,40.749975,1.0,,-73.96256,40.759567,CAS,7.7,0.0,0.5,0.0,0.0,8.2
CMT,2012-08-05 03:31:56,2012-08-05 03:46:39,3,5.2,-73.985905,40.740832,1.0,N,-73.923841,40.764477,CRD,13.7,0.5,0.5,3.0,0.0,17.7
2,2015-01-17 02:35:42,2015-01-17 02:45:10,1,1.47,-73.98270416259766,40.77167510986328,1.0,N,-73.99107360839844,40.75544357299805,2,8.5,0.5,0.5,0.0,0.0,0.3
VTS,2013-12-10 11:56:00,2013-12-10 12:35:00,1,18.05,-73.972683,40.744535,3.0,,-74.177047,40.694955,CRD,69.0,0.0,0.0,15.0,11.0,95.0
VTS,2009-07-29 22:18:00,2009-07-29 22:26:00,1,1.99,-74.013495,40.715023,,,-74.007175,40.740078,CASH,7.3,0.5,,0.0,0.0,7.8
VTS,2012-07-02 06:55:00,2012-07-02 07:07:00,3,3.63,-73.961813,40.762905,1.0,,-74.00395,40.742045,CRD,10.9,0.0,0.5,2.18,0.0,13.58
CMT,2009-04-11 13:55:12,2009-04-11 14:09:27,2,1.2,-74.000996,40.757428,,0,-73.985986,40.757311,Cash,8.5,0.0,,0.0,0.0,8.5
VTS,2014-10-18 17:30:00,2014-10-18 17:42:00,3,2.31,-73.95267,40.7783,1.0,,-73.98048,40.77002,CSH,10.5,0.0,0.5,0.0,0.0,11.0
VTS,2013-11-12 15:38:00,2013-11-12 16:07:00,1,15.88,-73.864732,40.770732,1.0,,-73.900235,40.628252,CSH,43.0,0.0,0.5,0.0,0.0,43.5
CMT,2010-04-11 19:56:49,2010-04-11 20:13:09,1,1.4,-73.997028,40.737205,1.0,0,-73.995146,40.722606,Cas,9.7,0.0,0.5,0.0,0.0,10.2
VTS,2010-11-18 10:45:00,2010-11-18 10:52:00,1,2.05,-73.974727,40.742037,1.0,,-73.955265,40.765625,CSH,7.3,0.0,0.5,0.0,0.0,7.8
VTS,2011-02-08 12:24:00,2011-02-08 12:43:00,1,6.96,-74.012928,40.705483,1.0,,-73.969755,40.766125,CSH,18.9,0.0,0.5,0.0,0.0,19.4
CMT,2010-11-13 21:00:11,2010-11-13 21:02:41,1,0.5,-73.957263,40.774378,1.0,N,-73.960478,40.769645,CSH,3.7,0.5,0.5,0.0,0.0,4.7
VTS,2014-07-23 14:06:00,2014-07-23 14:27:00,1,2.7,-73.977588,40.789272,1.0,,-73.96746,40.761967,CRD,15.5,0.0,0.5,5.0,0.0,21.0
VTS,2009-03-06 21:35:00,2009-03-06 21:49:00,2,2.59,-73.868237,40.769072,,,-73.86648,40.752725,CASH,10.1,0.5,,0.0,0.0,10.6
CMT,2013-09-26 06:52:57,2013-09-26 06:58:14,1,0.6,-73.980553,40.748087,1.0,N,-73.97635,40.75589,CRD,5.5,0.0,0.5,1.0,0.0,7.0
CMT,2009-06-15 20:33:29,2009-06-15 20:36:18,2,0.6,-73.982007,40.765273,,0,-73.984866,40.758658,Cash,3.7,0.0,,0.0,0.0,3.7
VTS,2012-02-02 09:49:00,2012-02-02 09:54:00,1,0.7,-73.974785,40.790315,1.0,,-73.974948,40.785388,CSH,4.5,0.0,0.5,0.0,0.0,5.0
VTS,2011-08-04 20:34:00,2011-08-04 20:56:00,5,5.15,-73.986785,40.740128,1.0,,-73.942922,40.721842,CSH,16.1,0.5,0.5,0.0,0.0,17.1
1,2015-07-15 18:13:56,2015-07-15 18:18:30,2,0.8,-73.9830093383789,40.77151107788086,1.0,N,-73.9854736328125,40.763145446777344,1,5.5,1.0,0.5,1.46,0.0,0.3
1,2015-11-02 17:16:07,2015-11-02 17:47:45,1,2.8,-73.96188354492188,40.77954864501953,1.0,N,-73.99151611328125,40.75001525878906,2,20.5,1.0,0.5,0.0,0.0,0.3
VTS,2009-07-19 05:09:00,2009-07-19 05:14:00,5,1.11,-73.999955,40.738335,,,-73.994452,40.750652,Credit,4.9,0.5,,1.0,0.0,6.4
VTS,2014-12-10 09:17:00,2014-12-10 09:30:00,1,1.75,-74.006448,40.743207,1.0,,-73.99711,40.726427,CRD,10.0,0.0,0.5,2.0,0.0,12.5
CMT,2013-11-17 11:16:00,2013-11-17 11:45:06,1,17.0,-73.797763,40.644893,2.0,N,-73.975105,40.765128,CRD,52.0,0.0,0.5,8.0,5.33,65.83
CMT,2014-11-04 22:59:52,2014-11-04 23:20:46,1,4.3,-73.983844,40.761749,1.0,N,-74.009142,40.710165,CRD,17.0,0.5,0.5,2.0,0.0,20.0
VTS,2009-12-23 20:13:00,2009-12-23 20:19:00,1,1.55,-73.95523,40.769037,,,-73.971552,40.782017,CASH,6.1,0.5,0.5,0.0,0.0,7.1
VTS,2012-02-22 00:57:00,2012-02-22 01:03:00,1,1.53,-73.982512,40.7601,1.0,,-73.994757,40.755565,CRD,6.1,0.5,0.5,2.5,0.0,9.6
CMT,2010-06-07 20:25:53,2010-06-07 20:36:52,1,2.3,-73.987803,40.770122,1.0,0,-73.954484,40.76964,Cas,8.9,0.5,0.5,0.0,0.0,9.9
2,2016-06-04 06:45:05,2016-06-04 06:56:48,2,2.1,-73.9548110961914,40.76572036743164,1.0,N,-73.98169708251953,40.76707077026367,1,10.0,0.0,0.5,2.16,0.0,0.3
CMT,2011-07-10 22:53:02,2011-07-10 23:05:32,0,2.0,-73.9753,40.733,1.0,N,-73.991,40.7505,CRD,8.9,0.5,0.5,1.0,0.0,10.9
CMT,2010-03-08 01:26:19,2010-03-08 01:35:56,1,3.0,-73.955096,40.72036,1.0,0,-73.975762,40.697506,Cas,9.3,0.5,0.5,0.0,0.0,10.3
VTS,2013-08-20 10:34:00,2013-08-20 10:53:00,1,9.75,-73.975402,40.761477,1.0,,-73.87082,40.773995,CRD,28.0,0.0,0.5,5.6,5.33,39.43
CMT,2013-06-22 03:15:43,2013-06-22 03:25:46,2,3.0,-73.977571,40.762854,1.0,N,-73.962837,40.796923,CSH,11.5,0.5,0.5,0.0,0.0,12.5
CMT,2014-06-03 09:24:54,2014-06-03 09:35:45,1,0.8,-73.989877,40.77203,1.0,N,-73.978584,40.765111,CRD,8.0,0.0,0.5,1.5,0.0,10.0
VTS,2013-03-23 00:46:00,2013-03-23 00:57:00,4,1.82,-73.988022,40.73188,1.0,,-73.994152,40.745952,CRD,9.5,0.5,0.5,2.5,0.0,13.0
VTS,2013-04-02 22:33:00,2013-04-02 22:46:00,1,2.03,-73.984508,40.759928,1.0,,-73.967213,40.76984,CRD,10.5,0.5,0.5,1.0,0.0,12.5
CMT,2012-03-04 13:09:54,2012-03-04 13:26:37,1,3.5,-74.014794,40.709892,1.0,N,-73.989982,40.74827,CSH,12.1,0.0,0.5,0.0,0.0,12.6
VTS,2012-12-14 04:56:00,2012-12-14 05:00:00,1,2.01,-73.975158,40.761687,1.0,,-73.990295,40.737887,CRD,7.5,0.5,0.5,1.0,0.0,9.5
VTS,2014-06-01 00:47:00,2014-06-01 00:54:00,1,1.2,-74.003997,40.75096,1.0,,-74.008257,40.737065,CRD,7.0,0.5,0.5,1.5,0.0,9.5
CMT,2011-01-16 13:18:00,2011-01-16 13:40:13,4,7.5,-73.984281,40.759478,1.0,N,-73.954557,40.823359,CRD,20.1,0.0,0.5,0.5,0.0,21.1
VTS,2010-10-21 13:37:00,2010-10-21 13:52:00,1,1.55,-73.996247,40.748512,1.0,,-73.983953,40.733555,CSH,8.9,0.0,0.5,0.0,0.0,9.4
DDS,2009-06-14 15:47:59,2009-06-14 15:53:25,1,1.4,-74.016883,40.706,,,-74.009729,40.724153,CASH,5.7,0.0,,0.0,0.0,5.7
VTS,2009-09-19 13:20:00,2009-09-19 13:38:00,6,2.76,-73.989592,40.756517,,,-73.964517,40.79184,CASH,11.7,0.0,,0.0,0.0,11.7
CMT,2011-07-25 15:30:07,2011-07-25 15:41:38,1,2.4,-73.976175,40.744506,1.0,N,-74.00565,40.736966,CSH,8.9,0.0,0.5,0.0,0.0,9.4
VTS,2013-07-19 22:58:00,2013-07-19 23:17:00,5,3.91,-73.974125,40.76039,1.0,,-73.990427,40.717945,CRD,16.0,0.5,0.5,3.3,0.0,20.3
CMT,2013-02-26 21:11:29,2013-02-26 21:22:14,2,2.1,-73.983865,40.732781,1.0,N,-74.008065,40.718029,CRD,9.5,0.5,0.5,1.0,0.0,11.5
VTS,2013-08-13 22:52:00,2013-08-13 23:04:00,5,1.49,-73.983777,40.759572,1.0,,-73.969967,40.75297,CSH,9.5,0.5,0.5,0.0,0.0,10.5
VTS,2009-08-28 01:16:00,2009-08-28 01:24:00,1,2.39,-73.976148,40.748468,,,-73.989157,40.721838,CASH,8.1,0.5,,0.0,0.0,8.6
CMT,2014-02-11 08:16:11,2014-02-11 08:26:02,1,0.5,-73.975664,40.754136,1.0,N,-73.981979,40.759604,CRD,7.5,0.0,0.5,1.6,0.0,9.6
CMT,2011-08-29 05:15:51,2011-08-29 05:26:01,1,3.0,-73.891637,40.74683,1.0,N,-73.94477,40.741632,CSH,9.7,0.5,0.5,0.0,0.0,10.7
VTS,2011-06-03 09:07:00,2011-06-03 09:15:00,5,1.48,-74.033097,40.715705,1.0,,-74.049765,40.703573,CRD,6.5,0.0,0.5,1.0,0.0,8.0
CMT,2010-01-21 15:51:38,2010-01-21 15:55:02,1,1.2,-74.007658,40.742856,1.0,0,-73.993411,40.748984,Cas,4.9,0.0,0.5,0.0,0.0,5.4
VTS,2011-01-10 23:40:00,2011-01-10 23:50:00,1,6.37,-73.874453,40.774035,1.0,,-73.940833,40.726658,CRD,15.3,0.5,0.5,4.74,0.0,21.04
2,2016-02-02 18:38:18,2016-02-02 19:05:29,1,4.52,-73.98722076416016,40.77626037597656,1.0,N,-73.98605346679688,40.727882385253906,1,19.5,1.0,0.5,4.26,0.0,0.3
VTS,2014-04-19 01:24:00,2014-04-19 01:29:00,6,1.09,-73.944718,40.791492,1.0,,-73.954727,40.780645,CSH,5.5,0.5,0.5,0.0,0.0,6.5
2,2015-11-13 14:19:12,2015-11-13 14:52:23,1,8.91,-73.9425277709961,40.8411979675293,1.0,N,-73.97126770019531,40.74620056152344,1,30.5,0.0,0.5,3.0,0.0,0.3
2,2016-03-08 12:18:33,2016-03-08 12:29:46,1,1.69,-73.9945068359375,40.74565887451172,1.0,N,-73.99469757080078,40.72608184814453,2,9.0,0.0,0.5,0.0,0.0,0.3
CMT,2014-07-13 09:22:52,2014-07-13 09:31:34,2,1.9,-73.984452,40.739975,1.0,N,-73.990053,40.75671,CSH,8.5,0.0,0.5,0.0,0.0,9.0
VTS,2011-12-07 14:19:00,2011-12-07 14:38:00,1,3.41,-73.968273,40.76224,1.0,,-73.949747,40.762347,CRD,11.3,0.0,0.5,3.0,0.0,14.8
CMT,2009-02-14 23:50:45,2009-02-14 23:58:48,1,1.7,-73.963444,40.772303,,0,-73.983434,40.778256,Credit,7.8,0.0,,2.0,0.0,9.8
2,2015-09-11 16:52:08,2015-09-11 17:05:48,6,1.42,-73.94436645507812,40.75032043457031,1.0,N,-73.94436645507812,40.75032043457031,1,10.0,1.0,0.5,3.54,0.0,0.3
CMT,2013-06-14 07:12:44,2013-06-14 07:50:25,1,18.6,-73.782245,40.644727,1.0,N,-73.970387,40.636683,CSH,52.5,0.0,0.5,0.0,0.0,53.0
VTS,2012-05-11 09:42:00,2012-05-11 09:48:00,1,0.8,-73.960177,40.77336,1.0,,-73.966768,40.764135,CSH,4.9,0.0,0.5,0.0,0.0,5.4
VTS,2009-06-21 17:40:00,2009-06-21 17:48:00,1,1.31,-73.993097,40.762937,,,-73.97787,40.753165,CASH,5.7,0.0,,0.0,0.0,5.7
VTS,2013-02-24 01:13:00,2013-02-24 01:16:00,1,0.55,-73.978257,40.74579,1.0,,-73.97538,40.750162,CRD,4.0,0.5,0.5,1.12,0.0,6.12
VTS,2013-12-31 18:50:00,2013-12-31 19:08:00,6,2.08,-73.96924,40.76184,1.0,,-73.9936,40.758382,CSH,12.5,1.0,0.5,0.0,0.0,14.0
1,2015-08-30 19:37:59,2015-08-30 19:59:47,3,5.1,-74.01203155517578,40.72013473510742,1.0,N,-73.9769058227539,40.76483917236328,2,19.0,0.0,0.5,0.0,0.0,0.3
2,2016-01-11 17:49:23,2016-01-11 17:54:32,1,0.53,-73.99279022216797,40.7470703125,1.0,N,-73.98466491699219,40.743385314941406,1,5.0,1.0,0.5,1.0,0.0,0.3
2,2016-02-01 20:59:37,2016-02-01 21:06:13,1,0.88,-74.00727844238281,40.732967376708984,1.0,N,-74.01087951660156,40.7236213684082,2,6.0,0.5,0.5,0.0,0.0,0.3
VTS,2011-03-07 09:37:00,2011-03-07 09:58:00,2,4.02,-73.960582,40.761388,1.0,,-74.002212,40.734503,CRD,13.7,0.0,0.5,1.5,0.0,15.7
CMT,2010-05-09 00:34:54,2010-05-09 00:59:29,1,8.7,-73.981934,40.765788,1.0,0,-73.994106,40.68501,Cre,21.7,0.5,0.5,3.4,0.0,26.1
CMT,2009-09-16 21:45:38,2009-09-16 22:09:32,1,4.8,-73.987106,40.759933,,0,-73.985481,40.760487,Credit,16.1,0.0,,2.49,0.0,18.59
CMT,2012-03-24 22:20:52,2012-03-24 22:34:59,1,2.8,-73.98895,40.727057,1.0,N,-74.014284,40.704406,CSH,10.1,0.5,0.5,0.0,0.0,11.1
2,2016-03-30 16:01:43,2016-03-30 16:04:37,2,0.68,-74.00628662109375,40.73361587524414,1.0,N,-73.99885559082031,40.74473190307617,2,4.5,1.0,0.5,0.0,0.0,0.3
CMT,2012-04-28 12:44:16,2012-04-28 12:55:35,2,1.4,-73.992607,40.720673,1.0,N,-74.001125,40.708738,CRD,7.7,0.0,0.5,2.05,0.0,10.25
CMT,2010-06-23 18:58:47,2010-06-23 19:07:34,2,2.3,-73.954813,40.78909,1.0,0,-73.982275,40.772714,Cas,8.1,1.0,0.5,0.0,0.0,9.6
VTS,2011-11-19 03:43:00,2011-11-19 03:56:00,2,3.62,-73.943243,40.714745,1.0,,-73.963583,40.674683,CRD,11.3,0.5,0.5,1.7,0.0,14.0
VTS,2013-06-07 09:31:00,2013-06-07 09:44:00,3,1.77,-73.972955,40.758732,1.0,,-73.962037,40.778907,CRD,10.5,0.0,0.5,2.1,0.0,13.1
CMT,2012-08-03 23:24:14,2012-08-03 23:24:57,1,0.0,-73.975603,40.741438,5.0,N,-73.975603,40.741438,CRD,11.5,0.0,0.0,1.0,0.0,12.5
2,2016-05-15 23:32:43,2016-05-15 23:45:37,1,2.33,-73.98873901367188,40.7269401550293,1.0,N,-73.98069763183594,40.729942321777344,2,9.5,0.5,0.5,0.0,0.0,0.3
CMT,2013-05-15 23:49:07,2013-05-16 00:01:02,1,5.1,-73.981242,40.782032,1.0,N,-73.963583,40.754817,CRD,11.5,0.5,0.5,3.1,0.0,15.6
CMT,2011-12-05 09:17:39,2011-12-05 09:24:42,1,0.8,-73.990212,40.751485,1.0,N,-73.979838,40.74686,CRD,5.3,0.0,0.5,1.16,0.0,6.96
CMT,2010-08-06 00:26:16,2010-08-06 00:36:57,1,1.9,-73.951103,40.776843,1.0,N,-73.971008,40.75892,CSH,8.1,0.5,0.5,0.0,0.0,9.1
1,2016-06-15 17:45:30,2016-06-15 18:31:32,1,5.2,-73.99966430664062,40.71833038330078,1.0,N,-73.98033142089844,40.7772216796875,1,28.0,1.0,0.5,5.95,0.0,0.3
CMT,2014-11-28 23:46:48,2014-11-28 23:53:33,4,1.9,-73.986135,40.762249,1.0,N,-73.963615,40.774426,CSH,8.0,0.5,0.5,0.0,0.0,9.0
CMT,2012-02-02 15:26:59,2012-02-02 15:37:41,1,1.5,-73.962038,40.776232,1.0,N,-73.967745,40.757505,CRD,7.7,0.0,0.5,1.64,0.0,9.84
VTS,2009-05-15 20:55:00,2009-05-15 21:07:00,5,1.65,-73.997477,40.743115,,,-73.995918,40.725923,Credit,8.1,0.5,,2.0,0.0,10.6
1,2015-10-20 12:45:25,2015-10-20 12:58:10,1,0.8,-73.97464752197266,40.75111389160156,1.0,N,-73.9854507446289,40.75786209106445,2,9.0,0.0,0.5,0.0,0.0,0.3
2,2015-07-08 11:05:10,2015-07-08 11:22:46,1,4.62,-74.00518798828125,40.70710754394531,1.0,N,-73.9815444946289,40.746299743652344,2,17.0,0.0,0.5,0.0,0.0,0.3
CMT,2013-12-18 22:59:44,2013-12-18 23:05:18,1,0.4,-73.989991,40.719789,1.0,N,-73.98681,40.725559,CRD,5.5,0.5,0.5,1.0,0.0,7.5
CMT,2010-10-28 03:15:25,2010-10-28 03:17:11,1,0.3,-73.988747,40.763974,1.0,N,-73.989401,40.760346,CSH,3.3,0.5,0.5,0.0,0.0,4.3
CMT,2010-09-29 15:08:14,2010-09-29 15:36:27,2,3.7,-73.948536,40.780741,1.0,N,-73.990106,40.754755,CRD,16.1,0.0,0.5,2.0,0.0,18.6
VTS,2009-09-01 23:47:00,2009-09-02 00:04:00,1,4.24,-73.987768,40.75953,,,-73.941153,40.793465,CASH,12.5,0.5,,0.0,0.0,13.0
VTS,2013-06-30 08:40:00,2013-06-30 08:45:00,1,1.8,-73.99966,40.72967,1.0,,-73.990677,40.75024,CSH,7.0,0.0,0.5,0.0,0.0,7.5
VTS,2009-02-17 21:09:00,2009-02-17 21:13:00,1,1.12,-73.978722,40.778408,,,-73.976285,40.79068,CASH,4.9,0.5,,0.0,0.0,5.4
CMT,2010-03-22 21:25:34,2010-03-22 21:28:38,2,0.6,-73.991986,40.742132,1.0,0,-73.982188,40.742041,Cas,4.1,0.5,0.5,0.0,0.0,5.1
VTS,2009-07-01 19:20:00,2009-07-01 19:26:00,5,1.98,-73.974645,40.758142,,,-73.955493,40.78325,CASH,7.3,1.0,,0.0,0.0,8.3
CMT,2011-12-31 01:57:57,2011-12-31 02:01:08,1,0.9,-74.004975,40.728617,1.0,N,-74.00259,40.739517,CSH,4.5,0.5,0.5,0.0,0.0,5.5
CMT,2010-09-18 10:18:28,2010-09-18 10:23:48,1,1.1,-74.000607,40.727283,1.0,N,-73.999295,40.678208,CRD,5.3,0.0,0.5,1.16,0.0,6.96
CMT,2013-01-10 19:29:00,2013-01-10 19:41:01,1,3.4,-73.981522,40.675181,1.0,N,-73.930526,40.675506,CRD,12.5,1.0,0.5,2.8,0.0,16.8
VTS,2012-03-27 20:15:00,2012-03-27 20:27:00,1,2.77,-73.956145,40.775925,1.0,,-73.986817,40.76644,CRD,10.5,0.5,0.5,0.5,0.0,12.0
VTS,2014-09-20 19:40:00,2014-09-20 20:08:00,2,6.26,-73.93512,40.800702,1.0,,-73.978245,40.72617,CSH,23.5,0.0,0.5,0.0,0.0,24.0
VTS,2013-04-09 12:35:00,2013-04-09 12:45:00,1,1.5,-73.98126,40.744407,1.0,,-73.995397,40.729857,CRD,8.5,0.0,0.5,1.0,0.0,10.0
CMT,2011-12-17 19:06:36,2011-12-17 19:25:46,1,2.5,-73.987553,40.748689,1.0,N,-73.96216,40.767696,CSH,11.7,0.0,0.5,0.0,0.0,12.2
VTS,2012-07-18 11:22:00,2012-07-18 11:40:00,5,1.96,-73.985382,40.731722,1.0,,-73.980083,40.752167,CSH,10.1,0.0,0.5,0.0,0.0,10.6
CMT,2011-03-23 19:15:09,2011-03-23 19:26:41,1,1.3,-73.99148,40.735192,1.0,N,-73.99213,40.748882,CSH,7.7,1.0,0.5,0.0,0.0,9.2
CMT,2009-06-22 21:25:13,2009-06-22 21:52:53,1,8.2,-73.978139,40.752094,,0,-73.957872,40.731701,Cash,22.9,0.0,,0.0,0.0,22.9
CMT,2014-03-11 07:00:45,2014-03-11 07:14:29,1,3.7,-73.970477,40.788916,1.0,N,-73.979672,40.746273,CRD,14.5,0.0,0.5,3.0,0.0,18.0
CMT,2012-08-14 22:08:28,2012-08-14 22:13:42,2,1.7,-73.99864,40.745243,1.0,Y,-73.989942,40.762673,CRD,6.1,0.5,0.5,1.42,0.0,8.52
VTS,2010-06-02 19:14:00,2010-06-02 19:25:00,1,2.68,-73.99304,40.757743,1.0,,-74.001452,40.726248,CAS,9.3,1.0,0.5,0.0,0.0,10.8
CMT,2012-02-02 17:08:46,2012-02-02 17:21:58,2,2.4,-73.991227,40.738867,1.0,N,-73.996166,40.763748,CRD,9.3,1.0,0.5,22.0,0.0,32.8
VTS,2009-03-18 16:45:00,2009-03-18 16:46:00,5,0.0,-73.983032,40.763012,,,-73.982872,40.763208,Credit,45.0,0.0,,5.0,0.0,50.0
CMT,2009-11-22 13:51:09,2009-11-22 14:02:39,1,2.5,-74.00388,40.725609,,0,-73.978738,40.752606,Cash,8.9,0.0,0.5,0.0,0.0,9.4
CMT,2014-01-26 09:52:35,2014-01-26 10:00:51,1,1.8,-73.966965,40.793663,1.0,N,-73.956776,40.777829,CSH,8.5,0.0,0.5,0.0,0.0,9.0
CMT,2012-03-12 14:17:10,2012-03-12 14:37:50,1,3.1,-73.976672,40.765186,1.0,N,-73.986469,40.729639,CRD,12.9,0.0,0.5,2.68,0.0,16.08
VTS,2009-10-24 00:28:00,2009-10-24 00:54:00,2,7.14,-74.005152,40.718407,,,-73.96629,40.807707,Credit,20.5,0.5,,4.2,0.0,25.2
1,2015-10-30 11:54:06,2015-10-30 12:07:35,1,1.8,-73.94019317626953,40.750274658203125,1.0,N,-73.92179870605469,40.76017761230469,2,10.5,0.0,0.5,0.0,0.0,0.3
CMT,2010-09-25 11:48:03,2010-09-25 11:58:48,1,1.3,-73.961781,40.764254,1.0,N,-73.981,40.765481,CSH,7.3,0.0,0.5,0.0,0.0,7.8
VTS,2009-04-05 03:58:00,2009-04-05 04:08:00,1,2.19,-73.947505,40.77948,,,-73.971937,40.793,Credit,8.5,0.5,,2.0,0.0,11.0
VTS,2013-04-13 22:42:00,2013-04-13 22:50:00,1,1.3,-73.985868,40.758217,1.0,,-73.99131,40.735092,CRD,7.5,0.5,0.5,1.5,0.0,10.0
VTS,2013-06-16 02:19:00,2013-06-16 02:29:00,1,2.48,-74.00265,40.73949,1.0,,-73.971323,40.748595,CRD,10.0,0.5,0.5,1.0,0.0,12.0
CMT,2009-08-18 11:38:50,2009-08-18 11:58:14,1,2.6,-73.994209,40.751136,,0,-73.96541,40.762496,Credit,11.7,0.0,,4.0,0.0,15.7
CMT,2010-04-19 09:57:33,2010-04-19 10:07:50,1,1.5,-73.963437,40.770885,1.0,0,-73.969635,40.753615,Cas,6.9,0.0,0.5,0.0,0.0,7.4
CMT,2009-06-10 13:19:37,2009-06-10 13:47:02,2,2.6,-73.990276,40.737158,,0,-73.980747,40.76501,Cash,14.5,0.0,,0.0,0.0,14.5
VTS,2010-12-21 21:27:00,2010-12-21 21:43:00,1,4.77,-73.986223,40.77747,1.0,,-73.934138,40.80161,CSH,12.9,0.5,0.5,0.0,0.0,13.9
CMT,2009-05-20 15:28:52,2009-05-20 15:42:33,3,1.0,-73.951961,40.769504,,0,-73.963449,40.761687,Cash,8.1,0.0,,0.0,0.0,8.1
1,2015-05-16 03:29:33,2015-05-16 03:35:37,3,1.1,-73.99183654785156,40.735252380371094,1.0,N,-73.97786712646484,40.72681427001953,1,6.5,0.5,0.5,1.0,0.0,0.3
VTS,2009-12-07 19:59:00,2009-12-07 20:09:00,1,2.09,-73.989493,40.752663,,,-73.961947,40.755632,Credit,7.7,1.0,0.5,1.0,0.0,10.2
CMT,2013-10-18 07:12:57,2013-10-18 07:30:24,1,5.4,-74.00727,40.704755,1.0,N,-73.991752,40.749987,CRD,19.0,0.0,0.5,1.95,0.0,21.45
VTS,2011-10-18 11:20:00,2011-10-18 11:29:00,1,0.7,-74.009687,40.714987,1.0,,-74.00644,40.708147,CSH,5.7,0.0,0.5,0.0,0.0,6.2
VTS,2009-10-02 23:57:00,2009-10-03 00:19:00,1,5.61,-73.955195,40.780792,,,-74.008752,40.743227,CASH,16.5,0.5,,0.0,0.0,17.0
2,2015-10-29 14:45:12,2015-10-29 14:53:51,1,1.19,-74.00125885009766,40.756736755371094,1.0,N,-74.00755310058594,40.74306869506836,2,7.5,0.0,0.5,0.0,0.0,0.3
VTS,2009-06-07 12:23:00,2009-06-07 12:46:00,3,2.34,-73.987148,40.761282,,,-73.974438,40.743148,CASH,12.5,0.0,,0.0,0.0,12.5
VTS,2012-09-04 17:33:00,2012-09-04 18:29:00,1,17.91,-73.790943,40.645347,2.0,,-73.99574,40.739325,CSH,52.0,0.0,0.5,0.0,4.8,57.3
VTS,2014-07-14 11:06:00,2014-07-14 11:18:00,6,1.63,-74.00711,40.72793,1.0,,-74.011292,40.709307,CRD,9.5,0.0,0.5,2.85,0.0,12.85
VTS,2010-03-14 00:37:00,2010-03-14 00:45:00,5,2.37,-73.995135,40.74482,1.0,,-73.966138,40.754715,CRD,7.7,0.5,0.5,2.0,0.0,10.7
CMT,2011-02-27 02:12:47,2011-02-27 02:16:07,1,0.4,-73.984611,40.736673,1.0,N,-73.980688,40.742278,CSH,3.7,0.5,0.5,0.0,0.0,4.7
CMT,2012-07-09 14:29:11,2012-07-09 14:45:54,1,2.0,-73.973894,40.752951,1.0,N,-73.990315,40.741688,CSH,9.7,0.0,0.5,0.0,0.0,10.2
CMT,2012-09-23 05:42:45,2012-09-23 05:44:34,1,0.1,-73.955538,40.768413,1.0,N,-73.957664,40.76945,CSH,3.0,0.5,0.5,0.0,0.0,4.0
CMT,2009-01-19 13:14:33,2009-01-19 13:19:39,2,0.6,-73.994969,40.740795,,,-73.986977,40.743083,Cash,4.5,0.0,,0.0,0.0,4.5
CMT,2009-10-12 19:30:42,2009-10-12 19:38:43,3,1.6,-73.987098,40.75949,,0,-73.967642,40.766912,Cash,6.9,0.0,,0.0,0.0,6.9
CMT,2012-02-21 05:49:17,2012-02-21 05:55:57,1,2.7,-73.977542,40.752089,1.0,N,-74.006753,40.730501,CSH,7.7,0.5,0.5,0.0,0.0,8.7
CMT,2012-01-24 18:17:31,2012-01-24 18:31:50,1,1.2,-73.980262,40.743045,1.0,N,-73.993507,40.754873,CRD,8.5,1.0,0.5,0.0,0.0,10.0
VTS,2013-05-24 01:04:00,2013-05-24 01:26:00,5,6.58,-73.992282,40.745007,1.0,,-73.986105,40.665505,CRD,22.0,0.5,0.5,4.5,0.0,27.5
CMT,2013-05-06 14:32:18,2013-05-06 14:48:54,1,1.5,-73.973218,40.74819,1.0,N,-74.004537,40.725465,CSH,13.5,0.0,0.5,0.0,0.0,14.0
1,2015-01-30 19:30:39,2015-01-30 19:47:21,1,3.1,-73.95710754394531,40.77055358886719,1.0,N,-73.9560546875,40.744606018066406,2,14.0,1.0,0.5,0.0,0.0,0.3
VTS,2009-05-15 10:45:00,2009-05-15 10:57:00,1,2.29,-73.981588,40.732557,,,-73.977122,40.75796,Credit,8.9,0.0,,3.0,0.0,11.9
VTS,2014-12-05 07:22:00,2014-12-05 07:27:00,2,1.24,-73.95606,40.77598,1.0,,-73.954262,40.766182,CSH,6.5,0.0,0.5,0.0,0.0,7.0
CMT,2010-03-05 23:45:50,2010-03-06 00:02:34,1,9.2,-73.988984,40.718665,1.0,0,-73.839852,40.72007,Cas,21.7,0.5,0.5,0.0,0.0,22.7
VTS,2009-03-28 14:17:00,2009-03-28 14:18:00,1,0.0,-73.786373,40.639077,,,-73.786373,40.639077,Credit,45.0,0.0,,5.0,4.15,54.15
CMT,2010-10-29 07:50:45,2010-10-29 07:53:58,2,1.0,-73.981149,40.742095,1.0,N,-73.988013,40.733701,CRD,4.5,0.0,0.5,0.0,0.0,5.0
VTS,2010-02-08 08:48:00,2010-02-08 09:03:00,1,5.37,-74.006945,40.704018,1.0,,-73.96779,40.758618,CSH,14.9,0.0,0.5,0.0,0.0,15.4
2,2016-01-28 00:53:26,2016-01-28 00:58:41,4,1.29,-73.94470977783203,40.716590881347656,1.0,N,-73.95796966552734,40.72185134887695,2,6.0,0.5,0.5,0.0,0.0,0.3
VTS,2012-07-01 15:00:00,2012-07-01 15:12:00,1,2.27,-73.97761,40.7504,1.0,,-73.990323,40.723387,CRD,8.9,0.0,0.5,1.78,0.0,11.18
CMT,2012-10-15 04:45:35,2012-10-15 04:49:09,1,0.9,-73.981147,40.741535,1.0,N,-73.975817,40.733256,CSH,5.0,0.5,0.5,0.0,0.0,6.0
1,2015-06-04 17:36:35,2015-06-04 17:50:41,1,1.7,-74.00186920166016,40.72197723388672,1.0,N,-73.98063659667969,40.73427200317383,1,10.5,1.0,0.5,1.5,0.0,0.3
2,2016-01-13 09:44:35,2016-01-13 09:55:56,1,0.9,-74.00337982177734,40.74864959716797,1.0,N,-73.99279022216797,40.746299743652344,1,8.0,0.0,0.5,1.2,0.0,0.3
2,2016-02-22 20:06:50,2016-02-22 20:14:59,1,2.03,-73.9805679321289,40.7695426940918,1.0,N,-73.96662902832031,40.79353332519531,1,9.0,0.5,0.5,1.0,0.0,0.3
VTS,2011-10-13 06:45:00,2011-10-13 06:52:00,1,2.18,-73.951392,40.777843,1.0,,-73.970827,40.795943,CSH,7.3,0.0,0.5,0.0,0.0,7.8
VTS,2009-10-30 22:09:00,2009-10-30 22:17:00,2,0.9,-73.982913,40.759252,,,-73.984415,40.766315,CASH,5.7,0.5,,0.0,0.0,6.2
CMT,2014-01-06 11:51:48,2014-01-06 11:57:24,4,0.9,-73.983265,40.738767,1.0,N,-73.98798,40.747502,CRD,5.5,0.0,0.5,1.0,0.0,7.0
CMT,2014-04-05 20:49:58,2014-04-05 20:56:39,1,0.7,-73.954079,40.764186,1.0,N,-73.963779,40.761489,CSH,6.0,0.5,0.5,0.0,0.0,7.0
2,2016-05-14 00:48:08,2016-05-14 00:56:33,5,1.76,-74.00706481933594,40.70722579956055,1.0,N,-74.00535583496094,40.7283935546875,1,8.0,0.5,0.5,1.86,0.0,0.3
CMT,2010-08-13 02:16:46,2010-08-13 02:23:27,1,1.4,-73.990537,40.724807,1.0,N,-73.956008,40.806137,CSH,6.1,0.5,0.5,0.0,0.0,7.1
VTS,2012-04-18 18:16:00,2012-04-18 18:34:00,2,3.36,-73.974382,40.761547,1.0,,-73.974382,40.761547,CSH,12.5,1.0,0.5,0.0,0.0,14.0
VTS,2012-12-02 03:14:00,2012-12-02 03:25:00,1,2.16,-73.985185,40.763437,1.0,,-73.97563,40.786917,CSH,10.0,0.5,0.5,0.0,0.0,11.0
CMT,2010-02-15 20:20:49,2010-02-15 20:42:46,1,10.4,-73.870519,40.77354,1.0,0,-73.976037,40.765749,CAS,24.1,0.5,0.5,0.0,4.57,29.67
CMT,2011-10-09 14:14:27,2011-10-09 14:32:45,3,4.8,-73.991398,40.717359,1.0,N,-73.961025,40.661078,CRD,14.9,0.0,0.5,2.0,0.0,17.4
VTS,2012-05-23 14:47:00,2012-05-23 15:06:00,1,2.4,-73.977332,40.738217,1.0,,-73.963367,40.767087,CSH,11.3,0.0,0.5,0.0,0.0,11.8
VTS,2013-04-02 07:20:00,2013-04-02 07:47:00,1,19.49,-73.77669,40.64526,1.0,,-74.004912,40.61581,CSH,52.0,0.0,0.5,0.0,0.0,52.5
1,2016-05-08 17:08:23,2016-05-08 17:49:51,2,11.0,-73.86393737792969,40.76983642578125,1.0,N,-73.98600006103516,40.722412109375,1,36.0,0.0,0.5,10.0,5.54,0.3
2,2016-03-03 15:47:33,2016-03-03 16:21:13,6,5.74,-74.01783752441406,40.706024169921875,1.0,N,-73.97840118408203,40.76105880737305,1,25.0,0.0,0.5,3.33,0.0,0.3
CMT,2013-01-17 21:07:10,2013-01-17 21:29:09,1,12.0,-73.871001,40.773788,1.0,N,-74.005814,40.717822,CRD,34.5,0.5,0.5,7.1,0.0,42.6
CMT,2013-05-19 02:17:46,2013-05-19 02:20:50,1,0.4,-73.991578,40.744714,1.0,N,-73.98508,40.742779,CRD,4.0,0.5,0.5,1.0,0.0,6.0
VTS,2013-12-05 13:02:00,2013-12-05 13:23:00,1,1.22,-73.994012,40.751065,1.0,,-73.977947,40.753772,CRD,13.0,0.0,0.5,2.6,0.0,16.1
VTS,2014-04-01 15:58:00,2014-04-01 16:12:00,1,3.04,-73.9645,40.772982,1.0,,-73.96781,40.80531,CRD,12.0,0.0,0.5,2.4,0.0,14.9
VTS,2010-09-22 06:02:00,2010-09-22 06:11:00,1,2.97,-74.006198,40.734108,1.0,,-73.972548,40.75966,CSH,8.9,0.0,0.5,0.0,0.0,9.4
CMT,2011-08-08 22:25:43,2011-08-08 22:28:44,1,0.8,-73.993024,40.747219,1.0,N,-73.985102,40.753523,CSH,4.1,0.5,0.5,0.0,0.0,5.1
1,2016-03-09 22:24:16,2016-03-09 22:41:33,1,4.4,-73.98994445800781,40.734046936035156,1.0,N,-73.94670104980469,40.78057098388672,1,16.0,0.5,0.5,1.73,0.0,0.3
2,2016-01-11 19:41:43,2016-01-11 19:45:12,1,0.66,-73.98381042480469,40.729530334472656,1.0,N,-73.99105834960938,40.73495101928711,1,4.5,1.0,0.5,0.0,0.0,0.3
VTS,2009-03-05 18:26:00,2009-03-05 18:32:00,5,1.18,-73.983343,40.74442,,,-73.985667,40.731432,Credit,5.3,1.0,,2.0,0.0,8.3
VTS,2010-06-27 03:56:00,2010-06-27 04:21:00,1,0.78,-74.004185,40.747857,1.0,,-73.951315,40.660792,Cre,21.7,0.5,0.5,2.0,0.0,24.7
VTS,2012-07-11 07:55:00,2012-07-11 08:16:00,1,3.78,-73.992372,40.730752,1.0,,-74.005702,40.70521,CRD,13.3,0.0,0.5,1.0,0.0,14.8
CMT,2010-11-18 07:52:36,2010-11-18 08:01:11,1,1.3,-73.960237,40.770378,1.0,N,-73.975143,40.760039,CRD,6.9,0.0,0.5,2.0,0.0,9.4
CMT,2012-03-30 23:45:03,2012-03-30 23:46:25,1,0.3,-73.974218,40.762834,1.0,N,-73.971611,40.759508,CSH,3.3,0.5,0.5,0.0,0.0,4.3
DDS,2009-04-24 21:38:00,2009-04-24 22:06:46,1,8.9,-73.990896,40.751078,,,-74.002717,40.648975,CASH,22.9,0.5,,0.0,0.0,23.4
1,2015-09-17 22:38:52,2015-09-17 23:10:09,1,5.3,-73.99243927001953,40.74925994873047,1.0,N,-73.98407745361328,40.69621658325195,1,22.0,0.5,0.5,6.0,0.0,0.3
VTS,2013-11-26 10:28:00,2013-11-26 10:40:00,5,1.9,-73.978518,40.745065,1.0,,-74.004615,40.742107,CSH,9.5,0.0,0.5,0.0,0.0,10.0
CMT,2011-11-05 18:38:53,2011-11-05 18:47:04,1,0.4,-73.983373,40.764257,1.0,N,-73.983506,40.760456,CRD,5.7,0.0,0.5,1.24,0.0,7.44
CMT,2011-03-04 13:22:23,2011-03-04 13:29:37,1,1.0,-73.98763,40.749967,1.0,N,-73.979115,40.762853,CRD,5.7,0.0,0.5,1.8,0.0,8.0
CMT,2014-09-17 13:41:05,2014-09-17 13:55:34,1,1.0,-73.963386,40.757799,1.0,N,-73.972921,40.764429,CRD,10.0,0.0,0.5,1.5,0.0,12.0
CMT,2013-12-25 12:48:39,2013-12-25 13:03:32,2,7.0,-73.963103,40.77511,1.0,N,-74.00279,40.705695,CSH,21.0,0.0,0.5,0.0,0.0,21.5
CMT,2014-09-11 05:10:08,2014-09-11 05:33:04,2,13.2,-73.804318,40.71235,1.0,N,-73.994532,40.725825,CRD,36.5,0.5,0.5,7.5,0.0,45.0
CMT,2013-02-04 12:17:22,2013-02-04 12:25:55,1,1.1,-73.9785,40.739673,1.0,N,-73.994398,40.74667,CSH,7.0,0.0,0.5,0.0,0.0,7.5
VTS,2014-11-08 01:09:00,2014-11-08 01:19:00,1,2.24,-73.98207,40.76853,1.0,,-73.96897,40.79594,CRD,10.0,0.5,0.5,1.0,0.0,12.0
VTS,2014-12-03 23:09:00,2014-12-03 23:27:00,6,3.22,-73.980755,40.782312,1.0,,-73.944597,40.779525,CRD,14.0,0.5,0.5,2.9,0.0,17.9
2,2016-04-20 19:22:19,2016-04-20 19:30:19,2,0.9,-74.00955200195312,40.70571517944336,1.0,N,-74.00904083251953,40.71550369262695,1,6.5,1.0,0.5,0.0,0.0,0.3
CMT,2011-12-14 20:21:38,2011-12-14 20:37:26,1,3.7,-73.989268,40.748001,1.0,N,-73.972257,40.791637,CRD,11.7,0.5,0.5,1.0,0.0,13.7
1,2015-02-02 19:13:54,2015-02-02 19:22:13,1,1.2,-73.96668243408203,40.793670654296875,1.0,N,-73.97988891601562,40.78031921386719,1,7.0,1.0,0.5,1.75,0.0,0.3
CMT,2009-10-16 00:59:52,2009-10-16 01:12:32,2,4.1,-74.009366,40.706213,,0,-73.990179,40.756727,Cash,11.3,0.0,,0.0,0.0,11.3
1,2016-01-28 18:16:38,2016-01-28 18:20:12,1,0.3,-73.96977996826172,40.75278854370117,1.0,N,-73.97306060791016,40.75066375732422,1,4.0,1.0,0.5,1.0,0.0,0.3
CMT,2010-05-16 09:04:47,2010-05-16 09:10:40,1,1.1,-73.977391,40.752179,1.0,0,-73.992786,40.750773,Cas,5.7,0.0,0.5,0.0,0.0,6.2
DDS,2009-08-14 09:36:35,2009-08-14 10:02:55,2,5.0,-73.978507,40.785627,,,-73.994307,40.735078,CASH,16.9,0.0,,0.0,0.0,16.9
1,2015-10-25 11:55:20,2015-10-25 11:59:59,1,0.6,-73.96124267578125,40.7648811340332,1.0,N,-73.96707153320312,40.756710052490234,2,5.0,0.0,0.5,0.0,0.0,0.3
1,2015-02-15 20:14:29,2015-02-15 20:32:21,1,4.4,-73.92485046386719,40.74403762817383,1.0,N,-73.91205596923828,40.77711868286133,2,16.5,0.5,0.5,0.0,0.0,0.3
VTS,2009-08-26 10:31:00,2009-08-26 10:36:00,5,0.88,-73.982765,40.721297,,,-73.997505,40.724268,CASH,4.9,0.0,,0.0,0.0,4.9
1,2015-12-16 16:30:38,2015-12-16 17:44:44,1,16.4,-73.95891571044922,40.762142181396484,2.0,Y,-73.79715728759766,40.64454650878906,1,52.0,0.0,0.5,10.55,0.0,0.3
VTS,2011-05-14 00:55:00,2011-05-14 01:23:00,2,5.84,-73.997635,40.721108,1.0,,-73.929922,40.694967,CSH,19.7,0.5,0.5,0.0,0.0,20.7
VTS,2014-11-01 12:34:00,2014-11-01 13:05:00,1,3.03,-73.984535,40.728742,1.0,,-73.988192,40.759227,CRD,20.0,0.0,0.5,5.0,0.0,25.5
CMT,2009-02-27 02:49:42,2009-02-27 03:02:08,1,4.2,-73.97975,40.743222,,0,-74.00424,40.707567,Credit,13.0,0.0,,1.95,0.0,14.95
CMT,2012-12-30 21:46:46,2012-12-30 21:54:25,1,2.3,-73.983864,40.767057,1.0,N,-73.969197,40.79193,CSH,9.5,0.5,0.5,0.0,0.0,10.5
CMT,2009-08-22 01:03:06,2009-08-22 01:14:51,1,1.7,-74.004634,40.741797,,0,-73.98569,40.727761,Cash,8.5,0.0,,0.0,0.0,8.5
CMT,2009-02-27 18:02:01,2009-02-27 18:18:32,1,4.5,-74.005772,40.725181,,0,-73.957438,40.691319,Cash,14.3,0.0,,0.0,0.0,14.3
CMT,2010-12-26 03:55:53,2010-12-26 03:58:15,1,0.4,-73.994521,40.760802,1.0,N,-73.990468,40.757574,CSH,3.7,0.5,0.5,0.0,0.0,4.7
CMT,2010-12-28 11:13:20,2010-12-28 11:20:53,1,1.2,-74.00189,40.740628,1.0,N,-74.007375,40.752868,CRD,6.1,0.0,0.5,1.4,0.0,8.0
VTS,2011-01-28 16:30:00,2011-01-28 16:58:00,5,2.33,-73.972652,40.780873,1.0,,-73.972635,40.756287,CSH,14.1,1.0,0.5,0.0,0.0,15.6
VTS,2013-09-26 12:26:00,2013-09-26 12:28:00,5,0.21,-73.937545,40.758147,1.0,,-73.938768,40.757392,CSH,3.0,0.0,0.5,0.0,0.0,3.5
CMT,2014-05-04 09:51:11,2014-05-04 10:24:41,1,10.5,-74.010779,40.71916,1.0,N,-73.95752,40.769959,CRD,35.5,0.0,0.5,7.2,0.0,43.2
VTS,2009-11-06 09:35:00,2009-11-06 09:38:00,5,0.78,-73.957497,40.774193,,,-73.95385,40.766763,CASH,4.5,0.0,0.5,0.0,0.0,5.0
CMT,2013-11-08 04:35:59,2013-11-08 04:46:42,1,2.2,-73.967096,40.760781,1.0,N,-73.991431,40.750395,CSH,10.0,0.5,0.5,0.0,0.0,11.0
CMT,2011-01-14 22:14:26,2011-01-14 22:25:23,1,1.7,-73.979925,40.754867,1.0,N,-73.984128,40.739345,CSH,8.1,0.5,0.5,0.0,0.0,9.1
CMT,2011-04-20 09:25:58,2011-04-20 09:39:18,1,2.1,-73.988043,40.774604,1.0,N,-73.979491,40.754344,CRD,8.9,0.0,0.5,1.0,0.0,10.4
2,2015-09-21 19:04:42,2015-09-21 19:19:47,1,3.24,-73.99432373046875,40.726619720458984,1.0,N,-73.97637939453125,40.76396942138672,1,12.5,1.0,0.5,2.86,0.0,0.3
VTS,2011-04-25 21:22:00,2011-04-25 21:31:00,1,2.19,-73.982158,40.765647,1.0,,-74.005778,40.74508,CSH,7.7,0.5,0.5,0.0,0.0,8.7
VTS,2009-04-17 01:18:00,2009-04-17 01:24:00,1,1.46,-73.929315,40.746677,,,-73.923087,40.746537,CASH,6.5,0.5,,0.0,0.0,7.0
CMT,2009-11-14 02:48:47,2009-11-14 02:53:53,1,1.9,-73.969998,40.753313,,0,-73.988213,40.729586,Cash,6.5,0.5,0.5,0.0,0.0,7.5
VTS,2010-04-02 14:19:00,2010-04-02 14:23:00,1,1.13,-73.983027,40.747713,1.0,,-73.979722,40.760303,CAS,4.9,0.0,0.5,0.0,0.0,5.4
CMT,2014-10-29 18:42:22,2014-10-29 18:58:42,1,3.3,-74.007636,40.742986,1.0,N,-73.978746,40.782685,CSH,13.5,1.0,0.5,0.0,0.0,15.0
VTS,2014-08-31 19:19:00,2014-08-31 19:32:00,2,2.57,-74.016932,40.708742,1.0,,-73.998385,40.737007,CRD,11.5,0.0,0.5,2.3,0.0,14.3
CMT,2013-05-01 20:19:00,2013-05-01 20:44:00,1,1.8,-73.970382,40.759217,1.0,N,-73.894002,40.884723,CSH,35.0,0.5,0.5,0.0,0.0,36.0
VTS,2012-06-11 13:00:00,2012-06-11 13:07:00,1,0.82,-73.981085,40.774318,1.0,,-73.979157,40.764415,CRD,4.9,0.0,0.5,1.0,0.0,6.4
CMT,2011-06-21 15:26:06,2011-06-21 16:09:03,1,5.7,-73.990353,40.756862,1.0,N,-73.936693,40.735587,CSH,24.1,0.0,0.5,0.0,0.0,24.6
VTS,2009-01-09 13:56:00,2009-01-09 14:09:00,5,1.2,-73.978505,40.762903,,,-73.97152,40.750145,Credit,8.9,0.0,,3.0,0.0,11.9
1,2015-02-20 10:07:23,2015-02-20 10:39:25,3,5.9,-73.9901123046875,40.7531623840332,1.0,N,-73.99345397949219,40.810157775878906,1,25.0,0.0,0.5,5.16,0.0,0.3
CMT,2011-02-28 17:07:31,2011-02-28 17:15:34,1,1.4,-73.970158,40.762516,1.0,N,-73.990533,40.761471,CSH,6.9,1.0,0.5,0.0,0.0,8.4
CMT,2009-01-08 06:04:19,2009-01-08 06:31:17,2,19.4,-73.958967,40.780654,,,-73.777258,40.644646,Cash,45.0,0.0,,0.0,4.15,49.15
1,2015-08-09 00:38:39,2015-08-09 00:53:13,4,2.1,-74.01355743408203,40.70785903930664,1.0,N,-73.98834228515625,40.71828079223633,1,11.0,0.5,0.5,1.5,0.0,0.3
2,2015-05-30 08:00:59,2015-05-30 08:10:00,1,1.63,-73.98606872558594,40.71583938598633,1.0,N,-74.01107025146484,40.71622848510742,1,8.0,0.0,0.5,1.2,0.0,0.3
CMT,2009-01-20 01:21:32,2009-01-20 01:25:31,1,1.5,-74.000948,40.717185,,,-73.997823,40.736205,Cash,6.2,0.0,,0.0,0.0,6.2
CMT,2011-01-29 22:14:43,2011-01-29 22:33:11,1,4.3,-73.997667,40.741386,1.0,N,-73.972594,40.790989,CSH,13.3,0.5,0.5,0.0,0.0,14.3
VTS,2009-12-17 20:16:00,2009-12-17 20:23:00,1,1.34,-73.98098,40.777437,,,-73.9703,40.793982,CASH,5.7,0.5,0.5,0.0,0.0,6.7
2,2016-03-19 20:09:53,2016-03-19 20:58:22,1,19.13,-73.78929138183594,40.6431999206543,2.0,N,-73.99394989013672,40.72312927246094,1,52.0,0.0,0.5,10.56,0.0,0.3
CMT,2009-11-25 09:37:55,2009-11-25 10:02:49,1,3.8,-73.959552,40.771206,,0,-74.003137,40.748951,Credit,14.9,0.0,0.5,2.0,0.0,17.4
CMT,2011-03-13 18:16:57,2011-03-13 18:19:12,2,0.7,-73.99492,40.724625,1.0,N,-73.989936,40.734127,CSH,3.7,0.0,0.5,0.0,0.0,4.2
CMT,2010-09-05 09:42:53,2010-09-05 09:56:53,4,3.6,-74.00531,40.725675,1.0,N,-74.000733,40.762727,CSH,12.1,0.0,0.5,0.0,0.0,12.6
1,2015-04-27 21:49:03,2015-04-27 22:07:54,1,10.3,-73.87083435058594,40.77375793457031,1.0,N,-73.9749755859375,40.75754165649414,1,29.5,0.5,0.5,7.25,5.54,0.3
VTS,2014-06-22 10:27:00,2014-06-22 10:35:00,1,1.35,-73.974923,40.756167,1.0,,-73.989655,40.752372,CSH,8.0,0.0,0.5,0.0,0.0,8.5
CMT,2009-12-15 11:36:00,2009-12-15 12:01:37,1,3.8,-74.006914,40.715991,,0,-73.974545,40.764013,Cash,14.9,0.0,0.5,0.0,0.0,15.4
VTS,2010-06-02 17:53:00,2010-06-02 17:59:00,1,0.99,-73.9859,40.740765,1.0,,-73.977855,40.752235,CAS,5.7,1.0,0.5,0.0,0.0,7.2
CMT,2011-06-11 08:02:09,2011-06-11 08:11:20,1,3.0,-73.9735,40.7479,1.0,N,-73.9538,40.7846,CSH,8.9,0.0,0.5,0.0,0.0,9.4
DDS,2009-12-21 14:43:27,2009-12-21 15:14:40,1,9.1,-73.989214,40.755975,,,-73.870842,40.774003,CASH,23.7,0.0,,0.0,4.57,28.77
VTS,2009-02-10 02:23:00,2009-02-10 02:27:00,1,1.07,-73.980383,40.742448,,,-73.9707,40.75566,CASH,4.9,0.5,,0.0,0.0,5.4
VTS,2013-02-04 20:32:00,2013-02-04 20:39:00,1,1.23,-73.990845,40.734382,1.0,,-74.005895,40.716872,CSH,6.5,0.5,0.5,0.0,0.0,7.5
CMT,2014-07-20 11:33:02,2014-07-20 11:59:19,1,10.5,-73.862912,40.768767,1.0,N,-73.980124,40.782073,CRD,32.0,0.0,0.5,9.45,5.33,47.28
CMT,2014-07-18 08:14:23,2014-07-18 08:19:32,2,1.0,-73.957114,40.766474,1.0,N,-73.946078,40.778919,CRD,5.5,0.0,0.5,1.2,0.0,7.2
VTS,2010-04-09 02:34:00,2010-04-09 02:43:00,2,2.15,-73.997478,40.720887,1.0,,-73.979818,40.748007,Cre,8.1,0.5,0.5,2.0,0.0,11.1
CMT,2010-09-16 23:12:53,2010-09-16 23:19:23,1,1.5,-73.979458,40.787278,1.0,N,-73.974543,40.793542,CSH,6.1,0.5,0.5,0.0,0.0,7.1
CMT,2009-05-05 08:11:06,2009-05-05 08:32:14,1,3.0,-73.995813,40.764062,,0,-73.957106,40.774248,Cash,12.5,0.0,,0.0,0.0,12.5
CMT,2011-12-17 03:39:43,2011-12-17 03:54:36,1,6.9,-73.954422,40.769726,1.0,N,-73.932643,40.856571,CRD,17.3,0.5,0.5,3.66,0.0,21.96
CMT,2011-04-29 21:32:54,2011-04-29 21:42:45,1,1.8,-73.974075,40.754628,1.0,N,-73.988402,40.734895,CRD,7.7,0.5,0.5,2.0,0.0,10.7
2,2015-05-25 19:51:00,2015-05-25 20:02:40,1,2.73,-73.97843933105469,40.75144958496094,1.0,N,-73.98403930664062,40.721439361572266,1,11.0,0.0,0.5,2.36,0.0,0.3
VTS,2009-05-27 00:23:00,2009-05-27 00:35:00,2,2.6,-73.9906,40.761133,,,-74.000473,40.72999,CASH,8.9,0.5,,0.0,0.0,9.4
1,2015-01-18 13:29:30,2015-01-18 13:57:30,1,6.2,-73.9776840209961,40.7888069152832,1.0,N,-74.00386047363281,40.71715545654297,1,22.0,0.0,0.5,4.55,0.0,0.3
VTS,2013-12-17 15:12:00,2013-12-17 15:34:00,6,3.09,-73.953862,40.770657,1.0,,-73.939885,40.806715,CRD,15.0,0.0,0.5,3.0,0.0,18.5
CMT,2011-06-16 21:39:43,2011-06-16 21:49:18,1,1.1,-73.978792,40.745758,1.0,N,-73.990983,40.755597,CSH,6.9,0.5,0.5,0.0,0.0,7.9
CMT,2013-07-03 00:00:20,2013-07-03 00:12:29,1,5.2,-74.005667,40.712232,1.0,N,-73.973037,40.75557,CSH,17.0,0.5,0.5,0.0,0.0,18.0
CMT,2009-09-21 07:41:36,2009-09-21 07:48:43,1,1.6,-73.994582,40.755748,,0,-74.00041,40.737148,Cash,6.5,0.0,,0.0,0.0,6.5
2,2016-06-17 23:48:14,2016-06-17 23:54:57,5,1.35,-74.00328063964844,40.75149154663086,1.0,N,-74.00923156738281,40.73815155029297,1,6.5,0.5,0.5,1.56,0.0,0.3
CMT,2013-01-28 08:05:40,2013-01-28 08:26:23,1,4.8,-73.996461,40.686093,1.0,N,-73.98727,40.738895,CRD,16.5,0.0,0.5,4.0,0.0,21.0
VTS,2012-12-07 07:13:00,2012-12-07 07:32:00,5,3.2,-73.98073,40.73375,1.0,,-73.95411,40.765227,CSH,15.0,0.0,0.5,0.0,0.0,15.5
VTS,2011-06-24 14:20:00,2011-06-24 14:54:00,1,10.6,-73.973383,40.758915,1.0,,-73.865238,40.770592,CRD,26.5,0.0,0.5,4.8,4.8,36.6
CMT,2009-08-28 09:56:31,2009-08-28 10:17:29,1,2.8,-73.98712,40.776108,,0,-73.974908,40.751646,Credit,12.5,0.0,,2.5,0.0,15.0
VTS,2014-02-26 09:19:00,2014-02-26 09:43:00,1,2.4,-73.953538,40.786915,1.0,,-73.975802,40.75995,CSH,15.5,0.0,0.5,0.0,0.0,16.0
VTS,2011-06-23 08:21:00,2011-06-23 08:33:00,1,0.19,-73.98853,40.737147,1.0,,-73.972037,40.759927,CSH,8.5,0.0,0.5,0.0,0.0,9.0
VTS,2013-03-23 20:40:00,2013-03-23 20:45:00,1,1.4,-73.9671,40.763553,1.0,,-73.979865,40.745677,CSH,6.0,0.5,0.5,0.0,0.0,7.0
CMT,2014-07-28 19:47:50,2014-07-28 20:06:16,1,4.1,-73.949947,40.789179,1.0,N,-73.937577,40.837542,CSH,16.0,1.0,0.5,0.0,0.0,17.5
CMT,2012-05-31 09:10:59,2012-05-31 09:32:35,1,3.1,-73.95537,40.767426,1.0,N,-73.981271,40.753503,CRD,13.3,0.5,0.5,2.86,0.0,17.16
VTS,2009-04-19 03:11:00,2009-04-19 03:18:00,2,0.91,-73.991642,40.727005,,,-73.980643,40.72158,CASH,5.7,0.5,,0.0,0.0,6.2
DDS,2009-11-02 23:36:57,2009-11-02 23:52:38,1,5.9,-73.965668,40.765518,,,-73.890456,40.732369,CASH,16.1,1.0,,0.0,0.0,17.1
VTS,2012-02-15 09:27:00,2012-02-15 09:37:00,2,2.05,-73.994795,40.759373,1.0,,-73.973638,40.77922,CRD,7.7,0.0,0.5,1.54,0.0,9.74
2,2015-04-30 22:57:19,2015-04-30 23:10:15,1,3.26,-73.978515625,40.76150131225586,1.0,N,-73.97356414794922,40.795501708984375,1,12.5,0.5,0.5,2.76,0.0,0.3
CMT,2009-05-14 14:21:44,2009-05-14 14:52:40,1,2.9,-73.970755,40.788478,,0,-73.979522,40.752837,Cash,16.1,0.0,,0.0,0.0,16.1
VTS,2010-07-19 17:13:00,2010-07-19 17:28:00,1,4.5,-73.984523,40.758418,1.0,,-73.946767,40.805895,CAS,12.9,1.0,0.5,0.0,0.0,14.4
VTS,2012-06-23 23:40:00,2012-06-23 23:44:00,2,1.02,-73.977777,40.757742,1.0,,-73.984638,40.748297,CSH,4.9,0.5,0.5,0.0,0.0,5.9
CMT,2012-04-20 21:57:33,2012-04-20 22:09:17,1,2.4,-73.9929,40.733906,1.0,N,-73.995707,40.75926,CRD,9.3,0.5,0.5,2.06,0.0,12.36
CMT,2013-06-01 23:52:48,2013-06-02 00:06:26,1,2.8,-73.95901,40.712249,1.0,N,-73.965942,40.688598,CRD,12.0,0.5,0.5,2.6,0.0,15.6
2,2016-03-18 16:01:37,2016-03-18 16:07:43,1,1.03,-73.9717788696289,40.75985336303711,1.0,N,-73.982177734375,40.76836013793945,1,6.0,0.0,0.5,1.0,0.0,0.3
VTS,2014-07-14 20:55:00,2014-07-14 20:59:00,1,0.57,-73.989835,40.73425,1.0,,-73.996162,40.732685,CRD,4.5,0.5,0.5,1.0,0.0,6.5
VTS,2012-11-20 17:07:00,2012-11-20 17:11:00,1,0.75,-73.992832,40.753642,1.0,,-73.990883,40.765135,CRD,5.0,1.0,0.5,2.0,0.0,8.5
VTS,2014-10-26 10:34:00,2014-10-26 10:41:00,6,1.15,-73.97376,40.79226,1.0,,-73.980218,40.777947,CSH,6.5,0.0,0.5,0.0,0.0,7.0
2,2015-02-07 20:31:30,2015-02-07 20:42:56,1,1.56,-74.00442504882812,40.70745849609375,1.0,N,-73.98800659179688,40.72273635864258,1,9.0,0.5,0.5,2.06,0.0,0.3
CMT,2009-08-23 11:22:19,2009-08-23 11:26:29,1,0.8,-73.98454,40.724811,,0,-73.987218,40.733332,Cash,4.9,0.0,,0.0,0.0,4.9
CMT,2014-04-25 08:50:54,2014-04-25 09:13:30,1,2.9,-74.006661,40.731923,1.0,N,-73.9783,40.763712,CRD,16.5,0.0,0.5,3.4,0.0,20.4
VTS,2014-08-16 23:28:00,2014-08-16 23:36:00,5,0.99,-73.9112,40.762157,1.0,,-73.920973,40.771232,CSH,6.5,0.5,0.5,0.0,0.0,7.5
DDS,2009-06-24 20:49:49,2009-06-24 21:18:22,1,8.7,-73.874514,40.773931,,,-73.994118,40.751168,CREDIT,21.7,0.5,,4.4,4.15,30.75
VTS,2011-01-10 15:16:00,2011-01-10 15:22:00,1,0.92,-73.990158,40.751672,1.0,,-73.985222,40.753317,CSH,5.3,0.0,0.5,0.0,0.0,5.8
CMT,2011-10-11 23:38:17,2011-10-11 23:56:40,3,4.9,-73.955885,40.714098,1.0,N,-73.992186,40.749278,CSH,14.9,0.5,0.5,0.0,0.0,15.9
VTS,2009-06-26 14:11:00,2009-06-26 14:26:00,1,2.55,-73.984663,40.764122,,,-73.95476,40.777595,CASH,10.5,0.0,,0.0,0.0,10.5
1,2015-03-21 23:23:30,2015-03-21 23:37:22,1,1.6,-74.00465393066406,40.7071533203125,1.0,N,-73.9952163696289,40.726104736328125,1,10.5,0.5,0.5,2.35,0.0,0.3
CMT,2012-04-02 17:25:40,2012-04-02 17:35:18,1,1.8,-73.993925,40.751435,1.0,N,-73.982192,40.775105,CRD,7.7,1.0,0.5,1.0,0.0,10.2
2,2016-02-10 07:59:54,2016-02-10 08:03:36,1,0.44,-73.97821044921875,40.76313018798828,1.0,N,-73.97669982910156,40.75892639160156,1,4.5,0.0,0.5,1.06,0.0,0.3
CMT,2011-08-23 01:54:39,2011-08-23 02:20:48,2,10.2,-73.970378,40.75225,1.0,N,-73.931431,40.768029,CRD,24.5,0.5,0.5,5.1,0.0,30.6
VTS,2014-01-11 17:43:00,2014-01-11 17:52:00,5,1.53,-74.001352,40.74672,1.0,,-73.984242,40.749292,CRD,8.0,0.0,0.5,1.6,0.0,10.1
1,2016-02-04 22:25:15,2016-02-04 22:30:39,1,0.4,-73.97244262695312,40.75850296020508,1.0,N,-73.96790313720703,40.7597770690918,1,5.0,0.5,0.5,0.7,0.0,0.3
VTS,2014-08-17 21:17:00,2014-08-17 21:24:00,1,3.24,-73.9888,40.70074,1.0,,-73.94876,40.7148,CRD,11.0,0.5,0.5,1.0,0.0,13.0
VTS,2009-05-03 13:43:00,2009-05-03 15:02:00,2,11.68,-73.986525,40.756193,,,-73.977077,40.646512,CASH,42.9,0.0,,0.0,0.0,42.9
2,2015-08-14 15:52:28,2015-08-14 16:14:55,1,7.12,-73.8634262084961,40.76985168457031,1.0,N,-73.78440856933594,40.741180419921875,1,21.5,0.0,0.5,3.5,0.0,0.3
CMT,2014-08-31 11:22:12,2014-08-31 11:32:44,1,2.4,-73.949143,40.781755,1.0,N,-73.978319,40.777329,CRD,10.5,0.0,0.5,2.0,0.0,13.0
CMT,2010-11-19 00:58:09,2010-11-19 01:03:26,1,2.0,-73.957859,40.714175,1.0,N,-73.989786,40.720036,CSH,6.9,0.5,0.5,0.0,0.0,7.9
CMT,2009-01-31 11:48:35,2009-01-31 12:08:15,1,6.5,-73.997628,40.724629,,,-73.97366,40.794786,Credit,18.1,0.0,,3.0,0.0,21.1
VTS,2011-06-24 18:31:00,2011-06-24 18:42:00,1,2.1,-73.981005,40.744677,1.0,,-74.006442,40.738795,CRD,8.1,1.0,0.5,3.0,0.0,12.6
2,2016-05-20 13:09:08,2016-05-20 13:22:10,4,1.54,-73.99059295654297,40.730438232421875,1.0,N,-73.97518920898438,40.718570709228516,1,9.5,0.0,0.5,2.06,0.0,0.3
2,2016-04-20 13:44:02,2016-04-20 14:01:07,1,1.39,-74.0018310546875,40.74589157104492,1.0,N,-74.00003814697266,40.73305892944336,1,11.5,0.0,0.5,1.0,0.0,0.3
CMT,2009-04-06 09:11:42,2009-04-06 09:23:04,4,1.8,-73.980076,40.762925,,0,-74.000193,40.758495,Cash,8.1,0.0,,0.0,0.0,8.1
VTS,2013-01-15 09:36:00,2013-01-15 10:04:00,1,2.33,-73.963428,40.775095,1.0,,-73.985765,40.756152,CRD,17.5,0.0,0.5,3.5,0.0,21.5
VTS,2013-11-07 01:40:00,2013-11-07 01:49:00,1,3.89,-73.97558,40.752072,1.0,,-73.935678,40.796085,CSH,12.5,0.5,0.5,0.0,0.0,13.5
CMT,2013-04-30 06:52:03,2013-04-30 07:00:27,1,2.4,-73.985149,40.736031,1.0,N,-73.978084,40.763641,CRD,9.5,0.0,0.5,1.0,0.0,11.0
CMT,2013-04-12 19:07:43,2013-04-12 19:19:09,1,2.4,-73.946404,40.781429,1.0,N,-73.97926,40.783603,CRD,10.5,1.0,0.5,2.0,0.0,14.0
CMT,2009-01-26 20:30:34,2009-01-26 20:43:36,1,2.7,-73.973874,40.757961,,,-73.94732,40.777585,Credit,10.2,0.0,,1.53,0.0,11.73
VTS,2009-03-01 23:59:00,2009-03-02 00:05:00,5,1.1,-73.980275,40.75155,,,-73.985037,40.759692,CASH,5.7,0.5,,0.0,0.0,6.2
VTS,2010-04-01 17:35:00,2010-04-01 17:58:00,1,2.51,-73.966183,40.774057,1.0,,-73.992448,40.749437,CAS,12.5,1.0,0.5,0.0,0.0,14.0
VTS,2011-10-08 01:25:00,2011-10-08 01:35:00,1,1.88,-74.00062,40.729942,1.0,,-73.985552,40.746373,CRD,7.3,0.5,0.5,0.0,0.0,8.3
VTS,2014-01-11 14:16:00,2014-01-11 14:34:00,3,3.7,-74.002265,40.708987,1.0,,-73.957627,40.717762,CSH,15.0,0.0,0.5,0.0,0.0,15.5
VTS,2014-10-21 12:10:00,2014-10-21 12:13:00,1,0.71,-73.9595,40.77087,1.0,,-73.95551,40.77955,CSH,4.5,0.0,0.5,0.0,0.0,5.0
2,2016-03-09 21:51:43,2016-03-09 22:14:40,1,9.02,-73.97126770019531,40.75666046142578,1.0,N,-73.9421615600586,40.84450149536133,1,27.5,0.5,0.5,5.76,0.0,0.3
1,2016-02-02 23:48:34,2016-02-03 00:06:45,1,4.0,-73.95410919189453,40.76414489746094,1.0,N,-73.95416259765625,40.79985427856445,2,16.0,0.5,0.5,0.0,0.0,0.3
VTS,2012-10-03 11:16:00,2012-10-03 11:32:00,1,1.77,-73.991293,40.73238,1.0,,-73.990675,40.717155,CRD,11.5,0.0,0.5,2.3,0.0,14.3
CMT,2014-10-08 16:12:43,2014-10-08 16:39:32,2,3.0,-73.991453,40.739337,1.0,N,-74.016215,40.717033,CRD,18.5,1.0,0.5,4.0,0.0,24.0
VTS,2009-11-22 02:35:00,2009-11-22 02:40:00,5,0.88,-73.97565,40.760445,,,-73.970112,40.752185,CASH,4.9,0.5,0.5,0.0,0.0,5.9
CMT,2013-08-23 18:43:39,2013-08-23 18:48:27,1,0.6,-74.003026,40.739082,1.0,N,-73.993158,40.737264,CSH,5.0,1.0,0.5,0.0,0.0,6.5
2,2015-07-05 08:18:46,2015-07-05 08:25:50,1,1.15,-73.98355102539062,40.73841857910156,1.0,N,-73.99223327636719,40.74911117553711,1,7.0,0.0,0.5,1.56,0.0,0.3
VTS,2013-07-17 21:15:00,2013-07-17 21:27:00,2,2.36,-74.00193,40.709465,1.0,,-74.000587,40.732162,CRD,10.5,0.5,0.5,2.75,0.0,14.25
VTS,2012-03-17 18:40:00,2012-03-17 18:50:00,1,4.63,-74.009787,40.703177,1.0,,-73.972587,40.744287,CRD,12.5,0.0,0.5,2.5,0.0,15.5
VTS,2012-12-24 19:35:00,2012-12-24 20:13:00,1,7.8,-74.001555,40.737557,1.0,,-73.890302,40.751287,CSH,30.0,1.0,0.5,0.0,0.0,31.5
VTS,2010-04-22 12:22:00,2010-04-22 12:26:00,1,0.76,-73.973467,40.747968,1.0,,-73.984022,40.748347,CAS,4.5,0.0,0.5,0.0,0.0,5.0
1,2015-08-25 15:36:03,2015-08-25 15:42:56,1,1.1,-73.9976806640625,40.720909118652344,1.0,N,-73.98271179199219,40.72319793701172,1,7.0,0.0,0.5,1.0,0.0,0.3
2,2015-02-12 23:54:32,2015-02-13 00:02:47,1,1.07,-73.99755859375,40.724098205566406,1.0,N,-73.9915542602539,40.71733856201172,1,7.0,0.5,0.5,1.66,0.0,0.3
VTS,2010-05-04 13:08:00,2010-05-04 13:14:00,1,1.13,-74.000022,40.727128,1.0,,-74.0016,40.73943,Cre,5.3,0.0,0.5,2.0,0.0,7.8
1,2015-08-19 06:03:13,2015-08-19 06:08:08,1,1.1,-73.98969268798828,40.75663757324219,1.0,N,-73.97614288330078,40.761329650878906,1,5.5,0.0,0.5,1.0,0.0,0.3
1,2016-06-18 12:31:29,2016-06-18 12:43:09,3,2.4,-73.9705581665039,40.7888069152832,1.0,N,-73.97430419921875,40.762939453125,1,10.5,0.0,0.5,2.8,0.0,0.3
2,2015-04-03 13:36:12,2015-04-03 14:31:40,1,15.55,-73.99610900878906,40.72636795043945,3.0,N,-74.17739868164062,40.69514846801758,1,70.0,0.0,0.0,2.0,11.75,0.3
CMT,2014-10-06 21:52:47,2014-10-06 22:00:22,1,1.4,-73.964716,40.75884,1.0,N,-73.968581,40.766453,CRD,7.0,0.5,0.5,2.4,0.0,10.4
VTS,2012-12-06 12:07:00,2012-12-06 12:32:00,3,3.09,-73.973122,40.761125,1.0,,-73.998473,40.729942,CRD,16.5,0.0,0.5,4.12,0.0,21.12
VTS,2012-06-05 16:47:00,2012-06-05 16:50:00,1,0.08,-73.9885,40.779405,1.0,,-73.98243,40.773612,CSH,4.1,1.0,0.5,0.0,0.0,5.6
VTS,2010-02-15 00:38:00,2010-02-15 00:49:00,5,2.63,-74.000123,40.717968,1.0,,-74.013955,40.708103,CSH,9.3,0.5,0.5,0.0,0.0,10.3
2,2015-10-03 01:08:46,2015-10-03 01:16:04,5,0.78,-73.98384857177734,40.76129150390625,1.0,N,-73.9729232788086,40.755619049072266,1,6.5,0.5,0.5,0.0,0.0,0.3
CMT,2011-04-07 10:37:23,2011-04-07 10:43:44,1,1.7,-73.991564,40.750548,1.0,N,-74.000848,40.728955,CSH,6.5,0.0,0.5,0.0,0.0,7.0
CMT,2011-12-03 23:12:40,2011-12-03 23:14:18,0,0.2,-73.9856,40.7627,1.0,N,-73.9831,40.7661,CSH,3.3,0.5,0.5,0.0,0.0,4.3
CMT,2013-02-15 07:07:02,2013-02-15 07:19:40,1,3.6,-73.984964,40.769202,1.0,N,-74.002105,40.723022,CSH,13.5,0.0,0.5,0.0,0.0,14.0
CMT,2014-08-18 14:20:50,2014-08-18 14:24:42,2,0.5,-73.967999,40.762737,1.0,N,-73.971614,40.756266,CSH,4.5,0.0,0.5,0.0,0.0,5.0
VTS,2012-09-17 12:41:00,2012-09-17 13:25:00,1,18.76,-73.95447,40.77328,2.0,,-73.788972,40.641445,CRD,52.0,0.0,0.5,8.0,4.8,65.3
1,2016-04-17 23:11:17,2016-04-17 23:16:09,1,0.9,-74.00293731689453,40.74405288696289,1.0,N,-74.00384521484375,40.73249816894531,1,5.5,0.5,0.5,2.0,0.0,0.3
VTS,2009-08-21 18:23:00,2009-08-21 18:40:00,5,2.76,-73.99963,40.726922,,,-73.98834,40.759442,CASH,10.5,1.0,,0.0,0.0,11.5
CMT,2014-06-20 10:55:29,2014-06-20 11:10:39,1,1.9,-73.993862,40.747497,1.0,N,-73.993862,40.747497,CSH,11.0,0.0,0.5,0.0,0.0,11.5
1,2015-10-09 23:43:00,2015-10-09 23:52:03,2,2.0,-73.98131561279297,40.769020080566406,1.0,N,-73.98108673095703,40.75283432006836,1,9.0,0.5,0.5,2.55,0.0,0.3
CMT,2009-07-04 12:09:11,2009-07-04 12:37:40,2,8.9,-73.962622,40.766931,,0,-73.990962,40.756025,Cash,23.3,0.0,,0.0,0.0,23.3
DDS,2009-09-23 20:27:40,2009-09-23 20:42:17,2,3.1,-73.986395,40.75646,,,-73.996984,40.721247,CASH,10.5,0.5,,0.0,0.0,11.0
VTS,2013-09-30 20:52:00,2013-09-30 21:07:00,1,2.93,-73.999225,40.74431,1.0,,-73.965907,40.763577,CSH,12.5,0.5,0.5,0.0,0.0,13.5
VTS,2013-02-02 16:11:00,2013-02-02 16:18:00,6,1.49,-73.99359,40.72146,1.0,,-73.988105,40.73939,CSH,7.5,0.0,0.5,0.0,0.0,8.0
VTS,2012-07-18 16:57:00,2012-07-18 17:11:00,1,1.47,-73.996238,40.73615,1.0,,-73.981375,40.746697,CRD,8.5,1.0,0.5,1.9,0.0,11.9
VTS,2012-06-15 15:19:00,2012-06-15 15:34:00,6,2.57,-73.979252,40.762885,1.0,,-73.948257,40.773312,CRD,10.1,0.0,0.5,1.4,0.0,12.0
VTS,2013-04-02 21:16:00,2013-04-02 21:25:00,5,2.71,-73.972747,40.7646,1.0,,-73.99857,40.73385,CSH,10.0,0.5,0.5,0.0,0.0,11.0
VTS,2011-05-07 01:40:00,2011-05-07 01:54:00,1,6.72,-73.972628,40.757127,1.0,,-73.983152,40.696437,CRD,16.5,0.5,0.5,4.25,0.0,21.75
2,2015-10-14 17:58:25,2015-10-14 18:23:21,1,2.68,-73.97037506103516,40.76174545288086,1.0,N,-73.99358367919922,40.72814178466797,1,16.5,1.0,0.5,4.58,0.0,0.3
VTS,2011-03-18 09:16:00,2011-03-18 09:31:00,2,3.48,-73.969028,40.801025,1.0,,-73.982295,40.763068,CSH,11.7,0.0,0.5,0.0,0.0,12.2
CMT,2012-10-13 23:55:29,2012-10-14 00:01:26,2,1.7,-73.968355,40.755218,1.0,N,-73.955867,40.772904,CRD,7.5,0.5,0.5,2.12,0.0,10.62
CMT,2013-06-28 10:53:54,2013-06-28 11:04:53,3,1.4,-73.957113,40.762676,1.0,N,-73.974424,40.756392,CRD,8.5,0.0,0.5,1.8,0.0,10.8
VTS,2012-03-13 12:52:00,2012-03-13 13:08:00,3,2.28,-73.955675,40.779353,1.0,,-73.976665,40.750902,CRD,10.1,0.0,0.5,1.5,0.0,12.1
VTS,2009-06-10 00:01:00,2009-06-10 00:11:00,1,1.46,-74.0011,40.731918,,,-73.980738,40.730573,Credit,6.9,0.5,,2.0,0.0,9.4
CMT,2009-07-26 22:46:51,2009-07-26 23:26:51,1,16.4,-73.789631,40.646589,,0,-73.973069,40.763996,Credit,45.0,0.0,,6.75,0.0,51.75
VTS,2014-03-07 10:10:00,2014-03-07 10:23:00,1,1.88,-73.98358,40.771052,1.0,,-73.956568,40.766282,CSH,10.0,0.0,0.5,0.0,0.0,10.5
1,2016-03-15 21:33:15,2016-03-15 21:56:55,1,6.1,-73.99400329589844,40.751197814941406,1.0,N,-73.89703369140625,40.730010986328125,2,22.0,0.5,0.5,0.0,5.54,0.3
CMT,2013-02-21 16:12:01,2013-02-21 16:16:24,1,0.7,-73.982082,40.771925,1.0,N,-73.988152,40.77931,CRD,5.5,1.0,0.5,1.0,0.0,8.0
VTS,2012-01-08 11:25:00,2012-01-08 11:36:00,1,1.93,-74.0,40.718627,1.0,,-73.979748,40.734892,CSH,8.5,0.0,0.5,0.0,0.0,9.0
CMT,2012-01-02 12:34:03,2012-01-02 12:44:09,4,1.3,-73.974443,40.757949,1.0,N,-73.984691,40.748125,CSH,7.3,0.0,0.5,0.0,0.0,7.8
VTS,2013-06-23 04:19:00,2013-06-23 04:27:00,1,2.41,-73.985715,40.757732,1.0,,-73.97838,40.734347,CRD,9.0,0.5,0.5,1.0,0.0,11.0
VTS,2009-05-13 07:16:00,2009-05-13 07:23:00,1,1.56,-74.002558,40.723908,,,-73.982673,40.731158,Credit,6.5,0.0,,2.0,0.0,8.5
CMT,2013-09-11 09:51:38,2013-09-11 10:31:09,1,9.2,-74.008606,40.73467,1.0,N,-74.005416,40.739492,CRD,34.0,0.0,0.5,8.62,0.0,43.12
CMT,2011-05-18 17:39:47,2011-05-18 18:11:21,1,1.2,-73.972907,40.757648,1.0,N,-73.973695,40.784791,CSH,5.3,1.0,0.5,0.0,0.0,6.8
VTS,2012-03-25 10:15:00,2012-03-25 10:22:00,5,1.62,-74.004792,40.740738,1.0,,-74.004193,40.757762,CSH,6.5,0.0,0.5,0.0,0.0,7.0
2,2016-03-18 06:38:18,2016-03-18 06:47:36,5,2.4,-73.98594665527344,40.73280334472656,1.0,N,-74.00983428955078,40.72084045410156,1,10.0,0.0,0.5,1.62,0.0,0.3
CMT,2009-10-29 02:24:20,2009-10-29 02:37:02,1,3.5,-73.949546,40.78078,,0,-73.992987,40.767507,Cash,10.5,0.5,0.0,0.0,0.0,11.0
CMT,2012-06-28 22:23:38,2012-06-28 22:39:19,2,4.1,-73.975775,40.748959,1.0,N,-73.920631,40.762963,CRD,12.5,0.5,0.5,2.7,0.0,16.2
CMT,2013-02-13 14:17:38,2013-02-13 14:23:22,1,0.8,-73.990236,40.740989,1.0,N,-73.980634,40.745007,CRD,6.0,0.0,0.5,1.3,0.0,7.8
VTS,2009-03-13 00:09:00,2009-03-13 00:13:00,1,1.34,-73.98812,40.733722,,,-74.007522,40.712487,CASH,5.3,0.5,,0.0,0.0,5.8
2,2016-06-14 13:19:59,2016-06-14 13:45:15,1,1.52,-74.00029754638672,40.75826644897461,1.0,N,-73.982421875,40.7562141418457,2,15.5,0.0,0.5,0.0,0.0,0.3
VTS,2011-07-19 23:51:00,2011-07-20 00:02:00,1,4.71,-73.975818,40.740363,1.0,,-73.935003,40.796457,CRD,12.5,0.5,0.5,2.0,0.0,15.5
CMT,2009-09-18 23:35:02,2009-09-18 23:43:40,1,1.9,-73.989828,40.700939,,0,-74.005705,40.717711,Cash,7.7,0.0,,0.0,0.5,8.2
CMT,2014-11-09 18:11:36,2014-11-09 18:21:23,1,2.3,-73.972113,40.794007,1.0,N,-73.949977,40.821939,CRD,9.5,0.0,0.5,2.0,0.0,12.0
VTS,2011-07-06 20:47:00,2011-07-06 20:54:00,1,1.31,-73.9932,40.743008,1.0,,-74.009917,40.747372,CSH,6.1,0.5,0.5,0.0,0.0,7.1
VTS,2010-11-04 18:26:00,2010-11-04 18:36:00,1,1.36,-73.989355,40.749755,1.0,,-73.992187,40.764317,CSH,6.9,1.0,0.5,0.0,0.0,8.4
2,2015-12-20 15:12:11,2015-12-20 15:15:17,2,0.89,-73.97522735595703,40.76118087768555,1.0,N,-73.96650695800781,40.77021789550781,2,4.5,0.0,0.5,0.0,0.0,0.3
VTS,2012-09-15 22:02:00,2012-09-15 22:07:00,1,0.8,-73.974565,40.78813,1.0,,-73.981923,40.778605,CRD,5.5,0.5,0.5,1.0,0.0,7.5
VTS,2011-07-27 02:13:00,2011-07-27 02:20:00,1,2.63,-73.981738,40.745845,1.0,,-73.955072,40.773357,CSH,8.1,0.5,0.5,0.0,0.0,9.1
CMT,2011-06-14 10:20:23,2011-06-14 10:21:47,2,0.2,-74.003461,40.742652,1.0,N,-74.00604,40.745181,CRD,2.9,0.0,0.5,1.0,0.0,4.4
2,2016-05-24 20:13:39,2016-05-24 20:22:41,1,1.32,-73.98640441894531,40.751426696777344,1.0,N,-73.98191833496094,40.76564407348633,1,8.0,0.5,0.5,1.86,0.0,0.3
VTS,2009-03-26 20:52:00,2009-03-26 21:10:00,1,2.15,-73.979865,40.76565,,,-73.977605,40.786892,CASH,10.5,0.5,,0.0,0.0,11.0
CMT,2014-10-29 19:13:10,2014-10-29 19:22:39,1,0.9,-73.968606,40.770428,1.0,N,-73.976794,40.775782,CRD,7.5,1.0,0.5,1.5,0.0,10.5
CMT,2012-02-12 16:45:42,2012-02-12 17:16:37,1,6.5,-74.012093,40.707505,1.0,N,-73.978712,40.783282,CSH,21.3,0.0,0.5,0.0,0.0,21.8
CMT,2012-06-17 20:06:54,2012-06-17 20:17:59,1,1.5,-73.989154,40.720232,1.0,N,-74.009215,40.726021,CSH,8.1,0.5,0.5,0.0,0.0,9.1
