Datum,Zahl 1,Zahl 2,Zahl 3,Zahl 4,Zahl 5,Zahl 6,Zusatzzahl,Gesamt - Ausbezahlt,6er - Gewinner,6er - Betrag,6er - Ausbezahlt,5er ZZ - Gewinner,5er ZZ - Betrag,5er ZZ - Ausbezahlt,5er - Gewinner,5er - Betrag,5er - Ausbezahlt,4er ZZ - Gewinner,4er ZZ - Betrag,4er ZZ - Ausbezahlt,4er - Gewinner,4er - Betrag,4er - Ausbezahlt,3er ZZ - Gewinner,3er ZZ - Betrag,3er ZZ - Ausbezahlt,3er - Gewinner,3er - Betrag,3er - Ausbezahlt,ZZ - Gewinner,ZZ - Betrag,ZZ - Ausbezahlt,6er - Pott Start,6er - Pott Bonus
2025-09-28,19,30,33,34,44,45,15,2080915.8,6JP,6028613.0,0.0,2,94911.4,189822.8,98,2126.8,208426.4,318,187.2,59529.6,6001,62.0,372062.0,8247,18.0,148446.0,98235,6.4,628704.0,315950,1.5,473925.0,4465365.8,1563247.2
2025-09-24,10,23,27,32,42,44,14,1551157.1,5JP,4465365.8,0.0,5,28547.8,142739.0,117,1339.6,156733.2,282,158.7,44753.4,4869,57.4,279480.6,6883,16.2,111504.6,77943,6.1,475452.3,226996,1.5,340494.0,3289865.0,1175500.8
2025-09-21,15,21,22,29,33,38,6,1162930.6,4JP,3289865.0,0.0,2,51814.3,103628.6,65,1750.5,113782.5,221,147.1,32509.1,3501,58.0,203058.0,4869,16.6,80825.4,57448,6.0,344688.0,189626,1.5,284439.0,2436452.4,853412.6
2025-09-19,1,4,11,13,38,41,32,1107236.6,3JP,2436452.4,0.0,1,194109.0,194109.0,56,1823.3,102104.8,154,189.4,29167.6,3051,59.7,182144.7,3665,19.8,72567.0,51225,6.0,307350.0,146529,1.5,219793.5,1670665.2,765787.2
2025-09-17,1,19,27,30,39,41,23,1010158.1,DJP,1670665.2,0.0,JP,101120.5,0.0,76,1460.9,111028.4,188,168.7,31715.6,3356,59.0,198004.0,4315,18.3,78964.5,54393,6.2,337236.6,168806,1.5,253209.0,837907.4,832757.8
2025-09-14,2,5,13,22,25,32,14,1103910.2,JP,837907.4,0.0,2,50872.9,101745.8,71,1573.5,111718.5,160,199.5,31920.0,3600,55.4,199440.0,4682,17.0,79594.0,58043,5.8,336649.4,161895,1.5,242842.5,,837907.4
2025-09-10,2,10,15,23,25,42,31,6297661.3,1,4678163.5,4678163.5,2,74778.6,149557.2,121,1357.1,164209.1,283,165.7,46893.1,5037,58.2,293153.4,6345,18.4,116748.0,82952,6.0,497712.0,234150,1.5,351225.0,3446514.5,1231649.0
2025-09-07,9,10,17,18,26,40,2,1183532.1,4JP,3446514.5,0.0,2,54146.0,108292.0,73,1628.8,118902.4,263,129.1,33953.3,3983,53.3,212293.9,5786,14.6,84475.6,63017,5.7,359196.9,177612,1.5,266418.0,2554697.8,891816.7
2025-09-05,10,14,18,22,23,26,32,1045202.8,3JP,2554697.8,0.0,3,32349.2,97047.6,70,1522.3,106561.0,179,170.0,30430.0,3431,55.4,190077.4,4250,17.9,76075.0,55137,5.9,325308.3,146469,1.5,219703.5,1755480.5,799217.3
2025-09-03,3,4,9,17,27,38,45,1140565.2,DJP,1755480.5,0.0,5,21098.1,105490.5,117,990.0,115830.0,217,152.5,33092.5,4811,42.9,206391.9,5370,15.4,82698.0,71882,4.9,352221.8,163227,1.5,244840.5,886735.0,868745.5
2025-08-31,3,4,18,21,32,40,23,1174409.9,JP,886735.0,0.0,3,35891.6,107674.8,80,1477.8,118224.0,162,208.5,33777.0,3699,57.0,210843.0,4867,17.3,84199.1,59467,6.0,356802.0,175260,1.5,262890.0,,886735.0
2025-08-27,10,28,29,32,33,34,42,12866318.9,1,9682498.7,9682498.7,3,98151.9,294455.7,191,1692.7,323305.7,468,197.3,92336.4,9645,59.8,576771.0,12711,18.1,230069.1,159613,6.1,973639.3,462162,1.5,693243.0,7257569.4,2424929.3
2025-08-24,5,10,17,25,40,42,37,1833616.0,7JP,7257569.4,0.0,4,42690.4,170761.6,150,1250.0,187500.0,309,173.3,53549.7,6123,54.6,334315.8,7215,18.5,133477.5,96756,5.9,570860.4,255434,1.5,383151.0,5851294.2,1406275.2
2025-08-22,1,6,10,14,16,25,27,1655936.7,6JP,5851294.2,0.0,3,49828.2,149484.6,131,1252.9,164129.9,342,137.1,46888.2,5850,50.1,293085.0,7523,15.5,116606.5,87175,5.7,496897.5,259230,1.5,388845.0,4620243.9,1231050.3
2025-08-20,2,28,33,34,35,36,6,1736692.8,5JP,4620243.9,0.0,2,77888.6,155777.2,91,1879.6,171043.6,220,222.1,48862.0,4986,61.2,305143.2,6537,18.6,121588.2,78176,6.6,515961.6,278878,1.5,418317.0,3337372.1,1282871.8
2025-08-17,4,16,17,18,21,44,39,1481556.4,4JP,3337372.1,0.0,2,68351.5,136703.0,70,2144.3,150101.0,258,166.2,42879.6,4622,57.9,267613.8,5926,18.0,106668.0,75362,6.0,452172.0,216946,1.5,325419.0,2211582.5,1125789.6
2025-08-13,4,10,16,19,27,41,40,1159214.8,3JP,2211582.5,0.0,2,54007.5,108015.0,93,1275.3,118602.9,191,177.4,33883.4,4218,50.2,211743.6,5038,16.8,84638.4,65636,5.5,360998.0,160889,1.5,241333.5,1322047.0,889535.5
2025-08-10,1,3,13,15,17,40,45,901373.4,DJP,1322047.0,0.0,3,27981.2,83943.6,64,1440.2,92172.8,142,185.4,26326.8,3146,52.3,164535.8,3937,16.7,65747.9,49175,5.7,280297.5,125566,1.5,188349.0,630745.7,691301.3
2025-08-08,15,21,23,28,32,43,39,825080.9,JP,630745.7,0.0,1,76590.5,76590.5,49,1716.3,84098.7,171,140.5,24025.5,2427,61.8,149988.6,3568,16.8,59942.4,40454,6.3,254860.2,117050,1.5,175575.0,,630745.7
2025-08-06,4,25,27,28,31,43,42,6405039.9,1,4720140.7,4720140.7,2,78054.6,156109.2,87,1970.2,171407.4,267,183.4,48967.8,4739,64.5,305665.5,6388,19.1,122010.8,81930,6.3,516159.0,243053,1.5,364579.5,3434534.8,1285605.9
2025-08-03,2,14,18,27,29,30,22,1643962.0,4JP,3434534.8,0.0,3,50103.5,150310.5,118,1398.7,165046.6,267,176.6,47152.2,5187,56.8,294621.6,7012,16.8,117801.6,82729,6.0,496374.0,248437,1.5,372655.5,2196683.0,1237851.8
2025-07-30,5,17,20,28,31,33,12,1188216.9,3JP,2196683.0,0.0,3,35781.1,107343.3,98,1202.7,117864.6,240,140.3,33672.0,3854,54.6,210428.4,5483,15.3,83889.9,61389,5.8,356056.2,185975,1.5,278962.5,1312677.1,884005.9
2025-07-27,8,16,17,34,35,43,19,927969.2,DJP,1312677.1,0.0,1,83400.6,83400.6,56,1635.3,91576.8,121,216.2,26160.2,2764,59.1,163352.4,3680,17.7,65136.0,44359,6.3,279461.7,145921,1.5,218881.5,625847.9,686829.2
2025-07-25,6,9,22,28,34,36,44,813460.7,JP,625847.9,0.0,1,75995.8,75995.8,50,1668.9,83445.0,130,183.3,23829.0,2710,54.9,148779.0,3163,18.8,59464.4,42850,5.9,252815.0,112755,1.5,169132.5,,625847.9
2025-07-23,5,13,16,30,34,44,9,6421194.9,1,4717544.4,4717544.4,4,38081.5,152326.0,114,1467.1,167249.4,271,176.3,47777.3,4914,60.7,298279.8,7128,16.7,119037.6,80123,6.3,504774.9,276137,1.5,414205.5,3463092.0,1254452.4
2025-07-20,1,7,27,31,38,41,20,1605593.9,4JP,3463092.0,0.0,2,73270.5,146541.0,107,1503.8,160906.6,263,174.8,45972.4,4688,61.2,286905.6,6062,18.9,114571.8,78960,6.2,489552.0,240763,1.5,361144.5,2256283.3,1206808.7
2025-07-16,1,4,6,13,31,40,45,1283250.1,3JP,2256283.3,0.0,3,65679.2,197037.6,90,1348.7,121383.0,232,149.4,34660.8,3965,54.6,216489.0,5016,17.2,86275.2,63475,5.8,368155.0,172833,1.5,259249.5,1345904.3,910379.0
2025-07-13,8,9,10,16,22,41,13,859982.6,DJP,1345904.3,0.0,JP,86491.8,0.0,61,1556.9,94970.9,142,191.0,27122.0,3276,51.7,169369.2,3856,17.5,67480.0,52197,5.5,287083.5,142638,1.5,213957.0,633618.4,712285.9
2025-07-11,6,8,20,22,29,44,11,852612.6,JP,633618.4,0.0,3,25646.4,76939.2,42,2011.4,84478.8,214,112.7,24117.8,2709,55.6,150620.4,4520,13.3,60116.0,43883,5.8,254521.4,134546,1.5,201819.0,,633618.4
2025-07-09,2,4,7,11,15,30,27,2157947.2,1,1200000.0,1200000.0,2,43581.2,87162.4,122,784.4,95696.8,303,90.2,27330.6,4493,38.0,170734.0,5914,11.5,68011.0,58821,4.9,288222.9,147193,1.5,220789.5,,1200000.0
2025-07-06,7,8,18,23,33,39,15,10849149.5,1,8268329.7,8268329.7,4,59319.1,237276.4,170,1532.5,260525.0,460,161.8,74428.0,8195,56.7,464656.5,11362,16.3,185200.6,136131,5.8,789559.8,379449,1.5,569173.5,6314286.9,1954042.8
2025-07-02,4,7,15,19,20,43,33,2027461.2,6JP,6314286.9,0.0,2,92616.8,185233.6,169,1203.5,203391.5,364,159.6,58094.4,6766,53.6,362657.6,8952,16.2,145022.4,106384,5.8,617027.2,304023,1.5,456034.5,4788832.9,1525454.0
2025-06-29,10,12,14,28,31,41,29,1791012.7,5JP,4788832.9,0.0,1,163225.2,163225.2,130,1378.6,179218.0,301,170.1,51200.1,5735,55.8,320013.0,7239,17.6,127406.4,90638,6.0,543828.0,270748,1.5,406122.0,3444625.3,1344207.6
2025-06-25,2,4,15,22,29,42,35,1347640.4,4JP,3444625.3,0.0,1,124965.2,124965.2,78,1759.1,137209.8,220,178.2,39204.0,4303,56.9,244840.7,5251,18.6,97668.6,70664,5.9,416917.6,191223,1.5,286834.5,2415499.5,1029125.8
2025-06-22,17,18,21,28,35,41,31,1221143.5,3JP,2415499.5,0.0,2,56898.2,113796.4,81,1542.6,124950.6,172,207.5,35690.0,3782,58.9,222759.8,4746,18.8,89224.8,61679,6.1,376241.9,172320,1.5,258480.0,1478351.3,937148.2
2025-06-18,21,31,34,40,42,43,15,1090192.2,DJP,1478351.3,0.0,3,32886.7,98660.1,70,1547.6,108332.0,148,209.1,30946.8,2980,64.9,193402.0,3952,19.5,77064.0,49568,6.6,327148.8,169759,1.5,254638.5,665856.0,812495.3
2025-06-15,9,13,15,18,24,44,6,900053.4,JP,665856.0,0.0,3,26951.3,80853.9,47,1888.9,88778.3,169,150.0,25350.0,2517,62.9,158319.3,4260,14.8,63048.0,42181,6.4,269958.4,142497,1.5,213745.5,,665856.0
2025-06-13,6,7,12,24,32,41,38,2308804.9,1,1373464.8,1373464.8,1,87322.3,87322.3,64,1498.1,95878.4,143,191.5,27384.5,3086,55.4,170964.4,3569,19.1,68167.9,51048,5.7,290973.6,129766,1.5,194649.0,654339.9,719124.9
2025-06-11,3,7,8,14,34,40,18,853421.7,JP,654339.9,0.0,1,79455.5,79455.5,51,1710.6,87240.6,131,190.2,24916.2,2632,59.1,155551.2,3631,17.1,62090.1,45517,5.8,263998.6,120113,1.5,180169.5,,654339.9
2025-06-08,8,10,16,17,31,44,7,2320297.9,2,600000.0,1200000.0,2,49822.6,99645.2,69,1585.7,109413.3,172,181.7,31252.4,3335,58.5,195097.5,4935,15.8,77973.0,55165,6.0,330990.0,183951,1.5,275926.5,,600000.0
2025-06-04,2,4,5,17,19,29,33,2138929.4,3,400000.0,1200000.0,2,43047.2,86094.4,118,801.1,94529.8,189,142.9,27008.1,4258,39.6,168616.8,4472,15.0,67080.0,59891,4.8,287476.8,138749,1.5,208123.5,,400000.0
2025-06-01,5,7,15,20,34,43,2,6988840.9,1,5210747.0,5210747.0,1,162120.2,162120.2,128,1390.7,178009.6,308,165.1,50850.8,5604,56.7,317746.8,7661,16.5,126406.5,91305,5.9,538699.5,269507,1.5,404260.5,3875638.7,1335108.3
2025-05-28,3,5,10,21,30,32,11,1758325.2,4JP,3875638.7,0.0,4,92506.9,370027.6,133,1148.1,152697.3,350,124.6,43610.0,5440,50.1,272544.0,8004,13.6,108854.4,85171,5.4,459923.4,233779,1.5,350668.5,2730341.1,1145297.6
2025-05-25,3,24,25,31,40,43,45,1283877.1,3JP,2730341.1,0.0,DJP,230956.0,0.0,83,1721.2,142859.6,236,172.9,40804.4,3878,65.7,254784.6,5405,18.8,101614.0,66604,6.5,432926.0,207259,1.5,310888.5,1658836.1,1071505.0
2025-05-21,11,15,21,27,31,43,42,982019.6,DJP,1658836.1,0.0,JP,100844.7,0.0,71,1559.5,110724.5,163,194.0,31622.0,3406,58.0,197548.0,4228,18.7,79063.6,56665,5.9,334323.5,152492,1.5,228738.0,828350.3,830485.8
2025-05-18,7,9,27,30,43,45,42,1078670.6,JP,828350.3,0.0,1,100585.3,100585.3,87,1269.5,110446.5,156,202.2,31543.2,3657,53.9,197112.3,4444,17.7,78658.8,60080,5.6,336448.0,149251,1.5,223876.5,,828350.3
2025-05-14,18,19,27,33,36,40,28,6505289.8,1,4713449.0,4713449.0,3,88224.3,264672.9,99,1685.5,166864.5,247,193.0,47671.0,5095,58.4,297548.0,6301,18.9,119088.9,81535,6.2,505517.0,260319,1.5,390478.5,3461930.2,1251518.8
2025-05-11,11,12,28,31,41,45,6,1136451.8,4JP,3461930.2,0.0,JP,112702.9,0.0,67,1847.0,123749.0,212,166.7,35340.4,3751,58.9,220933.9,5497,16.0,87952.0,60210,6.2,373302.0,196783,1.5,295174.5,2533788.5,928141.7
2025-05-09,10,13,18,27,34,40,38,1213580.5,3JP,2533788.5,0.0,2,104906.9,209813.8,75,1519.1,113932.5,165,197.2,32538.0,3609,56.3,203186.7,4392,18.5,81252.0,57072,6.0,342432.0,153617,1.5,230425.5,1679244.9,854543.6
2025-05-07,24,25,30,34,39,44,23,1076349.8,DJP,1679244.9,0.0,JP,106047.8,0.0,61,1908.9,116442.9,145,229.4,33263.0,3191,65.1,207734.1,4281,19.4,83051.4,52113,6.8,354368.4,187660,1.5,281490.0,805909.9,873335.0
2025-05-04,8,11,20,34,37,38,7,1118142.9,JP,805909.9,0.0,2,48930.2,97860.4,62,1733.1,107452.2,157,195.5,30693.5,3151,60.8,191580.8,4234,18.1,76635.4,50979,6.4,326265.6,191770,1.5,287655.0,,805909.9
2025-04-30,2,12,14,20,21,45,44,5358656.6,1,3861052.2,3861052.2,1,138765.0,138765.0,93,1638.3,152361.9,252,172.7,43520.4,4753,57.2,271871.6,6050,17.9,108295.0,77815,5.9,459108.5,215788,1.5,323682.0,2718281.4,1142770.8
2025-04-27,13,16,24,25,29,30,37,1390788.8,3JP,2718281.4,0.0,4,32471.8,129887.2,108,1320.5,142614.0,166,245.4,40736.4,4327,58.8,254427.6,5018,20.3,101865.4,68679,6.3,432677.7,192387,1.5,288580.5,1648621.7,1069659.7
2025-04-23,6,12,23,25,26,29,7,1059831.3,DJP,1648621.7,0.0,1,94425.4,94425.4,76,1364.2,103679.2,234,126.5,29601.0,3444,53.7,184942.8,5314,13.9,73864.6,55244,5.7,314890.8,172285,1.5,258427.5,871000.2,777621.5
2025-04-20,3,16,34,35,38,43,23,1162362.6,JP,871000.2,0.0,2,52882.1,105764.2,93,1248.7,116129.1,160,207.3,33168.0,3486,59.4,207068.4,4697,17.6,82667.2,54628,6.4,349619.2,178631,1.5,267946.5,,871000.2
2025-04-16,4,5,25,32,36,38,34,3553026.0,1,2334722.7,2334722.7,5,22637.1,113185.5,65,1912.0,124280.0,216,164.3,35488.8,3172,69.9,221722.8,4736,18.7,88563.2,56090,6.7,375803.0,172840,1.5,259260.0,1402602.7,932120.0
2025-04-13,9,25,37,40,43,45,20,992031.5,DJP,1402602.7,0.0,2,45101.1,90202.2,61,1623.6,99039.6,140,202.1,28294.0,2590,68.2,176638.0,3735,18.9,70591.5,45287,6.6,298894.2,152248,1.5,228372.0,659761.0,742841.7
2025-04-11,6,7,16,40,42,43,35,858871.4,JP,659761.0,0.0,4,20028.4,80113.6,49,1795.2,87964.8,113,222.4,25131.2,2497,62.9,157061.3,3164,19.8,62647.2,43398,6.1,264727.8,120817,1.5,181225.5,,659761.0
2025-04-09,5,21,24,27,38,44,35,2872063.6,1,1737652.4,1737652.4,1,105981.5,105981.5,78,1491.9,116368.2,220,151.1,33242.0,3523,58.9,207504.7,4854,17.1,83003.4,57864,6.1,352970.4,156894,1.5,235341.0,864863.4,872789.0
2025-04-06,16,20,22,27,32,38,14,1140141.5,JP,864863.4,0.0,1,105019.1,105019.1,69,1671.2,115312.8,181,182.0,32942.0,3421,60.1,205602.1,4569,18.0,82242.0,55540,6.3,349902.0,166081,1.5,249121.5,,864863.4
2025-04-02,1,2,15,17,23,27,21,2236040.6,1,1200000.0,1200000.0,3,31418.6,94255.8,75,1379.9,103492.5,190,155.6,29564.0,3692,50.0,184600.0,4554,16.2,73774.8,57026,5.5,313643.0,157807,1.5,236710.5,,1200000.0
2025-03-30,5,8,20,24,27,40,25,15256876.9,3,3826437.4,11479312.2,4,87147.9,348591.6,293,1306.3,382745.9,654,167.2,109348.8,13293,51.4,683260.2,16063,17.0,273071.0,206007,5.6,1153639.2,551272,1.5,826908.0,8608556.0,-4782118.6
2025-03-26,1,14,15,18,23,38,9,2748615.9,7JP,8608556.0,0.0,5,49170.1,245850.5,146,1848.9,269939.4,407,189.5,77126.5,7614,63.3,481966.2,10939,17.6,192526.4,128491,6.4,822342.4,439243,1.5,658864.5,6583902.9,2024653.1
2025-03-23,1,17,32,39,43,45,4,2324464.6,6JP,6583902.9,0.0,1,208785.1,208785.1,136,1685.6,229241.6,344,190.4,65497.6,6840,59.8,409032.0,9353,17.5,163677.5,113203,6.1,690538.3,371795,1.5,557692.5,4864495.5,1719407.4
2025-03-19,14,15,20,27,34,40,43,1748052.5,5JP,4864495.5,0.0,2,80470.8,160941.6,106,1667.1,176712.6,276,182.9,50480.4,5449,57.9,315497.1,6591,19.1,125888.1,86536,6.2,536523.2,254673,1.5,382009.5,3539093.3,1325402.2
2025-03-16,6,10,12,23,28,36,13,1265933.3,4JP,3539093.3,0.0,1,116024.0,116024.0,100,1273.9,127390.0,228,159.6,36388.8,4439,51.2,227276.8,5703,15.9,90677.7,70042,5.5,385231.0,188630,1.5,282945.0,2583601.2,955492.1
2025-03-14,5,7,10,16,32,41,9,1164855.3,3JP,2583601.2,0.0,1,104212.3,104212.3,71,1611.6,114423.6,170,192.3,32691.0,3657,55.8,204060.6,5193,15.7,81530.1,59729,5.8,346428.2,187673,1.5,281509.5,1725382.1,858219.1
2025-03-12,3,12,13,29,38,44,25,1142078.3,DJP,1725382.1,0.0,2,52952.4,105904.8,75,1550.5,116287.5,201,165.2,33205.2,3419,60.7,207533.3,4743,17.5,83002.5,58861,6.0,353166.0,161986,1.5,242979.0,853224.7,872157.4
2025-03-09,20,24,32,37,39,44,42,1121659.6,JP,853224.7,0.0,1,103605.8,103605.8,73,1558.4,113763.2,141,230.5,32500.5,3004,67.6,203070.4,4067,19.9,80933.3,50086,6.9,345593.4,161462,1.5,242193.0,,853224.7
2025-03-05,1,6,24,28,34,44,38,2911910.4,2,890599.1,1781198.2,3,35220.2,105660.6,96,1208.5,116016.0,162,204.6,33145.2,3502,59.1,206968.2,4214,19.6,82594.4,56994,6.2,353362.8,155310,1.5,232965.0,911052.0,-20452.9
2025-03-02,10,13,14,16,21,34,24,1294259.0,JP,911052.0,0.0,1,198599.2,198599.2,81,1499.6,121467.6,172,201.7,34692.4,3521,61.6,216893.6,5119,16.9,86511.1,60651,6.1,369971.1,177416,1.5,266124.0,,911052.0
2025-02-26,10,15,18,20,25,41,17,2102610.6,1,1200000.0,1200000.0,JP,87971.4,0.0,47,2055.2,96594.4,135,204.4,27594.0,3183,54.1,172200.3,3577,19.2,68678.4,45410,6.4,290624.0,164613,1.5,246919.5,,1200000.0
2025-02-23,3,19,24,35,42,43,17,4401792.0,1,2868847.1,2868847.1,1,138037.8,138037.8,95,1595.4,151563.0,275,157.4,43285.0,4334,62.4,270441.6,6995,15.4,107723.0,73940,6.2,458428.0,242311,1.5,363466.5,1732064.9,1136782.2
2025-02-19,3,20,25,27,29,32,45,1255933.6,DJP,1732064.9,0.0,1,210322.1,210322.1,69,1701.3,117389.7,186,180.3,33535.8,3725,56.2,209345.0,4565,18.3,83539.5,59175,6.0,355050.0,164501,1.5,246751.5,851602.0,880462.9
2025-02-16,21,30,31,35,42,43,4,1069977.9,JP,851602.0,0.0,JP,103408.8,0.0,73,1555.4,113544.2,176,184.3,32436.8,2966,68.3,202577.8,4055,20.0,81100.0,50577,6.8,343923.6,197597,1.5,296395.5,,851602.0
2025-02-14,19,22,25,38,41,44,26,8718750.4,1,6858631.5,6858631.5,8,20898.0,167184.0,99,1854.2,183565.8,243,215.8,52439.4,4999,65.5,327434.5,6975,18.7,130432.5,84192,6.6,555667.2,295597,1.5,443395.5,5481817.5,1376814.0
2025-02-12,2,12,24,35,36,45,30,1862893.6,5JP,5481817.5,0.0,3,56800.8,170402.4,134,1396.3,187104.2,285,187.5,53437.5,5494,60.8,334035.2,7635,17.5,133612.5,89906,6.3,566407.8,278596,1.5,417894.0,4078501.1,1403316.4
2025-02-09,4,18,23,27,37,38,24,1748401.4,4JP,4078501.1,0.0,2,80048.3,160096.6,116,1515.4,175786.4,293,171.4,50220.2,5227,60.0,313620.0,6733,18.6,125233.8,85392,6.2,529430.4,262676,1.5,394014.0,2760057.0,1318444.1
2025-02-05,1,9,13,15,26,27,14,1339622.3,3JP,2760057.0,0.0,2,61556.1,123112.2,99,1365.4,135174.6,240,160.9,38616.0,4817,50.1,241331.7,5866,16.4,96202.4,76321,5.4,412133.4,195368,1.5,293052.0,1746190.9,1013866.1
2025-02-02,2,4,19,20,35,45,21,1386170.8,DJP,1746190.9,0.0,3,41797.2,125391.6,101,1363.2,137683.2,237,165.9,39318.3,4173,58.9,245789.7,5662,17.3,97952.6,68354,6.1,416959.4,215384,1.5,323076.0,713551.9,1032639.0
2025-01-29,10,11,13,23,29,41,27,960823.1,JP,713551.9,0.0,2,43322.7,86645.4,60,1585.6,95136.0,169,160.8,27175.2,3093,54.9,169805.7,4631,14.6,67612.6,49073,5.9,289530.7,149945,1.5,224917.5,,713551.9
2025-01-26,5,11,13,17,27,44,19,2302749.2,1,1200000.0,1200000.0,5,20318.0,101590.0,103,1083.0,111549.0,325,98.0,31850.0,4587,43.4,199075.8,6073,13.1,79556.3,65731,5.1,335228.1,162600,1.5,243900.0,,1200000.0
2025-01-22,3,5,29,33,40,45,22,2868262.5,1,1717592.2,1717592.2,1,105653.3,105653.3,84,1381.0,116004.0,197,168.2,33135.4,3585,57.7,206854.5,5236,15.8,82728.8,60201,5.8,349165.8,171419,1.5,257128.5,847506.0,870086.2
2025-01-19,10,16,19,22,30,40,1,1131958.4,JP,847506.0,0.0,1,102911.4,102911.4,85,1329.4,112999.0,223,144.7,32268.1,3883,51.9,201527.7,5826,13.8,80398.8,58311,5.9,344034.9,171879,1.5,257818.5,,847506.0
2025-01-15,9,17,23,33,36,38,27,2168126.8,1,1200000.0,1200000.0,2,43570.0,87140.0,65,1472.0,95680.0,205,133.3,27326.5,3003,56.8,170570.4,4632,14.7,68090.4,47790,6.1,291519.0,151867,1.5,227800.5,,1200000.0
2025-01-12,2,4,5,22,24,27,25,3739390.3,1,2414065.9,2414065.9,5,58627.3,293136.5,89,1307.9,116403.1,254,130.9,33248.6,4449,46.7,207768.3,5283,15.7,82943.1,67819,5.2,352658.8,159444,1.5,239166.0,1541010.0,873055.9
2025-01-10,3,14,22,23,38,44,29,958902.9,DJP,1541010.0,0.0,DJP,187122.6,0.0,73,1450.0,105850.0,155,195.1,30240.5,3136,60.2,188787.2,4167,18.1,75422.7,51470,6.2,319114.0,159659,1.5,239488.5,747102.2,793907.8
2025-01-08,3,9,18,22,31,36,32,883050.7,JP,747102.2,0.0,JP,90719.5,0.0,57,1747.6,99613.2,173,164.5,28458.5,3396,52.3,177610.8,3849,18.4,70821.6,51872,5.8,300857.6,137126,1.5,205689.0,,747102.2
2025-01-05,5,11,19,21,34,44,33,4722557.2,1,3115592.6,3115592.6,2,73317.9,146635.8,108,1490.8,161006.4,261,176.2,45988.2,5342,53.8,287399.6,7245,15.8,114471.0,84552,5.8,490401.6,240708,1.5,361062.0,1908002.1,1207590.5
2025-01-01,5,15,16,32,34,35,37,1350723.4,DJP,1908002.1,0.0,4,31597.5,126390.0,81,1713.3,138777.3,206,192.4,39634.4,4223,58.6,247467.8,5062,19.5,98709.0,67407,6.2,417923.4,187881,1.5,281821.5,867140.9,1040861.2
2024-12-29,14,17,20,35,39,45,43,1132411.8,JP,867140.9,0.0,2,52647.8,105295.6,75,1541.5,115612.5,179,184.5,33025.5,3274,63.0,206262.0,4561,18.1,82554.1,54394,6.4,348121.6,161027,1.5,241540.5,,867140.9
2024-12-25,9,15,20,24,26,34,31,2313978.9,2,600000.0,1200000.0,2,51843.0,103686.0,71,1603.5,113848.5,177,183.7,32514.9,3562,57.0,203034.0,4288,18.9,81043.2,58302,5.9,343981.8,157247,1.5,235870.5,,600000.0
2024-12-22,3,25,30,34,41,44,17,3414887.3,2,955593.3,1911186.6,4,33826.4,135305.6,76,1954.8,148564.8,291,145.8,42427.8,3999,66.3,265133.7,6297,16.8,105789.6,66966,6.7,448672.2,238538,1.5,357807.0,796903.5,158689.8
2024-12-18,1,7,25,27,32,34,13,1054413.8,JP,796903.5,0.0,4,24191.7,96766.8,42,2529.8,106251.6,171,177.5,30352.5,2878,65.9,189660.2,4827,15.7,75783.9,51106,6.3,321967.8,155754,1.5,233631.0,,796903.5
2024-12-15,4,5,41,42,44,45,6,2483803.7,1,1200000.0,1200000.0,4,28604.5,114418.0,88,1427.6,125628.8,233,154.0,35882.0,4483,50.0,224150.0,4799,18.6,89261.4,56485,6.7,378449.5,210676,1.5,316014.0,,1200000.0
2024-12-11,13,17,26,34,39,42,6,12497422.5,1,9625763.1,9625763.1,3,86021.3,258063.9,228,1242.8,283358.4,548,147.7,80939.6,9775,51.7,505367.5,12384,16.3,201859.2,145617,5.9,859140.3,455287,1.5,682930.5,7500529.1,2125234.0
2024-12-08,9,19,31,33,34,36,5,2567247.8,6JP,7500529.1,0.0,3,76325.8,228977.4,133,1890.4,251423.2,409,175.6,71820.4,7842,57.2,448562.4,10475,17.1,179122.5,120988,6.3,762224.4,416745,1.5,625117.5,5614831.7,1885697.4
2024-12-04,14,17,27,28,36,44,24,1932867.8,5JP,5614831.7,0.0,5,35367.6,176838.0,164,1183.9,194159.6,333,166.6,55477.8,6348,54.6,346600.8,8115,17.0,137955.0,99324,5.9,586011.6,290550,1.5,435825.0,4158515.5,1456316.2
2024-12-01,3,4,7,8,35,41,29,1838175.7,4JP,4158515.5,0.0,3,56441.7,169325.1,121,1536.5,185916.5,326,162.9,53105.4,5932,55.9,331598.8,8057,16.4,132134.8,98388,5.7,560811.6,270189,1.5,405283.5,2764073.4,1394442.1
2024-11-27,1,2,8,16,41,42,18,1336431.0,3JP,2764073.4,0.0,5,24540.1,122700.5,73,1845.6,134728.8,208,185.0,38480.0,3929,61.2,240454.8,5267,18.2,95859.4,66290,6.2,410998.0,195473,1.5,293209.5,1753594.7,1010478.7
2024-11-24,8,11,30,31,33,37,6,1370103.3,DJP,1753594.7,0.0,3,40973.2,122919.6,81,1666.3,134970.3,205,188.1,38560.5,3934,61.2,240760.8,5523,17.4,96100.2,65298,6.3,411377.4,216943,1.5,325414.5,741315.3,1012279.4
2024-11-20,7,8,9,41,42,45,30,970943.6,JP,741315.3,0.0,2,45008.4,90016.8,73,1354.0,98842.0,168,168.0,28224.0,2839,62.1,176301.9,3777,18.6,70252.2,48161,6.2,298598.2,139139,1.5,208708.5,,741315.3
2024-11-17,7,8,11,16,26,40,44,7064669.0,1,5075162.6,5075162.6,6,30886.1,185316.6,156,1304.3,203470.8,377,154.2,58133.4,7464,48.6,362750.4,8739,16.6,145067.4,115911,5.3,614328.3,280293,1.5,420439.5,3549022.4,1526140.2
2024-11-13,10,17,20,21,24,36,19,1518883.2,4JP,3549022.4,0.0,2,68928.1,137856.2,92,1645.3,151367.6,213,203.0,43239.0,4614,58.5,269919.0,6213,17.4,108106.2,77128,5.9,455055.2,235560,1.5,353340.0,2413735.7,1135286.7
2024-11-10,8,11,14,28,32,36,34,1132317.5,3JP,2413735.7,0.0,1,105393.8,105393.8,78,1483.6,115720.8,188,175.8,33050.4,3880,53.2,206416.0,4624,17.8,82307.2,59432,5.9,350648.8,159187,1.5,238780.5,1545786.1,867949.6
2024-11-08,3,6,18,25,40,43,12,1058733.7,DJP,1545786.1,0.0,4,23934.3,95737.2,75,1401.6,105120.0,177,169.6,30019.2,3178,59.0,187502.0,5062,14.8,74917.6,51802,6.1,315992.2,166297,1.5,249445.5,757360.3,788425.8
2024-11-06,9,12,23,26,30,44,41,983927.7,JP,757360.3,0.0,2,45982.5,91965.0,60,1683.0,100980.0,170,169.7,28849.0,3357,53.7,180270.9,3883,18.5,71835.5,53814,5.7,306739.8,135525,1.5,203287.5,,757360.3
2024-11-03,12,16,18,19,27,44,6,3139814.5,1,1785560.1,1785560.1,2,61488.4,122976.8,85,1588.6,135031.0,260,148.3,38558.0,3991,60.4,241056.4,6713,14.3,95995.9,66933,6.1,408291.3,208230,1.5,312345.0,772809.1,1012751.0
2024-10-30,7,8,29,36,39,40,6,1050777.8,JP,772809.1,0.0,3,31280.3,93840.9,68,1515.3,103040.4,150,196.2,29430.0,2755,66.7,183758.5,3982,18.4,73268.8,49699,6.3,313103.7,169557,1.5,254335.5,,772809.1
2024-10-27,10,22,25,27,32,40,15,4298556.2,1,2867162.6,2867162.6,4,32838.5,131354.0,88,1639.0,144232.0,250,164.8,41200.0,4261,60.4,257364.4,6333,16.2,102594.6,72106,6.1,439846.6,209868,1.5,314802.0,1785420.5,1081742.1
2024-10-23,12,17,22,27,36,40,14,1169739.8,DJP,1785420.5,0.0,1,107822.8,107822.8,85,1392.8,118388.0,206,164.2,33825.2,3996,52.9,211388.4,4929,17.1,84285.9,59490,6.0,356940.0,171393,1.5,257089.5,897467.4,887953.1
2024-10-20,4,6,15,35,41,43,40,1182391.7,JP,897467.4,0.0,4,27244.5,108978.0,52,2301.1,119657.2,147,232.5,34177.5,3213,66.5,213664.5,4101,20.8,85300.8,54526,6.7,365324.2,170193,1.5,255289.5,,897467.4
2024-10-16,3,12,30,41,42,45,33,14215913.5,1,10887160.8,10887160.8,4,75598.9,302395.6,179,1854.9,332027.1,593,159.9,94820.7,9655,61.4,592817.0,13552,17.5,237160.0,160891,6.3,1013613.3,503946,1.5,755919.0,8396843.9,2490316.9
2024-10-13,1,3,18,23,28,35,33,2024478.5,7JP,8396843.9,0.0,6,30863.7,185182.2,133,1528.8,203330.4,372,156.1,58069.2,6468,56.1,362854.8,8970,16.1,144417.0,103696,5.9,611806.4,305879,1.5,458818.5,6871809.3,1525034.6
2024-10-11,16,22,28,29,36,45,26,1795771.6,6JP,6871809.3,0.0,4,40625.0,162500.0,103,1732.3,178426.9,284,179.5,50978.0,5244,60.7,318310.8,7595,16.7,126836.5,86942,6.2,539040.4,279786,1.5,419679.0,5533572.5,1338236.8
2024-10-09,2,10,12,15,40,42,16,1864661.2,5JP,5533572.5,0.0,3,56812.4,170437.2,121,1546.6,187138.6,288,185.6,53452.8,5778,57.8,333968.4,7482,17.8,133179.6,96009,5.9,566453.1,280021,1.5,420031.5,4129970.6,1403601.9
2024-10-06,3,8,21,22,32,43,12,1816874.2,4JP,4129970.6,0.0,3,55007.4,165022.2,118,1535.6,181200.8,370,139.9,51763.0,6018,53.7,323166.6,8944,14.4,128793.6,95140,5.8,551812.0,276744,1.5,415116.0,2770963.7,1359006.9
2024-10-02,12,23,26,27,35,43,38,1320975.8,3JP,2770963.7,0.0,1,123519.6,123519.6,93,1458.3,135621.9,228,169.9,38737.2,4165,58.1,241986.5,5567,17.4,96865.8,69852,5.9,412126.8,181412,1.5,272118.0,1753743.2,1017220.5
2024-09-29,4,7,16,25,27,41,38,1320909.4,DJP,1753743.2,0.0,1,123343.8,123343.8,102,1327.8,135435.6,265,146.0,38690.0,4506,53.6,241521.6,5527,17.5,96722.5,72974,5.6,408654.4,184361,1.5,276541.5,737970.6,1015772.6
2024-09-25,2,7,18,20,24,37,21,990572.7,JP,737970.6,0.0,2,44805.3,89610.6,57,1726.2,98393.4,151,186.1,28101.1,2970,59.1,175527.0,3872,18.1,70083.2,48804,6.1,297704.4,154102,1.5,231153.0,,737970.6
2024-09-22,15,19,32,37,39,40,34,14661405.6,1,11152282.9,11152282.9,5,64603.2,323016.0,189,1876.6,354677.4,592,171.1,101291.2,9863,64.2,633204.6,14197,17.8,252706.6,167151,6.4,1069766.4,516307,1.5,774460.5,8492148.8,2660134.1
2024-09-18,1,16,17,18,31,44,25,2584497.7,7JP,8492148.8,0.0,2,118746.9,237493.8,125,2086.2,260775.0,377,197.6,74495.2,7259,64.1,465301.9,9909,18.7,185298.3,121999,6.5,792993.5,378760,1.5,568140.0,6536316.7,1955832.1
2024-09-15,1,2,3,4,20,26,29,1639429.8,6JP,6536316.7,0.0,1,151287.5,151287.5,132,1258.4,166108.8,288,164.8,47462.4,7485,39.6,296406.0,7303,16.2,118308.6,91039,5.5,500714.5,239428,1.5,359142.0,5290419.1,1245897.6
2024-09-13,2,3,11,20,30,42,10,1573480.6,5JP,5290419.1,0.0,4,35766.4,143065.6,112,1402.6,157091.2,347,129.3,44867.1,5168,54.2,280105.6,8326,13.4,111568.4,81959,5.8,475362.2,240947,1.5,361420.5,4112231.3,1178187.8
2024-09-11,2,8,11,12,23,40,6,1610141.8,4JP,4112231.3,0.0,3,48720.9,146162.7,134,1197.7,160491.8,370,123.9,45843.0,6149,46.6,286543.4,9018,12.7,114528.6,90412,5.4,488224.8,245565,1.5,368347.5,2908537.3,1203694.0
2024-09-08,2,9,11,12,19,29,42,1499191.8,3JP,2908537.3,0.0,5,27834.2,139171.0,212,720.8,152809.6,316,138.1,43639.6,7101,38.4,272678.4,6309,17.3,109145.7,95735,4.8,459528.0,214813,1.5,322219.5,1762419.4,1146117.9
2024-09-04,1,14,15,23,31,42,26,1181100.5,DJP,1762419.4,0.0,1,106574.8,106574.8,74,1581.3,117016.2,158,211.6,33432.8,3177,65.7,208728.9,4464,18.7,83476.8,54262,6.5,352703.0,186112,1.5,279168.0,884744.0,877675.4
2024-09-01,4,5,10,18,29,38,41,1243601.7,JP,884744.0,0.0,4,48775.6,195102.4,76,1552.1,117959.6,180,187.2,33696.0,3953,53.2,210299.6,4541,18.5,84008.5,62923,5.7,358661.1,162583,1.5,243874.5,,884744.0
2024-08-28,5,9,16,20,39,45,29,2062248.5,1,1200000.0,1200000.0,JP,87669.4,0.0,73,1318.6,96257.8,192,143.2,27494.4,3002,57.2,171714.4,4679,14.6,68313.4,50300,5.8,291740.0,137819,1.5,206728.5,,1200000.0
2024-08-25,2,4,27,29,34,35,30,7202196.5,3,1732889.1,5198667.3,3,61307.8,183923.4,127,1590.1,201942.7,317,182.0,57694.0,5891,61.2,360529.2,7562,19.0,143678.0,99679,6.1,608041.9,298480,1.5,447720.0,3684002.4,-1951113.3
2024-08-21,4,17,18,24,26,39,35,1496488.0,4JP,3684002.4,0.0,1,138506.0,138506.0,124,1226.4,152073.6,250,173.8,43450.0,5000,54.3,271500.0,6402,16.9,108193.8,80047,5.8,464272.6,212328,1.5,318492.0,2543364.4,1140638.0
2024-08-18,1,10,12,37,44,45,30,1351872.5,3JP,2543364.4,0.0,2,62260.6,124521.2,84,1627.7,136726.8,221,176.7,39050.7,4227,57.7,243897.9,5712,17.0,97104.0,66987,6.2,415319.4,196835,1.5,295252.5,1517895.5,1025468.9
2024-08-14,1,5,13,17,26,38,3,1142466.3,DJP,1517895.5,0.0,3,34113.7,102341.1,95,1182.8,112366.0,233,137.7,32084.1,3938,50.9,200444.2,6435,12.4,79794.0,59053,5.8,342507.4,181953,1.5,272929.5,675085.9,842809.6
2024-08-11,13,14,31,34,36,40,26,918567.7,JP,675085.9,0.0,1,81974.7,81974.7,42,2143.1,90010.2,92,279.5,25714.0,2271,70.7,160559.7,3140,20.4,64056.0,38451,7.1,273002.1,148834,1.5,223251.0,,675085.9
2024-08-09,3,9,14,29,33,38,27,2059017.9,1,1200000.0,1200000.0,3,25981.8,77945.4,68,1258.6,85584.8,167,146.4,24448.8,2805,54.4,152592.0,4535,13.4,60769.0,44478,5.8,257972.4,133137,1.5,199705.5,,1200000.0
2024-08-07,3,8,27,28,36,42,29,2174153.5,2,600000.0,1200000.0,1,89172.0,89172.0,72,1359.9,97912.8,154,181.6,27966.4,3199,54.6,174665.4,3928,17.8,69918.4,52990,5.6,296744.0,145183,1.5,217774.5,,600000.0
2024-08-04,11,13,27,32,38,40,23,5714344.3,1,3953610.4,3953610.4,3,53414.6,160243.8,130,1353.4,175942.0,330,152.3,50259.0,5337,58.8,313815.6,7662,16.4,125656.8,86431,6.2,535872.2,265963,1.5,398944.5,2633955.6,1319654.8
2024-07-31,3,5,17,25,30,36,8,1311123.1,3JP,2633955.6,0.0,3,39257.6,117772.8,94,1375.7,129315.8,299,123.5,36926.5,4164,55.4,230685.6,6608,13.9,91851.2,67769,5.8,393060.2,207674,1.5,311511.0,1664061.7,969893.9
2024-07-28,7,9,12,17,19,39,18,1248804.0,DJP,1664061.7,0.0,3,38598.0,115794.0,147,864.9,127140.3,265,137.0,36305.0,5372,42.2,226698.4,5562,16.3,90660.6,78318,4.9,383758.2,178965,1.5,268447.5,710463.3,953598.4
2024-07-24,12,30,32,34,37,43,21,963211.7,JP,710463.3,0.0,3,28756.8,86270.4,43,2202.9,94724.7,155,174.6,27063.0,2535,66.7,169084.5,3665,18.4,67436.0,41504,6.9,286377.6,154837,1.5,232255.5,,710463.3
2024-07-21,3,15,25,26,30,33,42,2970394.4,1,1694961.2,1694961.2,2,59367.4,118734.8,89,1464.8,130367.2,241,154.5,37234.5,4258,54.6,232486.8,5546,16.7,92618.2,70147,5.6,392823.2,180779,1.5,271168.5,717143.7,977817.5
2024-07-17,2,17,23,35,41,42,39,1102175.8,JP,717143.7,0.0,3,80929.7,242789.1,54,1770.7,95617.8,164,166.5,27306.0,2792,61.1,170591.2,3765,18.1,68146.5,44142,6.6,291337.2,137592,1.5,206388.0,,717143.7
2024-07-14,7,13,17,20,30,43,1,1969376.7,2,576694.3,1153388.6,DJP,155707.4,0.0,81,1065.2,86281.2,195,142.2,27729.0,3598,44.9,161550.2,4757,14.5,68976.5,53784,5.1,274298.4,151656,1.3,197152.8,537046.4,39647.9
2024-07-12,4,13,16,21,33,35,29,704854.3,JP,537046.4,0.0,JP,72501.2,0.0,88,854.3,75178.4,168,143.8,24158.4,2756,51.1,140831.6,3785,15.9,60181.5,44247,5.4,238933.8,127362,1.3,165570.6,,537046.4
2024-07-10,6,8,12,18,19,38,21,1879133.2,1,1000000.0,1000000.0,3,27061.8,81185.4,78,1079.3,84185.4,202,133.9,27047.8,3745,42.1,157664.5,4838,13.9,67248.2,55896,4.8,268300.8,148847,1.3,193501.1,,1000000.0
2024-07-07,9,10,18,22,35,40,13,6343309.0,1,4507850.2,4507850.2,6,28255.3,169531.8,149,1179.9,175805.1,315,179.3,56479.5,6359,51.8,329396.2,7988,17.6,140588.8,102392,5.5,563156.0,308078,1.3,400501.4,3252056.1,1255794.1
2024-07-03,6,8,13,19,25,26,23,1401153.9,4JP,3252056.1,0.0,2,65255.6,130511.2,143,946.4,135335.2,292,148.9,43478.8,5879,43.1,253384.9,7253,14.9,108069.7,86377,5.0,431885.0,229607,1.3,298489.1,2285305.7,966750.4
2024-06-30,2,13,20,23,28,38,27,1353865.3,3JP,2285305.7,0.0,4,30676.4,122705.6,82,1551.8,127247.6,267,153.1,40877.7,4484,53.2,238548.8,6239,16.3,101695.7,73142,5.6,409595.2,240919,1.3,313194.7,1376374.6,908931.1
2024-06-26,14,23,26,30,31,39,9,1050584.0,DJP,1376374.6,0.0,1,94291.1,94291.1,71,1377.2,97781.2,176,178.5,31416.0,3295,55.6,183202.0,4751,16.5,78391.5,52149,6.0,312894.0,194314,1.3,252608.2,677921.6,698453.0
2024-06-23,7,8,10,14,18,23,27,986996.4,JP,677921.6,0.0,3,30506.4,91519.2,75,1265.4,94905.0,242,126.0,30492.0,4016,44.3,177908.8,5949,12.8,76147.2,61370,4.9,300713.0,165624,1.3,215311.2,,677921.6
2024-06-19,2,5,6,22,23,30,3,2443779.2,1,1399752.8,1399752.8,5,18846.8,94234.0,92,1062.2,97722.4,281,111.7,31387.7,4013,45.6,182992.8,7234,10.8,78127.2,61496,5.1,313629.6,189179,1.3,245932.7,701721.7,698031.1
2024-06-16,3,5,23,29,33,45,10,1030324.4,JP,701721.7,0.0,1,94732.4,94732.4,86,1142.3,98237.8,206,153.2,31559.2,3942,46.7,184091.4,5913,13.3,78642.9,62582,5.0,312910.0,177039,1.3,230150.7,,701721.7
2024-06-12,5,15,27,29,41,44,43,3498235.3,1,2292944.6,2292944.6,2,56569.2,113138.4,117,1002.8,117327.6,236,159.8,37712.8,4564,48.2,219984.8,5440,17.3,94112.0,69481,5.4,375197.4,190629,1.3,247817.7,1454881.4,838063.2
2024-06-09,6,7,9,15,28,35,27,1242362.8,DJP,1454881.4,0.0,2,57043.8,114087.6,93,1272.1,118305.3,274,138.7,38003.8,4701,47.1,221417.1,6735,14.1,94963.5,76144,5.0,380720.0,211435,1.3,274865.5,609787.3,845094.1
2024-06-05,7,15,21,28,31,39,42,981803.1,JP,609787.3,0.0,3,63948.4,191845.2,80,1067.1,85368.0,190,144.4,27436.0,3434,46.6,160024.4,4853,14.1,68427.3,51877,5.3,274948.1,133657,1.3,173754.1,,609787.3
2024-06-02,6,18,32,36,38,45,31,2489126.4,1,1424048.0,1424048.0,JP,109524.1,0.0,83,1368.4,113577.2,173,211.0,36503.0,3581,59.4,212711.4,4599,19.8,91060.2,61446,5.9,362531.4,191304,1.3,248695.2,612758.0,811290.0
2024-05-29,1,22,23,24,38,45,33,891892.9,JP,612758.0,0.0,3,27574.1,82722.3,71,1208.2,85782.2,156,176.7,27565.2,2655,60.5,160627.5,3957,17.4,68851.8,45165,6.1,275506.5,146798,1.3,190837.4,,612758.0
2024-05-26,1,6,13,21,40,45,22,2594913.2,1,1388121.7,1388121.7,1,111500.5,111500.5,109,1060.8,115627.2,252,147.4,37144.8,4341,49.9,216615.9,5768,16.1,92864.8,69401,5.3,367825.3,204010,1.3,265213.0,562191.5,825930.2
2024-05-22,14,19,28,32,40,42,1,838193.8,JP,562191.5,0.0,2,37947.9,75895.8,59,1334.0,78706.0,125,202.3,25287.5,2732,54.0,147528.0,3277,19.3,63246.1,43468,5.8,252114.4,150320,1.3,195416.0,,562191.5
2024-05-19,7,13,19,25,33,39,40,3053970.7,2,1005392.4,2010784.8,1,97697.8,97697.8,114,888.7,101311.8,203,160.4,32561.2,4442,42.7,189673.4,4636,17.5,81130.0,62458,5.2,324781.6,166177,1.3,216030.1,1287097.1,-281704.7
2024-05-17,22,23,28,35,41,43,15,959858.8,DJP,1287097.1,0.0,2,44433.0,88866.0,69,1335.6,92156.4,160,185.1,29616.0,2817,61.3,172682.1,4219,17.5,73832.5,47568,6.2,294921.6,159834,1.3,207784.2,628829.7,658267.4
2024-05-15,19,22,23,24,30,33,12,928176.2,JP,628829.7,0.0,1,84892.0,84892.0,62,1419.9,88033.8,164,172.5,28290.0,2842,58.0,164836.0,4405,16.0,70480.0,48893,5.8,283579.4,160050,1.3,208065.0,,628829.7
2024-05-12,1,5,14,25,29,35,26,5012084.7,2,1731811.5,3463623.0,7,20266.8,141867.6,95,1548.6,147117.0,266,177.7,47268.2,5166,53.3,275347.8,7153,16.5,118024.5,84787,5.6,474807.2,264638,1.3,344029.4,2412750.5,-680939.0
2024-05-08,2,4,9,16,19,44,43,1325677.5,3JP,2412750.5,0.0,4,30978.7,123914.8,102,1259.8,128499.6,216,191.2,41299.2,5409,44.5,240700.5,5712,18.0,102816.0,83794,4.9,410590.6,213736,1.3,277856.8,1494861.0,917889.5
2024-05-05,15,17,28,34,36,37,3,1345509.8,DJP,1494861.0,0.0,3,39862.9,119588.7,82,1512.4,124016.8,287,138.8,39835.6,4004,58.0,232232.0,6046,16.4,99154.4,66437,6.0,398622.0,255431,1.3,332060.3,609018.6,885842.4
2024-05-01,3,10,21,24,36,38,15,884489.4,JP,609018.6,0.0,3,27405.8,82217.4,73,1167.9,85256.7,144,190.3,27403.2,3111,51.3,159594.3,3934,17.4,68451.6,49911,5.5,274510.5,143889,1.3,187055.7,,609018.6
2024-04-28,4,9,30,38,41,44,26,10310061.6,1,7535657.6,7535657.6,5,50985.9,254929.5,203,1302.3,264366.9,496,171.3,84964.8,8716,56.8,495068.8,12822,16.5,211563.0,145569,5.8,844300.2,476316,1.3,619210.8,5647287.4,1888370.2
2024-04-24,3,23,24,34,35,45,26,2149986.3,6JP,5647287.4,0.0,6,32993.0,197958.0,151,1359.5,205284.5,378,174.5,65961.0,6830,56.3,384529.0,9871,16.7,164845.7,113414,5.8,657801.2,364313,1.3,473606.9,4180927.9,1466359.5
2024-04-21,7,9,11,14,15,42,33,1869462.2,5JP,4180927.9,0.0,4,43383.0,173532.0,131,1373.7,179954.7,324,178.5,57834.0,6473,52.1,337243.3,8664,16.6,143822.4,109613,5.3,580948.9,304713,1.3,396126.9,2895503.8,1285424.1
2024-04-17,14,17,18,28,37,44,5,1425656.9,4JP,2895503.8,0.0,2,63935.3,127870.6,82,1617.1,132602.2,236,180.6,42621.6,4478,55.5,248529.0,6483,16.4,106321.2,72629,5.9,428511.1,260924,1.3,339201.2,1948313.9,947189.9
2024-04-14,9,15,19,26,31,45,28,1025280.5,3JP,1948313.9,0.0,3,31487.3,94461.9,86,1139.0,97954.0,204,154.3,31477.2,3493,52.5,183382.5,4778,16.4,78359.2,56962,5.5,313291.0,174119,1.3,226354.7,1248595.3,699718.6
2024-04-12,4,8,16,18,27,35,31,897933.2,DJP,1248595.3,0.0,1,85111.8,85111.8,97,909.9,88260.3,204,139.0,28356.0,3840,43.0,165120.0,4318,16.4,70815.2,57201,4.9,280284.9,138450,1.3,179985.0,618137.0,630458.3
2024-04-10,5,12,13,14,39,43,16,902480.5,JP,618137.0,0.0,2,41724.2,83448.4,73,1185.4,86534.2,143,194.5,27813.5,2872,56.4,161980.8,3944,17.6,69414.4,50031,5.5,275170.5,152399,1.3,198118.7,,618137.0
2024-04-07,19,28,37,41,42,43,6,6647350.4,1,4715840.5,4715840.5,3,58273.0,174819.0,115,1576.4,181286.0,342,170.3,58242.6,5791,58.6,339352.6,8162,17.8,145283.6,98315,5.9,580058.5,348052,1.3,452467.6,3420883.9,1294956.6
2024-04-03,3,4,11,12,27,37,25,1330952.2,4JP,3420883.9,0.0,2,62937.0,125874.0,123,1061.2,130527.6,281,149.3,41953.3,5592,43.7,244370.4,6834,15.3,104560.2,88274,4.7,414887.8,206753,1.3,268778.9,2488482.9,932401.0
2024-03-31,5,15,19,21,23,44,36,1482615.3,3JP,2488482.9,0.0,4,34803.7,139214.8,112,1289.0,144368.0,238,194.9,46386.2,5008,54.0,270432.0,6250,18.5,115625.0,86340,5.4,466236.0,231041,1.3,300353.3,1457259.9,1031223.0
2024-03-27,4,11,25,26,32,41,36,1075656.3,DJP,1457259.9,0.0,3,33882.4,101647.2,69,1527.7,105411.3,185,183.1,33873.5,3610,54.7,197467.0,4560,18.5,84360.0,59383,5.7,338483.1,164934,1.3,214414.2,704316.4,752943.5
2024-03-24,1,2,7,11,23,41,42,1116388.2,JP,704316.4,0.0,1,194667.3,194667.3,81,1217.3,98601.3,194,163.3,31680.2,4418,41.8,184672.4,4393,18.0,79074.0,66314,4.8,318307.2,161066,1.3,209385.8,,704316.4
2024-03-20,1,3,6,7,20,45,28,2420667.6,2,725580.0,1451160.0,JP,99584.5,0.0,149,693.1,103271.9,296,112.1,33181.6,5422,35.7,193565.4,6313,13.1,82700.3,74505,4.4,327822.0,176128,1.3,228966.4,713496.4,12083.6
2024-03-17,5,13,32,35,36,40,10,1068914.7,JP,713496.4,0.0,2,48161.0,96322.0,64,1560.7,99884.8,154,208.4,32093.6,3106,60.3,187291.8,4527,17.7,80127.9,52439,6.1,319877.9,194859,1.3,253316.7,,713496.4
2024-03-13,2,5,7,14,38,41,26,1886114.9,1,1000000.0,1000000.0,1,81958.1,81958.1,64,1328.0,84992.0,202,135.2,27310.4,3061,52.0,159172.0,4612,14.8,68257.6,50153,5.4,270826.2,148922,1.3,193598.6,,1000000.0
2024-03-10,7,13,17,20,35,39,12,4353537.7,1,3113259.8,3113259.8,4,28092.1,112368.4,94,1239.6,116522.4,225,166.4,37440.0,4442,49.1,218102.2,5510,16.9,93119.0,70748,5.3,374964.4,221355,1.3,287761.5,2280898.9,832360.9
2024-03-08,6,14,18,22,28,37,33,1098128.5,3JP,2280898.9,0.0,5,20284.8,101424.0,68,1546.7,105175.6,191,177.0,33807.0,3527,55.9,197159.3,4907,17.2,84400.4,59196,5.7,337417.2,183650,1.3,238745.0,1529607.1,751291.8
2024-03-06,3,13,19,21,23,44,24,1128003.5,DJP,1529607.1,0.0,1,105065.0,105065.0,90,1210.6,108954.0,223,157.0,35011.0,4369,46.7,204032.3,5397,16.2,87431.4,68138,5.1,347503.8,184620,1.3,240006.0,751347.8,778259.3
2024-03-03,3,11,14,25,33,39,17,1102131.8,JP,751347.8,0.0,1,101431.9,101431.9,93,1131.0,105183.0,261,129.5,33799.5,4140,47.6,197064.0,6236,13.5,84186.0,64095,5.3,339703.5,185203,1.3,240763.9,,751347.8
2024-02-28,10,22,24,28,34,43,42,3683278.2,1,2415635.8,2415635.8,4,29784.9,119139.6,80,1544.4,123552.0,225,176.5,39712.5,4738,48.8,231214.4,5489,18.0,98802.0,69885,5.7,398344.5,197598,1.3,256877.4,1533118.6,882517.2
2024-02-25,3,8,10,14,29,35,45,1288556.1,DJP,1533118.6,0.0,3,40192.7,120578.1,96,1302.5,125040.0,230,174.7,40181.0,4744,49.4,234353.6,5763,17.4,100276.2,77306,5.2,401991.2,204720,1.3,266136.0,639945.4,893173.2
2024-02-21,7,8,21,23,26,40,30,915375.7,JP,639945.4,0.0,1,86392.6,86392.6,65,1378.3,89589.5,193,149.2,28795.6,3502,47.9,167745.8,4634,15.5,71827.0,56029,5.1,285747.9,142521,1.3,185277.3,,639945.4
2024-02-18,13,18,23,29,30,42,19,2244579.4,1,1000000.0,1000000.0,6,39655.8,237934.8,78,1348.0,105144.0,192,176.0,33792.0,3433,57.4,197054.2,5148,16.4,84427.2,56849,5.9,335409.1,192937,1.3,250818.1,,1000000.0
2024-02-14,2,21,22,27,34,37,25,4452619.8,1,3121348.4,3121348.4,JP,136540.4,0.0,91,1556.0,141596.0,249,182.7,45492.3,4619,57.4,265130.6,6150,18.5,113775.0,80951,5.6,453325.6,239963,1.3,311951.9,2109938.0,1011410.4
2024-02-11,2,14,16,21,37,41,10,1135144.4,3JP,2109938.0,0.0,3,34107.2,102321.6,54,1965.0,106110.0,178,191.6,34104.8,3363,59.1,198753.3,4953,17.2,85191.6,56315,6.0,337890.0,208287,1.3,270773.1,1351998.2,757939.8
2024-02-09,2,3,8,20,21,31,35,977585.7,DJP,1351998.2,0.0,2,46240.8,92481.6,105,913.3,95896.5,154,200.1,30815.4,3945,45.5,179497.5,4038,19.0,76722.0,61648,5.0,308240.0,149179,1.3,193932.7,666948.2,685050.0
2024-02-07,3,4,20,37,40,42,8,996856.6,JP,666948.2,0.0,3,30012.6,90037.8,46,2029.8,93370.8,163,184.1,30008.3,2861,61.1,174807.1,4477,16.7,74765.9,49193,6.1,300077.3,179838,1.3,233789.4,,666948.2
2024-02-04,3,5,9,17,25,38,45,9044061.6,3,2174563.8,6523691.4,7,33710.0,235970.0,210,1165.2,244692.0,497,158.2,78625.4,9833,46.6,458217.8,11922,16.4,195520.8,156277,5.0,781385.0,404584,1.3,525959.2,4775762.1,-2601198.3
2024-01-31,17,21,22,28,35,36,37,1819679.0,5JP,4775762.1,0.0,4,42986.7,171946.8,114,1564.1,178307.4,320,179.1,57312.0,6164,54.2,334088.8,7697,18.6,143164.2,102391,5.6,573389.6,278054,1.3,361470.2,3502080.3,1273681.8
2024-01-28,9,17,26,28,31,41,13,1690898.9,4JP,3502080.3,0.0,8,19578.0,156624.0,132,1230.4,162412.8,390,133.8,52182.0,6146,49.5,304227.0,8385,15.5,129967.5,96972,5.4,523648.8,278336,1.3,361836.8,2341900.5,1160179.8
2024-01-24,4,8,14,16,35,42,25,1245567.2,3JP,2341900.5,0.0,6,19449.9,116699.4,71,1704.5,121019.5,208,187.0,38896.0,4584,49.5,226908.0,5553,17.5,97177.5,70362,5.5,386991.0,198366,1.3,257875.8,1477457.7,864442.8
2024-01-21,3,16,27,31,40,42,25,1415651.0,DJP,1477457.7,0.0,2,141120.7,282241.4,89,1361.3,121155.7,234,166.4,38937.6,4508,50.3,226752.4,5281,18.4,97170.4,70891,5.5,389900.5,199610,1.3,259493.0,612046.2,865411.5
2024-01-17,7,21,26,31,42,43,44,793919.1,JP,612046.2,0.0,DJP,165411.0,0.0,60,1428.1,85686.0,123,223.9,27539.7,3138,51.1,160351.8,3526,19.5,68757.0,51438,5.3,272621.4,137664,1.3,178963.2,,612046.2
2024-01-14,6,14,15,16,25,39,33,1813986.6,1,1000000.0,1000000.0,JP,82784.7,0.0,74,1160.1,85847.4,156,176.8,27580.8,2792,57.6,160819.2,4052,17.0,68884.0,47611,5.8,276143.8,149778,1.3,194711.4,,1000000.0
2024-01-12,4,7,8,18,31,42,43,1858357.0,1,1000000.0,1000000.0,2,40403.7,80807.4,45,1862.2,83799.0,136,198.0,26928.0,3418,45.9,156886.2,3511,19.1,67060.1,52766,5.1,269106.6,133669,1.3,173769.7,,1000000.0
2024-01-10,21,33,36,37,41,43,2,2108317.4,1,1000000.0,1000000.0,5,41221.5,206107.5,74,1240.0,91760.0,195,151.2,29484.0,2978,57.7,171830.6,3893,18.9,73577.7,49022,6.0,294132.0,185712,1.3,241425.6,,1000000.0
2024-01-07,1,9,14,15,20,35,3,2710761.0,2,761132.0,1522264.0,JP,117620.8,0.0,85,1435.0,121975.0,271,144.6,39186.6,4165,54.9,228658.5,6566,14.9,97833.4,67655,5.8,392399.0,237265,1.3,308444.5,650998.1,110133.9
2024-01-03,3,15,16,19,21,27,20,947701.5,JP,650998.1,0.0,3,29294.9,87884.7,69,1320.8,91135.2,175,167.3,29277.5,4082,41.8,170627.6,4241,17.2,72945.2,59771,4.9,292877.9,156118,1.3,202953.4,,650998.1
2023-12-31,4,11,12,22,40,41,9,7852443.4,1,5362714.1,5362714.1,7,32663.5,228644.5,174,1362.7,237109.8,489,155.8,76186.2,8606,51.6,444069.6,12476,15.2,189635.2,139606,5.4,753872.4,430932,1.3,560211.6,3669049.3,1693664.8
2023-12-27,17,27,30,32,37,44,41,1278549.9,4JP,3669049.3,0.0,4,30142.9,120571.6,103,1213.9,125031.7,242,166.0,40172.0,4776,49.0,234024.0,5851,17.1,100052.1,70320,5.7,400824.0,198365,1.3,257874.5,2775923.7,893125.6
2023-12-24,5,7,17,25,26,42,35,1725400.2,3JP,2775923.7,0.0,2,81580.0,163160.0,170,995.3,169201.0,384,141.6,54374.4,7996,39.6,316641.6,8462,16.0,135392.0,111631,4.8,535828.8,269848,1.3,350802.4,1567330.6,1208593.1
2023-12-20,2,14,27,34,35,38,39,1185800.6,DJP,1567330.6,0.0,1,109889.8,109889.8,79,1442.5,113957.5,190,192.7,36613.0,4036,52.9,213504.4,5161,17.7,91349.7,63035,5.8,365603.0,196064,1.3,254883.2,753331.4,813999.2
2023-12-17,3,9,31,32,36,38,6,1207563.5,JP,753331.4,0.0,1,190536.7,190536.7,68,1550.9,105461.2,200,169.4,33880.0,3302,59.8,197459.6,5360,15.8,84688.0,55897,6.0,335382.0,200120,1.3,260156.0,,753331.4
2023-12-13,1,3,10,11,30,44,39,1857107.1,2,500000.0,1000000.0,JP,88837.0,0.0,86,1071.2,92123.2,196,151.0,29596.0,4064,42.5,172720.0,4294,17.2,73856.8,63506,4.6,292127.6,151295,1.3,196683.5,,500000.0
2023-12-10,4,5,23,34,38,40,15,2690704.3,2,739309.7,1478619.4,3,37614.9,112844.7,79,1481.3,117022.7,212,177.4,37608.8,3680,59.6,219328.0,5598,16.7,93486.6,63673,5.9,375670.7,197018,1.3,256123.4,642730.9,96578.8
2023-12-06,1,2,15,22,30,43,24,937175.0,JP,642730.9,0.0,2,43384.3,86768.6,56,1606.8,89980.8,133,217.4,28914.2,2973,56.7,168569.1,3775,19.1,72102.5,50539,5.7,288072.3,155975,1.3,202767.5,,642730.9
2023-12-03,3,4,5,8,21,23,12,6532296.9,3,1557404.6,4672213.8,8,21779.3,174234.4,182,992.7,180671.4,627,92.6,58060.2,8602,39.3,338058.6,12899,11.2,144468.8,124412,4.6,572295.2,301765,1.3,392294.5,3381585.9,-1824181.3
2023-11-29,1,24,29,30,33,37,45,1562006.1,4JP,3381585.9,0.0,4,64951.4,259805.6,64,2180.9,139577.6,228,196.7,44847.6,4433,59.0,261547.0,6080,18.4,111872.0,74540,6.0,447240.0,228551,1.3,297116.3,2384579.4,997006.5
2023-11-26,10,12,16,21,39,41,1,1229973.7,3JP,2384579.4,0.0,JP,125209.8,0.0,84,1545.8,129847.2,235,177.6,41736.0,4312,56.4,243196.8,6294,16.5,103851.0,74281,5.6,415973.6,227207,1.3,295369.1,1457099.0,927480.4
2023-11-22,12,15,16,22,37,38,28,1192888.6,DJP,1457099.0,0.0,1,196708.3,196708.3,60,1743.7,104622.0,154,218.3,33618.2,3050,64.3,196115.0,4818,17.4,83833.2,53893,6.2,334136.6,187581,1.3,243855.3,709759.3,747339.7
2023-11-19,2,20,25,26,35,45,7,977377.4,JP,709759.3,0.0,JP,95817.5,0.0,64,1552.5,99360.0,168,190.1,31936.8,3079,60.5,186279.5,4754,16.7,79391.8,52391,6.1,319585.1,200634,1.3,260824.2,,709759.3
2023-11-15,3,7,11,22,27,39,28,3186054.8,1,2017792.1,2017792.1,4,27177.0,108708.0,142,793.9,112733.8,330,109.8,36234.0,6098,34.6,210990.8,6866,13.1,89944.6,83745,4.3,360103.5,191960,1.3,249548.0,1212547.2,805244.9
2023-11-12,2,12,16,18,28,33,23,1018009.5,DJP,1212547.2,0.0,1,163693.8,163693.8,75,1204.5,90337.5,194,149.6,29022.4,3634,46.6,169344.4,4742,15.3,72552.6,55503,5.2,288615.6,157264,1.3,204443.2,567246.9,645300.3
2023-11-10,2,13,17,20,33,40,38,728196.5,JP,567246.9,0.0,JP,76578.3,0.0,82,968.4,79408.8,143,178.5,25525.5,3046,48.8,148644.8,3366,18.9,63617.4,47695,5.3,252783.5,121705,1.3,158216.5,,567246.9
2023-11-08,3,16,22,28,36,39,19,1946073.1,1,1000000.0,1000000.0,3,29037.9,87113.7,102,885.6,90331.2,205,141.6,29028.0,3391,49.9,169210.9,4207,17.2,72360.4,53093,5.4,286702.2,162559,1.3,211326.7,,1000000.0
2023-11-05,9,14,16,18,29,43,27,2109309.1,1,1000000.0,1000000.0,3,33771.6,101314.8,76,1382.4,105062.4,207,163.1,33761.7,3409,57.7,196699.3,5626,15.0,84390.0,58047,5.8,336672.6,193391,1.3,251408.3,,1000000.0
2023-11-01,1,15,16,19,31,35,11,1916715.4,1,1000000.0,1000000.0,2,41389.2,82778.4,52,1650.8,85841.6,169,163.2,27580.8,2548,63.1,160778.8,4138,16.6,68690.8,45534,6.0,273204.0,167570,1.3,217841.0,,1000000.0
2023-10-29,1,16,30,31,38,39,24,3873046.6,1,2493472.3,2493472.3,2,63725.1,127450.2,88,1501.9,132167.2,220,193.1,42482.0,4190,59.1,247629.0,5636,18.8,105956.8,68576,6.2,425171.2,229783,1.3,298717.9,1549396.3,944076.0
2023-10-25,13,15,25,29,36,43,37,1260859.8,DJP,1549396.3,0.0,2,104584.2,209168.4,86,1327.8,114190.8,197,186.3,36701.1,3574,59.9,214082.6,4954,18.5,91649.0,61213,6.0,367278.0,175223,1.3,227789.9,733715.5,815680.8
2023-10-22,3,12,13,25,32,35,4,988924.7,JP,733715.5,0.0,JP,99051.6,0.0,86,1194.4,102718.4,154,214.3,33002.2,4004,48.1,192592.4,4753,17.3,82226.9,58472,5.6,327443.2,193032,1.3,250941.6,,733715.5
2023-10-18,8,9,21,28,31,37,44,4471680.6,1,3071761.7,3071761.7,1,131488.1,131488.1,104,1311.1,136354.4,251,174.6,43824.6,4739,53.9,255432.1,6169,17.7,109191.3,80647,5.4,435493.8,221642,1.3,288134.6,2097775.8,973985.9
2023-10-15,2,16,33,38,39,44,21,1106847.5,3JP,2097775.8,0.0,3,33872.4,101617.2,63,1672.7,105380.1,179,189.2,33866.8,3236,61.0,197396.0,4854,17.4,84459.6,55931,6.0,335586.0,191186,1.3,248541.8,1345054.6,752721.2
2023-10-13,2,7,16,18,34,45,23,1036763.1,DJP,1345054.6,0.0,2,47782.6,95565.2,65,1524.6,99099.0,191,166.7,31839.7,3359,55.3,185752.7,4646,17.1,79446.6,56118,5.7,319872.6,173221,1.3,225187.3,637163.9,707890.7
2023-10-11,11,18,24,25,26,41,10,949217.6,JP,637163.9,0.0,1,86017.1,86017.1,51,1749.0,89199.0,166,172.7,28668.2,3135,53.3,167095.5,4260,16.8,71568.0,49751,5.7,283580.7,171607,1.3,223089.1,,637163.9
2023-10-08,6,24,32,33,39,45,25,5267529.5,2,1791189.5,3582379.0,5,31483.7,157418.5,104,1569.7,163248.8,277,189.4,52463.8,5571,54.9,305847.9,6802,19.2,130598.4,91145,5.7,519526.5,273882,1.3,356046.6,2416315.4,-625125.9
2023-10-04,10,23,24,28,34,35,27,1470983.4,3JP,2416315.4,0.0,3,81061.8,243185.4,93,1367.4,127168.2,232,176.1,40855.2,4136,57.6,238233.6,5932,17.2,102030.4,70104,5.8,406603.2,240698,1.3,312907.4,1507919.0,908396.4
2023-10-01,12,23,26,37,41,45,3,1221053.6,DJP,1507919.0,0.0,JP,120552.1,0.0,82,1524.5,125009.0,240,167.4,40176.0,4018,58.3,234249.4,6475,15.5,100362.5,66485,6.0,398910.0,247959,1.3,322346.7,614939.9,892979.1
2023-09-27,9,16,20,21,25,37,31,983448.5,JP,614939.9,0.0,1,182280.1,182280.1,53,1624.3,86087.9,146,189.5,27667.0,2766,58.3,161257.8,3520,19.6,68992.0,46940,5.9,276946.0,138629,1.3,180217.7,,614939.9
2023-09-24,7,11,25,35,36,38,30,1969828.5,1,1000000.0,1000000.0,JP,99263.2,0.0,86,1196.9,102933.4,180,183.8,33084.0,3254,59.3,192962.2,4376,18.9,82706.4,55858,5.9,329562.2,175831,1.3,228580.3,,1000000.0
2023-09-20,6,15,36,40,43,44,29,3654851.5,1,2370416.3,2370416.3,4,29425.7,117702.8,74,1649.4,122055.6,203,193.2,39219.6,3767,60.7,228656.9,5248,18.6,97612.8,64490,6.1,393389.0,219845,1.3,285798.5,1498541.0,871875.3
2023-09-17,1,13,18,28,34,35,26,1385952.1,DJP,1498541.0,0.0,4,50575.7,202302.8,73,1690.7,123421.1,197,201.3,39656.1,3805,60.8,231344.0,5489,18.0,98802.0,65247,6.1,398006.7,224938,1.3,292419.4,616959.0,881582.0
2023-09-13,1,6,7,8,34,35,43,800024.8,JP,616959.0,0.0,JP,83289.4,0.0,55,1570.4,86372.0,144,192.7,27748.8,3073,52.7,161947.1,3626,19.1,69256.6,52097,5.3,276114.1,137374,1.3,178586.2,,616959.0
2023-09-10,7,9,13,24,26,27,43,3071080.5,1,2036353.6,2036353.6,2,49192.7,98385.4,119,857.3,102018.7,266,123.2,32771.2,4683,40.8,191066.4,5693,14.4,81979.2,71771,4.5,322969.5,158105,1.3,205536.5,1307572.4,728781.2
2023-09-08,8,9,21,23,30,40,12,973034.9,DJP,1307572.4,0.0,1,89300.2,89300.2,69,1342.1,92604.9,195,152.6,29757.0,3560,48.7,173372.0,5428,13.7,74363.6,56128,5.3,297478.4,166276,1.3,216158.8,646089.4,661483.0
2023-09-06,1,6,11,16,28,36,41,926138.3,JP,646089.4,0.0,2,43611.0,87222.0,88,1027.8,90446.4,136,213.7,29063.2,3966,42.7,169348.2,3903,18.6,72595.8,58279,5.0,291395.0,143129,1.3,186067.7,,646089.4
2023-09-03,3,8,11,26,39,40,42,2991918.4,1,1572063.2,1572063.2,1,212228.5,212228.5,126,1030.2,129805.2,299,139.5,41710.5,5572,43.6,242939.2,7462,13.9,103721.8,85587,4.9,419376.3,207749,1.3,270073.7,644825.9,927237.3
2023-08-30,1,18,25,26,36,39,41,840089.2,JP,644825.9,0.0,JP,87051.5,0.0,66,1367.8,90274.8,140,207.2,29008.0,2736,61.8,169084.8,3436,21.1,72499.6,48198,6.0,289188.0,146180,1.3,190034.0,,644825.9
2023-08-27,8,16,19,22,25,29,4,2770668.6,1,1505337.5,1505337.5,3,38812.0,116436.0,77,1568.1,120743.7,296,131.1,38805.6,4365,51.8,226107.0,7069,13.7,96845.3,72068,5.4,389167.2,213251,1.3,277226.3,642847.1,862490.4
2023-08-23,15,17,24,25,30,37,29,939548.6,JP,642847.1,0.0,1,86784.3,86784.3,61,1475.3,89993.3,129,224.2,28921.8,2851,59.1,168494.1,3793,19.0,72067.0,47166,6.1,287712.6,158135,1.3,205575.5,,642847.1
2023-08-20,1,24,27,41,43,44,23,7663319.7,1,5566617.1,5566617.1,1,192537.9,192537.9,144,1386.5,199656.0,355,180.7,64148.5,6337,59.0,373883.0,8475,18.9,160177.5,108830,5.9,642097.0,357079,1.3,464202.7,4140410.3,1426206.8
2023-08-16,1,3,29,33,36,37,14,1519982.4,5JP,4140410.3,0.0,2,70501.7,141003.4,101,1447.7,146217.7,284,165.4,46973.6,4714,58.1,273883.4,6475,18.1,117197.5,81382,5.8,472015.6,248224,1.3,322691.2,3095940.5,1044469.8
2023-08-13,11,22,23,26,38,41,16,1161205.9,4JP,3095940.5,0.0,3,35943.9,107831.7,101,1107.1,111817.1,212,169.5,35934.0,4023,52.1,209598.3,5178,17.3,89579.4,64729,5.5,356009.5,192643,1.3,250435.9,2297185.9,798754.6
2023-08-11,11,14,18,23,25,39,30,1095743.0,3JP,2297185.9,0.0,2,50838.7,101677.4,64,1647.5,105440.0,201,168.6,33888.6,3644,54.2,197504.8,4549,18.6,84611.4,58616,5.8,339972.8,178960,1.3,232648.0,1544019.2,753166.7
2023-08-09,1,20,23,25,29,32,8,1178356.4,DJP,1544019.2,0.0,2,53303.2,106606.4,54,2047.3,110554.2,215,165.2,35518.0,3415,60.7,207290.5,5506,16.1,88646.6,57912,6.1,353263.2,212675,1.3,276477.5,754340.9,789678.3
2023-08-06,7,9,11,27,40,41,15,1085216.9,JP,754340.9,0.0,2,50918.0,101836.0,110,960.0,105600.0,253,134.1,33927.3,4427,44.7,197886.9,5491,15.4,84561.4,69871,4.8,335380.8,173865,1.3,226024.5,,754340.9
2023-08-02,10,13,17,25,29,44,38,2704053.2,1,1545535.9,1545535.9,2,54555.6,109111.2,99,1142.9,113147.1,235,154.7,36354.5,4183,50.7,212078.1,5097,17.8,90726.6,66311,5.5,364710.5,178761,1.3,232389.3,737304.4,808231.5
2023-07-30,3,6,24,35,38,43,12,1088992.6,JP,737304.4,0.0,6,16589.3,99535.8,51,2023.9,103218.9,206,161.0,33166.0,3312,58.4,193420.8,5249,15.8,82934.2,55845,5.9,329485.5,190178,1.3,247231.4,,737304.4
2023-07-26,1,4,16,21,26,29,31,2638121.9,1,1533742.1,1533742.1,3,34708.0,104124.0,93,1161.0,107973.0,189,183.6,34700.4,4486,45.1,202318.6,5627,15.4,86655.8,68240,5.1,348024.0,169680,1.3,220584.0,762452.8,771289.3
2023-07-23,3,9,12,15,20,25,39,1095562.1,JP,762452.8,0.0,2,51465.5,102931.0,110,970.3,106733.0,228,150.4,34291.2,4932,40.5,199746.0,5383,15.9,85589.7,72347,4.7,340030.9,174031,1.3,226240.3,,762452.8
2023-07-19,3,7,13,17,28,39,40,3384261.0,2,1081048.5,2162097.0,6,19070.2,114421.2,180,659.2,118656.0,299,127.5,38122.5,6951,32.0,222432.0,6154,15.4,94771.6,87046,4.4,383002.4,192891,1.3,250758.3,1314529.3,-233480.8
2023-07-16,6,21,24,25,28,39,13,986387.6,DJP,1314529.3,0.0,1,91281.8,91281.8,80,1183.2,94656.0,189,160.9,30410.1,3103,57.2,177491.6,4599,16.5,75883.5,52707,5.8,305700.6,162280,1.3,210964.0,638367.2,676162.1
2023-07-14,3,7,26,36,41,45,24,921068.1,JP,638367.2,0.0,1,86179.5,86179.5,73,1224.2,89366.6,139,206.6,28717.4,3141,53.3,167415.3,4200,17.0,71400.0,52566,5.4,283856.4,149333,1.3,194132.9,,638367.2
2023-07-12,1,3,7,15,16,39,14,6324618.5,1,4623293.5,4623293.5,2,79329.5,158659.0,123,1337.6,164524.8,299,176.8,52863.2,6608,46.6,307932.8,7623,17.3,131877.9,104951,5.0,524755.0,277471,1.3,360712.3,3448040.4,1175253.1
2023-07-09,1,3,7,16,29,35,30,1554172.8,4JP,3448040.4,0.0,1,147916.8,147916.8,120,1344.6,161352.0,304,159.2,48396.8,6361,42.2,268434.2,7978,15.1,120467.8,102632,4.7,482370.4,271029,1.2,325234.8,2372281.2,1075759.2
2023-07-05,5,6,27,30,33,36,7,1294034.0,3JP,2372281.2,0.0,3,39946.7,119840.1,97,1347.7,130726.9,294,133.4,39219.6,4452,48.9,217702.8,7082,13.8,97731.6,77609,5.0,388045.0,250640,1.2,300768.0,1500715.0,871566.2
2023-07-02,14,20,23,25,32,41,37,1342305.1,DJP,1500715.0,0.0,3,68782.7,206348.1,93,1419.2,131985.6,215,184.1,39581.5,4582,48.0,219936.0,5475,18.0,98550.0,71457,5.5,393013.5,210742,1.2,252890.4,620766.6,879948.4
2023-06-28,13,19,26,30,32,44,16,817422.0,JP,620766.6,0.0,JP,85355.4,0.0,66,1410.8,93112.8,150,186.2,27930.0,2964,52.3,155017.2,4129,16.9,69780.1,50333,5.5,276831.5,162292,1.2,194750.4,,620766.6
2023-06-25,2,4,8,31,33,45,12,7846508.5,1,5814067.9,5814067.9,5,38076.5,190382.5,132,1573.4,207688.8,512,121.6,62259.2,7405,46.7,345813.5,12279,12.6,154715.4,119722,5.2,622554.4,374189,1.2,449026.8,4429466.6,1384601.3
2023-06-21,16,18,20,24,25,39,35,1576877.1,5JP,4429466.6,0.0,1,150310.7,150310.7,108,1518.2,163965.6,286,172.0,49192.0,5434,50.2,272786.8,7092,17.3,122691.6,88880,5.5,488840.0,274242,1.2,329090.4,3336297.8,1093168.8
2023-06-18,6,13,24,37,43,44,2,1564069.1,4JP,3336297.8,0.0,3,48548.9,145646.7,105,1513.2,158886.0,295,161.5,47642.5,5268,50.2,264453.6,6997,17.0,118949.0,86591,5.5,476250.5,293534,1.2,352240.8,2277047.4,1059250.4
2023-06-14,3,19,20,25,27,30,33,1207593.4,3JP,2277047.4,0.0,2,57260.3,114520.6,83,1505.2,124931.6,226,165.8,37470.8,4592,45.3,208017.6,6002,15.6,93631.2,75992,4.9,372360.8,213884,1.2,256660.8,1444169.7,832877.7
2023-06-11,1,6,16,30,33,42,22,1257054.2,DJP,1444169.7,0.0,4,49643.3,198573.2,104,1152.1,119818.4,265,135.6,35934.0,4474,44.6,199540.4,6148,14.6,89760.8,70326,5.1,358662.6,212304,1.2,254764.8,645326.2,798843.5
2023-06-07,1,5,21,34,41,43,12,871824.0,JP,645326.2,0.0,JP,88732.3,0.0,74,1308.0,96792.0,180,161.3,29034.0,3117,51.7,161148.9,4770,15.2,72504.0,52593,5.5,289261.5,185903,1.2,223083.6,,645326.2
2023-06-04,7,17,18,25,26,28,11,9771395.7,1,7288891.9,7288891.9,6,38600.2,231601.2,230,1098.5,252655.0,573,132.2,75750.6,9513,44.2,420474.6,14304,13.2,188812.8,155368,4.9,761303.2,459922,1.2,551906.4,5604516.6,1684375.3
2023-05-31,4,17,19,26,39,43,37,1727068.3,6JP,5604516.6,0.0,2,83230.6,166461.2,185,981.5,181577.5,371,146.8,54462.8,8376,36.1,302373.6,9033,15.0,135495.0,116014,4.7,545265.8,284527,1.2,341432.4,4393889.3,1210627.3
2023-05-28,3,9,19,31,35,38,22,1714663.1,5JP,4393889.3,0.0,5,32275.0,161375.0,131,1343.8,176037.8,369,143.1,52803.9,6214,47.2,293300.8,8829,14.9,131552.1,102585,5.1,523183.5,313675,1.2,376410.0,3220249.5,1173639.8
2023-05-24,10,13,18,23,30,34,44,1352117.5,4JP,3220249.5,0.0,2,64652.4,129304.8,96,1469.3,141052.8,254,166.6,42316.4,4897,48.0,235056.0,6362,16.6,105609.2,81881,5.1,417593.1,234321,1.2,281185.2,2279849.9,940399.6
2023-05-21,1,4,6,21,35,38,40,1238359.1,3JP,2279849.9,0.0,8,14776.9,118215.2,96,1343.3,128956.8,204,189.6,38678.4,4418,48.6,214714.8,5533,17.4,96274.2,75511,5.1,385106.1,213678,1.2,256413.6,1420102.0,859747.9
2023-05-17,3,8,9,38,41,44,32,1075624.1,DJP,1420102.0,0.0,3,34370.4,103111.2,55,2045.1,112480.5,212,159.1,33729.2,3783,49.5,187258.5,5401,15.6,84255.6,65545,5.1,334279.5,183758,1.2,220509.6,670201.6,749900.4
2023-05-14,4,29,30,31,40,42,27,1003951.4,JP,670201.6,0.0,2,46076.3,92152.6,51,1971.1,100526.1,169,178.4,30149.6,3142,53.3,167468.6,4572,16.4,74980.8,53081,5.7,302561.7,196760,1.2,236112.0,,670201.6
2023-05-12,21,23,25,26,30,42,5,4312749.9,1,3087950.7,3087950.7,5,22582.1,112910.5,96,1283.0,123168.0,237,155.9,36948.3,4100,50.0,205000.0,6276,14.7,92257.2,66448,5.5,365464.0,240876,1.2,289051.2,2266783.3,821167.4
2023-05-10,2,18,29,34,37,45,28,1233538.5,3JP,2266783.3,0.0,2,57348.5,114697.0,94,1331.1,125123.4,177,212.0,37524.0,4010,52.0,208520.0,5307,17.6,93403.2,65117,5.7,371166.9,235920,1.2,283104.0,1432622.6,834160.7
2023-05-07,13,14,16,32,35,36,15,1231178.9,DJP,1432622.6,0.0,4,28713.6,114854.4,87,1440.1,125288.7,231,162.7,37583.7,3833,54.4,208515.2,5391,17.4,93803.4,66195,5.7,377311.5,228185,1.2,273822.0,597316.9,835305.7
2023-05-03,1,14,18,24,38,44,37,852611.6,JP,597316.9,0.0,2,41065.5,82131.0,51,1756.8,89596.8,129,208.3,26870.7,2765,54.0,149310.0,3337,20.1,67073.7,46247,5.8,268232.6,141164,1.2,169396.8,,597316.9
2023-04-30,7,8,10,18,36,38,44,4921580.4,3,1109738.3,3329214.9,3,50848.8,152546.4,117,1422.3,166409.1,261,191.2,49903.2,5898,47.0,277206.0,7264,17.1,124214.4,98616,5.0,493080.0,274172,1.2,329006.4,2219785.6,-1110047.3
2023-04-26,4,14,15,27,33,35,18,1177775.4,3JP,2219785.6,0.0,3,37399.0,112197.0,96,1274.9,122390.4,247,148.6,36704.2,4778,42.6,203542.8,5925,15.4,91245.0,73928,4.9,362247.2,207874,1.2,249448.8,1403807.3,815978.3
2023-04-23,2,3,7,9,40,44,8,1213671.3,DJP,1403807.3,0.0,3,37548.8,112646.4,91,1350.4,122886.4,331,111.3,36840.3,4710,43.4,204414.0,6867,13.4,92017.8,79244,4.6,364522.4,233620,1.2,280344.0,584560.4,819246.9
2023-04-19,1,2,9,10,18,29,7,868444.2,JP,584560.4,0.0,3,26792.3,80376.9,117,749.4,87679.8,319,82.4,26285.6,4181,34.9,145916.9,6764,9.7,65610.8,57978,4.5,260901.0,168061,1.2,201673.2,,584560.4
2023-04-16,7,13,17,37,38,39,34,2997874.4,1,1961706.3,1961706.3,2,49761.6,99523.2,119,912.3,108563.7,185,176.0,32560.0,4491,40.2,180538.2,5063,16.0,81008.0,65287,5.0,326435.0,172950,1.2,207540.0,1237899.8,723806.5
2023-04-14,7,9,18,20,28,34,37,916239.2,DJP,1237899.8,0.0,4,22342.2,89368.8,73,1335.5,97491.5,176,166.1,29233.6,3741,43.4,162359.4,4246,17.2,73031.2,61337,4.7,288283.9,147059,1.2,176470.8,587942.1,649957.7
2023-04-12,1,5,11,18,21,25,29,851227.9,JP,587942.1,0.0,2,40421.0,80842.0,101,873.1,88183.1,222,119.1,26440.2,4026,36.5,146949.0,5267,12.5,65837.5,58781,4.5,264514.5,148718,1.2,178461.6,,587942.1
2023-04-09,10,15,20,27,42,44,37,2797734.4,1,1525593.3,1525593.3,2,61561.6,123123.2,96,1399.1,134313.6,247,163.1,40285.7,4674,47.8,223417.2,6036,16.6,100197.6,78918,5.1,402481.8,206935,1.2,248322.0,630151.2,895442.1
2023-04-05,5,6,16,18,23,45,33,915429.0,JP,630151.2,0.0,3,28881.9,86645.7,72,1312.8,94521.6,161,176.1,28352.1,3501,44.9,157194.9,4676,15.1,70607.6,57523,4.9,281862.7,163537,1.2,196244.4,,630151.2
2023-04-02,17,20,24,25,29,30,3,2802753.8,1,1488382.9,1488382.9,2,60214.8,120429.6,76,1728.6,131373.6,233,169.1,39400.3,4324,50.6,218794.4,6995,14.0,97930.0,72897,5.4,393643.8,260666,1.2,312799.2,612531.0,875851.9
2023-03-29,9,10,14,24,31,33,23,885835.8,JP,612531.0,0.0,3,28074.3,84222.9,61,1506.2,91878.2,152,181.3,27557.6,3212,47.6,152891.2,4681,14.7,68810.7,54434,5.0,272170.0,156921,1.2,188305.2,,612531.0
2023-03-26,14,19,21,29,34,35,38,3826177.5,1,2459785.8,2459785.8,3,43766.8,131300.4,92,1556.9,143234.8,224,191.8,42963.2,4627,51.5,238290.5,6346,16.9,107247.4,79543,5.4,429532.2,228186,1.2,273823.2,1504872.2,954913.6
2023-03-22,5,7,29,36,37,43,18,1093918.1,DJP,1504872.2,0.0,1,104118.1,104118.1,71,1599.7,113578.7,196,173.8,34064.8,3821,49.5,189139.5,5176,16.4,84886.4,63646,5.3,337323.8,192339,1.2,230806.8,747649.1,757223.1
2023-03-19,3,11,17,33,34,43,32,1069724.0,JP,747649.1,0.0,5,20560.3,102801.5,85,1319.3,112140.5,221,152.2,33636.2,4818,38.7,186456.6,5617,14.9,83693.3,73963,4.5,332833.5,181802,1.2,218162.4,,747649.1
2023-03-15,10,13,20,23,39,44,40,9550524.2,3,2391218.8,7173656.4,2,113335.1,226670.2,180,1373.7,247266.0,432,171.7,74174.4,8941,46.0,411286.0,12058,15.3,184487.4,144094,5.1,734879.4,415087,1.2,498104.4,5525145.3,-3133926.5
2023-03-12,5,11,20,22,29,34,4,1520961.3,6JP,5525145.3,0.0,1,142719.2,142719.2,144,1081.2,155692.8,350,133.4,46690.0,6070,42.7,259189.0,8491,13.7,116326.7,96388,4.8,462662.4,281401,1.2,337681.2,4487186.9,1037958.4
2023-03-10,5,11,19,27,32,42,9,1401244.5,5JP,4487186.9,0.0,5,26117.3,130586.5,131,1087.4,142449.4,370,115.5,42735.0,5878,40.3,236883.4,8459,12.6,106583.4,89186,4.8,428092.8,261595,1.2,313914.0,3537465.5,949721.4
2023-03-08,3,10,20,37,43,44,4,1519202.1,4JP,3537465.5,0.0,3,47095.0,141285.0,119,1295.2,154128.8,255,181.3,46231.5,5328,48.2,256809.6,7052,16.3,114947.6,87881,5.2,456981.2,290682,1.2,348818.4,2509936.4,1027529.1
2023-03-05,11,14,17,23,32,44,24,1451917.6,3JP,2509936.4,0.0,4,34430.5,137722.0,130,1155.7,150241.0,277,162.7,45067.9,5966,41.9,249975.4,7122,15.8,112527.6,90741,4.9,444630.9,259794,1.2,311752.8,1508319.6,1001616.8
2023-03-01,2,3,7,26,27,31,32,1117965.4,DJP,1508319.6,0.0,2,53502.6,107005.2,123,949.0,116727.0,228,153.5,34998.0,5280,36.8,194304.0,5138,17.0,87346.0,80328,4.3,345410.4,193479,1.2,232174.8,730099.1,778220.5
2023-02-26,2,5,16,19,26,29,4,1065824.5,JP,730099.1,0.0,8,12548.5,100388.0,117,936.0,109512.0,293,112.1,32845.3,4872,37.4,182212.8,6872,11.9,81776.8,72392,4.5,325764.0,194438,1.2,233325.6,,730099.1
2023-02-22,2,10,14,32,35,43,20,7471225.6,1,5554906.9,5554906.9,4,45161.5,180646.0,159,1239.4,197064.6,366,161.5,59109.0,7108,46.2,328389.6,9515,15.5,147482.5,111398,5.3,590409.4,344348,1.2,413217.6,4241114.9,1313792.0
2023-02-19,14,17,27,32,37,43,15,1835307.1,5JP,4241114.9,0.0,2,86167.5,172335.0,171,1099.4,187997.4,358,157.5,56385.0,8161,38.3,312566.3,8286,17.0,140862.0,112669,5.0,563345.0,334847,1.2,401816.4,2987768.4,1253346.5
2023-02-15,5,9,18,22,28,33,24,1401787.8,4JP,2987768.4,0.0,1,133468.5,133468.5,139,1047.4,145588.6,313,139.5,43663.5,6186,39.2,242491.2,7454,14.6,108828.4,94612,4.6,435215.2,243777,1.2,292532.4,2017087.7,970680.7
2023-02-12,23,24,31,38,41,45,15,1162047.4,3JP,2017087.7,0.0,1,190808.5,190808.5,81,1350.0,109350.0,179,183.2,32792.8,3258,55.9,182122.2,4735,17.3,81915.5,54916,6.0,329496.0,196302,1.2,235562.4,1288038.2,729049.5
2023-02-10,4,5,35,41,43,45,1,875447.8,DJP,1288038.2,0.0,JP,90564.1,0.0,65,1519.9,98793.5,182,162.8,29629.6,3112,52.9,164624.8,4500,16.4,73800.0,54033,5.5,297181.5,176182,1.2,211418.4,629389.5,658648.7
2023-02-08,2,6,16,21,24,37,42,905461.4,JP,629389.5,0.0,2,43270.5,86541.0,64,1475.1,94406.4,185,153.0,28305.0,3278,48.0,157344.0,4421,16.0,70736.0,55554,5.1,283325.4,154003,1.2,184803.6,,629389.5
2023-02-05,9,12,24,26,31,33,30,2060618.6,1,1000000.0,1000000.0,1,101457.3,101457.3,79,1401.0,110679.0,206,161.1,33186.6,4256,43.3,184284.8,5285,15.7,82974.5,68243,4.8,327566.4,183725,1.2,220470.0,,1000000.0
2023-02-01,8,10,17,22,35,37,12,1955223.9,1,1000000.0,1000000.0,2,44269.4,88538.8,79,1222.6,96585.4,205,141.3,28966.5,3574,45.0,160830.0,5260,13.7,72062.0,57890,5.0,289450.0,182326,1.2,218791.2,,1000000.0
2023-01-29,14,25,34,36,38,42,7,2854021.3,1,1510288.3,1510288.3,1,120261.7,120261.7,88,1490.8,131190.4,228,172.6,39352.8,4329,50.5,218614.5,6098,16.1,98177.8,69206,5.7,394474.2,284718,1.2,341661.6,635657.7,874630.6
2023-01-25,6,38,39,41,42,43,15,934019.1,JP,635657.7,0.0,1,87402.9,87402.9,84,1135.1,95348.4,152,188.1,28591.2,3258,48.7,158664.6,4002,17.8,71235.6,51252,5.6,287011.2,171471,1.2,205765.2,,635657.7
2023-01-22,4,12,24,32,36,38,21,6299850.4,2,2224097.9,4448195.8,5,34562.7,172813.5,161,1170.9,188514.9,377,150.0,56550.0,6590,47.6,313684.0,9145,15.4,140833.0,108178,5.2,562525.6,347278,1.2,416733.6,3191370.0,-967272.1
2023-01-18,1,11,12,15,27,38,3,1468986.5,4JP,3191370.0,0.0,2,68517.8,137035.6,114,1311.3,149488.2,407,110.1,44810.7,5667,43.9,248781.3,9158,12.2,111727.6,90603,4.9,443954.7,277657,1.2,333188.4,2194746.3,996623.7
2023-01-15,28,31,32,37,42,45,16,1149599.1,3JP,2194746.3,0.0,3,35874.8,107624.4,83,1414.5,117403.5,207,170.1,35210.7,3611,54.1,195355.1,5155,17.0,87635.0,59296,5.9,349846.4,213770,1.2,256524.0,1412022.1,782724.2
2023-01-13,9,11,17,28,34,45,43,1066704.7,DJP,1412022.1,0.0,3,34124.8,102374.4,103,1084.2,111672.6,225,148.9,33502.5,4409,42.2,186059.8,5514,15.1,83261.4,69820,4.8,335136.0,178915,1.2,214698.0,667480.4,744541.7
2023-01-11,3,13,25,26,27,40,31,951478.5,JP,667480.4,0.0,1,91778.5,91778.5,66,1517.0,100122.0,198,151.7,30036.6,3755,44.4,166722.0,4723,15.8,74623.4,62486,4.8,299932.8,156886,1.2,188263.2,,667480.4
2023-01-08,4,6,19,25,39,42,17,8896570.5,1,6694017.0,6694017.0,5,41068.6,205343.0,177,1265.5,223993.5,495,135.7,67171.5,7904,47.2,373068.8,11057,15.1,166960.7,129612,5.2,673982.4,410028,1.2,492033.6,5200611.6,1493405.4
2023-01-04,3,5,10,17,35,41,22,1864401.9,5JP,5200611.6,0.0,5,35253.9,176269.5,158,1217.0,192286.0,430,134.1,57663.0,7244,44.2,320184.8,10301,14.0,144214.0,121666,4.7,571830.2,334962,1.2,401954.4,3918649.4,1281962.2
2023-01-01,1,3,24,33,39,40,35,1935541.9,4JP,3918649.4,0.0,1,184574.0,184574.0,149,1351.3,201343.7,315,191.7,60385.5,6807,49.3,335585.1,8638,17.4,150301.2,115803,5.2,602175.6,334314,1.2,401176.8,2576292.3,1342357.1
2022-12-28,1,5,12,30,34,36,40,1249953.1,3JP,2576292.3,0.0,1,119302.8,119302.8,94,1384.5,130143.0,193,202.3,39043.9,4384,49.4,216569.6,5711,17.0,97087.0,75318,5.2,391653.6,213461,1.2,256153.2,1708635.5,867656.8
2022-12-25,7,12,31,37,40,41,45,1478912.6,DJP,1708635.5,0.0,5,27947.3,139736.5,115,1325.5,152432.5,217,210.7,45721.9,4891,51.9,253842.9,6435,17.7,113899.5,83543,5.5,459486.5,261494,1.2,313792.8,692368.9,1016266.6
2022-12-21,10,13,29,30,32,42,36,992152.9,JP,692368.9,0.0,2,47600.3,95200.6,93,1116.7,103853.1,176,177.0,31152.0,3438,50.3,172931.4,4612,16.8,77481.6,57743,5.4,311812.2,166435,1.2,199722.0,,692368.9
2022-12-18,5,11,27,28,39,44,36,14275494.2,2,5199031.7,10398063.4,10,36955.8,369558.0,367,1098.5,403149.5,796,151.9,120912.4,15212,44.1,670849.2,19624,15.4,302209.6,243885,4.9,1195036.5,679763,1.2,815715.6,7710363.9,-2511332.2
2022-12-14,6,19,20,22,29,39,33,2636513.2,7JP,7710363.9,0.0,3,82757.6,248272.8,197,1374.8,270835.6,504,161.2,81244.8,10046,44.9,451065.4,13672,14.8,202345.6,162719,5.0,813595.0,474295,1.2,569154.0,5904741.8,1805622.1
2022-12-11,8,13,27,36,37,40,12,2058395.4,6JP,5904741.8,0.0,3,63763.1,191289.3,167,1249.5,208666.5,457,136.9,62563.3,7433,46.7,347121.1,10015,15.6,156234.0,119464,5.2,621212.8,392757,1.2,471308.4,4513544.7,1391197.1
2022-12-07,1,12,19,22,29,35,38,1687293.8,5JP,4513544.7,0.0,2,80622.2,161244.4,124,1418.5,175894.0,305,173.0,52765.0,6481,45.2,292941.2,7896,16.7,131863.2,105714,5.0,528570.0,286680,1.2,344016.0,3340857.1,1172687.6
2022-12-04,10,17,25,27,35,43,21,1605794.6,4JP,3340857.1,0.0,2,75362.9,150725.8,126,1304.9,164417.4,311,158.6,49324.6,6244,43.8,273487.2,8260,14.9,123074.0,98006,5.0,490030.0,295613,1.2,354735.6,2244668.2,1096188.9
2022-11-30,12,14,28,31,33,42,5,1253327.6,3JP,2244668.2,0.0,2,57521.6,115043.2,78,1608.9,125494.2,252,149.4,37648.8,4285,48.8,209108.0,6447,14.6,94126.2,72227,5.2,375580.4,246939,1.2,296326.8,1407989.4,836678.8
2022-11-27,7,13,18,37,39,45,40,1182841.2,DJP,1407989.4,0.0,1,112582.3,112582.3,68,1806.1,122814.8,242,152.2,36832.4,4321,47.3,204383.3,5394,17.0,91698.0,70409,5.2,366126.8,207003,1.2,248403.6,589208.4,818781.0
2022-11-23,14,28,32,33,43,44,20,864943.2,JP,589208.4,0.0,1,81016.1,81016.1,55,1606.9,88379.5,154,172.1,26503.4,2943,50.0,147150.0,3877,17.0,65909.0,48428,5.5,266354.0,158026,1.2,189631.2,,589208.4
2022-11-20,1,11,16,20,35,45,41,2017775.2,1,1000000.0,1000000.0,3,32658.4,97975.2,92,1161.7,106876.4,216,148.4,32054.4,3881,45.8,177749.8,4602,17.4,80074.8,63285,5.0,316425.0,172183,1.2,206619.6,,1000000.0
2022-11-16,4,5,8,22,37,38,9,4298768.0,2,1457977.8,2915955.6,2,64030.3,128060.6,89,1569.6,139694.4,231,181.4,41903.4,4860,47.9,232794.0,7236,14.4,104198.4,81724,5.1,416792.4,266141,1.2,319369.2,1984605.4,-526627.6
2022-11-13,3,11,17,29,37,41,8,1057991.0,3JP,1984605.4,0.0,4,24487.7,97950.8,110,971.4,106854.0,239,134.1,32049.9,4533,39.2,177693.6,5933,13.5,80095.5,66318,4.8,318326.4,204184,1.2,245020.8,1272234.4,712371.0
2022-11-11,6,15,16,17,23,42,18,947307.3,DJP,1272234.4,0.0,2,44936.3,89872.6,65,1508.3,98039.5,171,172.0,29412.0,3491,46.8,163378.8,4366,16.8,73348.8,56086,5.2,291647.2,168007,1.2,201608.4,618614.2,653620.2
2022-11-09,2,13,23,27,28,45,14,887391.5,JP,618614.2,0.0,5,17011.8,85059.0,76,1220.9,92788.4,194,143.4,27819.6,3485,44.3,154385.5,4430,15.7,69551.0,56148,4.9,275125.2,152219,1.2,182662.8,,618614.2
2022-11-06,2,4,15,30,32,34,43,3985142.0,2,1224346.1,2448692.2,1,237445.1,237445.1,94,1581.5,148661.0,263,169.5,44578.5,5070,48.8,247416.0,6512,17.1,111355.2,82118,5.4,443437.2,252964,1.2,303556.8,1457563.7,-233217.6
2022-11-02,2,14,15,22,28,42,12,987148.9,DJP,1457563.7,0.0,JP,101164.9,0.0,86,1283.2,110355.2,258,128.3,33101.4,3973,46.2,183552.6,6040,13.7,82748.0,64667,5.1,329801.7,206325,1.2,247590.0,721818.7,735745.0
2022-10-30,2,11,16,25,38,41,7,1090142.4,JP,721818.7,0.0,5,19850.0,99250.0,72,1503.7,108266.4,226,143.7,32476.2,3656,49.3,180240.8,5595,14.5,81127.5,59121,5.5,325165.5,219680,1.2,263616.0,,721818.7
2022-10-26,9,22,25,34,37,45,3,4594614.1,1,3257978.0,3257978.0,4,30353.7,121414.8,121,1094.6,132446.6,240,165.5,39720.0,4459,49.5,220720.5,6285,15.8,99303.0,71172,5.6,398563.2,270390,1.2,324468.0,2374960.7,883017.3
2022-10-23,6,8,12,37,39,43,28,1373492.8,3JP,2374960.7,0.0,2,64021.9,128043.8,89,1569.4,139676.6,273,153.4,41878.2,4614,50.4,232545.6,7074,14.8,104695.2,79494,5.3,421318.2,254446,1.2,305335.2,1443732.6,931228.1
2022-10-19,2,13,15,21,37,43,10,1074743.4,DJP,1443732.6,0.0,2,49490.9,98981.8,74,1459.1,107973.4,161,201.2,32393.2,3345,53.8,179961.0,5040,16.0,80640.0,57189,5.6,320258.4,212113,1.2,254535.6,723864.3,719868.3
2022-10-16,8,14,15,22,26,41,38,1031836.1,JP,723864.3,0.0,1,99531.3,99531.3,81,1340.4,108572.4,226,144.1,32566.6,4022,44.9,180587.8,5395,15.0,80925.0,65379,5.0,326895.0,168965,1.2,202758.0,,723864.3
2022-10-14,3,10,24,29,39,41,42,7056790.3,1,5515341.0,5515341.0,2,73843.7,147687.4,127,1268.6,161112.2,325,148.7,48327.5,5990,44.8,268352.0,7401,16.3,120636.3,97611,4.9,478293.9,264200,1.2,317040.0,4441249.4,1074091.6
2022-10-12,8,16,17,22,27,40,35,1610260.1,5JP,4441249.4,0.0,1,154321.3,154321.3,143,1177.2,168339.6,402,125.6,50491.2,6756,41.5,280374.0,9107,13.8,125676.6,107426,4.7,504902.2,271796,1.2,326155.2,3318912.1,1122337.3
2022-10-09,10,13,17,22,32,39,4,1555457.7,4JP,3318912.1,0.0,5,29051.6,145258.0,146,1085.3,158453.8,346,137.3,47505.8,6149,42.9,263792.1,8334,14.2,118342.8,95008,5.0,475040.0,289221,1.2,347065.2,2262487.1,1056425.0
2022-10-05,10,12,25,35,36,42,26,1339087.3,3JP,2262487.1,0.0,1,229730.1,229730.1,86,1447.7,124502.2,241,154.9,37330.9,3996,51.9,207392.4,5963,15.6,93022.8,67367,5.5,370518.5,230492,1.2,276590.4,1432472.2,830014.9
2022-10-02,6,11,13,21,34,39,42,1086056.2,DJP,1432472.2,0.0,JP,115603.1,0.0,102,1236.3,126102.6,259,146.0,37814.0,4949,42.4,209837.6,5856,16.1,94281.6,78060,4.8,374688.0,202777,1.2,243332.4,591722.0,840750.2
2022-09-28,5,11,19,27,30,44,23,858643.9,JP,591722.0,0.0,1,81361.7,81361.7,108,821.8,88754.4,210,126.7,26607.0,3764,39.3,147925.2,4966,13.4,66544.4,58098,4.6,267250.8,150167,1.2,180200.4,,591722.0
2022-09-25,9,10,12,33,42,43,23,5651892.0,1,3957042.0,3957042.0,5,32132.9,160664.5,137,1279.3,175264.1,421,124.8,52540.8,6020,48.5,291970.0,9402,13.9,130687.8,101240,5.2,526448.0,297729,1.2,357274.8,2788571.2,1168470.8
2022-09-21,3,7,35,36,39,42,4,1583146.6,4JP,2788571.2,0.0,2,191714.2,383428.4,83,1610.7,133688.1,215,186.5,40097.5,4848,45.9,222523.2,5897,17.0,100249.0,79386,5.0,396930.0,255192,1.2,306230.4,1897262.7,891308.5
2022-09-18,4,18,19,21,29,37,1,897983.0,3JP,1897262.7,0.0,3JP,260873.6,0.0,88,1158.7,101965.6,287,106.5,30565.5,3567,47.6,169789.2,5033,15.1,75998.3,58142,5.2,302338.4,181105,1.2,217326.0,1217478.5,679784.2
2022-09-16,4,6,15,31,39,41,9,849081.5,DJP,1217478.5,0.0,DJP,167403.3,0.0,81,1158.5,93838.5,183,153.8,28145.4,3417,45.7,156156.9,4643,15.1,70109.3,52063,5.4,281140.2,183076,1.2,219691.2,591849.0,625629.5
2022-09-14,5,16,18,22,36,37,25,771764.3,JP,591849.0,0.0,JP,81379.2,0.0,58,1530.6,88774.8,119,223.8,26632.2,2702,54.7,147799.4,3698,18.0,66564.0,46763,5.7,266549.1,146204,1.2,175444.8,,591849.0
2022-09-11,7,9,12,14,23,27,34,2015211.0,1,1000000.0,1000000.0,2,49002.5,98005.0,123,869.2,106911.6,206,155.7,32074.2,5444,32.7,178018.8,5339,15.0,80085.0,77540,4.1,317914.0,168502,1.2,202202.4,,1000000.0
2022-09-07,3,14,17,24,35,44,7,6031865.6,1,4350917.0,4350917.0,4,39064.3,156257.2,137,1244.2,170455.4,504,101.4,51105.6,6492,43.7,283700.4,9384,13.6,127622.4,99120,5.1,505512.0,321913,1.2,386295.6,3214498.2,1136418.8
2022-09-04,1,2,18,27,32,44,40,1492544.9,4JP,3214498.2,0.0,3,47618.0,142854.0,96,1623.3,155836.8,266,175.7,46736.2,5144,50.4,259257.6,6967,16.7,116348.9,87178,5.3,462043.4,257890,1.2,309468.0,2175558.3,1038939.9
2022-08-31,1,6,12,14,16,36,26,1170865.8,3JP,2175558.3,0.0,4,27486.2,109944.8,111,1080.5,119935.5,399,90.1,35949.9,4505,44.3,199571.5,6960,12.9,89784.0,72729,4.9,356372.1,216090,1.2,259308.0,1375959.0,799599.3
2022-08-28,3,18,27,29,34,42,32,1146874.9,DJP,1375959.0,0.0,1,109727.9,109727.9,84,1425.0,119700.0,230,156.1,35903.0,4377,45.5,199153.5,5655,15.8,89349.0,70493,5.1,359514.3,194606,1.2,233527.2,577937.7,798021.3
2022-08-24,2,7,10,20,36,38,22,840969.5,JP,577937.7,0.0,3,26488.8,79466.4,60,1444.8,86688.0,181,143.6,25991.6,3129,46.1,144246.9,4629,14.0,64806.0,51206,5.1,261150.6,148850,1.2,178620.0,,577937.7
2022-08-21,14,16,24,26,40,44,35,4294561.3,1,2854087.1,2854087.1,4,34306.2,137224.8,124,1207.2,149692.8,307,146.2,44883.4,5564,44.8,249267.2,7074,15.8,111769.2,84916,5.3,450054.8,247985,1.2,297582.0,1856088.2,997998.9
2022-08-17,1,3,7,30,34,36,14,1019145.5,3JP,1856088.2,0.0,2,48636.1,97272.2,65,1632.5,106112.5,176,180.8,31820.8,3545,49.8,176541.0,4928,16.1,79340.8,62158,5.1,317005.8,175877,1.2,211052.4,1148653.4,707434.8
2022-08-14,2,14,16,22,32,36,21,973468.4,DJP,1148653.4,0.0,2,78969.9,157939.8,67,1362.1,91260.7,142,192.8,27377.6,3263,46.6,152055.8,3972,17.2,68318.4,51297,5.3,271874.1,170535,1.2,204642.0,540209.6,608443.8
2022-08-12,5,24,28,37,38,43,3,744250.2,JP,540209.6,0.0,JP,74278.8,0.0,45,1800.6,81027.0,138,176.1,24301.8,2457,54.9,134889.3,3950,15.3,60435.0,42551,5.7,242540.7,167547,1.2,201056.4,,540209.6
2022-08-10,7,17,19,22,33,40,20,1869070.4,1,1000000.0,1000000.0,3,27668.3,83004.9,71,1275.3,90546.3,187,145.2,27152.4,3750,40.2,150750.0,4522,15.0,67830.0,58576,4.6,269449.6,150281,1.2,180337.2,,1000000.0
2022-08-07,1,16,30,31,37,42,25,6418834.9,2,2214992.7,4429985.4,2,209029.0,418058.0,117,1534.5,179536.5,321,167.8,53863.8,5668,52.7,298703.6,7794,17.2,134056.8,94340,5.7,537738.0,305744,1.2,366892.8,3233003.6,-1018010.9
2022-08-03,24,25,30,36,44,45,23,1264181.2,4JP,3233003.6,0.0,DJP,253473.0,0.0,93,1516.3,141015.9,223,189.7,42303.1,4314,54.4,234681.6,5631,18.7,105299.7,73529,5.7,419115.3,268138,1.2,321765.6,2292873.9,940129.7
2022-07-31,8,31,32,34,37,45,30,1196040.7,3JP,2292873.9,0.0,JP,124205.1,0.0,81,1672.7,135488.7,224,181.4,40633.6,4229,53.3,225405.7,5876,17.2,101067.2,71023,5.7,404831.1,240512,1.2,288614.4,1389563.4,903310.5
2022-07-27,14,15,27,30,36,37,29,1049271.4,DJP,1389563.4,0.0,1,98239.6,98239.6,70,1531.0,107170.0,180,178.6,32148.0,3216,55.5,178488.0,4624,17.3,79995.2,56294,5.7,320875.8,193629,1.2,232354.8,675093.0,714470.4
2022-07-24,13,20,25,32,33,39,1,1113646.5,JP,675093.0,0.0,4,50664.6,202658.4,64,1582.2,101260.8,184,165.1,30378.4,3159,53.4,168690.6,4175,18.1,75567.5,53244,5.7,303490.8,193000,1.2,231600.0,,675093.0
2022-07-20,14,18,31,33,37,42,27,3263777.6,1,2178668.5,2178668.5,JP,109833.3,0.0,73,1641.3,119814.9,180,199.6,35928.0,3688,54.1,199520.8,5262,17.0,89454.0,61641,5.8,357517.8,235728,1.2,282873.6,1379880.6,798787.9
2022-07-17,4,11,27,29,32,35,6,1357918.2,DJP,1379880.6,0.0,2,137181.7,274363.4,83,1458.2,121030.6,237,153.2,36308.4,4485,44.9,201376.5,6000,15.1,90600.0,73749,4.9,361370.1,227391,1.2,272869.2,572969.7,806910.9
2022-07-13,1,5,20,22,41,42,35,745110.5,JP,572969.7,0.0,DJP,163413.1,0.0,52,1652.7,85940.4,127,203.0,25781.0,2882,49.7,143235.4,3473,18.5,64250.5,48896,5.3,259148.8,138962,1.2,166754.4,,572969.7
2022-07-10,9,12,24,25,28,45,16,2001242.1,1,1191741.9,1191741.9,JP,84629.8,0.0,59,1564.8,92323.2,190,145.7,27683.0,3504,43.9,153825.6,4752,14.5,68904.0,55370,5.0,276850.0,158262,1.2,189914.4,576252.1,615489.8
2022-07-08,11,17,21,22,24,38,2,960808.5,JP,576252.1,0.0,3,65150.0,195450.0,63,1372.0,86436.0,185,140.1,25918.5,3013,47.8,144021.4,4519,14.3,64621.7,50759,5.1,258870.9,154575,1.2,185490.0,,576252.1
2022-07-06,11,12,15,18,33,43,38,3361086.6,2,1138065.2,2276130.4,JP,116215.5,0.0,63,2012.3,126774.9,234,162.5,38025.0,4211,50.1,210971.1,5660,16.7,94522.0,72328,5.2,376105.6,198798,1.2,238557.6,1430926.4,-292861.2
2022-07-03,8,11,17,25,35,45,20,1201981.5,DJP,1430926.4,0.0,2,57187.2,114374.4,96,1299.7,124771.2,264,141.7,37408.8,4818,43.1,207655.8,6184,15.1,93378.4,75713,4.9,370993.7,211166,1.2,253399.2,599111.4,831815.0
2022-06-29,10,13,37,38,42,44,21,1073225.4,JP,599111.4,0.0,3,88978.8,266936.4,60,1497.7,89862.0,141,191.2,26959.2,2825,53.0,149725.0,3911,17.2,67269.2,44836,6.0,269016.0,169548,1.2,203457.6,,599111.4
2022-06-26,1,11,17,18,19,43,26,7412107.9,1,5629282.8,5629282.8,JP,184558.6,0.0,149,1351.2,201328.8,392,154.0,60368.0,7459,44.9,334909.1,10215,14.7,150160.5,118853,5.1,606150.3,358257,1.2,429908.4,4287037.7,1342245.1
2022-06-22,10,18,28,29,37,42,26,1596694.4,5JP,4287037.7,0.0,4,37231.7,148926.8,116,1400.5,162458.0,287,169.8,48732.6,5477,49.4,270563.8,7584,16.0,121344.0,89846,5.4,485168.4,299584,1.2,359500.8,3203930.9,1083106.8
2022-06-19,5,18,20,24,37,40,30,1489039.5,4JP,3203930.9,0.0,4,61979.4,247917.6,99,1438.1,142371.9,254,168.1,42697.4,4692,50.5,236946.0,7085,15.0,106275.0,77032,5.5,423676.0,240963,1.2,289155.6,2254729.5,949201.4
2022-06-15,3,12,26,32,36,42,30,1119758.8,3JP,2254729.5,0.0,JP,117402.6,0.0,110,1164.3,128073.0,244,157.4,38405.6,5523,38.6,213187.8,5919,16.2,95887.8,76645,5.0,383225.0,217483,1.2,260979.6,1400892.2,853837.3
2022-06-12,12,14,31,33,35,40,24,1203696.7,DJP,1400892.2,0.0,1,113881.9,113881.9,74,1678.8,124231.2,220,169.4,37268.0,4000,51.7,206800.0,5692,16.3,92779.6,66226,5.6,370865.6,214892,1.2,257870.4,572659.8,828232.4
2022-06-08,10,14,26,27,35,41,32,820116.0,JP,572659.8,0.0,1,78740.7,78740.7,53,1620.7,85897.1,151,170.6,25760.6,3157,45.3,143012.1,3922,16.4,64320.8,50485,5.1,257473.5,137426,1.2,164911.2,,572659.8
2022-06-05,32,34,36,37,38,43,28,2700798.0,1,1444402.5,1444402.5,5,23088.7,115443.5,170,740.8,125936.0,223,169.4,37776.2,4747,44.2,209817.4,5255,17.9,94064.5,63521,5.9,374773.9,248820,1.2,298584.0,604811.8,839590.7
2022-06-01,13,18,19,26,41,44,17,902812.2,JP,604811.8,0.0,2,41580.8,83161.6,56,1620.0,90720.0,173,157.3,27212.9,2850,53.0,151050.0,4128,16.4,67699.2,47781,5.7,272351.7,175514,1.2,210616.8,,604811.8
2022-05-29,5,12,20,40,41,45,10,4523076.0,1,3147826.2,3147826.2,2,64112.7,128225.4,103,1358.0,139874.0,423,99.2,41961.6,4896,47.6,233049.6,8660,12.1,104786.0,79952,5.2,415750.4,259669,1.2,311602.8,2215277.4,932548.8
2022-05-25,3,4,25,27,30,42,31,1195807.9,3JP,2215277.4,0.0,1,115013.9,115013.9,85,1476.1,125468.5,191,197.0,37627.0,4460,46.8,208728.0,5555,16.9,93879.5,74819,5.0,374095.0,200830,1.2,240996.0,1378812.0,836465.4
2022-05-22,5,13,20,21,29,32,18,1233347.9,DJP,1378812.0,0.0,2,94793.3,189586.6,111,1083.3,120246.3,239,150.9,36065.1,4424,45.3,200407.2,5825,15.4,89705.0,73049,4.9,357940.1,199498,1.2,239397.6,577120.0,801692.0
2022-05-18,1,2,18,27,36,37,26,776616.6,JP,577120.0,0.0,JP,79354.0,0.0,66,1311.6,86565.6,161,161.3,25969.3,2758,52.3,144243.4,3766,17.2,64775.2,46857,5.5,257713.5,164458,1.2,197349.6,,577120.0
2022-05-15,4,11,13,20,29,45,12,1853937.0,2,500000.0,1000000.0,3,26424.7,79274.1,86,1005.5,86473.0,193,134.4,25939.2,3422,42.1,144066.2,4729,13.7,64787.3,53769,4.8,258091.2,162755,1.2,195306.0,,500000.0
2022-05-13,3,6,11,25,33,45,23,1857242.6,2,500000.0,1000000.0,1,81935.1,81935.1,67,1334.0,89378.0,217,123.5,26799.5,3894,38.2,148750.8,5048,13.2,66633.6,58912,4.5,265104.0,148868,1.2,178641.6,,500000.0
2022-05-11,4,15,22,29,32,42,28,5199297.5,1,3495116.8,3495116.8,3,126431.0,379293.0,135,1106.7,149404.5,284,157.8,44815.2,5759,43.2,248788.8,6979,16.0,111664.0,88734,5.0,443670.0,272121,1.2,326545.2,2499034.6,996082.2
2022-05-08,21,23,27,28,36,44,39,1293057.7,3JP,2499034.6,0.0,DJP,242331.9,0.0,78,1908.3,148847.4,280,159.4,44632.0,4786,51.8,247914.8,7137,15.6,111337.2,83363,5.3,441823.9,248752,1.2,298502.4,1506677.1,992357.5
2022-05-04,6,7,11,13,34,40,36,991419.9,DJP,1506677.1,0.0,JP,105882.8,0.0,96,1203.2,115507.2,220,157.5,34650.0,4287,44.9,192486.3,5133,16.8,86234.4,72109,4.8,346123.2,180349,1.2,216418.8,736620.3,770056.8
2022-05-01,16,21,23,25,31,44,29,1082207.2,JP,736620.3,0.0,2,50642.6,101285.2,72,1534.6,110491.2,184,180.1,33138.4,3349,54.9,183860.1,4796,17.2,82491.2,58367,5.7,332691.9,198541,1.2,238249.2,,736620.3
2022-04-27,8,9,28,34,40,43,32,13729620.0,1,9802237.5,9802237.5,5,74732.0,373660.0,309,1319.1,407601.9,719,170.0,122230.0,14218,47.7,678198.6,20001,15.2,304015.2,234400,5.2,1218880.0,685664,1.2,822796.8,7084706.5,2717531.0
2022-04-24,5,13,18,28,39,45,27,2689648.3,7JP,7084706.5,0.0,5,50239.1,251195.5,237,1156.2,274019.4,562,146.2,82164.4,10386,43.9,455945.4,14438,14.2,205019.6,160636,5.1,819243.6,501717,1.2,602060.4,5257828.0,1826878.5
2022-04-20,10,14,17,22,23,32,34,1760072.3,6JP,5257828.0,0.0,3,56569.1,169707.3,154,1202.1,185123.4,448,123.9,55507.2,7326,42.1,308424.6,9735,14.2,138237.0,111968,4.9,548643.2,295358,1.2,354429.6,4023591.5,1234236.5
2022-04-17,10,25,30,38,39,41,27,1798594.8,5JP,4023591.5,0.0,2,83279.1,166558.2,123,1477.2,181695.6,315,173.0,54495.0,5708,53.0,302524.0,8448,16.1,136012.8,98600,5.5,542300.0,345841,1.2,415009.2,2812258.2,1211333.3
2022-04-13,2,7,31,32,41,42,24,1296738.2,4JP,2812258.2,0.0,1,122764.2,122764.2,75,1785.6,133920.0,245,163.9,40155.5,4264,52.3,223007.2,5917,16.9,99997.3,71375,5.6,399700.0,230995,1.2,277194.0,1919427.6,892830.6
2022-04-10,3,14,19,24,26,44,34,988905.8,3JP,1919427.6,0.0,1,95323.0,95323.0,68,1529.2,103985.6,240,129.9,31176.0,3714,46.6,173072.4,5586,13.9,77645.4,62071,5.0,310355.0,164457,1.2,197348.4,1226169.0,693258.6
2022-04-08,4,5,17,18,32,34,41,899731.3,DJP,1226169.0,0.0,4,21685.8,86743.2,80,1182.8,94624.0,168,168.9,28375.2,3229,48.8,157575.2,4258,16.6,70682.8,55667,5.1,283901.7,148191,1.2,177829.2,595308.7,630860.3
2022-04-06,10,39,41,42,43,44,25,862481.6,JP,595308.7,0.0,2,40927.4,81854.8,158,565.1,89285.8,165,162.3,26779.5,4059,36.6,148559.4,3513,19.0,66747.0,47023,5.7,268031.1,151020,1.2,181224.0,,595308.7
2022-04-03,3,17,26,33,41,45,4,2051265.8,1,1000000.0,1000000.0,3,32431.0,97293.0,110,964.8,106128.0,215,148.0,31820.0,4556,38.8,176772.8,5278,15.0,79170.0,68130,4.6,313398.0,205570,1.2,246684.0,,1000000.0
2022-03-30,5,12,23,24,25,40,7,4705394.7,1,3289627.6,3289627.6,3,43470.7,130412.1,103,1381.2,142263.6,335,127.4,42679.0,5174,45.8,236969.2,8358,12.7,106146.6,84014,5.1,428471.4,274021,1.2,328825.2,2341175.3,948452.3
2022-03-27,13,18,32,40,43,45,44,1324861.7,3JP,2341175.3,0.0,4,31529.1,126116.4,99,1389.7,137580.3,285,144.8,41268.0,4450,51.5,229175.0,7176,14.3,102616.8,73317,5.6,410575.2,231275,1.2,277530.0,1423964.6,917210.7
2022-03-23,1,2,10,14,17,24,34,1030955.6,DJP,1423964.6,0.0,3,33101.4,99304.2,113,958.6,108321.8,234,138.8,32479.2,4712,38.3,180469.6,5011,16.2,81178.2,69857,4.6,321342.2,173217,1.2,207860.4,701751.8,722212.8
2022-03-20,10,14,15,17,19,36,5,1041960.7,JP,701751.8,0.0,2,48245.4,96490.8,69,1525.5,105259.5,216,146.1,31557.6,3340,52.5,175350.0,5806,13.5,78381.0,57010,5.5,313555.0,201139,1.2,241366.8,,701751.8
2022-03-16,2,22,26,27,28,43,40,4192610.5,2,1440420.5,2880841.0,5,25271.6,126358.0,90,1531.6,137844.0,258,160.2,41331.6,4733,48.5,229550.5,6451,16.0,103216.0,81561,5.0,407805.0,221387,1.2,265664.4,1961870.7,-521450.2
2022-03-13,7,8,14,32,39,41,33,1027229.4,3JP,1961870.7,0.0,1,97157.5,97157.5,76,1394.6,105989.6,167,190.4,31796.8,3469,50.9,176572.1,4806,16.5,79299.0,59316,5.3,314374.8,185033,1.2,222039.6,1255270.1,706600.6
2022-03-11,7,16,19,29,32,37,30,1021908.6,DJP,1255270.1,0.0,3,57533.2,172599.6,73,1326.3,96819.9,166,174.9,29033.4,3368,47.9,161327.2,4177,17.3,72262.1,55524,5.2,288724.8,167618,1.2,201141.6,609768.4,645501.7
2022-03-09,2,22,32,33,34,41,42,791848.7,JP,609768.4,0.0,JP,83843.1,0.0,52,1758.9,91462.8,166,165.2,27423.2,3098,49.2,152421.6,4269,16.0,68304.0,51147,5.3,271079.1,150965,1.2,181158.0,,609768.4
2022-03-06,11,22,24,29,39,40,9,2843408.4,1,1521433.7,1521433.7,3,40615.4,121846.2,81,1641.0,132921.0,281,141.9,39873.9,4424,50.0,221200.0,7081,14.0,99134.0,75416,5.3,399704.8,256079,1.2,307294.8,635278.7,886155.0
2022-03-02,4,12,20,25,29,36,1,924680.9,JP,635278.7,0.0,1,87350.8,87350.8,64,1488.9,95289.6,209,136.7,28570.3,3321,47.8,158743.8,5000,14.2,71000.0,54241,5.2,282053.2,168061,1.2,201673.2,,635278.7
2022-02-27,1,10,23,25,35,39,5,5479096.3,2,1765837.0,3531674.0,5,80045.4,400227.0,183,936.8,171434.4,377,136.4,51422.8,6074,47.0,285478.0,9077,14.1,127985.7,95654,5.4,516531.6,328619,1.2,394342.8,2388666.6,-622829.6
2022-02-23,1,3,21,23,35,43,44,1160902.5,3JP,2388666.6,0.0,DJP,243063.5,0.0,112,1197.2,134086.4,235,171.1,40208.5,4832,46.2,223238.4,6338,15.8,100140.4,79792,5.0,398960.0,220224,1.2,264268.8,1494720.1,893946.5
2022-02-20,2,10,17,24,35,37,42,1138424.0,DJP,1494720.1,0.0,JP,120145.9,0.0,98,1337.4,131065.2,248,158.5,39308.0,4540,48.1,218374.0,5784,16.9,97749.6,75068,5.2,390353.6,217978,1.2,261573.6,620931.5,873788.6
2022-02-16,12,17,23,24,28,45,44,1014247.1,JP,620931.5,0.0,2,107958.1,215916.2,66,1411.2,93139.2,164,170.3,27929.2,3430,45.2,155036.0,4064,17.1,69494.4,56421,4.9,276462.9,146891,1.2,176269.2,,620931.5
2022-02-13,13,17,23,26,35,37,5,5531508.5,1,4240390.9,4240390.9,JP,130538.1,0.0,101,1409.9,142399.9,308,138.7,42719.6,4945,47.9,236865.5,7933,13.4,106302.2,81876,5.2,425755.2,280896,1.2,337075.2,3291022.5,949368.4
2022-02-11,2,7,22,37,40,44,21,1247438.4,4JP,3291022.5,0.0,1,116522.4,116522.4,85,1495.4,127109.0,240,158.8,38112.0,4276,49.5,211662.0,5947,16.0,95152.0,70429,5.4,380316.6,232137,1.2,278564.4,2443586.2,847436.3
2022-02-09,1,4,21,29,31,34,12,1438709.2,3JP,2443586.2,0.0,5,49329.2,246646.0,96,1393.0,133728.0,290,138.3,40107.0,4658,47.8,222652.4,7114,14.0,99596.0,75574,5.3,400542.2,246198,1.2,295437.6,1552040.2,891546.0
2022-02-06,7,16,17,32,36,39,37,1153192.3,DJP,1552040.2,0.0,JP,124058.9,0.0,100,1353.3,135330.0,232,175.0,40600.0,5069,44.4,225063.6,5964,17.0,101388.0,79937,5.1,407678.7,202610,1.2,243132.0,649793.7,902246.5
2022-02-02,4,8,10,15,18,27,45,935056.3,JP,649793.7,0.0,2,44673.3,89346.6,124,786.0,97464.0,233,125.4,29218.2,4925,32.9,162032.5,4995,14.6,72927.0,69246,4.2,290833.2,161029,1.2,193234.8,,649793.7
2022-01-30,11,14,34,37,39,40,42,6904434.9,2,2460412.9,4920825.8,4,47224.3,188897.2,139,1482.5,206067.5,349,177.1,61807.9,6865,50.0,343250.0,9272,16.6,153915.2,111947,5.5,615708.5,344969,1.2,413962.8,3547027.9,-1086615.0
2022-01-26,2,19,23,36,38,39,7,1566581.7,4JP,3547027.9,0.0,4,35936.0,143744.0,102,1537.3,156804.6,279,168.6,47039.4,5134,50.9,261320.6,7583,15.5,117536.5,84778,5.5,466279.0,311548,1.2,373857.6,2501615.9,1045412.0
2022-01-23,5,27,29,31,35,44,37,1406367.5,3JP,2501615.9,0.0,2,68501.6,137003.2,91,1642.3,149449.3,229,195.7,44815.3,5221,47.7,249041.7,6380,17.5,111650.0,85377,5.2,443960.4,225373,1.2,270447.6,1505229.0,996386.9
2022-01-19,9,10,11,21,32,43,44,1233929.3,DJP,1505229.0,0.0,1,206968.9,206968.9,73,1630.5,119026.5,221,161.5,35691.5,4742,41.8,198215.6,5556,16.0,88896.0,74659,4.8,358363.2,188973,1.2,226767.6,711680.3,793548.7
2022-01-16,6,7,9,37,41,43,32,925077.8,JP,711680.3,0.0,JP,97856.0,0.0,75,1423.3,106747.5,167,191.7,32013.9,3482,51.0,177582.0,4540,17.6,79904.0,61323,5.2,318879.6,174959,1.2,209950.8,,711680.3
2022-01-14,6,14,20,29,34,41,11,4519053.5,1,3264949.3,3264949.3,2,57823.5,115647.0,78,1617.4,126157.2,257,147.2,37830.4,4360,48.2,210152.0,6368,14.8,94246.4,68732,5.5,378026.0,243371,1.2,292045.2,2423879.9,841069.4
2022-01-12,4,9,29,30,32,38,14,1312489.4,3JP,2423879.9,0.0,4,31287.8,125151.2,64,2133.2,136524.8,241,169.9,40945.9,4374,52.0,227448.0,6380,16.0,102080.0,76643,5.3,406207.9,228443,1.2,274131.6,1513687.4,910192.5
2022-01-09,2,3,5,11,19,44,24,1194044.0,DJP,1513687.4,0.0,4,28699.4,114797.6,131,955.9,125222.9,353,106.4,37559.2,6389,32.6,208281.4,7477,12.5,93462.5,92373,4.0,369492.0,204357,1.2,245228.4,678795.1,834892.3
2022-01-05,4,14,29,35,39,40,36,968464.6,JP,678795.1,0.0,1,93334.3,93334.3,81,1257.0,101817.0,167,182.9,30544.3,3374,50.2,169374.8,3933,19.4,76300.2,55942,5.4,302086.8,162506,1.2,195007.2,,678795.1
2022-01-02,11,19,20,30,34,38,25,3199313.2,2,817096.5,1634193.0,3,110269.2,330807.6,123,1151.9,141683.7,219,194.0,42486.0,4982,47.4,236146.8,5950,17.8,105910.0,80397,5.3,426104.1,234985,1.2,281982.0,689597.6,127498.9
2021-12-29,12,20,30,35,42,43,10,938531.6,JP,689597.6,0.0,DJP,200925.8,0.0,54,1915.5,103437.0,202,153.6,31027.2,3129,55.0,172095.0,5146,15.0,77190.0,53582,5.8,310775.6,203339,1.2,244006.8,,689597.6
2021-12-26,15,18,19,26,35,36,11,2050459.2,1,1000000.0,1000000.0,JP,106106.1,0.0,75,1543.3,115747.5,214,162.2,34710.8,3712,51.9,192652.8,5510,15.7,86507.0,62869,5.5,345779.5,229218,1.2,275061.6,,1000000.0
2021-12-22,4,10,16,18,25,32,2,2032123.5,1,1000000.0,1000000.0,4,24250.7,97002.8,77,1374.3,105821.1,229,138.6,31739.4,3867,45.6,176335.2,5623,14.1,79284.3,61705,5.1,314695.5,189371,1.2,227245.2,,1000000.0
2021-12-19,5,9,11,16,23,35,19,5291128.0,1,3607960.7,3607960.7,5,31928.3,159641.5,134,1299.6,174146.4,440,118.7,52228.0,7587,38.2,289823.4,10372,12.5,129650.0,112606,4.6,517987.6,299742,1.2,359690.4,2446928.8,1161031.9
2021-12-15,10,14,22,30,31,36,28,1358186.7,3JP,2446928.8,0.0,2,63427.1,126854.2,103,1343.5,138380.5,249,166.7,41508.3,4718,48.8,230238.4,6579,15.7,103290.3,76495,5.4,413073.0,254035,1.2,304842.0,1524351.6,922577.2
2021-12-12,1,14,17,18,26,37,20,1319480.0,DJP,1524351.6,0.0,3,41340.1,124020.3,87,1555.1,135293.7,221,183.6,40575.6,4279,52.6,225075.4,5765,17.6,101464.0,74973,5.4,404854.2,240164,1.2,288196.8,622384.1,901967.5
2021-12-08,7,12,20,24,36,38,44,896471.3,JP,622384.1,0.0,4,21394.4,85577.6,80,1166.9,93352.0,182,153.8,27991.6,3325,46.7,155277.5,4207,16.6,69836.2,53905,5.2,280306.0,153442,1.2,184130.4,,622384.1
2021-12-05,9,10,16,21,28,31,17,4142173.1,1,2604958.6,2604958.6,2,71649.8,143299.6,138,1132.8,156326.4,277,169.3,46896.1,6265,41.5,259997.5,8352,14.0,116928.0,99671,4.7,468453.7,287761,1.2,345313.2,1562779.0,1042179.6
2021-12-01,6,24,27,41,42,45,34,1153584.0,DJP,1562779.0,0.0,2,55454.7,110909.4,62,1951.4,120986.8,203,178.8,36296.4,3912,51.5,201468.0,5187,17.4,90253.8,68921,5.2,358389.2,196067,1.2,235280.4,756165.1,806613.9
2021-11-28,6,12,19,23,25,26,45,1097159.3,JP,756165.1,0.0,1,103972.7,103972.7,89,1274.4,113421.6,212,160.5,34026.0,4739,39.8,188612.2,5656,15.0,84840.0,72760,4.7,341972.0,191929,1.2,230314.8,,756165.1
2021-11-24,17,24,26,29,30,35,32,7524091.0,2,2801011.5,5602023.0,7,26222.1,183554.7,133,1505.5,200231.5,332,180.9,60058.8,6622,50.3,333086.6,9122,16.4,149600.8,115080,5.2,598416.0,330933,1.2,397119.6,4267076.7,-1466065.2
2021-11-21,1,6,17,19,21,32,35,1926811.5,5JP,4267076.7,0.0,6,50483.9,302903.4,173,1088.2,188258.6,359,157.3,56470.7,7189,43.6,313440.4,9129,15.4,140586.6,118946,4.7,559046.2,305088,1.2,366105.6,3012013.2,1255063.5
2021-11-17,9,20,25,26,32,42,43,1236396.3,4JP,3012013.2,0.0,JP,130332.1,0.0,88,1615.6,142172.8,237,179.9,42636.3,4458,53.1,236719.8,5951,17.9,106522.9,77743,5.5,427586.5,233965,1.2,280758.0,2064142.7,947870.5
2021-11-14,5,8,9,13,38,42,16,1084168.7,3JP,2064142.7,0.0,1,102908.1,102908.1,76,1477.1,112259.6,204,165.0,33660.0,4324,43.2,186796.8,5562,15.1,83986.2,69763,4.8,334862.4,191413,1.2,229695.6,1315719.5,748423.2
2021-11-12,7,17,20,28,35,41,10,1077202.7,DJP,1315719.5,0.0,1,180911.4,180911.4,94,1067.2,100316.8,215,139.9,30078.5,3720,44.9,167028.0,5419,13.8,74782.2,60542,4.9,296655.8,189525,1.2,227430.0,646940.1,668779.4
2021-11-10,2,15,17,18,19,23,13,853632.4,JP,646940.1,0.0,JP,88954.2,0.0,73,1329.3,97038.9,191,152.4,29108.4,3423,47.2,161565.6,4863,14.9,72458.7,56182,5.2,292146.4,167762,1.2,201314.4,,646940.1
2021-11-07,2,7,13,26,29,42,33,8270128.7,2,3032402.2,6064804.4,4,52048.7,208194.8,198,1147.0,227106.0,522,130.5,68121.0,8772,43.1,378073.2,11639,14.6,169929.4,138183,4.9,677096.7,397336,1.2,476803.2,4550660.3,-1518258.1
2021-11-03,4,9,19,21,43,45,3,1667525.4,5JP,4550660.3,0.0,4,38610.5,154442.0,149,1130.7,168474.3,421,120.0,50520.0,6648,42.2,280545.6,9861,12.8,126220.8,102859,4.9,504009.1,319428,1.2,383313.6,3427443.2,1123217.1
2021-10-31,2,3,10,15,40,43,11,1714237.9,4JP,3427443.2,0.0,5,31980.5,159902.5,129,1352.2,174433.8,351,149.0,52299.0,6072,47.8,290241.6,9065,14.4,130536.0,103527,5.0,517635.0,324325,1.2,389190.0,2264514.2,1162929.0
2021-10-27,1,25,33,34,38,43,21,1199967.4,3JP,2264514.2,0.0,1,111401.3,111401.3,62,1960.1,121526.2,209,174.4,36449.6,3539,57.2,202430.8,5379,16.9,90905.1,62036,5.9,366012.4,226035,1.2,271242.0,1454322.3,810191.9
2021-10-24,2,5,9,24,26,35,8,1250115.5,DJP,1454322.3,0.0,1,116353.9,116353.9,136,933.3,126928.8,324,117.5,38070.0,5355,39.5,211522.5,8203,11.6,95154.8,80629,4.7,378956.3,235941,1.2,283129.2,608112.1,846210.2
2021-10-20,2,12,14,29,42,45,30,883464.6,JP,608112.1,0.0,2,41807.7,83615.4,60,1520.2,91212.0,133,205.7,27358.1,3045,49.9,151945.5,3999,17.1,68382.9,51491,5.3,272902.3,156707,1.2,188048.4,,608112.1
2021-10-17,5,8,10,20,24,28,40,7874774.3,3,1900397.3,5701191.9,5,41569.9,207849.5,263,862.1,226732.3,584,116.4,67977.6,11200,33.7,377440.0,12669,13.4,169764.6,154781,4.4,681036.4,368985,1.2,442782.0,4189556.6,-2289159.3
2021-10-13,7,9,18,21,34,40,38,1768072.3,5JP,4189556.6,0.0,2,135191.5,270383.0,126,1381.9,174119.4,326,160.2,52225.2,6507,44.5,289561.5,8064,16.1,129830.4,105548,4.9,517185.2,278973,1.2,334767.6,3028723.8,1160832.8
2021-10-10,5,7,12,13,14,42,18,1042892.9,4JP,3028723.8,0.0,JP,110768.5,0.0,89,1357.7,120835.3,259,139.9,36234.1,4603,43.7,201151.1,6175,14.6,90155.0,77789,4.6,357829.4,197240,1.2,236688.0,2223134.1,805589.7
2021-10-08,1,5,13,24,32,38,37,1040555.0,3JP,2223134.1,0.0,2,50492.0,100984.0,71,1551.6,110163.6,160,206.5,33040.0,3597,51.0,183447.0,4358,18.9,82366.2,61686,5.3,326935.8,169682,1.2,203618.4,1488704.3,734429.8
2021-10-06,6,8,21,22,25,45,30,1102191.3,DJP,1488704.3,0.0,2,52663.7,105327.4,79,1454.4,114897.6,213,161.8,34463.4,4195,45.6,191292.0,5599,15.3,85664.7,69746,4.9,341755.4,190659,1.2,228790.8,722686.1,766018.2
2021-10-03,5,29,38,41,43,45,32,1041285.5,JP,722686.1,0.0,3,33123.1,99369.3,78,1389.7,108396.6,203,160.2,32520.6,3722,48.5,180517.0,4757,17.0,80869.0,59717,5.4,322471.8,180951,1.2,217141.2,,722686.1
2021-09-29,6,16,29,31,33,39,30,3553395.2,1,2302627.2,2302627.2,3,39525.5,118576.5,90,1437.2,129348.0,220,176.3,38786.0,4695,45.9,215500.5,5875,16.5,96937.5,75709,5.1,386115.9,221253,1.2,265503.6,1440251.3,862375.9
2021-09-26,3,11,22,23,24,28,19,1218536.6,DJP,1440251.3,0.0,6,19250.0,115500.0,134,940.3,126000.2,337,112.1,37777.7,5280,39.7,209616.0,7211,13.1,94464.1,81345,4.6,374187.0,217493,1.2,260991.6,600248.8,840002.5
2021-09-22,3,21,24,29,34,42,11,894032.4,JP,600248.8,0.0,1,82534.2,82534.2,73,1233.3,90030.9,170,158.8,26996.0,3119,48.1,150023.9,5054,13.3,67218.2,50144,5.4,270777.6,172043,1.2,206451.6,,600248.8
2021-09-19,3,6,8,24,26,27,2,3856961.8,1,2447238.3,2447238.3,2,66832.6,133665.2,162,900.1,145816.2,442,98.9,43713.8,6833,35.5,242571.5,9174,11.9,109170.6,102034,4.3,438746.2,246700,1.2,296040.0,1475127.0,972111.3
2021-09-15,4,5,19,27,36,41,37,1157267.2,DJP,1475127.0,0.0,2,101414.9,202829.8,91,1236.5,112521.5,180,187.5,33750.0,4283,43.7,187167.1,5096,16.5,84084.0,70177,4.8,336849.6,166721,1.2,200065.2,724928.0,750199.0
2021-09-12,7,14,18,20,41,43,10,977497.8,JP,724928.0,0.0,JP,99677.6,0.0,60,1812.3,108738.0,181,180.2,32616.2,3329,54.4,181097.6,5146,15.8,81306.8,57888,5.6,324172.8,207972,1.2,249566.4,,724928.0
2021-09-10,1,10,11,30,34,41,28,5761582.3,1,4395157.7,4395157.7,1,127602.5,127602.5,84,1657.1,139196.4,226,184.7,41742.2,4794,48.3,231550.2,6649,15.7,104389.3,80496,5.2,418579.2,252804,1.2,303364.8,3467139.4,928018.3
2021-09-08,2,11,23,25,27,42,20,1637901.4,4JP,3467139.4,0.0,1,276393.2,276393.2,137,1135.1,155508.7,274,170.2,46634.8,5863,44.2,259144.6,7493,15.5,116141.5,93910,4.9,460159.0,269933,1.2,323919.6,2430325.7,1036813.7
2021-09-05,6,15,22,38,43,45,41,1266032.0,3JP,2430325.7,0.0,JP,133831.3,0.0,105,1390.4,145992.0,250,175.1,43775.0,5031,48.3,242997.3,6447,16.9,108954.3,80901,5.4,436865.4,239540,1.2,287448.0,1457006.7,973319.0
2021-09-01,13,24,29,33,38,45,8,1149360.0,DJP,1457006.7,0.0,2,52537.3,105074.6,87,1317.5,114622.5,208,165.3,34382.4,3819,50.0,190950.0,5471,15.7,85894.7,62138,5.5,341759.0,230564,1.2,276676.8,692827.1,764179.6
2021-08-29,8,14,18,29,40,42,44,993144.5,JP,692827.1,0.0,1,95263.7,95263.7,59,1761.4,103922.6,153,203.7,31166.1,3521,49.1,172881.1,4470,17.4,77778.0,57025,5.4,307935.0,170165,1.2,204198.0,,692827.1
2021-08-25,3,15,24,29,40,45,20,3529451.7,1,2272060.7,2272060.7,2,59507.7,119015.4,94,1381.2,129832.8,264,147.5,38940.0,4913,44.0,216172.0,6205,15.6,96798.0,75198,5.2,391029.6,221336,1.2,265603.2,1406493.3,865567.4
2021-08-22,8,10,15,18,19,33,26,1206391.4,DJP,1406493.3,0.0,4,28422.4,113689.6,100,1240.2,124020.0,247,150.6,37198.2,4813,42.9,206477.7,6940,13.4,92996.0,78001,4.7,366604.7,221171,1.2,265405.2,579657.7,826835.6
2021-08-18,22,27,30,39,41,42,17,857932.9,JP,579657.7,0.0,2,39851.4,79702.8,54,1610.1,86945.4,179,145.7,26080.3,2840,51.0,144840.0,4488,14.5,65076.0,46944,5.5,258192.0,164247,1.2,197096.4,,579657.7
2021-08-15,5,20,21,28,33,35,39,2994663.8,2,989064.5,1978129.0,5,19375.5,96877.5,86,1228.8,105676.8,217,146.1,31703.7,3951,44.5,175819.5,5285,14.9,78746.5,65631,4.8,315028.8,177235,1.2,212682.0,1273564.2,-284499.7
2021-08-13,3,6,19,41,43,45,5,992712.1,DJP,1273564.2,0.0,1,91412.0,91412.0,75,1329.6,99720.0,253,118.2,29904.6,3733,44.5,166118.5,5600,13.3,74480.0,60566,4.9,296773.4,195253,1.2,234303.6,608749.7,664814.5
2021-08-11,1,3,8,28,37,38,4,905000.6,JP,608749.7,0.0,2,41851.5,83703.0,70,1304.4,91308.0,153,179.0,27387.0,3241,46.9,152002.9,4853,14.1,68427.3,52819,5.2,274658.8,172928,1.2,207513.6,,608749.7
2021-08-08,3,17,27,30,40,41,19,3889502.6,2,1233821.3,2467642.6,5,26637.6,133188.0,165,880.5,145282.5,307,141.9,43563.3,5830,41.5,241945.0,7526,14.4,108374.4,90921,4.8,436420.8,260905,1.2,313086.0,1498999.4,-265178.1
2021-08-04,11,14,18,42,44,45,27,1152766.6,DJP,1498999.4,0.0,1,106482.2,106482.2,70,1659.4,116158.0,221,157.6,34829.6,3492,55.4,193456.8,5725,15.2,87020.0,61785,5.6,345996.0,224020,1.2,268824.0,724583.0,774416.4
2021-08-01,8,13,19,20,26,45,9,1075656.0,JP,724583.0,0.0,3,33210.0,99630.0,70,1552.6,108682.0,228,143.0,32604.0,3887,46.6,181134.2,5903,13.8,81461.4,64128,5.1,327052.8,204243,1.2,245091.6,,724583.0
2021-07-28,5,8,9,19,25,37,16,2575521.0,2,735793.3,1471586.6,3,34778.5,104335.5,120,948.5,113820.0,232,147.1,34127.2,5070,37.4,189618.0,6039,14.1,85149.9,74523,4.6,342805.8,195065,1.2,234078.0,712782.0,23011.3
2021-07-25,9,12,17,30,31,43,11,1064400.3,JP,712782.0,0.0,1,98007.5,98007.5,76,1406.8,106916.8,215,149.1,32056.5,3703,48.1,178114.3,5256,15.2,79891.2,61859,5.2,321666.8,206456,1.2,247747.2,,712782.0
2021-07-21,7,12,28,31,35,40,19,3498814.6,1,2255820.6,2255820.6,5,23382.2,116911.0,80,1594.2,127536.0,256,149.4,38246.4,4545,46.7,212251.5,6483,14.7,95300.1,74790,5.1,381429.0,226100,1.2,271320.0,1405556.4,850264.2
2021-07-18,6,11,16,29,44,45,10,1229554.8,DJP,1405556.4,0.0,2,56857.9,113715.8,112,1107.6,124051.2,253,147.0,37191.0,4735,43.6,206446.0,6423,14.4,92491.2,74376,5.0,371880.0,236483,1.2,283779.6,578532.2,827024.2
2021-07-14,10,13,23,34,37,40,17,865677.2,JP,578532.2,0.0,1,79548.1,79548.1,68,1276.1,86774.8,152,171.2,26022.4,2966,48.7,144444.2,4125,15.7,64762.5,46557,5.6,260719.2,169505,1.2,203406.0,,578532.2
2021-07-11,1,8,13,23,30,40,12,2151226.3,1,1204870.5,1204870.5,3,29344.3,88032.9,85,1129.8,96033.0,212,135.9,28810.8,3693,43.3,159906.9,5260,13.6,71536.0,57873,5.0,289365.0,177226,1.2,212671.2,564629.1,640241.4
2021-07-09,4,5,15,28,42,43,23,820927.8,JP,564629.1,0.0,2,38818.2,77636.4,59,1435.4,84688.6,158,160.8,25406.4,3117,45.2,140888.4,4356,14.5,63162.0,51034,5.0,255170.0,144980,1.2,173976.0,,564629.1
2021-07-07,2,5,7,12,25,32,19,1888269.4,1,1000000.0,1000000.0,4,21202.1,84808.4,114,811.5,92511.0,266,104.3,27743.8,4364,35.3,154049.2,6454,10.7,69057.8,62457,4.4,274810.8,154407,1.2,185288.4,,1000000.0
2021-07-04,7,13,23,33,35,40,5,3888471.1,1,2421629.0,2421629.0,1,135012.5,135012.5,142,1037.2,147282.4,291,151.8,44173.8,5723,42.8,244944.4,7957,13.8,109806.6,87686,5.0,438430.0,289327,1.2,347192.4,1439719.3,981909.7
2021-06-30,4,5,11,22,41,44,7,1109417.5,DJP,1439719.3,0.0,6,17049.8,102298.8,86,1297.6,111593.6,312,107.3,33477.6,4250,43.7,185725.0,6803,12.3,83676.9,67298,5.0,336490.0,213463,1.2,256155.6,695725.1,743994.2
2021-06-27,16,20,24,27,30,39,23,1019328.2,JP,695725.1,0.0,5,19132.4,95662.0,75,1391.4,104355.0,172,182.0,31304.0,3621,48.0,173808.0,4678,16.7,78122.6,61306,5.1,312660.6,186180,1.2,223416.0,,695725.1
2021-06-23,4,5,10,36,42,45,19,3465607.8,2,1128951.2,2257902.4,4,28530.0,114120.0,105,1185.6,124488.0,277,134.8,37339.6,4206,49.3,207355.8,6738,13.8,92984.4,71599,5.2,372314.8,215919,1.2,259102.8,1427936.6,-298985.4
2021-06-20,4,7,8,19,23,42,40,1179855.0,DJP,1427936.6,0.0,6,18917.1,113502.6,141,878.1,123812.1,253,146.8,37140.4,5871,35.1,206072.1,5878,15.7,92284.6,83237,4.4,366242.8,200667,1.2,240800.4,602459.4,825477.2
2021-06-16,7,10,21,22,40,43,37,846761.0,JP,602459.4,0.0,2,41419.0,82838.0,62,1457.5,90365.0,150,180.7,27105.0,3299,45.6,150434.4,4015,16.8,67452.0,55318,4.9,271058.2,131257,1.2,157508.4,,602459.4
2021-06-13,1,4,5,13,16,20,3,2735803.8,2,734228.5,1468457.0,2,58765.0,117530.0,147,872.2,128213.4,384,100.1,38438.4,5442,39.2,213326.4,10036,9.5,95342.0,82353,4.6,378823.8,246394,1.2,295672.8,613693.1,120535.4
2021-06-09,3,9,24,38,39,42,29,987978.2,JP,613693.1,0.0,4,45220.4,180881.6,78,1180.1,92047.8,180,153.4,27612.0,3240,47.3,153252.0,4321,15.9,68703.9,54075,5.1,275782.5,158082,1.2,189698.4,,613693.1
2021-06-06,24,27,29,32,35,45,6,1955125.4,1,1000000.0,1000000.0,JP,96498.8,0.0,65,1619.5,105267.5,154,205.0,31570.0,3446,50.9,175401.4,4674,16.8,78523.2,56835,5.5,312592.5,209809,1.2,251770.8,,1000000.0
2021-06-02,10,12,23,26,32,40,16,1938047.5,1,1000000.0,1000000.0,3,29706.6,89119.8,69,1409.0,97221.0,175,166.6,29155.0,3788,42.7,161747.6,4918,14.8,72786.4,58961,4.9,288908.9,165924,1.2,199108.8,,1000000.0
2021-05-30,4,10,17,28,42,44,14,2052881.2,1,1000000.0,1000000.0,2,50574.7,101149.4,79,1396.7,110339.3,237,139.6,33085.2,4422,41.5,183513.0,5761,14.3,82382.3,68102,4.8,326889.6,179602,1.2,215522.4,,1000000.0
2021-05-26,6,8,11,17,21,33,2,1874745.8,2,500000.0,1000000.0,3,27702.5,83107.5,124,731.1,90656.4,267,101.8,27180.6,4577,33.0,151041.0,6526,10.4,67870.4,66271,4.1,271711.1,152649,1.2,183178.8,,500000.0
2021-05-23,1,17,20,32,35,36,19,2893544.5,2,773311.1,1546622.2,1,125247.0,125247.0,79,1729.5,136630.5,216,189.7,40975.2,4326,52.6,227547.6,5764,17.7,102022.8,72957,5.6,408559.2,254950,1.2,305940.0,635734.6,137576.5
2021-05-19,3,4,17,22,27,41,44,902349.6,JP,635734.6,0.0,3,29137.8,87413.4,90,1059.5,95355.0,178,160.7,28604.6,4246,37.4,158800.4,4761,15.0,71415.0,65035,4.4,286154.0,145506,1.2,174607.2,,635734.6
2021-05-16,5,6,8,16,22,42,10,7304632.7,2,2855026.3,5710052.6,2,74729.9,149459.8,163,1000.2,163032.6,403,121.3,48883.9,6548,41.5,271742.0,9940,12.3,122262.0,103678,4.7,487286.6,293261,1.2,351913.2,4623071.8,-1768045.5
2021-05-14,4,8,17,18,38,44,28,1278704.7,5JP,4623071.8,0.0,16,7513.2,120211.2,115,1140.3,131134.5,460,85.5,39330.0,4983,43.8,218255.4,7916,12.4,98158.4,77624,5.0,388120.0,236246,1.2,283495.2,3748807.3,874264.5
2021-05-12,3,4,8,18,27,34,35,1606798.5,4JP,3748807.3,0.0,2,77074.9,154149.8,149,1128.6,168161.4,306,164.8,50428.8,7079,39.5,279620.5,8094,15.5,125457.0,111354,4.5,501093.0,273240,1.2,327888.0,2627717.1,1121090.2
2021-05-09,3,7,16,25,39,45,18,1667651.9,3JP,2627717.1,0.0,3,86906.8,260720.4,161,1002.0,161322.0,317,152.6,48374.2,6471,41.5,268546.5,7660,15.7,120262.0,99228,4.9,486217.2,268508,1.2,322209.6,1552131.3,1075585.8
2021-05-05,20,29,30,40,44,45,19,1107028.4,DJP,1552131.3,0.0,JP,112827.4,0.0,131,939.5,123074.5,235,157.1,36918.5,5154,39.8,205129.2,5407,17.0,91919.0,68190,5.4,368226.0,234801,1.2,281761.2,731568.0,820563.3
2021-05-02,4,6,7,17,18,38,19,1058116.6,JP,731568.0,0.0,7,14370.0,100590.0,90,1219.2,109728.0,257,128.0,32896.0,4332,42.2,182810.4,6601,12.4,81852.4,69106,4.7,324798.2,187868,1.2,225441.6,,731568.0
2021-04-28,9,11,12,14,24,26,22,1917394.5,1,1000000.0,1000000.0,1,87860.2,87860.2,101,948.9,95838.9,300,95.8,28740.0,4447,35.9,159647.3,5709,12.5,71362.5,64480,4.4,283712.0,158528,1.2,190233.6,,1000000.0
2021-04-25,9,11,13,14,37,38,26,4164942.6,2,1321686.4,2643372.8,1,142336.0,142336.0,109,1424.5,155270.5,292,159.5,46574.0,4820,53.6,258352.0,7322,15.9,116419.8,83981,5.5,461895.5,283935,1.2,340722.0,1608201.8,-286515.4
2021-04-21,11,13,15,16,38,39,7,1230013.2,DJP,1608201.8,0.0,1,112616.8,112616.8,80,1535.6,122848.0,204,180.6,36842.4,3871,52.8,204388.8,5904,15.6,92102.4,66083,5.6,370064.8,242625,1.2,291150.0,789170.2,819031.6
2021-04-18,3,15,21,22,29,32,17,1158344.4,JP,789170.2,0.0,1,108510.9,108510.9,102,1160.5,118371.0,242,146.7,35501.4,4775,41.3,197207.5,6398,13.8,88292.4,74488,4.7,350093.6,216973,1.2,260367.6,,789170.2
2021-04-14,3,4,6,12,40,43,45,4733551.0,1,3224057.7,3224057.7,2,72219.6,144439.2,141,1117.5,157567.5,328,144.1,47264.8,5910,44.4,262404.0,7619,15.5,118094.5,99859,4.7,469337.3,258655,1.2,310386.0,2173589.7,1050468.0
2021-04-11,1,4,7,17,36,38,6,1298069.6,3JP,2173589.7,0.0,2,104932.4,209864.8,91,1343.4,122249.4,244,150.3,36673.2,4494,45.3,203578.2,6476,14.1,91311.6,74584,4.9,365461.6,224109,1.2,268930.8,1358561.5,815028.2
2021-04-09,9,16,20,21,33,37,31,917919.5,DJP,1358561.5,0.0,JP,97798.5,0.0,83,1285.4,106688.2,180,177.8,32004.0,3947,45.0,177615.0,4623,17.3,79977.9,63422,5.0,317110.0,170437,1.2,204524.4,647299.0,711262.5
2021-04-07,12,17,26,27,43,44,2,948807.0,JP,647299.0,0.0,1,89003.6,89003.6,65,1493.7,97090.5,209,139.3,29113.7,3671,44.0,161524.0,5116,14.2,72647.2,60310,4.8,289488.0,174950,1.2,209940.0,,647299.0
2021-04-04,11,18,30,31,44,45,3,5738718.0,1,3838710.3,3838710.3,9,19342.1,174078.9,109,1742.2,189899.8,366,155.6,56949.6,5954,53.1,316157.4,9464,15.0,141960.0,101317,5.6,567375.2,377989,1.2,453586.8,2572677.8,1266032.5
2021-03-31,1,2,13,18,22,42,39,1380161.7,3JP,2572677.8,0.0,4,32532.6,130130.4,89,1595.0,141955.0,258,165.0,42570.0,4777,49.5,236461.5,6254,17.0,106318.0,81586,5.2,424247.2,248733,1.2,298479.6,1626272.0,946405.8
2021-03-28,3,11,24,27,29,45,35,1356326.4,DJP,1626272.0,0.0,1,130294.2,130294.2,120,1184.4,142128.0,258,165.2,42621.6,5825,40.6,236495.0,6648,16.0,106368.0,92218,4.6,424202.8,228514,1.2,274216.8,678677.3,947594.7
2021-03-24,4,6,8,13,19,27,15,978992.5,JP,678677.3,0.0,2,46659.0,93318.0,168,605.9,101791.2,278,109.8,30524.4,5723,29.6,169400.8,5639,13.5,76126.5,76074,4.0,304296.0,169613,1.2,203535.6,,678677.3
2021-03-21,8,26,35,39,40,45,21,6949544.4,2,2408196.3,4816392.6,3,66400.9,199202.7,145,1498.7,217311.5,602,108.2,65136.4,7716,46.9,361880.4,10826,15.0,162390.0,125763,5.2,653967.6,394386,1.2,473263.2,3367644.1,-959447.8
2021-03-17,6,10,18,21,32,33,29,1571208.9,4JP,3367644.1,0.0,5,29779.4,148897.0,142,1143.8,162419.6,401,121.5,48721.5,5955,45.4,270357.0,8534,14.2,121182.8,96437,5.0,482185.0,281205,1.2,337446.0,2284756.1,1082888.0
2021-03-14,15,16,18,23,25,35,34,1203904.9,3JP,2284756.1,0.0,1,114969.5,114969.5,88,1425.2,125417.6,213,176.6,37615.8,4091,51.0,208641.0,5529,17.0,93993.0,69298,5.4,374209.2,207549,1.2,249058.8,1448613.7,836142.4
2021-03-12,4,17,27,32,39,45,34,1067079.0,DJP,1448613.7,0.0,1,103044.8,103044.8,101,1112.9,112402.9,244,138.2,33720.8,4551,41.1,187046.1,5756,14.6,84037.6,69545,4.8,333816.0,177509,1.2,213010.8,699196.3,749417.4
2021-03-10,5,13,25,26,37,40,15,1020087.9,JP,699196.3,0.0,6,16023.2,96139.2,69,1519.9,104873.1,203,154.9,31444.7,3431,50.9,174637.9,5051,15.5,78290.5,57455,5.5,316002.5,182250,1.2,218700.0,,699196.3
2021-03-07,11,14,15,18,25,32,36,4454848.7,1,2843304.4,2843304.4,4,38631.0,154524.0,123,1370.5,168571.5,249,203.0,50547.0,5592,50.2,280718.4,7345,17.2,126334.0,92867,5.4,501481.8,274473,1.2,329367.6,1719492.3,1123812.1
2021-03-03,1,6,7,13,17,37,45,1275015.5,DJP,1719492.3,0.0,1,121960.8,121960.8,132,1007.9,133042.8,393,101.5,39889.5,5957,37.2,221600.4,7196,13.8,99304.8,86498,4.6,397890.8,217772,1.2,261326.4,832504.6,886987.7
2021-02-28,10,13,20,27,33,35,36,1187713.1,JP,832504.6,0.0,3,38156.4,114469.2,99,1261.3,124868.7,206,181.8,37450.8,4864,42.7,207692.8,5687,16.4,93266.8,77006,4.8,369628.8,200280,1.2,240336.0,,832504.6
2021-02-24,7,11,19,27,41,45,33,2052183.5,1,1000000.0,1000000.0,2,49849.3,99698.6,102,1066.2,108752.4,233,140.0,32620.0,4465,40.5,180832.5,5958,13.6,81028.8,70180,4.6,322828.0,188686,1.2,226423.2,,1000000.0
2021-02-21,10,21,26,35,40,45,14,9476618.2,2,3420048.1,6840096.2,3,83183.8,249551.4,219,1243.0,272217.0,569,143.5,81651.5,10112,44.8,453017.6,13204,15.4,203341.6,159931,5.1,815648.1,467579,1.2,561094.8,5025176.9,-1605128.8
2021-02-17,7,8,13,14,19,43,20,2024776.2,5JP,5025176.9,0.0,12,15914.5,190974.0,157,1326.9,208323.3,377,165.7,62468.9,7739,44.8,346707.2,9808,15.9,155947.2,125164,5.0,625820.0,362113,1.2,434535.6,3636274.0,1388902.9
2021-02-14,7,25,31,32,37,41,26,1448876.9,4JP,3636274.0,0.0,3,44381.5,133144.5,83,1749.9,145241.7,295,147.7,43571.5,4636,52.2,241999.2,6189,17.6,108926.4,75340,5.8,436972.0,282518,1.2,339021.6,2667950.0,968324.0
2021-02-12,3,9,23,28,39,42,41,1257799.5,3JP,2667950.0,0.0,2,60504.5,121009.0,129,1023.3,132005.7,238,166.3,39579.4,5488,40.0,219520.0,5944,16.6,98670.4,86135,4.6,396221.0,208995,1.2,250794.0,1787884.3,880065.7
2021-02-10,20,26,27,28,29,41,44,1335170.0,DJP,1787884.3,0.0,2,64127.5,128255.0,106,1319.9,139909.4,244,172.0,41968.0,5078,45.9,233080.2,6129,17.1,104805.9,79047,5.3,418949.1,223502,1.2,268202.4,855120.5,932763.8
2021-02-07,18,20,32,34,40,45,2,1284346.0,JP,855120.5,0.0,1,117579.0,117579.0,81,1583.5,128263.5,206,186.7,38460.2,4183,51.1,213751.3,5766,16.6,95715.6,68750,5.6,385000.0,254647,1.2,305576.4,,855120.5
2021-02-03,12,22,23,26,32,34,14,13806363.1,2,5001911.8,10003823.6,10,36086.3,360863.0,285,1381.2,393642.0,865,136.5,118072.5,14380,45.6,655728.0,21206,13.9,294763.4,234947,5.0,1174735.0,670613,1.2,804735.6,7379363.8,-2377452.0
2021-01-31,3,5,25,27,28,40,43,2744116.4,6JP,7379363.8,0.0,9,29267.5,263407.5,239,1202.3,287349.7,536,160.8,86188.8,10860,44.0,477840.0,14111,15.2,214487.2,177787,4.8,853377.6,467888,1.2,561465.6,5463672.1,1915691.7
2021-01-27,4,5,17,21,27,42,2,2106592.2,5JP,5463672.1,0.0,5,39652.6,198263.0,251,861.7,216286.7,527,123.1,64873.7,10152,35.5,360396.0,12077,13.4,161831.8,141341,4.6,650168.6,378977,1.2,454772.4,4021756.4,1441915.7
2021-01-24,5,10,17,27,31,42,2,2080381.7,4JP,4021756.4,0.0,9,35843.6,322592.4,207,963.3,199403.1,455,131.4,59787.0,8310,39.9,331569.0,11036,13.5,148986.0,126262,4.7,593431.4,353844,1.2,424612.8,2692391.7,1329364.7
2021-01-20,5,14,20,24,27,42,45,1333215.3,3JP,2692391.7,0.0,JP,139805.0,0.0,119,1281.6,152510.4,241,189.8,45741.8,5586,45.5,254163.0,6701,17.0,113917.0,90061,5.1,459311.1,256310,1.2,307572.0,1675627.6,1016764.1
2021-01-17,4,5,14,17,32,33,27,1442057.1,DJP,1675627.6,0.0,2,67676.2,135352.4,109,1354.6,147651.4,296,149.6,44281.6,5381,45.7,245911.7,8334,13.2,110008.8,87876,5.0,439380.0,266226,1.2,319471.2,691245.7,984381.9
2021-01-13,6,8,23,28,32,44,35,982466.4,JP,691245.7,0.0,4,23761.5,95046.0,69,1502.7,103686.3,220,141.3,31086.0,3873,44.6,172735.8,5120,15.1,77312.0,62611,4.9,306793.9,163172,1.2,195806.4,,691245.7
2021-01-10,4,5,8,18,29,34,23,3744978.6,1,2457106.6,2457106.6,3,40618.5,121855.5,100,1329.3,132930.0,283,140.9,39874.7,5073,43.6,221182.8,7005,14.2,99471.0,83460,4.8,400608.0,226625,1.2,271950.0,1570884.4,886222.2
2021-01-08,4,20,22,24,27,29,31,1227255.7,DJP,1570884.4,0.0,1,118047.0,118047.0,181,711.4,128763.4,220,175.6,38632.0,4929,43.5,214411.5,5846,16.5,96459.0,76720,5.0,383600.0,206119,1.2,247342.8,712360.3,858524.1
2021-01-06,10,13,18,30,39,45,28,1045269.0,JP,712360.3,0.0,2,48974.7,97949.4,72,1484.0,106848.0,229,139.9,32037.1,3620,49.1,177742.0,5297,15.1,79984.7,60046,5.3,318243.8,193720,1.2,232464.0,,712360.3
2021-01-03,4,5,12,16,26,40,39,3198948.3,1,1799701.7,1799701.7,2,66549.6,133099.2,135,1075.5,145192.5,324,134.4,43545.6,6311,38.3,241711.3,7539,14.4,108561.6,96376,4.5,433692.0,244537,1.2,293444.4,831707.5,967994.2
2020-12-30,3,6,14,35,40,42,11,1234437.3,JP,831707.5,0.0,2,57179.8,114359.6,109,1144.5,124750.5,220,170.1,37422.0,4063,51.1,207619.3,6022,15.5,93341.0,69749,5.3,369669.7,239396,1.2,287275.2,,831707.5
2020-12-27,16,18,19,24,28,32,42,11731011.6,1,9165954.0,9165954.0,3,81537.5,244612.5,229,1165.2,266830.8,556,143.9,80008.4,9731,45.7,444706.7,12596,15.8,199016.8,154426,5.2,803015.2,439056,1.2,526867.2,7386953.7,1779000.3
2020-12-23,7,12,23,24,31,38,22,2956294.0,6JP,7386953.7,0.0,11,25184.2,277026.2,225,1343.1,302197.5,570,159.0,90630.0,11367,44.3,503558.1,14329,15.8,226398.2,178276,5.1,909207.6,539397,1.2,647276.4,5372211.4,2014742.3
2020-12-20,10,12,16,27,39,42,45,2191575.5,5JP,5372211.4,0.0,3,69716.1,209148.3,163,1399.7,228151.1,437,156.6,68434.2,8680,43.8,380184.0,10770,15.8,170166.0,138303,4.9,677684.7,381506,1.2,457807.2,3851131.3,1521080.1
2020-12-16,5,11,12,19,21,41,42,1689890.1,4JP,3851131.3,0.0,4,40457.6,161830.4,174,1014.6,176540.4,358,147.9,52948.2,7525,39.1,294227.5,8349,15.8,131914.2,117054,4.5,526743.0,288072,1.2,345686.4,2674182.6,1176948.7
2020-12-13,17,19,22,24,29,43,1,1579558.8,3JP,2674182.6,0.0,7,21167.3,148171.1,116,1393.4,161634.4,302,160.5,48471.0,5583,48.2,269100.6,7399,16.3,120603.7,93050,5.2,483860.0,289765,1.2,347718.0,1596571.8,1077610.8
2020-12-09,1,4,6,9,23,42,41,1139095.7,DJP,1596571.8,0.0,2,54877.3,109754.6,108,1108.6,119728.8,242,148.4,35912.8,5463,36.5,199399.5,5182,17.3,89648.6,82818,4.3,356117.4,190445,1.2,228534.0,798355.7,798216.1
2020-12-06,4,10,12,20,40,41,2,1167626.9,JP,798355.7,0.0,2,54886.9,109773.8,99,1209.6,119750.4,277,129.6,35899.2,4698,42.4,199195.2,7193,12.4,89193.2,73711,4.9,361183.9,210526,1.2,252631.2,,798355.7
2020-12-02,11,14,24,27,28,34,23,2793023.8,1,1581235.9,1581235.9,1,114342.0,114342.0,105,1187.9,124729.5,248,150.8,37398.4,4687,44.3,207634.1,6443,14.5,93423.5,75182,5.0,375910.0,215292,1.2,258350.4,749657.7,831578.2
2020-11-29,5,15,26,32,33,35,30,1083776.8,JP,749657.7,0.0,3,34359.3,103077.9,100,1124.4,112440.0,256,131.7,33715.2,4917,38.1,187337.7,5695,14.8,84286.0,68352,4.9,334924.8,189996,1.2,227995.2,,749657.7
2020-11-25,10,13,15,26,33,39,35,1895776.0,1,1000000.0,1000000.0,3,29039.3,87117.9,93,1021.9,95036.7,203,140.4,28501.2,3827,41.3,158055.1,4878,14.6,71218.8,59857,4.7,281327.9,145432,1.2,174518.4,,1000000.0
2020-11-22,18,22,36,40,42,45,2,2143491.4,2,500000.0,1000000.0,1,104978.7,104978.7,70,1636.0,114520.0,192,178.9,34348.8,3647,52.3,190738.1,4962,17.3,85842.6,60960,5.6,341376.0,226406,1.2,271687.2,,500000.0
2020-11-18,7,16,25,30,33,39,26,8382509.4,2,3047867.6,6095735.2,4,53883.7,215534.8,191,1231.0,235121.0,545,129.4,70523.0,8483,46.1,391066.3,12386,14.2,175881.2,136477,5.1,696032.7,418846,1.2,502615.2,4528208.6,-1480341.0
2020-11-15,12,16,29,34,35,45,22,1503716.9,5JP,4528208.6,0.0,2,70615.8,141231.6,85,1812.5,154062.5,243,190.2,46218.6,4846,52.9,256353.4,7056,16.3,115012.8,82780,5.6,463568.0,272725,1.2,327270.0,3501068.8,1027139.8
2020-11-13,1,4,5,24,42,45,26,1534128.3,4JP,3501068.8,0.0,2,72013.6,144027.2,128,1227.5,157120.0,288,163.6,47116.8,5695,45.9,261400.5,7929,14.8,117349.2,93627,5.0,468135.0,282483,1.2,338979.6,2453597.7,1047471.1
2020-11-11,7,16,20,31,38,41,1,1390316.1,3JP,2453597.7,0.0,3,43225.7,129677.1,99,1428.9,141461.1,253,167.7,42428.1,4748,49.6,235500.8,6228,17.0,105876.0,77230,5.5,424765.0,258840,1.2,310608.0,1510489.6,943108.1
2020-11-08,18,28,31,35,44,45,26,1324260.9,DJP,1510489.6,0.0,6,20439.4,122636.4,92,1454.1,133777.2,197,203.7,40128.9,4224,52.7,222604.8,5856,17.1,100137.6,69246,5.8,401626.8,252791,1.2,303349.2,618587.7,891901.9
2020-11-04,6,17,26,28,36,45,11,921209.8,JP,618587.7,0.0,2,42527.9,85055.8,85,1091.6,92786.0,201,138.4,27818.4,3423,45.1,154377.3,4853,14.3,69397.9,55452,5.0,277260.0,178762,1.2,214514.4,,618587.7
2020-11-01,1,4,5,8,28,29,39,2066557.2,1,1000000.0,1000000.0,2,51017.9,102035.8,145,767.6,111302.0,211,158.2,33380.2,5890,31.4,184946.0,5491,15.2,83463.2,82470,4.0,329880.0,184625,1.2,221550.0,,1000000.0
2020-10-28,4,8,10,15,18,35,42,2480652.2,1,1446969.5,1446969.5,3,33019.3,99057.9,75,1440.8,108060.0,191,169.7,32412.7,4329,41.6,180086.4,5014,16.1,80725.4,69021,4.7,324398.7,174118,1.2,208941.6,726546.4,720423.1
2020-10-25,1,3,5,10,39,40,19,1045290.5,JP,726546.4,0.0,4,24975.0,99900.0,98,1112.0,108976.0,292,111.9,32674.8,4494,40.4,181557.6,6981,11.7,81677.7,73562,4.4,323672.8,180693,1.2,216831.6,,726546.4
2020-10-21,3,11,19,25,28,38,34,1868326.9,1,1000000.0,1000000.0,1,83707.6,83707.6,106,861.4,91308.4,175,156.5,27387.5,3917,38.8,151979.6,4121,16.6,68408.6,58612,4.6,269615.2,146600,1.2,175920.0,,1000000.0
2020-10-18,10,15,22,35,43,45,2,2872141.3,2,765055.5,1530111.0,3,41709.6,125128.8,99,1378.8,136501.2,271,151.1,40948.1,4958,45.8,227076.4,6486,15.7,101830.2,77204,5.3,409181.2,251137,1.2,301364.4,620082.2,144973.3
2020-10-14,4,7,9,10,19,42,8,919634.8,JP,620082.2,0.0,3,28420.4,85261.2,100,930.1,93010.0,335,83.2,27872.0,4878,31.7,154632.6,6692,10.4,69596.8,66381,4.2,278800.2,175385,1.2,210462.0,,620082.2
2020-10-11,5,16,18,24,34,42,20,2074577.1,1,1000000.0,1000000.0,1,101545.2,101545.2,77,1438.6,110772.2,204,162.9,33231.6,3804,48.5,184494.0,5181,16.0,82896.0,62277,5.3,330068.1,192975,1.2,231570.0,,1000000.0
2020-10-07,3,7,9,13,17,26,18,1914436.4,1,1000000.0,1000000.0,4,21981.7,87926.8,193,496.9,95901.7,289,99.5,28755.5,6500,24.5,159250.0,5783,12.4,71709.2,80328,3.6,289180.8,151427,1.2,181712.4,,1000000.0
2020-10-04,10,14,16,27,30,40,38,4060720.7,1,2573740.5,2573740.5,3,47685.7,143057.1,160,975.3,156048.0,338,138.5,46813.0,6515,39.9,259948.5,7552,15.4,116300.8,97062,4.8,465897.6,249096,1.2,298915.2,1533324.4,1040416.1
2020-09-30,2,7,11,22,28,39,40,1149566.1,DJP,1533324.4,0.0,1,110207.8,110207.8,134,897.2,120224.8,227,158.8,36047.6,5482,36.5,200093.0,5893,15.3,90162.9,82290,4.4,362076.0,192295,1.2,230754.0,731813.0,801511.4
2020-09-27,3,6,8,11,32,39,27,1159868.4,JP,731813.0,0.0,2,94552.5,189105.0,80,1372.1,109768.0,285,115.5,32917.5,4708,38.8,182670.4,6973,11.8,82281.4,73045,4.5,328702.5,195353,1.2,234423.6,,731813.0
2020-09-23,4,8,11,21,39,45,14,1835217.6,2,500000.0,1000000.0,JP,88480.7,0.0,92,1049.1,96517.2,207,139.8,28938.6,4209,38.2,160783.8,4778,15.1,72147.8,64074,4.5,288333.0,157081,1.2,188497.2,,500000.0
2020-09-20,5,6,14,19,26,30,11,9255074.6,1,6700911.1,6700911.1,11,21683.6,238519.6,234,1111.9,260184.6,674,115.8,78049.2,10145,42.7,433191.5,15330,12.7,194691.0,159880,4.9,783412.0,471763,1.2,566115.6,4966216.3,1734694.8
2020-09-16,3,8,18,23,32,41,21,1905232.9,5JP,4966216.3,0.0,6,29911.6,179469.6,174,1125.2,195784.8,475,123.6,58710.0,7545,43.2,325944.0,10539,13.9,146492.1,116474,5.0,582370.0,347052,1.2,416462.4,3660980.5,1305235.8
2020-09-13,20,22,30,34,40,43,39,1726471.8,4JP,3660980.5,0.0,4,40809.1,163236.4,125,1424.6,178075.0,361,147.9,53391.9,6123,48.4,296353.2,8034,16.6,133364.4,99809,5.3,528987.7,310886,1.2,373063.2,2473805.1,1187175.4
2020-09-09,7,11,18,22,26,34,27,1347247.4,3JP,2473805.1,0.0,4,31554.2,126216.8,157,877.0,137689.0,266,155.2,41283.2,5841,39.2,228967.2,7283,14.1,102690.3,86547,4.7,406770.9,253025,1.2,303630.0,1555863.0,917942.1
2020-09-06,4,11,15,34,36,39,44,1302863.6,DJP,1555863.0,0.0,4,31135.1,124540.4,95,1430.1,135859.5,227,179.5,40746.5,4604,49.1,226056.4,6301,16.1,101446.1,76571,5.3,405826.3,223657,1.2,268388.4,650112.5,905750.5
2020-09-02,11,21,34,37,40,43,19,964058.7,JP,650112.5,0.0,2,44695.2,89390.4,55,1773.0,97515.0,188,155.6,29252.8,3282,49.5,162459.0,4211,17.3,72850.3,52121,5.6,291877.6,183928,1.2,220713.6,,650112.5
2020-08-30,17,22,27,35,36,39,21,2819425.7,1,1507513.3,1507513.3,5,24567.3,122836.5,124,1080.6,133994.4,273,147.2,40185.6,5160,43.2,222912.0,6502,15.4,100130.8,81147,4.9,397620.3,245194,1.2,294232.8,614156.8,893356.5
2020-08-26,3,4,8,14,31,38,13,890163.3,JP,614156.8,0.0,2,42223.2,84446.4,65,1417.2,92118.0,167,165.4,27621.8,3224,47.6,153462.4,4444,15.5,68882.0,55711,4.9,272983.9,158874,1.2,190648.8,,614156.8
2020-08-23,3,12,19,26,32,40,24,2813337.7,1,1539386.3,1539386.3,2,60956.2,121912.4,164,810.9,132987.6,295,135.2,39884.0,5792,38.2,221254.4,7155,13.9,99454.5,80957,4.9,396689.3,218141,1.2,261769.2,652750.5,886635.8
2020-08-19,5,9,15,33,34,42,38,924982.0,JP,652750.5,0.0,1,89753.1,89753.1,70,1398.7,97909.0,180,163.1,29358.0,3449,47.3,163137.7,4403,16.6,73089.8,58518,5.0,292590.0,149287,1.2,179144.4,,652750.5
2020-08-16,5,26,31,32,37,41,23,6973331.3,2,2500168.0,5000336.0,1,185476.3,185476.3,152,1331.1,202327.2,360,168.6,60696.0,6336,53.2,337075.2,9547,15.8,150842.6,106180,5.7,605226.0,359460,1.2,431352.0,3651416.9,-1151248.9
2020-08-12,1,16,18,23,27,45,15,1604124.2,4JP,3651416.9,0.0,6,25206.8,151240.8,115,1434.6,164979.0,319,155.1,49476.9,6026,45.6,274785.6,7948,15.5,123194.0,97293,5.1,496194.3,286878,1.2,344253.6,2551483.7,1099933.2
2020-08-09,3,4,17,23,25,32,36,1438286.6,3JP,2551483.7,0.0,3,46190.3,138570.9,98,1542.5,151165.0,248,182.8,45334.4,5518,45.6,251620.8,6978,16.2,113043.6,91295,4.9,447345.5,242672,1.2,291206.4,1543694.0,1007789.7
2020-08-05,3,30,32,34,37,39,18,1192418.8,DJP,1543694.0,0.0,1,112655.2,112655.2,118,1041.4,122885.2,202,182.5,36865.0,4141,49.4,204565.4,4963,18.5,91815.5,64913,5.7,370004.1,211357,1.2,253628.4,724383.2,819310.8
2020-08-02,16,17,18,23,26,44,34,1026004.2,JP,724383.2,0.0,2,49801.3,99602.6,72,1509.1,108655.2,223,146.1,32580.3,3511,51.5,180816.5,5270,15.4,81158.0,60708,5.3,321752.4,167866,1.2,201439.2,,724383.2
2020-07-29,23,24,31,35,36,42,14,2658071.1,1,1519795.7,1519795.7,1,107292.9,107292.9,73,1603.3,117040.9,178,197.2,35101.6,3325,58.6,194845.0,4908,17.8,87362.4,59066,5.9,348489.4,206786,1.2,248143.2,739483.4,780312.3
2020-07-26,1,3,7,26,27,35,21,1072397.0,JP,739483.4,0.0,2,50839.4,101678.8,100,1109.2,110920.0,251,132.5,33257.5,4794,38.5,184569.0,6598,12.6,83134.8,77291,4.3,332351.3,188738,1.2,226485.6,,739483.4
2020-07-22,3,6,9,22,24,38,20,6976785.6,1,5014263.6,5014263.6,2,92995.8,185991.6,210,966.1,202881.0,439,138.6,60845.4,8430,40.1,338043.0,10838,14.0,151732.0,129778,4.7,609956.6,344227,1.2,413072.4,3661597.2,1352666.4
2020-07-19,4,11,16,32,41,45,21,1794758.6,4JP,3661597.2,0.0,5,33814.6,169073.0,146,1263.3,184441.8,421,131.4,55319.4,6443,47.7,307331.1,9939,13.9,138152.1,105189,5.2,546982.8,327882,1.2,393458.4,2431972.8,1229624.4
2020-07-15,11,15,18,21,32,44,31,1333411.7,3JP,2431972.8,0.0,4,31976.9,127907.6,86,1622.5,139535.0,233,179.6,41846.8,4658,49.9,232434.2,6033,17.3,104370.9,79528,5.2,413545.6,228143,1.2,273771.6,1501733.4,930239.4
2020-07-12,8,17,18,33,42,45,32,1257201.2,DJP,1501733.4,0.0,2,60365.6,120731.2,120,1097.5,131700.0,244,161.9,39503.6,4849,45.2,219174.8,6045,16.3,98533.5,76835,5.1,391858.5,213083,1.2,255699.6,623688.1,878045.3
2020-07-08,4,16,26,31,34,40,42,896091.3,JP,623688.1,0.0,1,85757.1,85757.1,82,1140.8,93545.6,166,169.0,28054.0,3477,44.8,155769.6,4115,17.0,69955.0,54176,5.2,281715.2,151079,1.2,181294.8,,623688.1
2020-07-05,1,3,5,6,35,42,9,2851817.9,1,1529890.7,1529890.7,3,41227.8,123683.4,92,1466.6,134927.2,370,109.4,40478.0,6027,37.3,224807.1,8617,11.7,100818.9,81534,4.9,399516.6,248080,1.2,297696.0,630374.5,899516.2
2020-07-01,1,3,15,22,27,32,23,911095.0,JP,630374.5,0.0,1,86676.4,86676.4,102,927.0,94554.0,178,159.3,28355.4,3895,40.4,157358.0,5024,14.1,70838.4,60994,4.6,280572.4,160617,1.2,192740.4,,630374.5
2020-06-28,10,16,28,31,36,37,33,5184809.2,2,1641680.8,3283361.6,2,182762.2,365524.4,123,1401.5,172384.5,279,185.3,51698.7,5564,51.6,287102.4,7950,16.2,128790.0,93456,5.5,514008.0,318283,1.2,381939.6,2134106.2,-492425.4
2020-06-24,10,17,18,25,29,36,37,1106009.7,3JP,2134106.2,0.0,DJP,207501.8,0.0,79,1636.3,129267.7,199,194.8,38765.2,4347,49.5,215176.5,5315,18.2,96733.0,73101,5.3,387435.3,198860,1.2,238632.0,1272298.2,861808.0
2020-06-21,4,15,30,35,38,45,42,842265.6,DJP,1272298.2,0.0,JP,89003.2,0.0,87,1116.0,97092.0,174,167.4,29127.6,3321,48.7,161732.7,3984,18.2,72508.8,53067,5.5,291868.5,158280,1.2,189936.0,625001.7,647296.5
2020-06-19,1,7,13,39,44,45,9,932255.3,JP,625001.7,0.0,1,85937.7,85937.7,105,892.8,93744.0,206,136.5,28119.0,3532,44.2,156114.4,5169,13.6,70298.4,55535,5.0,277675.0,183639,1.2,220366.8,,625001.7
2020-06-17,3,11,12,16,28,39,43,2647795.2,1,1499154.4,1499154.4,3,36826.7,110480.1,137,879.7,120518.9,286,126.4,36150.4,5510,36.4,200564.0,6770,13.3,90041.0,82004,4.4,360817.6,191724,1.2,230068.8,695661.1,803493.3
2020-06-14,9,12,17,20,28,45,5,1029310.6,JP,695661.1,0.0,6,15942.2,95653.2,113,923.4,104344.2,299,104.6,31275.4,4610,37.7,173797.0,6923,11.3,78229.9,66743,4.7,313692.1,193599,1.2,232318.8,,695661.1
2020-06-10,8,11,18,24,27,37,45,1933136.9,1,1000000.0,1000000.0,2,44234.8,88469.6,89,1084.4,96511.6,183,158.2,28950.6,3627,44.3,160676.1,4353,16.6,72259.8,59332,4.9,290726.8,162952,1.2,195542.4,,1000000.0
2020-06-07,1,12,20,36,41,42,22,2088671.4,1,1000000.0,1000000.0,4,25477.4,101909.6,76,1462.8,111172.8,186,179.3,33349.8,3601,51.4,185091.4,4901,17.0,83317.0,57748,5.8,334938.4,199077,1.2,238892.4,,1000000.0
2020-06-03,4,9,10,13,18,31,36,1873826.3,2,500000.0,1000000.0,5,16867.6,84338.0,81,1135.8,91999.8,186,148.3,27583.8,3977,38.5,153114.5,4107,16.8,68997.6,59799,4.6,275075.4,143931,1.2,172717.2,,500000.0
2020-05-31,21,25,26,28,34,40,17,4071561.1,1,2524333.7,2524333.7,3,48104.8,144314.4,103,1528.4,157425.2,283,166.8,47204.4,5080,51.6,262128.0,7737,15.2,117602.4,86437,5.4,466759.8,293161,1.2,351793.2,1474774.1,1049559.6
2020-05-27,12,20,28,37,40,42,1,1156893.2,DJP,1474774.1,0.0,1,107569.1,107569.1,78,1504.4,117343.2,249,141.3,35183.7,4087,47.8,195358.6,5674,15.5,87947.0,65010,5.4,351054.0,218698,1.2,262437.6,692452.7,782321.4
2020-05-24,12,16,18,25,28,34,45,1003070.7,JP,692452.7,0.0,1,95212.2,95212.2,71,1462.9,103865.9,136,229.1,31157.6,3637,47.5,172757.5,4437,17.5,77647.5,59779,5.2,310850.8,176316,1.2,211579.2,,692452.7
2020-05-20,4,13,14,24,27,31,22,2071407.6,1,1000000.0,1000000.0,6,35947.2,215683.2,95,1021.9,97080.5,181,160.9,29122.9,3629,44.5,161490.5,4819,15.1,72766.9,57982,5.0,289910.0,171128,1.2,205353.6,,1000000.0
2020-05-17,3,7,11,18,22,34,35,2755777.0,1,1563365.0,1563365.0,JP,126688.6,0.0,126,1096.8,138196.8,231,179.4,41441.4,5960,38.6,230056.0,6437,16.1,103635.7,91513,4.5,411808.5,222728,1.2,267273.6,641993.0,921372.0
2020-05-13,4,18,19,21,25,36,2,944752.0,JP,641993.0,0.0,2,44137.0,88274.0,78,1234.6,96298.8,222,130.1,28882.2,3256,49.2,160195.2,4741,15.2,72063.2,52326,5.5,287793.0,176038,1.2,211245.6,,641993.0
2020-05-10,7,13,27,31,32,44,10,2969212.7,1,1585772.9,1585772.9,2,63885.7,127771.4,116,1201.6,139385.6,284,147.2,41804.8,4828,48.1,232226.8,6999,14.9,104285.1,81611,5.1,416216.1,268125,1.2,321750.0,656525.0,929247.9
2020-05-06,4,8,26,27,28,44,12,963222.1,JP,656525.0,0.0,4,22568.0,90272.0,81,1215.7,98471.7,286,103.2,29515.2,3933,41.7,164006.1,6581,11.2,73707.2,63165,4.7,296875.5,175312,1.2,210374.4,,656525.0
2020-05-03,10,14,21,32,34,45,11,4027124.2,2,1260846.9,2521693.8,3,46010.4,138031.2,142,1060.4,150576.8,261,173.0,45153.0,5704,43.9,250405.6,7135,15.8,112733.0,86870,5.2,451724.0,297339,1.2,356806.8,1517829.5,-256982.6
2020-04-29,11,15,16,18,29,34,13,1177011.0,DJP,1517829.5,0.0,3,36722.8,110168.4,85,1413.9,120181.5,194,185.8,36045.2,4065,49.2,199998.0,5332,16.9,90110.8,67539,5.3,357956.7,218792,1.2,262550.4,716603.1,801226.4
2020-04-26,8,16,23,25,26,28,11,1058756.8,JP,716603.1,0.0,5,19706.5,98532.5,75,1433.2,107490.0,281,114.7,32230.7,4204,42.6,179090.4,6714,12.0,80568.0,67128,4.8,322214.4,198859,1.2,238630.8,,716603.1
2020-04-22,3,11,12,23,28,38,2,10662984.3,1,7749269.6,7749269.6,4,68881.6,275526.4,252,1192.7,300560.4,698,129.1,90111.8,12409,40.3,500082.7,16670,13.5,225045.0,191784,4.7,901384.8,517503,1.2,621003.6,5745440.3,2003829.3
2020-04-19,2,10,12,33,35,39,38,2176616.8,6JP,5745440.3,0.0,3,69476.5,208429.5,188,1209.4,227367.2,383,178.1,68212.3,8373,45.2,378459.6,10220,16.6,169652.0,135487,5.0,677435.0,372551,1.2,447061.2,4229588.0,1515852.3
2020-04-15,2,5,11,41,43,44,38,1511892.7,5JP,4229588.0,0.0,3,48308.4,144925.2,129,1225.5,158089.5,262,181.0,47422.0,5386,48.9,263375.4,6945,17.0,118065.0,92620,5.1,472362.0,256378,1.2,307653.6,3175585.8,1054002.2
2020-04-12,13,20,26,41,43,45,17,1781759.9,4JP,3175585.8,0.0,2,180565.2,361130.4,102,1560.8,159201.6,279,171.1,47736.9,4999,53.0,264947.0,7479,15.9,118916.1,86049,5.5,473269.5,297132,1.2,356558.4,2114184.4,1061401.4
2020-04-08,1,4,6,15,18,32,9,1064860.5,3JP,2114184.4,0.0,DJP,215187.7,0.0,103,1150.4,118491.2,286,124.2,35521.2,4207,46.9,197308.3,7239,12.2,88315.8,71364,5.0,356820.0,223670,1.2,268404.0,1324207.6,789976.8
2020-04-05,12,23,28,33,40,41,11,1048917.6,DJP,1324207.6,0.0,JP,106565.9,0.0,66,1761.4,116252.4,211,165.2,34857.2,4070,47.6,193732.0,5592,15.5,86676.0,66915,5.2,347958.0,224535,1.2,269442.0,549182.4,775025.2
2020-04-01,1,11,15,22,26,36,25,897670.3,JP,549182.4,0.0,3,62843.0,188529.0,68,1211.4,82375.2,156,158.4,24710.4,3793,36.1,136927.3,3678,16.7,61422.6,50130,4.9,245637.0,131724,1.2,158068.8,,549182.4
2020-03-29,3,4,6,30,36,39,5,3173042.4,1,2064553.8,2064553.8,JP,113016.5,0.0,91,1354.8,123286.8,195,189.6,36972.0,4146,49.5,205227.0,7458,12.3,91733.4,71646,5.1,365394.6,238229,1.2,285874.8,1242615.0,821938.8
2020-03-25,5,26,30,31,32,33,6,1154411.6,DJP,1242615.0,0.0,1,277288.3,277288.3,54,1797.9,97086.6,150,194.1,29115.0,3274,49.4,161735.6,4155,17.5,72712.5,53000,5.5,291500.0,187478,1.2,224973.6,595369.4,647245.6
2020-03-22,4,9,12,17,32,43,38,760849.6,JP,595369.4,0.0,DJP,188292.0,0.0,77,1159.8,89304.6,174,153.9,26778.6,3416,43.5,148596.0,3834,17.4,66711.6,57412,4.6,264095.2,137803,1.2,165363.6,,595369.4
2020-03-18,5,9,20,21,26,42,27,3967592.5,1,2931988.6,2931988.6,JP,106428.7,0.0,89,1304.5,116100.5,217,160.5,34828.5,4209,45.9,193193.1,6121,14.2,86918.2,71810,4.8,344688.0,216563,1.2,259875.6,2157961.2,774027.4
2020-03-15,4,16,17,20,25,43,19,1025926.7,3JP,2157961.2,0.0,3,31767.2,95301.6,76,1367.9,103960.4,162,192.5,31185.0,3540,48.9,173106.0,4659,16.7,77805.3,59148,5.3,313484.4,192570,1.2,231084.0,1464858.7,693102.5
2020-03-13,2,14,26,30,38,39,18,1176943.5,DJP,1464858.7,0.0,4,27906.0,111624.0,81,1503.3,121767.3,254,143.8,36525.2,4151,48.8,202568.8,5428,16.8,91190.4,67701,5.4,365585.4,206402,1.2,247682.4,653046.8,811811.9
2020-03-11,15,29,31,42,44,45,10,990861.3,JP,653046.8,0.0,1,89793.9,89793.9,66,1484.1,97950.6,172,170.8,29377.6,2956,55.2,163171.2,4240,17.3,73352.0,50820,5.8,294756.0,202050,1.2,242460.0,,653046.8
2020-03-08,3,10,13,18,26,36,9,2151696.6,2,500000.0,1000000.0,4,26507.3,106029.2,137,844.2,115655.4,269,128.9,34674.1,4703,40.9,192352.7,7044,12.3,86641.2,72480,4.8,347904.0,223700,1.2,268440.0,,500000.0
2020-03-04,4,10,12,31,34,44,32,1955044.4,1,1000000.0,1000000.0,2,45707.4,91414.8,69,1445.2,99718.8,169,177.0,29913.0,3600,46.1,165960.0,4235,17.6,74536.0,59487,5.0,297435.0,163389,1.2,196066.8,,1000000.0
2020-03-01,11,14,20,37,38,41,13,2138783.9,1,1000000.0,1000000.0,4,26397.2,105588.8,61,1888.3,115186.3,180,191.9,34542.0,3463,55.4,191850.2,4422,19.5,86229.0,59552,5.8,345401.6,216655,1.2,259986.0,,1000000.0
2020-02-26,3,6,11,16,25,43,1,12654656.5,3,3067178.2,9201534.6,11,29753.7,327290.7,326,1095.2,357035.2,869,123.2,107060.8,13945,42.6,594057.0,19173,13.9,266504.7,218999,4.9,1073095.1,606732,1.2,728078.4,6821231.1,-3754052.9
2020-02-23,6,8,18,33,42,45,29,2635411.2,6JP,6821231.1,0.0,3,82755.9,248267.7,201,1347.4,270827.4,564,144.0,81216.0,10019,45.0,450855.0,13041,15.5,202135.5,159184,5.1,811838.4,475226,1.2,570271.2,5015647.3,1805583.8
2020-02-19,1,2,3,16,24,44,12,1976736.1,5JP,5015647.3,0.0,5,37386.0,186930.0,131,1556.6,203914.6,511,119.7,61166.7,7855,43.2,339336.0,11931,12.8,152716.8,121140,5.0,605700.0,355810,1.2,426972.0,3656154.6,1359492.7
2020-02-16,4,5,20,22,31,39,38,1742700.8,4JP,3656154.6,0.0,1,166643.7,166643.7,116,1567.1,181783.6,287,190.0,54530.0,6170,49.1,302947.0,7402,18.4,136196.8,106355,5.1,542410.5,298491,1.2,358189.2,2444200.2,1211954.4
2020-02-12,3,4,7,17,39,44,33,1327457.5,3JP,2444200.2,0.0,4,31535.4,126141.6,121,1137.2,137601.2,359,114.9,41249.1,6396,35.8,228976.8,8154,12.6,102740.4,93010,4.4,409244.0,234587,1.2,281504.4,1526804.6,917395.6
2020-02-09,5,22,23,27,37,45,25,1297494.7,DJP,1526804.6,0.0,4,31000.0,124000.0,81,1670.0,135270.0,210,193.2,40572.0,4836,46.6,225357.6,6136,16.5,101244.0,79353,5.1,404700.3,221959,1.2,266350.8,624985.8,901818.8
2020-02-05,8,17,33,36,38,44,23,912057.6,JP,624985.8,0.0,1,85935.5,85935.5,70,1339.2,93744.0,193,145.7,28120.1,3471,45.0,156195.0,4791,14.6,69948.6,53759,5.2,279546.8,165473,1.2,198567.6,,624985.8
2020-02-02,6,7,9,20,28,30,40,2085094.1,1,1000000.0,1000000.0,4,26303.3,105213.2,127,903.7,114769.9,305,112.8,34404.0,5830,32.8,191224.0,6512,13.2,85958.4,80821,4.2,339448.2,178397,1.2,214076.4,,1000000.0
2020-01-29,3,11,23,29,39,44,28,5346577.0,2,1852209.1,3704418.2,6,25616.3,153697.8,154,1088.7,167659.8,329,152.8,50271.2,6700,41.7,279390.0,8481,14.8,125518.8,104265,4.8,500472.0,304291,1.2,365149.2,2586615.3,-734406.2
2020-01-26,5,23,26,27,37,40,4,1505040.3,3JP,2586615.3,0.0,3,46724.2,140172.6,132,1158.4,152908.8,271,169.2,45853.2,5247,48.5,254479.5,7257,15.8,114660.6,89052,5.1,454165.2,285667,1.2,342800.4,1567177.0,1019438.3
2020-01-22,1,15,28,42,43,44,12,1335335.2,DJP,1567177.0,0.0,1,215486.8,215486.8,83,1496.4,124201.2,208,179.1,37252.8,3926,52.7,206900.2,5586,16.6,92727.6,67694,5.5,372317.0,238708,1.2,286449.6,739149.0,828028.0
2020-01-19,5,12,36,38,39,45,22,976569.7,JP,739149.0,0.0,JP,101632.9,0.0,81,1368.7,110864.7,195,170.5,33247.5,3585,51.5,184627.5,5138,16.1,82721.8,59766,5.5,328713.0,196996,1.2,236395.2,,739149.0
2020-01-15,9,11,16,26,31,41,34,5379153.6,1,3743596.9,3743596.9,3,52166.5,156499.5,148,1153.5,170718.0,358,143.0,51194.0,6863,41.4,284128.2,8344,15.3,127663.2,102111,5.0,510555.0,278999,1.2,334798.8,2605418.7,1138178.2
2020-01-12,6,13,25,31,38,44,32,1518365.8,3JP,2605418.7,0.0,3,47779.2,143337.6,101,1548.2,156368.2,252,186.1,46897.2,4910,53.0,260230.0,6229,18.8,117105.2,82953,5.6,464536.8,274909,1.2,329890.8,1562962.4,1042456.3
2020-01-08,18,21,24,38,41,42,4,1168384.4,DJP,1562962.4,0.0,2,53522.7,107045.4,79,1478.1,116769.9,202,173.4,35026.8,3577,54.4,194588.8,5624,15.5,87172.0,61259,5.7,349176.3,232171,1.2,278605.2,784450.0,778512.4
2020-01-05,3,5,12,27,36,44,15,1130083.9,JP,784450.0,0.0,3,35953.9,107861.7,118,997.1,117657.8,304,116.1,35294.4,4891,40.0,195640.0,6852,12.8,87705.6,76648,4.6,352580.8,194453,1.2,233343.6,,784450.0
2020-01-01,5,8,19,23,36,39,3,7091239.6,1,5100702.7,5100702.7,3,61706.1,185118.3,184,1097.5,201940.0,439,138.0,60582.0,8076,41.6,335961.6,11291,13.4,151299.4,123124,4.9,603307.6,376940,1.2,452328.0,3754385.8,1346316.9
2019-12-29,3,20,22,27,31,33,38,1614144.2,4JP,3754385.8,0.0,1,155472.4,155472.4,114,1487.7,169597.8,326,156.0,50856.0,6082,46.4,282204.8,7786,16.3,126911.8,103426,4.9,506787.4,268595,1.2,322314.0,2623677.0,1130708.8
2019-12-25,6,27,32,33,38,40,21,1422736.6,3JP,2623677.0,0.0,1,133368.0,133368.0,90,1616.5,145485.0,260,167.8,43628.0,4594,52.7,242103.8,6732,16.2,109058.4,80133,5.4,432718.2,263646,1.2,316375.2,1653727.3,969949.7
2019-12-22,7,8,9,22,25,37,23,1425351.8,DJP,1653727.3,0.0,2,67675.1,135350.2,128,1153.5,147648.0,258,171.6,44272.8,5520,44.5,245640.0,6935,15.9,110266.5,89803,4.9,440034.7,251783,1.2,302139.6,669361.1,984366.2
2019-12-18,1,8,11,17,32,34,45,956943.4,JP,669361.1,0.0,2,46018.5,92037.0,60,1673.4,100404.0,203,148.3,30104.9,3627,46.1,167204.7,4862,15.4,74874.8,61990,4.8,297552.0,162305,1.2,194766.0,,669361.1
2019-12-15,8,11,16,33,38,45,42,2084387.3,1,1000000.0,1000000.0,6,17417.0,104502.0,112,1017.8,113993.6,190,180.0,34200.0,4195,45.2,189614.0,5293,16.1,85217.3,67874,5.0,339370.0,181242,1.2,217490.4,,1000000.0
2019-12-11,2,8,18,26,35,43,40,5290570.8,1,3697632.9,3697632.9,4,38029.0,152116.0,126,1317.0,165942.0,280,177.7,49756.0,6066,45.5,276003.0,7468,16.6,123968.8,96879,5.1,494082.9,275891,1.2,331069.2,2591333.8,1106299.1
2019-12-08,8,27,30,40,42,43,9,1547925.9,3JP,2591333.8,0.0,2,71034.8,142069.6,118,1313.4,154981.2,268,173.4,46471.2,5268,49.0,258132.0,7383,15.7,115913.1,88832,5.2,461926.4,307027,1.2,368432.4,1558099.3,1033234.5
2019-12-04,2,7,9,32,36,43,31,1153058.4,DJP,1558099.3,0.0,1,110842.7,110842.7,84,1439.5,120918.0,193,187.9,36264.7,4131,48.7,201179.7,5014,18.0,90252.0,70283,5.1,358443.3,195965,1.2,235158.0,751970.5,806128.8
2019-12-01,4,9,20,22,32,37,39,1088800.6,JP,751970.5,0.0,1,103395.9,103395.9,92,1226.0,112792.0,204,165.8,33823.2,3906,48.1,187878.6,4980,16.9,84162.0,65619,5.1,334656.9,193410,1.2,232092.0,,751970.5
2019-11-27,2,7,17,23,39,43,18,1908323.7,1,1000000.0,1000000.0,2,43338.2,86676.4,101,936.1,94546.1,185,153.3,28360.5,4060,38.8,157528.0,4287,16.5,70735.5,60790,4.6,279634.0,159036,1.2,190843.2,,1000000.0
2019-11-24,3,9,15,18,26,29,28,2823184.3,1,1527069.1,1527069.1,4,30511.4,122045.6,144,924.5,133128.0,319,125.2,39938.8,6200,35.7,221340.0,7787,12.8,99673.6,90841,4.4,399700.4,233574,1.2,280288.8,639464.4,887604.7
2019-11-20,7,11,13,15,22,27,2,929929.8,JP,639464.4,0.0,7,12560.9,87926.3,121,792.7,95916.7,330,87.1,28743.0,4534,35.2,159596.8,6455,11.1,71650.5,67223,4.3,289058.9,164198,1.2,197037.6,,639464.4
2019-11-17,2,15,23,28,33,34,19,9075667.9,1,6552614.7,6552614.7,3,79261.9,237785.7,233,1113.3,259398.9,480,162.1,77808.0,9764,44.2,431568.8,12456,15.6,194313.6,153457,5.0,767285.0,462411,1.2,554893.2,4823263.4,1729351.3
2019-11-13,4,27,33,34,41,45,42,1827791.9,5JP,4823263.4,0.0,1,174741.9,174741.9,150,1270.8,190620.0,261,219.1,57185.1,6571,48.3,317379.3,8256,17.3,142828.8,109853,5.2,571235.6,311501,1.2,373801.2,3552412.6,1270850.8
2019-11-10,2,9,10,19,29,40,3,1738695.6,4JP,3552412.6,0.0,3,53855.4,161566.2,200,881.2,176240.0,451,117.2,52857.2,7791,37.7,293720.7,10717,12.3,131819.1,113630,4.6,522698.0,333162,1.2,399794.4,2377384.9,1175027.7
2019-11-06,6,16,17,34,38,40,28,1353995.8,3JP,2377384.9,0.0,2,63371.6,126743.2,87,1589.2,138260.4,290,143.0,41470.0,4541,50.7,230228.7,7231,14.3,103403.3,76427,5.4,412705.8,250987,1.2,301184.4,1455614.9,921770.0
2019-11-03,15,16,22,24,27,33,17,1238915.6,DJP,1455614.9,0.0,2,57824.7,115649.4,83,1520.0,126160.0,315,120.1,37831.5,4720,44.5,210040.0,6379,14.8,94409.2,76463,4.9,374668.7,233464,1.2,280156.8,614527.2,841087.7
2019-10-30,4,11,12,15,20,42,14,888571.4,JP,614527.2,0.0,2,42248.7,84497.4,87,1059.5,92176.5,168,164.6,27652.8,3415,44.9,153333.5,4212,16.4,69076.8,57836,4.8,277612.8,153518,1.2,184221.6,,614527.2
2019-10-27,9,26,28,32,35,43,25,3662323.7,1,2365785.1,2365785.1,3,41157.2,123471.6,113,1192.0,134696.0,212,190.6,40407.2,5209,43.0,223987.0,5792,17.4,100780.8,80566,5.0,402830.0,225305,1.2,270366.0,1467809.2,897975.9
2019-10-23,6,8,13,32,39,45,28,1107889.2,DJP,1467809.2,0.0,3,34648.5,103945.5,74,1532.3,113390.2,205,165.9,34009.5,3824,49.4,188905.6,5951,14.2,84504.2,64438,5.3,341521.4,201344,1.2,241612.8,711840.6,755968.6
2019-10-20,1,2,3,18,26,34,17,1150560.1,JP,711840.6,0.0,6,34007.9,204047.4,70,1525.3,106771.0,227,141.1,32029.7,3644,48.8,177827.2,5679,14.1,80073.9,65061,4.9,318798.9,192510,1.2,231012.0,,711840.6
2019-10-16,3,4,25,36,40,45,18,2491295.2,1,1484453.8,1484453.8,JP,106169.5,0.0,64,1809.7,115820.8,184,188.8,34739.2,3632,53.1,192859.2,5386,16.1,86714.6,61753,5.6,345816.8,192409,1.2,230890.8,712311.6,772142.2
2019-10-13,9,14,17,23,26,32,33,1034553.3,JP,712311.6,0.0,2,48971.4,97942.8,90,1187.1,106839.0,224,143.0,32032.0,4303,41.3,177713.9,5552,14.4,79948.8,66256,4.8,318028.8,185040,1.2,222048.0,,712311.6
2019-10-09,3,6,16,28,33,42,39,2678514.2,1,1536261.8,1536261.8,1,109206.8,109206.8,119,1001.1,119130.9,270,132.3,35721.0,5018,39.5,198211.0,6164,14.4,88761.6,75153,4.7,353219.1,198335,1.2,238002.0,742030.1,794231.7
2019-10-06,10,29,31,32,44,45,33,1087291.0,JP,742030.1,0.0,2,51014.5,102029.0,72,1545.8,111297.6,209,159.7,33377.3,3395,54.6,185367.0,5029,16.5,82978.5,58911,5.6,329901.6,201950,1.2,242340.0,,742030.1
2019-10-02,11,15,16,17,22,24,27,2687258.9,1,1527972.1,1527972.1,5,21789.8,108949.0,84,1414.9,118851.6,257,138.7,35645.9,4241,46.7,198054.7,6183,14.4,89035.2,68160,5.2,354432.0,211932,1.2,254318.4,735612.2,792359.9
2019-09-29,3,4,18,19,28,32,6,1075553.8,JP,735612.2,0.0,5,20229.3,101146.5,103,1071.2,110333.6,269,123.0,33087.0,4236,43.4,183842.4,6595,12.5,82437.5,68149,4.8,327115.2,197993,1.2,237591.6,,735612.2
2019-09-25,5,14,21,26,29,38,13,1942930.1,1,1000000.0,1000000.0,1,88656.7,88656.7,97,997.0,96709.0,184,157.6,28998.4,3819,42.2,161161.8,4641,15.6,72399.6,57941,5.0,289705.0,171083,1.2,205299.6,,1000000.0
2019-09-22,3,14,23,25,32,41,26,9816851.3,3,2345548.4,7036645.2,10,25958.3,259583.0,259,1093.3,283164.7,573,148.2,84918.6,10588,44.5,471166.0,13417,15.8,211988.6,162014,5.2,842472.8,522427,1.2,626912.4,5148766.8,-2803218.4
2019-09-18,12,14,21,25,32,33,36,2062240.2,5JP,5148766.8,0.0,2,99071.2,198142.4,151,1431.4,216141.4,405,160.1,64840.5,7397,48.7,360233.9,9832,16.4,161244.8,123566,5.2,642543.2,349245,1.2,419094.0,3707731.0,1441035.8
2019-09-15,1,6,15,27,29,40,41,1750180.4,4JP,3707731.0,0.0,2,83976.2,167952.4,173,1059.0,183207.0,360,152.6,54936.0,7382,41.3,304876.6,8482,16.2,137408.4,113163,4.8,543182.4,298848,1.2,358617.6,2486258.7,1221472.3
2019-09-11,5,7,13,15,23,30,31,1310582.9,3JP,2486258.7,0.0,7,18132.8,126929.6,145,954.9,138460.5,306,135.7,41524.2,6193,37.2,230379.6,7279,14.2,103361.8,93181,4.4,409996.4,216609,1.2,259930.8,1563134.1,923124.6
2019-09-08,18,23,27,28,39,45,20,1318185.3,DJP,1563134.1,0.0,4,31049.5,124198.0,96,1411.3,135484.8,237,171.5,40645.5,4705,47.9,225369.5,6057,16.7,101151.9,78597,5.2,408704.4,235526,1.2,282631.2,659873.5,903260.6
2019-09-04,2,6,11,27,32,42,12,970168.7,JP,659873.5,0.0,3,30244.2,90732.6,88,1124.7,98973.6,208,142.7,29681.6,3820,43.1,164642.0,5931,12.5,74137.5,60214,4.9,295048.6,180794,1.2,216952.8,,659873.5
2019-09-01,2,16,27,35,39,45,5,7162298.8,1,4991197.8,4991197.8,3,66997.7,200993.1,228,961.6,219244.8,506,129.9,65729.4,8375,43.6,365150.0,11257,14.6,164352.2,128565,5.1,655681.5,416625,1.2,499950.0,3529427.8,1461770.0
2019-08-28,4,10,20,25,29,35,32,1557193.4,4JP,3529427.8,0.0,4,37233.8,148935.2,130,1249.8,162474.0,294,165.7,48715.8,6102,44.3,270318.6,7326,16.6,121611.6,96831,5.0,484155.0,267486,1.2,320983.2,2446262.0,1083165.8
2019-08-25,2,24,31,32,40,41,25,1440207.0,3JP,2446262.0,0.0,2,68385.6,136771.2,86,1734.9,149201.4,240,186.5,44760.0,4613,53.9,248640.7,5876,19.0,111644.0,77849,5.7,443739.3,254542,1.2,305450.4,1451561.8,994700.2
2019-08-21,5,6,24,26,35,36,2,1149421.8,DJP,1451561.8,0.0,2,53547.6,107095.2,92,1269.9,116830.8,243,144.2,35040.6,3910,49.8,194718.0,5956,14.7,87553.2,67746,5.2,352279.2,213254,1.2,255904.8,672686.6,778875.2
2019-08-18,1,7,8,19,24,39,9,1082005.3,JP,672686.6,0.0,6,29925.6,179553.6,91,1108.8,100900.8,355,85.2,30246.0,4348,38.6,167832.8,7517,10.0,75170.0,66609,4.5,299740.5,190468,1.2,228561.6,,672686.6
2019-08-14,1,6,7,20,28,35,33,1834523.7,1,1000000.0,1000000.0,JP,87059.4,0.0,73,1301.0,94973.0,174,163.7,28483.8,3822,41.4,158230.8,4573,15.5,70881.5,61435,4.6,282601.0,166128,1.2,199353.6,,1000000.0
2019-08-11,5,14,21,28,32,42,35,5190340.7,2,1761322.3,3522644.6,4,39930.6,159722.4,178,978.8,174226.4,1766,29.5,52097.0,7041,41.2,290089.2,9247,14.1,130382.7,104638,5.0,523190.0,281657,1.2,337988.4,2361025.8,-599703.5
2019-08-07,3,4,9,19,20,25,37,1267666.9,3JP,2361025.8,0.0,2,61527.6,123055.2,128,1048.7,134233.6,249,161.7,40263.3,6222,35.9,223369.8,5641,17.8,100409.8,90322,4.4,397416.8,207432,1.2,248918.4,1466077.7,894948.1
2019-08-04,12,13,16,17,22,41,40,1252638.1,DJP,1466077.7,0.0,1,119624.2,119624.2,83,1572.2,130492.6,221,177.1,39139.1,4200,51.7,217140.0,5442,17.9,97411.8,75084,5.2,390436.8,215328,1.2,258393.6,596082.9,869994.8
2019-07-31,13,22,33,37,39,41,11,905423.3,JP,596082.9,0.0,1,81961.4,81961.4,83,1077.2,89407.6,189,141.9,26819.1,3216,46.3,148900.8,4399,15.2,66864.8,49586,5.4,267764.4,186421,1.2,223705.2,,596082.9
2019-07-28,3,7,9,13,26,39,8,2758042.0,3,491217.7,1473653.1,1,118694.6,118694.6,199,650.6,129469.4,337,115.2,38822.4,7465,28.9,215738.5,7840,12.3,96432.0,97361,4.0,389444.0,246490,1.2,295788.0,610419.6,-119201.9
2019-07-24,4,6,7,29,30,37,16,881475.3,JP,610419.6,0.0,4,20983.1,83932.4,63,1453.3,91557.9,186,147.6,27453.6,3442,44.3,152480.6,4817,14.2,68401.4,55902,4.9,273919.8,153108,1.2,183729.6,,610419.6
2019-07-21,7,13,17,20,42,45,5,4022923.0,2,1258116.8,2516233.6,2,69908.8,139817.6,118,1292.6,152526.8,359,127.4,45736.6,5629,45.1,253867.9,8349,13.7,114381.3,89516,5.1,456531.6,286523,1.2,343827.6,1499377.0,-241260.2
2019-07-17,4,5,18,28,31,32,33,1155567.1,DJP,1499377.0,0.0,2,54152.6,108305.2,77,1534.4,118148.8,219,161.8,35434.2,4159,47.3,196720.7,4988,17.7,88287.6,68578,5.1,349747.8,215769,1.2,258922.8,711701.6,787675.4
2019-07-14,4,12,16,22,24,33,31,1013431.4,JP,711701.6,0.0,4,24464.7,97858.8,85,1255.9,106751.5,199,160.9,32019.1,4574,38.8,177471.2,4910,16.3,80033.0,69245,4.6,318527.0,167309,1.2,200770.8,,711701.6
2019-07-10,5,28,30,35,36,45,25,5090787.0,1,3523017.3,3523017.3,6,24982.3,149893.8,85,1923.7,163514.5,404,121.4,49045.6,5261,51.8,272519.8,7968,15.3,121910.4,89710,5.4,484434.0,272043,1.2,326451.6,2432878.9,1090138.4
2019-07-07,8,19,32,33,41,42,20,1431759.5,3JP,2432878.9,0.0,2,67461.2,134922.4,94,1565.8,147185.2,219,201.6,44150.4,4968,49.3,244922.4,6441,17.1,110141.1,81558,5.4,440413.2,258354,1.2,310024.8,1451624.3,981254.6
2019-07-03,6,16,29,31,41,44,1,1133678.8,DJP,1451624.3,0.0,3,35333.8,106001.4,79,1463.7,115632.3,245,141.5,34667.5,3755,51.3,192631.5,5134,16.8,86251.2,62799,5.5,345394.5,210917,1.2,253100.4,680703.3,770921.0
2019-06-30,5,9,15,16,22,32,3,1016827.9,JP,680703.3,0.0,1,93596.7,93596.7,83,1230.1,102098.3,248,123.5,30628.0,3923,43.3,169865.9,6386,11.9,75993.4,62572,4.9,306602.8,198369,1.2,238042.8,,680703.3
2019-06-26,6,13,17,28,32,42,29,1844498.1,3,333333.3,999999.9,3,26561.2,79683.6,90,965.8,86922.0,180,144.8,26064.0,3448,42.0,144816.0,3929,16.5,64828.5,51031,5.1,260258.1,151605,1.2,181926.0,,333333.3
2019-06-23,6,9,10,24,40,44,21,2588741.0,1,1422367.3,1422367.3,2,55020.2,110040.4,81,1482.0,120042.0,283,127.2,35997.6,4416,45.3,200044.8,7161,12.5,89512.5,73913,4.8,354782.4,213295,1.2,255954.0,622072.8,800294.5
2019-06-19,3,9,18,35,38,41,11,926963.9,JP,622072.8,0.0,2,42767.5,85535.0,69,1352.3,93308.7,160,174.9,27984.0,3095,50.2,155369.0,4533,15.4,69808.2,52826,5.3,279977.8,179151,1.2,214981.2,,622072.8
2019-06-16,3,15,25,35,37,45,34,2090420.2,1,1000000.0,1000000.0,2,88498.3,176996.6,116,905.9,105084.4,185,170.4,31524.0,4207,41.6,175011.2,4348,18.1,78698.8,58072,5.4,313588.8,174597,1.2,209516.4,,1000000.0
2019-06-12,3,8,11,15,18,43,33,1765920.1,1,1000000.0,1000000.0,JP,80666.8,0.0,77,1142.8,87995.6,202,130.6,26381.2,3495,41.9,146440.5,4992,13.2,65894.4,56688,4.6,260764.8,148703,1.2,178443.6,,1000000.0
2019-06-09,3,16,17,24,26,41,42,5127623.6,1,3466008.2,3466008.2,5,31885.7,159428.5,153,1136.7,173915.1,338,154.3,52153.4,7052,41.1,289837.2,8778,14.8,129914.4,108308,4.8,519878.4,280407,1.2,336488.4,2306525.9,1159482.3
2019-06-05,4,18,20,32,34,44,45,1265402.0,3JP,2306525.9,0.0,3,39949.5,119848.5,95,1376.2,130739.0,216,181.5,39204.0,4512,48.2,217478.4,5509,17.7,97509.3,72340,5.4,390636.0,224989,1.2,269986.8,1434898.9,871627.0
2019-06-02,12,13,29,30,36,42,8,1207340.7,DJP,1434898.9,0.0,2,55542.4,111084.8,76,1594.5,121182.0,224,162.2,36332.8,4056,49.7,201583.2,5996,15.1,90539.6,65857,5.5,362213.5,237004,1.2,284404.8,627008.9,807890.0
2019-05-29,1,3,7,20,22,34,13,902433.5,JP,627008.9,0.0,2,43106.8,86213.6,90,1045.0,94050.0,262,107.6,28191.2,3784,41.4,156657.6,5543,12.7,70396.1,60641,4.6,278948.6,156647,1.2,187976.4,,627008.9
2019-05-26,3,5,9,11,28,31,44,2094743.0,1,1000000.0,1000000.0,3,66999.9,200999.7,166,628.0,104248.0,225,139.0,31275.0,5847,29.7,173655.9,5202,15.0,78030.0,79244,3.9,309051.6,164569,1.2,197482.8,,1000000.0
2019-05-22,19,26,28,35,38,43,18,2482827.0,2,736775.2,1473550.4,JP,105432.6,0.0,105,1095.4,115017.0,214,161.2,34496.8,4135,46.3,191450.5,5530,15.5,85715.0,64845,5.3,343678.5,199099,1.2,238918.8,706767.4,30007.8
2019-05-19,5,7,23,27,31,34,38,999890.8,JP,706767.4,0.0,1,97180.5,97180.5,96,1104.3,106012.8,191,166.5,31801.5,4395,40.2,176679.0,4840,16.4,79376.0,68099,4.6,313255.4,162988,1.2,195585.6,,706767.4
2019-05-15,4,5,12,24,26,27,45,1893436.8,1,1000000.0,1000000.0,4,21486.9,85947.6,112,837.1,93755.2,203,138.5,28115.5,4680,33.3,155844.0,4817,14.5,69846.5,67400,4.1,276340.0,152990,1.2,183588.0,,1000000.0
2019-05-12,7,12,20,33,38,41,23,2200891.9,2,500000.0,1000000.0,2,107589.8,215179.6,93,1212.0,112716.0,294,115.0,33810.0,4038,46.5,187767.0,5649,14.9,84170.1,64409,5.2,334926.8,193602,1.2,232322.4,,500000.0
2019-05-08,23,28,32,35,39,40,30,2650289.1,1,1573250.7,1573250.7,JP,111850.0,0.0,95,1284.4,122018.0,215,170.2,36593.0,4283,47.4,203014.2,5417,16.8,91005.6,68656,5.3,363876.8,217109,1.2,260530.8,759795.8,813454.9
2019-05-05,3,4,10,24,33,34,23,1099433.5,JP,759795.8,0.0,2,52235.9,104471.8,82,1389.8,113963.6,218,156.8,34182.4,4243,44.7,189662.1,5917,14.4,85204.8,71603,4.8,343694.4,190212,1.2,228254.4,,759795.8
2019-05-01,4,7,24,28,36,40,21,3580470.6,1,2317853.2,2317853.2,1,118104.3,118104.3,92,1400.4,128836.8,284,136.0,38624.0,4640,46.2,214368.0,6756,14.3,96610.8,76129,5.1,388257.9,231513,1.2,277815.6,1458912.2,858941.0
2019-04-28,7,8,9,14,25,33,6,1290508.4,DJP,1458912.2,0.0,3,40377.4,121132.2,95,1390.9,132135.5,299,132.5,39617.5,5084,43.3,220137.2,7716,12.8,98764.8,82210,4.8,394608.0,236761,1.2,284113.2,577949.7,880962.5
2019-04-24,5,13,20,26,31,40,43,829897.2,JP,577949.7,0.0,1,79468.0,79468.0,68,1274.8,86686.4,129,201.6,26006.4,2980,48.4,144232.0,3759,17.2,64654.8,49874,5.2,259344.8,141254,1.2,169504.8,,577949.7
2019-04-21,2,5,25,28,35,37,39,4081887.5,1,2579792.1,2579792.1,3,47367.1,142101.3,105,1476.3,155011.5,304,152.9,46481.6,5027,51.3,257885.1,6999,16.6,116183.4,87129,5.3,461783.7,268874,1.2,322648.8,1546328.0,1033464.1
2019-04-17,4,16,17,18,37,42,10,1202907.1,DJP,1546328.0,0.0,3,36725.0,110175.0,71,1692.8,120188.8,246,146.5,36039.0,4001,50.0,200050.0,5597,16.1,90111.7,65650,5.5,361075.0,237723,1.2,285267.6,745054.4,801273.6
2019-04-14,8,19,24,29,44,45,12,1096728.3,JP,745054.4,0.0,3,34148.3,102444.9,89,1255.7,111757.3,260,128.9,33514.0,3763,49.4,185892.2,6309,13.2,83278.8,62467,5.3,331075.1,207305,1.2,248766.0,,745054.4
2019-04-10,3,14,26,27,28,30,20,5370585.6,1,3744927.9,3744927.9,5,31026.2,155131.0,156,1084.8,169228.8,355,143.0,50765.0,6724,41.9,281735.6,8427,15.0,126405.0,106373,4.7,499953.1,285366,1.2,342439.2,2616700.4,1128227.5
2019-04-07,7,9,22,28,31,38,15,1520327.3,3JP,2616700.4,0.0,4,35954.6,143818.4,123,1275.5,156886.5,326,144.3,47041.8,5725,45.6,261060.0,7932,14.8,117393.6,94233,5.0,471165.0,269135,1.2,322962.0,1570747.1,1045953.3
2019-04-03,2,6,10,14,34,38,28,1186834.3,DJP,1570747.1,0.0,5,22395.3,111976.5,107,1141.6,122151.2,306,119.7,36628.2,4547,44.7,203250.9,6769,13.5,91381.5,72424,5.0,362120.0,216105,1.2,259326.0,756371.0,814376.1
2019-03-31,4,11,20,22,23,40,35,1081983.0,JP,756371.0,0.0,3,34667.0,104001.0,99,1146.0,113454.0,245,138.9,34030.5,4293,44.0,188892.0,5337,15.9,84858.3,70007,4.8,336033.6,183928,1.2,220713.6,,756371.0
2019-03-27,7,20,27,32,43,44,30,1960669.7,2,500000.0,1000000.0,2,45624.8,91249.6,62,1605.5,99541.0,142,210.3,29862.6,3262,50.8,165709.6,4354,17.1,74453.4,56135,5.3,297515.5,168615,1.2,202338.0,,500000.0
2019-03-24,8,12,22,28,38,44,25,5586468.3,2,1911857.7,3823715.4,3,56204.2,168612.6,174,1057.1,183935.4,355,155.4,55167.0,7149,42.8,305977.2,8679,15.8,137128.2,111609,4.9,546884.1,304207,1.2,365048.4,2597440.7,-685583.0
2019-03-20,8,11,12,17,23,24,20,1410814.0,3JP,2597440.7,0.0,8,16877.8,135022.4,142,1037.3,147296.6,372,118.7,44156.4,6712,36.5,244988.0,8435,13.0,109655.0,99586,4.4,438178.4,242931,1.2,291517.2,1615454.8,981985.9
2019-03-17,12,15,19,22,37,39,27,1404399.4,DJP,1615454.8,0.0,1,130668.4,130668.4,89,1601.6,142542.4,284,150.5,42742.0,4602,51.6,237463.2,7955,13.4,106597.0,78604,5.4,424461.6,266604,1.2,319924.8,665139.0,950315.8
2019-03-13,4,25,30,33,34,43,12,997959.9,JP,665139.0,0.0,1,91456.6,91456.6,65,1534.9,99768.5,176,170.0,29920.0,3098,53.6,166052.8,4484,16.6,74434.4,51542,5.8,298943.6,197820,1.2,237384.0,,665139.0
2019-03-10,2,7,8,12,14,29,19,2138380.6,1,1000000.0,1000000.0,4,27079.9,108319.6,133,888.4,118157.2,357,99.3,35450.1,5890,33.4,196726.0,8027,11.0,88297.0,82133,4.3,353171.9,198549,1.2,238258.8,,1000000.0
2019-03-06,1,7,12,33,37,42,43,7213432.0,2,2576750.1,5153500.2,2,98226.7,196453.4,159,1347.8,214300.2,376,170.9,64258.4,7615,46.9,357143.5,9683,16.5,159769.5,123278,5.2,641045.6,355801,1.2,426961.2,3724748.3,-1147998.2
2019-03-03,16,21,25,33,35,42,17,1865106.4,4JP,3724748.3,0.0,1,172395.2,172395.2,146,1288.1,188062.6,322,175.2,56414.4,6487,48.3,313322.1,9086,15.5,140833.0,106335,5.3,563575.5,358753,1.2,430503.6,2470964.7,1253783.6
2019-02-27,2,6,13,37,39,43,24,1349639.6,3JP,2470964.7,0.0,4,31719.1,126876.4,100,1384.1,138410.0,242,171.5,41503.0,4440,51.9,230436.0,6434,16.1,103587.4,77104,5.4,416361.6,243721,1.2,292465.2,1548226.1,922738.6
2019-02-24,4,6,25,29,30,35,18,1299829.6,DJP,1548226.1,0.0,4,31066.2,124264.8,100,1355.6,135560.0,252,161.3,40647.6,4282,52.7,225661.4,6374,15.9,101346.6,74434,5.4,401943.6,225338,1.2,270405.6,644481.8,903744.3
2019-02-20,9,12,21,26,29,37,34,918784.2,JP,644481.8,0.0,2,44308.1,88616.2,77,1255.4,96665.8,192,151.0,28992.0,3779,42.6,160985.4,4690,15.4,72226.0,59877,4.8,287409.6,153241,1.2,183889.2,,644481.8
2019-02-17,5,7,26,33,37,44,40,4196600.7,1,2668252.8,2668252.8,1,146481.1,146481.1,124,1288.6,159786.4,290,165.3,47937.0,6071,43.8,265909.8,7139,16.7,119221.3,96603,4.9,473354.7,263048,1.2,315657.6,1602935.4,1065317.4
2019-02-13,3,7,8,16,23,25,21,1211924.0,DJP,1602935.4,0.0,5,23028.9,115144.5,138,910.2,125607.6,288,130.8,37670.4,5552,37.7,209310.4,7177,13.1,94018.7,84490,4.4,371756.0,215347,1.2,258416.4,765519.9,837415.5
2019-02-10,2,4,9,12,13,16,15,1108891.1,JP,765519.9,0.0,5,21051.7,105258.5,170,675.4,114818.0,274,125.7,34441.8,5717,33.4,190947.8,6062,14.2,86080.4,80765,4.2,339213.0,198443,1.2,238131.6,,765519.9
2019-02-06,13,15,19,26,30,44,8,3054467.9,3,552103.7,1656311.1,1,227742.7,227742.7,76,1705.2,129595.2,227,171.2,38862.4,4151,52.0,215852.0,6625,14.6,96725.0,71033,5.5,390681.5,248915,1.2,298698.0,792331.5,-240227.8
2019-02-03,2,25,27,39,40,42,34,1029001.3,JP,792331.5,0.0,JP,108945.5,0.0,79,1504.4,118847.6,176,202.5,35640.0,3739,52.9,197793.1,4962,17.9,88819.8,64504,5.5,354772.0,194274,1.2,233128.8,,792331.5
2019-01-30,19,20,21,28,30,45,16,4004065.3,2,1294289.3,2588578.6,3,44466.9,133400.7,107,1360.0,145520.0,239,182.6,43641.4,4868,49.8,242426.4,6670,16.3,108721.0,84287,5.2,438292.4,252904,1.2,303484.8,1618389.9,-324100.6
2019-01-27,4,13,15,29,33,39,2,1402981.0,DJP,1618389.9,0.0,5,26232.5,131162.5,127,1126.6,143078.2,287,149.5,42906.5,5541,43.0,238263.0,7029,15.2,106840.8,87156,4.9,427064.4,261388,1.2,313665.6,664479.6,953910.3
2019-01-23,1,12,28,36,40,41,8,991541.0,JP,664479.6,0.0,3,30455.3,91365.9,77,1294.4,99668.8,188,159.0,29892.0,3121,53.2,166037.2,5062,14.7,74411.4,52101,5.7,296975.7,194325,1.2,233190.0,,664479.6
2019-01-20,1,7,19,22,36,42,17,3047342.3,1,1638353.9,1638353.9,3,43921.7,131765.1,116,1239.1,143735.6,291,148.1,43097.1,5420,44.2,239564.0,7051,15.2,107175.2,85227,5.0,426135.0,264597,1.2,317516.4,680060.5,958293.4
2019-01-16,3,17,18,32,38,43,39,982475.9,JP,680060.5,0.0,2,46754.1,93508.2,79,1291.2,102004.8,197,155.3,30594.1,3443,49.3,169739.9,5596,13.6,76105.6,57749,5.3,306069.7,170378,1.2,204453.6,,680060.5
2019-01-13,8,11,15,16,20,30,42,3003723.8,1,1633755.5,1633755.5,3,43788.7,131366.1,124,1155.7,143306.8,246,174.7,42976.2,6020,39.6,238392.0,6710,16.0,107360.0,92340,4.6,424764.0,234836,1.2,281803.2,678363.7,955391.8
2019-01-09,1,8,21,31,33,39,38,969924.5,JP,678363.7,0.0,1,93275.0,93275.0,74,1375.0,101750.0,151,202.1,30517.1,3560,47.6,169456.0,4294,17.7,76003.8,60923,5.0,304615.0,161923,1.2,194307.6,,678363.7
2019-01-06,3,23,24,34,36,39,18,4329576.9,1,2772854.1,2772854.1,1,147474.8,147474.8,128,1256.8,160870.4,298,161.9,48246.2,5347,50.1,267884.7,7301,16.5,120466.5,90750,5.3,480975.0,275671,1.2,330805.2,1700309.5,1072544.6
2019-01-02,2,10,12,13,26,28,35,1208358.2,DJP,1700309.5,0.0,1,116533.5,116533.5,140,908.0,127120.0,258,147.8,38132.4,6109,34.6,211371.4,5915,16.1,95231.5,87266,4.3,375243.8,203938,1.2,244725.6,852793.1,847516.4
2018-12-30,4,7,8,12,14,44,10,1261799.4,JP,852793.1,0.0,3,39086.3,117258.9,121,1057.1,127909.1,395,97.1,38354.5,5552,38.4,213196.8,8748,10.9,95353.2,85425,4.5,384412.5,237762,1.2,285314.4,,852793.1
2018-12-26,13,16,22,26,29,36,43,2572347.0,1,1573634.1,1573634.1,2,47808.9,95617.8,59,1767.9,104306.1,200,156.4,31280.0,3659,47.5,173802.5,5075,15.4,78155.0,60597,5.1,309044.7,172089,1.2,206506.8,878230.6,695403.5
2018-12-23,19,27,28,34,35,44,18,1272296.1,JP,878230.6,0.0,3,40252.2,120756.6,79,1667.5,131732.5,214,184.6,39504.4,4213,52.1,219497.3,5469,18.0,98442.0,71351,5.5,392430.5,224944,1.2,269932.8,,878230.6
2018-12-19,3,11,20,29,39,44,38,2061110.0,2,500000.0,1000000.0,6,16991.7,101950.2,118,942.5,111215.0,218,153.0,33354.0,4678,39.6,185248.8,4984,16.7,83232.8,69627,4.8,334209.6,176583,1.2,211899.6,,500000.0
2018-12-16,8,12,21,24,36,44,31,3401445.0,1,1798416.7,1798416.7,3,82427.4,247282.2,127,1236.3,157010.1,325,144.9,47092.5,6230,42.0,261660.0,7705,15.2,117116.0,96339,4.9,472061.1,250672,1.2,300806.4,751657.1,1046759.6
2018-12-12,8,9,14,26,27,34,16,971817.4,JP,751657.1,0.0,JP,103352.8,0.0,85,1326.4,112744.0,270,125.2,33804.0,4237,44.3,187699.1,6590,12.8,84352.0,70893,4.7,333197.1,183351,1.2,220021.2,,751657.1
2018-12-09,15,16,35,38,41,42,19,8159586.8,1,5855408.7,5855408.7,6,35582.0,213492.0,159,1464.7,232887.3,376,185.8,69860.8,7298,53.1,387523.8,9907,17.6,174363.2,125630,5.5,690965.0,445905,1.2,535086.0,4302736.5,1552672.2
2018-12-05,15,16,17,20,21,25,23,1982856.8,4JP,4302736.5,0.0,3,62133.3,186399.9,167,1217.6,203339.2,421,144.9,61002.9,6718,50.4,338587.2,9169,16.6,152205.4,111210,5.5,611655.0,358056,1.2,429667.2,2947099.6,1355636.9
2018-12-02,6,15,17,18,40,43,10,1776399.6,3JP,2947099.6,0.0,1,165089.8,165089.8,102,1765.6,180091.2,344,157.0,54008.0,5712,52.5,299880.0,9201,14.6,134334.6,99022,5.4,534718.8,340231,1.2,408277.2,1746446.3,1200653.3
2018-11-28,9,10,17,18,28,40,35,1321169.8,DJP,1746446.3,0.0,3,42474.6,127423.8,111,1252.3,139005.3,260,160.3,41678.0,5601,41.3,231321.3,6678,15.6,104176.8,89519,4.6,411787.4,221481,1.2,265777.2,819727.5,926718.8
2018-11-25,9,10,29,31,38,43,12,1218812.7,JP,819727.5,0.0,3,37570.8,112712.4,74,1661.6,122958.4,239,154.3,36877.7,3918,52.3,204911.4,5795,15.9,92140.5,67185,5.5,369517.5,233079,1.2,279694.8,,819727.5
2018-11-21,20,25,29,32,37,44,43,21727630.1,1,14926157.3,14926157.3,20,32161.8,643236.0,516,1359.9,701708.4,1167,180.3,210410.1,23348,50.0,1167400.0,30349,17.3,525037.7,385237,5.4,2080279.8,1227834,1.2,1473400.8,10248073.0,4678084.3
2018-11-18,2,4,9,14,41,44,18,4176750.2,7JP,10248073.0,0.0,5,79145.9,395729.5,317,1361.8,431690.6,797,162.4,129432.8,15451,46.5,718471.5,20910,15.4,322014.0,253798,5.1,1294369.8,737535,1.2,885042.0,7370039.9,2878033.1
2018-11-14,12,21,23,34,38,44,24,2850736.9,6JP,7370039.9,0.0,13,20704.8,269162.4,237,1238.9,293619.3,561,157.0,88077.0,10691,45.7,488578.7,13837,15.9,220008.3,168626,5.2,876855.2,512030,1.2,614436.0,5412489.7,1957550.2
2018-11-11,13,14,22,33,34,43,30,2318383.3,5JP,5412489.7,0.0,4,54498.4,217993.6,167,1424.0,237808.0,421,169.4,71317.4,8333,47.5,395817.5,11266,15.8,178002.8,137057,5.2,712696.4,420623,1.2,504747.6,3827080.8,1585408.9
2018-11-07,3,14,26,27,41,42,12,1768041.5,4JP,3827080.8,0.0,4,41431.5,165726.0,133,1359.3,180786.9,384,141.2,54220.8,6413,46.9,300769.7,9077,14.9,135247.3,107008,5.0,535040.0,330209,1.2,396250.8,2621800.0,1205280.8
2018-11-04,9,10,15,26,31,38,29,1493080.5,3JP,2621800.0,0.0,2,70699.0,141398.0,121,1274.8,154250.8,286,161.8,46274.8,5268,48.8,257078.4,7781,14.8,115158.8,87645,5.3,464518.5,262001,1.2,314401.2,1593450.6,1028349.4
2018-10-31,6,7,13,24,27,38,37,1263304.9,DJP,1593450.6,0.0,4,30597.0,122388.0,114,1171.1,133505.4,282,142.0,40044.0,5792,38.4,222412.8,6472,15.4,99668.8,85629,4.7,402456.3,202358,1.2,242829.6,703355.0,890095.6
2018-10-28,12,19,22,26,35,37,15,1025918.6,JP,703355.0,0.0,4,24177.8,96711.2,70,1507.1,105497.0,229,138.2,31647.8,3455,50.8,175514.0,5266,15.0,78990.0,58407,5.4,315397.8,185134,1.2,222160.8,,703355.0
2018-10-24,1,7,10,12,21,24,23,2799516.0,1,1590988.7,1590988.7,4,28656.4,114625.6,177,706.4,125032.8,366,102.4,37478.4,6841,30.4,207966.4,7665,12.2,93513.0,90775,4.1,372177.5,214778,1.2,257733.6,757347.5,833641.2
2018-10-21,10,14,16,22,35,44,38,1079339.5,JP,757347.5,0.0,1,104135.2,104135.2,86,1320.9,113597.4,213,160.0,34080.0,3872,48.8,188953.6,5081,16.7,84852.7,64442,5.3,341542.6,176815,1.2,212178.0,,757347.5
2018-10-17,1,9,20,24,29,31,18,5586835.7,1,3905735.5,3905735.5,5,32096.5,160482.5,172,1017.8,175061.6,353,148.7,52491.1,6563,44.4,291397.2,8676,15.1,131007.6,103927,5.0,519635.0,292521,1.2,351025.2,2738589.3,1167146.2
2018-10-14,6,7,18,27,33,38,5,1602302.6,3JP,2738589.3,0.0,3,49582.4,148747.2,125,1298.1,162262.5,314,155.0,48670.0,6021,44.9,270342.9,8302,14.6,121209.2,98780,4.9,484022.0,305874,1.2,367048.8,1656789.8,1081799.5
2018-10-10,16,23,37,40,44,45,15,1400302.0,DJP,1656789.8,0.0,2,113904.2,227808.4,60,2197.3,131838.0,195,202.8,39546.0,3985,55.1,219573.5,5522,17.9,98843.8,68839,5.7,392382.3,241925,1.2,290310.0,777847.5,878942.3
2018-10-07,22,24,27,34,35,44,30,1036597.9,JP,777847.5,0.0,JP,106954.0,0.0,68,1715.8,116674.4,165,212.1,34996.5,3792,51.2,194150.4,4642,18.8,87269.6,65037,5.4,351199.8,210256,1.2,252307.2,,777847.5
2018-10-03,3,10,23,27,28,41,24,5624560.9,2,1944705.2,3889410.4,5,33130.2,165651.0,170,1063.0,180710.0,360,150.5,54180.0,8117,37.1,301140.7,9113,14.8,134872.4,121154,4.4,533077.6,304599,1.2,365518.8,2684673.5,-739968.3
2018-09-30,2,6,9,17,35,38,42,1548865.6,3JP,2684673.5,0.0,2,74215.7,148431.4,155,1044.6,161913.0,324,149.9,48567.6,6503,41.5,269874.5,7723,15.7,121251.1,101544,4.8,487411.2,259514,1.2,311416.8,1605171.9,1079501.6
2018-09-26,1,4,5,11,15,33,40,1305982.4,DJP,1605171.9,0.0,1,220711.1,220711.1,122,1026.1,125184.2,239,157.1,37546.9,5683,36.7,208566.1,5993,15.6,93490.8,87707,4.3,377140.1,202786,1.2,243343.2,770556.6,834615.3
2018-09-23,9,13,14,29,39,44,16,1018236.4,JP,770556.6,0.0,JP,105951.5,0.0,85,1359.8,115583.0,180,192.6,34668.0,4170,46.1,192237.0,5140,16.8,86352.0,66392,5.2,345238.4,203465,1.2,244158.0,,770556.6
2018-09-19,1,10,24,25,39,45,27,2970173.1,1,1670352.0,1670352.0,4,30012.3,120049.2,110,1190.5,130955.0,247,159.0,39273.0,4621,47.2,218111.2,6481,15.1,97863.1,74894,5.2,389448.8,253434,1.2,304120.8,797264.8,873087.2
2018-09-16,8,10,14,23,43,44,32,1138525.2,JP,797264.8,0.0,3,36541.3,109623.9,79,1513.7,119582.3,224,160.1,35862.4,3858,51.6,199072.8,5663,15.8,89475.4,67384,5.3,357135.2,189811,1.2,227773.2,,797264.8
2018-09-12,8,12,20,23,37,42,19,14792285.2,2,5132100.0,10264200.0,9,47202.2,424819.8,360,1287.3,463428.0,893,155.6,138950.8,16895,45.7,772101.5,21841,15.9,347271.9,267517,5.2,1391088.4,825354,1.2,990424.8,7174599.4,-2042499.4
2018-09-09,4,8,12,18,24,39,29,2956002.5,6JP,7174599.4,0.0,10,27852.9,278529.0,321,946.5,303826.5,669,136.2,91117.8,12509,40.4,505363.6,16181,14.0,226534.0,190453,4.8,914174.4,530381,1.2,636457.2,5148933.6,2025665.8
2018-09-05,5,8,15,26,40,42,29,2091577.8,5JP,5148933.6,0.0,11,18037.6,198413.6,203,1066.2,216438.6,514,126.3,64918.2,8440,42.7,360388.0,11717,13.8,161694.6,133679,4.8,641659.2,373388,1.2,448065.6,3705922.9,1443010.7
2018-09-02,2,15,16,31,37,45,21,2008386.1,4JP,3705922.9,0.0,8,37711.4,301691.2,118,1616.2,190711.6,310,184.5,57195.0,6025,52.7,317517.5,8077,17.7,142962.9,100207,5.7,571179.9,355940,1.2,427128.0,2434453.0,1271469.9
2018-08-29,14,16,24,30,31,45,18,1213787.4,3JP,2434453.0,0.0,JP,126864.6,0.0,93,1488.1,138393.3,204,203.5,41514.0,4327,53.3,230629.1,5731,18.1,103731.1,72483,5.7,413153.1,238639,1.2,286366.8,1511801.3,922651.7
2018-08-26,1,18,22,23,30,32,34,1288384.9,DJP,1511801.3,0.0,2,61634.1,123268.2,77,1746.4,134472.8,226,178.5,40341.0,4321,51.8,223827.8,5683,17.7,100589.1,73056,5.5,401808.0,220065,1.2,264078.0,615304.4,896496.9
2018-08-22,20,21,22,24,30,43,36,878706.5,JP,615304.4,0.0,1,84604.3,84604.3,60,1538.2,92292.0,133,208.1,27677.3,3048,50.4,153619.2,3683,18.7,68872.1,48776,5.7,278023.2,144682,1.2,173618.4,,615304.4
2018-08-19,2,11,14,22,23,44,36,3970946.1,1,2491463.7,2491463.7,5,28271.8,141359.0,127,1214.2,154203.4,308,150.2,46261.6,5901,43.5,256693.5,7151,16.1,115131.1,94090,4.9,461041.0,253994,1.2,304792.8,1463395.8,1028067.9
2018-08-15,9,19,30,34,35,42,43,1163412.0,DJP,1463395.8,0.0,2,100608.4,201216.8,66,1680.8,110932.8,166,200.4,33266.4,3486,53.0,184758.0,4763,17.4,82876.2,59878,5.5,329329.0,184194,1.2,221032.8,723807.4,739588.4
2018-08-12,12,26,36,38,41,45,5,1001685.5,JP,723807.4,0.0,JP,99523.5,0.0,67,1620.4,108566.8,188,173.2,32561.6,3500,51.7,180950.0,5108,15.9,81217.2,57287,5.7,326535.9,226545,1.2,271854.0,,723807.4
2018-08-08,1,12,25,35,37,45,28,1937469.7,1,1000000.0,1000000.0,5,17331.7,86658.5,83,1139.0,94537.0,170,166.8,28356.0,3413,46.1,157339.3,4030,17.5,70525.0,51313,5.5,282221.5,181527,1.2,217832.4,,1000000.0
2018-08-05,10,17,23,24,34,42,39,5369744.5,5,724552.3,3622761.5,4,41477.8,165911.2,126,1436.4,180986.4,327,166.0,54282.0,6385,47.2,301372.0,8811,15.4,135689.4,103224,5.2,536764.8,309981,1.2,371977.2,2416134.0,-1691581.7
2018-08-01,14,16,28,29,36,42,27,1383299.0,3JP,2416134.0,0.0,4,31830.6,127322.4,84,1653.5,138894.0,250,166.6,41650.0,4633,49.9,231186.7,6879,15.1,103872.9,77343,5.4,417652.2,268934,1.2,322720.8,1490151.2,925982.8
2018-07-29,2,3,6,29,33,40,21,1270796.7,DJP,1490151.2,0.0,3,40271.4,120814.2,99,1331.2,131788.8,284,139.2,39532.8,4631,47.4,219509.4,7273,13.5,98185.5,81413,4.8,390782.4,225153,1.2,270183.6,611501.0,878650.2
2018-07-25,10,18,26,31,32,37,19,907697.9,JP,611501.0,0.0,3,28027.1,84081.3,44,2084.6,91722.4,130,211.6,27508.0,2616,58.4,152774.4,3709,18.5,68616.5,46151,5.9,272290.9,175587,1.2,210704.4,,611501.0
2018-07-22,2,6,13,21,28,37,42,2047321.1,2,500000.0,1000000.0,1,100885.4,100885.4,103,1068.5,110055.5,210,157.2,33012.0,4240,43.2,183168.0,5346,15.4,82328.4,67086,4.9,328721.4,174292,1.2,209150.4,,500000.0
2018-07-18,7,10,22,24,27,43,40,1906341.6,1,1000000.0,1000000.0,1,87332.8,87332.8,81,1176.2,95272.2,185,154.4,28564.0,3847,41.2,158496.4,4759,15.0,71385.0,62330,4.6,286718.0,148811,1.2,178573.2,,1000000.0
2018-07-15,15,29,37,42,43,45,40,4255157.0,1,2687466.6,2687466.6,2,73988.7,147977.4,106,1522.9,161427.4,329,147.2,48428.8,5402,49.8,269019.6,8396,14.4,120902.4,86307,5.6,483319.2,280513,1.2,336615.6,1611267.3,1076199.3
2018-07-11,27,29,36,41,44,45,32,1312352.2,DJP,1611267.3,0.0,3,73849.7,221549.1,85,1483.1,126063.5,244,155.0,37820.0,4059,51.7,209850.3,5548,17.0,94316.0,68515,5.5,376832.5,204934,1.2,245920.8,770801.8,840465.5
2018-07-08,8,9,18,39,41,45,13,1021967.7,JP,770801.8,0.0,JP,105985.2,0.0,90,1284.6,115614.0,186,186.4,34670.4,3925,49.0,192325.0,5197,16.6,86270.2,65441,5.3,346837.3,205209,1.2,246250.8,,770801.8
2018-07-04,6,8,29,30,34,36,26,2005160.8,1,1000000.0,1000000.0,4,23588.4,94353.6,63,1633.8,102929.4,189,163.3,30863.7,3288,52.1,171304.8,5202,14.8,76989.6,58233,5.3,308634.9,183404,1.2,220084.8,,1000000.0
2018-07-01,5,6,8,10,17,30,29,4215045.9,2,1324911.3,2649822.6,5,29930.1,149650.5,238,685.9,163244.2,468,104.6,48952.8,8696,31.2,271315.2,9692,12.6,122119.2,117562,4.1,482004.2,273281,1.2,327937.2,1561455.3,-236544.0
2018-06-27,8,15,26,28,37,44,43,1173341.7,DJP,1561455.3,0.0,2,56089.9,112179.8,117,1045.9,122370.3,210,174.8,36708.0,4320,47.2,203904.0,5352,17.1,91519.2,70693,5.2,367603.6,199214,1.2,239056.8,745601.3,815854.0
2018-06-24,20,23,28,38,43,45,41,1160942.7,JP,745601.3,0.0,1,191081.5,191081.5,68,1644.7,111839.6,209,160.5,33544.5,4026,46.2,186001.2,4997,16.7,83449.9,60034,5.6,336190.4,182363,1.2,218835.6,,745601.3
2018-06-20,3,6,16,27,32,39,29,1839038.2,1,1000000.0,1000000.0,JP,88561.3,0.0,88,1097.8,96606.4,234,123.8,28969.2,3940,40.8,160752.0,5574,12.9,71904.6,62390,4.6,286994.0,161510,1.2,193812.0,,1000000.0
2018-06-17,4,9,10,12,13,32,27,4392110.5,1,2694434.1,2694434.1,1,263782.2,263782.2,118,1368.1,161435.8,385,125.8,48433.0,6251,43.0,268793.0,9556,12.6,120405.6,101299,4.8,486235.2,290493,1.2,348591.6,1618145.1,1076289.0
2018-06-13,12,16,23,30,38,43,14,1107915.8,DJP,1618145.1,0.0,JP,115792.4,0.0,77,1640.5,126318.5,178,212.8,37878.4,4020,52.3,210246.0,5248,18.0,94464.0,68447,5.5,376458.5,218792,1.2,262550.4,776017.9,842127.2
2018-06-10,20,21,28,29,35,37,39,1123144.2,JP,776017.9,0.0,1,106702.4,106702.4,56,2078.6,116401.6,204,171.1,34904.4,3724,52.0,193648.0,5458,15.9,86782.2,62191,5.6,348269.6,197030,1.2,236436.0,,776017.9
2018-06-06,12,15,28,29,32,43,42,2827413.0,1,1604010.1,1604010.1,2,58824.6,117649.2,98,1309.6,128340.8,237,162.4,38488.8,4593,46.5,213574.5,5658,17.0,96186.0,73551,5.2,382465.2,205582,1.2,246698.4,748379.4,855630.7
2018-06-03,12,16,20,25,32,36,3,1140111.3,JP,748379.4,0.0,4,25725.5,102902.0,74,1516.9,112250.6,216,155.9,33674.4,3515,53.2,186998.0,5834,14.4,84009.6,58959,5.7,336066.3,236842,1.2,284210.4,,748379.4
2018-05-30,1,4,19,22,30,33,20,7194905.8,2,2559318.5,5118637.0,1,196873.8,196873.8,184,1167.2,214764.8,438,147.1,64429.8,8204,43.6,357694.4,10761,14.9,160338.9,131531,4.9,644501.9,364721,1.2,437665.2,3686827.0,-1127508.5
2018-05-27,10,11,23,27,29,37,36,1740228.8,4JP,3686827.0,0.0,4,41711.5,166846.0,118,1542.4,182003.2,318,171.7,54600.6,6840,44.3,303012.0,8383,16.2,135804.6,113495,4.8,544776.0,294322,1.2,353186.4,2473400.5,1213426.5
2018-05-23,9,13,15,16,24,33,18,1262685.4,3JP,2473400.5,0.0,4,30091.4,120365.6,99,1326.3,131303.7,252,156.3,39387.6,4817,45.4,218691.8,6277,15.6,97921.2,80079,4.9,392387.1,218857,1.2,262628.4,1598011.9,875388.6
2018-05-20,1,9,23,28,41,43,39,1355156.4,DJP,1598011.9,0.0,3,42792.8,128378.4,114,1228.5,140049.0,261,160.9,41994.9,4903,47.6,233382.8,6575,15.9,104542.5,81193,5.2,422203.6,237171,1.2,284605.2,664349.3,933662.6
2018-05-16,8,17,24,28,29,40,25,955183.4,JP,664349.3,0.0,3,30449.3,91347.9,71,1403.5,99648.5,176,169.8,29884.8,3639,45.6,165938.4,4730,15.8,74734.0,61190,4.9,299831.0,161499,1.2,193798.8,,664349.3
2018-05-13,3,4,5,16,17,20,19,2074948.5,1,1000000.0,1000000.0,5,20512.5,102562.5,110,1017.1,111881.0,259,129.5,33540.5,5073,36.7,186179.1,6641,12.6,83676.6,77188,4.3,331908.4,187667,1.2,225200.4,,1000000.0
2018-05-09,9,15,17,21,33,36,29,2911479.0,1,1648077.9,1648077.9,5,24117.6,120588.0,158,832.6,131550.8,394,100.1,39439.4,6196,35.3,218718.8,7439,13.2,98194.8,83427,4.7,392106.9,219002,1.2,262802.4,771072.1,877005.8
2018-05-06,2,19,23,37,42,44,38,1104455.9,JP,771072.1,0.0,2,53011.2,106022.4,67,1726.2,115655.4,156,222.4,34694.4,3598,53.5,192493.0,4526,19.1,86446.6,60461,5.7,344627.7,187097,1.2,224516.4,,771072.1
2018-05-02,9,19,26,28,31,42,22,3846809.5,1,2480992.3,2480992.3,1,128364.0,128364.0,115,1217.6,140024.0,267,157.3,41999.1,5238,44.5,233091.0,6764,15.5,104842.0,82549,5.1,420999.9,247081,1.2,296497.2,1547435.8,933556.5
2018-04-29,2,18,29,30,32,43,28,1356560.2,DJP,1547435.8,0.0,1,125768.7,125768.7,92,1491.3,137199.6,177,232.5,41152.5,4245,53.8,228381.0,6041,17.0,102697.0,72554,5.7,413557.8,256503,1.2,307803.6,632753.9,914681.9
2018-04-25,3,8,36,40,43,44,23,923002.2,JP,632753.9,0.0,1,87003.6,87003.6,53,1790.8,94912.4,167,170.5,28473.5,3049,51.8,157938.2,4473,15.9,71120.7,52717,5.4,284671.8,165735,1.2,198882.0,,632753.9
2018-04-22,7,8,24,26,41,45,19,2344794.3,1,1000000.0,1000000.0,1,335890.9,335890.9,80,1434.3,114744.0,213,161.6,34420.8,3770,50.7,191139.0,5980,14.3,85514.0,66044,5.2,343428.8,199714,1.2,239656.8,,1000000.0
2018-04-18,12,14,17,39,40,45,19,2837602.9,1,1677849.8,1677849.8,DJP,230704.3,0.0,98,1336.0,130928.0,230,170.7,39261.0,4193,52.0,218036.0,5797,16.9,97969.3,71982,5.4,388702.8,237380,1.2,284856.0,804984.4,872865.4
2018-04-15,3,10,13,20,24,45,21,1071127.0,JP,804984.4,0.0,JP,110685.3,0.0,117,1032.0,120744.0,240,150.9,36216.0,5220,38.5,200970.0,6348,14.2,90141.6,78619,4.6,361647.4,217840,1.2,261408.0,,804984.4
2018-04-11,1,4,5,6,7,25,39,7521039.6,2,2697294.7,5394589.4,4,50064.9,200259.6,310,704.7,218457.0,380,172.4,65512.0,12898,28.2,363723.6,9844,16.6,163410.4,149551,4.4,658024.4,380886,1.2,457063.2,3938155.7,-1240861.0
2018-04-08,1,5,19,23,26,30,37,1846536.3,4JP,3938155.7,0.0,2,88911.1,177822.2,179,1083.7,193982.3,348,167.2,58185.6,7969,40.5,322744.5,8413,17.2,144703.6,123659,4.7,581197.3,306584,1.2,367900.8,2644901.9,1293253.8
2018-04-04,11,14,26,29,35,43,10,1390744.3,3JP,2644901.9,0.0,2,63857.4,127714.8,81,1720.0,139320.0,245,170.6,41797.0,4941,46.9,231732.9,6674,15.6,104114.4,80400,5.2,418080.0,273321,1.2,327985.2,1716066.3,928835.6
2018-04-01,13,23,25,29,36,38,24,1533568.0,DJP,1716066.3,0.0,3,48033.4,144100.2,93,1690.3,157197.9,222,212.4,47152.8,4877,53.7,261894.9,6722,17.5,117635.0,83284,5.6,466390.4,282664,1.2,339196.8,668063.0,1048003.3
2018-03-28,3,4,28,30,31,39,1,977352.1,JP,668063.0,0.0,1,91858.6,91858.6,78,1284.7,100206.6,189,159.0,30051.0,3611,46.2,166828.2,4891,15.3,74832.3,59218,5.1,302011.8,176303,1.2,211563.6,,668063.0
2018-03-25,8,9,18,28,40,44,36,2145128.1,1,1000000.0,1000000.0,1,110179.5,110179.5,92,1306.4,120188.8,241,149.6,36053.6,4625,43.3,200262.5,5719,15.7,89788.3,71755,5.0,358775.0,191567,1.2,229880.4,,1000000.0
2018-03-21,10,23,25,32,34,44,16,7853566.3,2,2812630.4,5625260.8,5,41790.6,208953.0,192,1187.2,227942.4,396,172.6,68349.6,7955,47.7,379453.5,10488,16.3,170954.4,127001,5.4,685805.4,405706,1.2,486847.2,4105602.2,-1292971.8
2018-03-18,10,13,14,24,26,33,36,1953808.4,4JP,4105602.2,0.0,3,62325.4,186976.2,159,1282.8,203965.2,393,155.7,61190.1,7605,44.7,339943.5,9700,15.7,152290.0,123059,5.0,615295.0,328457,1.2,394148.4,2745774.6,1359827.6
2018-03-14,7,10,12,35,37,38,28,1486294.3,3JP,2745774.6,0.0,2,70094.3,140188.6,91,1680.5,152925.5,246,186.5,45879.0,4808,53.0,254824.0,7486,15.3,114535.8,84325,5.4,455355.0,268822,1.2,322586.4,1726220.6,1019554.0
2018-03-11,3,6,10,20,28,33,32,1466659.0,DJP,1726220.6,0.0,8,17588.5,140708.0,193,795.3,153492.9,310,148.5,46035.0,7637,33.4,255075.8,7239,15.9,115100.1,107888,4.2,453129.6,252598,1.2,303117.6,702887.7,1023332.9
2018-03-07,1,18,26,27,32,42,16,1018144.3,JP,702887.7,0.0,1,96647.0,96647.0,53,1989.3,105432.9,175,180.7,31622.5,3329,52.7,175438.3,4699,16.8,78943.2,56598,5.6,316948.8,177593,1.2,213111.6,,702887.7
2018-03-04,7,12,28,32,34,39,33,6076911.2,1,3972885.8,3972885.8,2,160028.4,320056.8,158,1265.8,199996.4,326,184.0,59984.0,7056,47.2,333043.2,9176,16.3,149568.8,118078,5.1,602197.8,365982,1.2,439178.4,2639487.9,1333397.9
2018-02-28,3,21,22,32,36,40,2,1332497.5,3JP,2639487.9,0.0,JP,136714.7,0.0,138,1080.7,149136.6,279,160.3,44723.7,5539,44.8,248147.2,7012,15.9,111490.8,87052,5.1,443965.2,279195,1.2,335034.0,1645198.9,994289.0
2018-02-25,1,10,11,20,32,39,23,1406570.8,DJP,1645198.9,0.0,3,44573.0,133719.0,97,1503.8,145868.6,310,141.1,43741.0,5127,47.4,243019.8,7248,15.0,108720.0,86456,5.0,432280.0,249352,1.2,299222.4,672696.5,972502.4
2018-02-21,1,16,23,29,33,37,42,967983.3,JP,672696.5,0.0,1,92495.7,92495.7,57,1770.2,100901.4,193,156.8,30262.4,3285,51.1,167863.5,4495,16.8,75516.0,55285,5.5,304067.5,164064,1.2,196876.8,,672696.5
2018-02-18,1,12,14,30,35,40,29,3150282.6,1,1681427.1,1681427.1,2,68555.3,137110.6,95,1574.4,149568.0,240,186.9,44856.0,4959,50.2,248941.8,6451,17.3,111602.3,83000,5.4,448200.0,273814,1.2,328576.8,684258.3,997168.8
2018-02-14,9,10,12,28,32,40,39,992000.8,JP,684258.3,0.0,2,47042.7,94085.4,58,1769.6,102636.8,199,154.7,30785.3,4004,42.7,170970.8,4745,16.2,76869.0,65837,4.7,309433.9,172683,1.2,207219.6,,684258.3
2018-02-11,3,12,30,34,37,40,45,3167623.0,1,1711967.8,1711967.8,3,46281.9,138845.7,84,1803.1,151460.4,246,184.7,45436.2,4973,50.7,252131.1,6534,17.3,113038.2,83376,5.4,450230.4,253761,1.2,304513.2,702179.6,1009788.2
2018-02-07,6,13,22,25,36,41,3,1065058.6,JP,702179.6,0.0,3,32183.2,96549.6,91,1157.4,105323.4,224,141.0,31584.0,3306,53.0,175218.0,5534,14.2,78582.8,56737,5.6,317727.2,216728,1.2,260073.6,,702179.6
2018-02-04,2,17,19,22,34,38,6,2246101.5,1,1000000.0,1000000.0,1,115622.7,115622.7,116,1087.3,126126.8,288,131.3,37814.4,4511,46.6,210212.6,6511,14.5,94409.5,71211,5.3,377418.3,237081,1.2,284497.2,,1000000.0
2018-01-31,3,15,23,26,38,40,35,3254688.4,2,887519.4,1775038.8,7,34866.8,244067.6,146,983.2,143547.2,367,117.3,43049.1,5639,42.4,239093.6,7969,13.5,107581.5,85271,5.0,426355.0,229963,1.2,275955.6,818009.6,69509.8
2018-01-28,13,22,30,34,35,45,27,1112097.2,JP,818009.6,0.0,JP,112476.3,0.0,76,1614.4,122694.4,209,176.1,36804.9,3794,53.9,204496.6,5653,16.2,91578.6,64771,5.7,369194.7,239440,1.2,287328.0,,818009.6
2018-01-24,2,4,8,14,35,43,12,4370247.7,1,2831804.4,2831804.4,3,48139.0,144417.0,98,1607.6,157544.8,300,157.5,47250.0,5235,50.1,262273.5,8395,14.0,117530.0,90070,5.2,468364.0,284220,1.2,341064.0,1781497.3,1050307.1
2018-01-21,11,12,14,24,31,44,22,1515444.9,DJP,1781497.3,0.0,7,20396.6,142776.2,107,1455.6,155749.2,311,150.2,46712.2,5207,49.8,259308.6,7382,15.8,116635.6,87871,5.3,465716.3,273789,1.2,328546.8,743122.8,1038374.5
2018-01-17,9,14,15,17,31,42,3,1109102.1,JP,743122.8,0.0,1,102179.3,102179.3,68,1639.2,111465.6,210,159.2,33432.0,3498,53.1,185743.8,5916,14.1,83415.6,60142,5.5,330781.0,218404,1.2,262084.8,,743122.8
2018-01-14,1,3,30,33,37,43,10,2295658.8,1,1000000.0,1000000.0,4,30070.6,120282.4,81,1619.9,131211.9,268,146.8,39342.4,4766,45.8,218282.8,6957,14.1,98093.7,73564,5.3,389889.2,248797,1.2,298556.4,,1000000.0
2018-01-10,3,7,25,27,31,41,21,4595859.2,3,976535.3,2929605.9,2,78291.5,156583.0,149,1146.4,170813.6,393,130.3,51207.9,6679,42.6,284525.4,9324,13.7,127738.8,104882,4.9,513921.8,301219,1.2,361462.8,1790819.1,-814283.8
2018-01-07,26,31,32,37,39,41,25,1533688.1,DJP,1790819.1,0.0,3,48058.3,144174.9,115,1367.6,157274.0,260,181.4,47164.0,5098,51.4,262037.2,6180,19.0,117420.0,81778,5.8,474312.4,276088,1.2,331305.6,742274.2,1048544.9
2018-01-03,8,22,25,26,32,45,6,1102317.7,JP,742274.2,0.0,1,102062.7,102062.7,70,1590.5,111335.0,197,169.5,33391.5,3694,50.2,185438.8,5495,15.1,82974.5,62416,5.3,330804.8,213592,1.2,256310.4,,742274.2
2017-12-31,10,22,33,37,43,45,31,3723374.7,1,2113645.1,2113645.1,,,,144,1461.9,210513.6,,,,7568,46.3,350398.4,,,,120974,5.2,629064.8,349794,1.2,419752.8,710195.06,1403450.04
2017-12-27,3,5,26,31,35,41,22,824156.1,JP,710195.06,0.0,,,,72,1479.5,106524.0,,,,3739,47.4,177228.6,,,,62153,5.1,316980.3,186186,1.2,223423.2,,710195.06
2017-12-24,7,8,14,33,38,40,2,17126740.8,2,6118478.4,12236956.8,,,,428,1467.2,627961.6,,,,21973,47.6,1045914.8,,,,363816,5.2,1891843.2,1103387,1.2,1324064.4,8050489.59,-1932011.19
2017-12-20,13,33,34,35,36,39,23,2583856.8,6JP,8050489.59,0.0,,,,298,1114.3,332061.4,,,,12745,43.4,553133.0,,,,184754,5.4,997671.6,584159,1.2,700990.8,5836617.55,2213872.04
2017-12-17,11,27,28,31,36,37,33,1932203.3,5JP,5836617.55,0.0,,,,165,1495.9,246823.5,,,,8036,51.1,410639.6,,,,136745,5.4,738423.0,446931,1.2,536317.2,4191061.88,1645555.67
2017-12-13,2,5,10,25,28,42,36,1500302.7,4JP,4191061.88,0.0,,,,167,1176.1,196408.7,,,,8137,40.2,327107.4,,,,125462,4.7,589671.4,322596,1.2,387115.2,2881657.94,1309403.94
2017-12-10,7,11,21,22,25,37,3,1296273.8,3JP,2881657.94,0.0,,,,118,1387.5,163725.0,,,,6060,45.0,272700.0,,,,97072,5.0,485360.0,312074,1.2,374488.8,1790119.69,1091538.25
2017-12-06,15,26,31,39,43,44,2,1133545.4,JP,1790119.69,0.0,,,,103,1385.1,142665.3,,,,5124,46.4,237753.6,,,,79993,5.3,423962.9,274303,1.2,329163.6,838999.89,951119.8
2017-12-03,3,15,23,30,33,37,42,953536.0,JP,838999.89,0.0,,,,100,1258.4,125840.0,,,,5118,40.9,209326.2,,,,74839,5.0,374195.0,203479,1.2,244174.8,,838999.89
2017-11-29,5,11,15,20,21,26,25,5620266.8,1,4174727.3,4174727.3,,,,176,1078.7,189851.2,,,,7744,40.8,315955.2,,,,121585,4.7,571449.5,306903,1.2,368283.6,2908974.08,1265753.22
2017-11-26,1,4,6,23,30,45,32,1321581.8,3JP,2908974.08,0.0,,,,170,1015.7,172669.0,,,,6797,42.3,287513.1,,,,108983,4.7,512220.1,290983,1.2,349179.6,1757806.75,1151167.33
2017-11-22,1,3,6,12,16,42,40,1057077.9,DJP,1757806.75,0.0,,,,144,962.8,138643.2,,,,6187,37.3,230775.1,,,,96608,4.3,415414.4,226871,1.2,272245.2,833446.06,924360.69
2017-11-19,2,14,19,23,40,41,31,951569.4,JP,833446.06,0.0,,,,80,1562.7,125016.0,,,,4179,49.8,208114.2,,,,69650,5.4,376110.0,201941,1.2,242329.2,,833446.06
2017-11-15,2,5,7,19,27,40,6,2892616.3,3,594988.4,1784965.2,,,,190,743.2,141208.0,,,,7182,32.7,234851.4,,,,98415,4.3,423184.5,257006,1.2,308407.2,843518.84,-248530.44
2017-11-12,2,17,34,40,43,44,1,1001626.6,JP,843518.84,0.0,,,,87,1454.3,126524.1,,,,4240,49.7,210728.0,,,,71185,5.3,377280.5,239245,1.2,287094.0,,843518.84
2017-11-08,15,18,20,29,30,41,25,4089455.8,1,2843645.7,2843645.7,,,,111,1461.7,162248.7,,,,5471,49.4,270267.4,,,,89994,5.4,485967.6,272772,1.2,327326.4,1761961.7,1081684.0
2017-11-05,5,8,16,19,22,40,36,1219170.1,DJP,1761961.7,0.0,,,,141,1138.1,160472.1,,,,6958,38.4,267187.2,,,,105112,4.6,483515.2,256663,1.2,307995.6,692084.32,1069877.38
2017-11-01,1,3,4,27,33,35,10,811924.6,JP,692084.32,0.0,,,,55,1887.5,103812.5,,,,3509,49.3,172993.7,,,,64536,4.8,309772.8,187788,1.2,225345.6,,692084.32
2017-10-29,4,9,24,26,29,33,41,2744586.1,1,1680225.2,1680225.2,,,,131,1080.1,141493.1,,,,5746,41.0,235586.0,,,,89750,4.7,421825.0,221214,1.2,265456.8,736891.86,943333.34
2017-10-25,8,18,21,32,35,36,9,898270.6,JP,736891.86,0.0,,,,103,1073.1,110529.3,,,,4059,45.3,183872.7,,,,62186,5.3,329585.8,228569,1.2,274282.8,,736891.86
2017-10-22,7,30,31,36,38,39,12,2019411.6,1,1000000.0,1000000.0,,,,91,1406.6,128000.6,,,,4128,51.6,213004.8,,,,65829,5.8,381808.2,247165,1.2,296598.0,,1000000.0
2017-10-18,14,16,19,22,39,41,10,11030041.8,1,8363617.6,8363617.6,,,,230,1461.7,336191.0,,,,11162,50.1,559216.2,,,,187145,5.4,1010583.0,633695,1.2,760434.0,6122295.72,2241321.88
2017-10-15,6,7,9,14,28,44,2,2019868.7,5JP,6122295.72,0.0,,,,216,1217.5,262980.0,,,,10436,42.0,438312.0,,,,166585,4.7,782949.5,446356,1.2,535627.2,4368975.59,1753320.13
2017-10-11,5,13,26,29,33,41,40,1506663.2,4JP,4368975.59,0.0,,,,185,1063.0,196655.0,,,,8115,40.3,327034.5,,,,120669,4.9,591278.1,326413,1.2,391695.6,3057935.25,1311040.34
2017-10-08,10,13,26,34,37,45,6,1461488.4,3JP,3057935.25,0.0,,,,138,1337.1,184519.8,,,,6247,49.2,307352.4,,,,102465,5.4,553311.0,346921,1.2,416305.2,1827744.49,1230190.76
2017-10-04,14,26,32,33,36,37,40,1141765.7,DJP,1827744.49,0.0,,,,103,1450.7,149422.1,,,,4720,52.7,248744.0,,,,79106,5.6,442993.6,250505,1.2,300606.0,831545.9,996198.59
2017-10-01,4,6,16,18,24,38,1,966708.8,JP,831545.9,0.0,,,,79,1578.8,124725.2,,,,4470,46.5,207855.0,,,,74037,5.0,370185.0,219953,1.2,263943.6,,831545.9
2017-09-27,9,26,32,35,37,43,18,3891826.0,1,2701040.4,2701040.4,,,,109,1414.8,154213.2,,,,5258,48.8,256590.4,,,,85766,5.4,463136.4,264038,1.2,316845.6,1672923.8,1028116.6
2017-09-24,1,12,31,32,38,43,27,1197746.0,DJP,1672923.8,0.0,,,,72,2066.2,148766.4,,,,4330,57.2,247676.0,,,,74791,6.0,448746.0,293798,1.2,352557.6,681111.59,991812.21
2017-09-20,2,7,11,18,20,24,42,777487.9,JP,681111.59,0.0,,,,121,844.3,102160.3,,,,4640,36.6,169824.0,,,,68300,4.5,307350.0,165128,1.2,198153.6,,681111.59
2017-09-17,2,11,15,29,32,44,3,1988537.4,1,1000000.0,1000000.0,,,,128,953.4,122035.2,,,,4586,44.3,203159.8,,,,70360,5.2,365872.0,247892,1.2,297470.4,,1000000.0
2017-09-13,5,14,23,27,31,45,29,2774317.7,3,574537.8,1723613.4,,,,108,1259.8,136058.4,,,,5255,43.1,226490.5,,,,80633,5.0,403165.0,237492,1.2,284990.4,816511.44,-241973.64
2017-09-10,14,17,26,34,40,44,3,1000878.1,JP,816511.44,0.0,,,,119,1029.2,122474.8,,,,4694,43.4,203719.6,,,,69577,5.3,368758.1,254938,1.2,305925.6,,816511.44
2017-09-06,4,7,11,18,23,36,35,1807215.9,1,1000000.0,1000000.0,,,,124,855.7,106106.8,,,,4631,38.1,176441.1,,,,69256,4.6,318577.6,171742,1.2,206090.4,,1000000.0
2017-09-03,3,11,13,15,39,40,37,2936047.0,1,1755105.9,1755105.9,,,,130,1217.7,158301.0,,,,6016,43.8,263500.8,,,,99515,4.7,467720.5,242849,1.2,291418.8,699747.96,1055357.94
2017-08-30,1,14,22,27,32,37,41,795147.5,JP,699747.96,0.0,,,,85,1234.8,104958.0,,,,3891,44.9,174705.9,,,,56518,5.6,316500.8,165819,1.2,198982.8,,699747.96
2017-08-27,3,4,5,7,20,33,41,1922627.0,3,333333.3,999999.9,,,,122,1006.8,122829.6,,,,5865,34.9,204688.5,,,,90214,4.1,369877.4,187693,1.2,225231.6,,333333.3
2017-08-23,19,23,24,38,39,41,37,1788985.5,1,1000000.0,1000000.0,,,,44,2405.8,105855.2,,,,3168,55.6,176140.8,,,,55319,5.7,315318.3,159726,1.2,191671.2,,1000000.0
2017-08-20,7,13,17,18,32,37,20,2937050.9,1,1718397.5,1718397.5,,,,123,1269.4,156136.2,,,,5632,46.2,260198.4,,,,92012,5.1,469261.2,277548,1.2,333057.6,677463.77,1040933.73
2017-08-16,21,22,23,26,28,34,8,805270.7,JP,677463.77,0.0,,,,101,1006.1,101616.1,,,,3748,45.1,169034.8,,,,57402,5.3,304230.6,191991,1.2,230389.2,,677463.77
2017-08-13,5,7,18,29,32,38,43,4338752.8,1,2969016.3,2969016.3,,,,148,1214.9,179805.2,,,,6503,46.0,299138.0,,,,105179,5.1,536412.9,295317,1.2,354380.4,1770277.68,1198738.62
2017-08-09,3,10,25,36,39,42,31,1076212.0,DJP,1770277.68,0.0,,,,142,996.8,141545.6,,,,5088,46.3,235574.4,,,,82046,5.2,426639.2,227044,1.2,272452.8,826548.62,943729.06
2017-08-06,4,15,16,19,27,39,43,934814.2,JP,826548.62,0.0,,,,115,1078.1,123981.5,,,,5229,39.5,206545.5,,,,80216,4.6,368993.6,196078,1.2,235293.6,,826548.62
2017-08-02,7,8,29,34,37,41,24,5738203.6,1,4218113.0,4218113.0,,,,119,1656.0,197064.0,,,,6458,50.8,328066.4,,,,109657,5.4,592147.8,335677,1.2,402812.4,2904326.06,1313786.94
2017-07-30,8,12,19,24,35,44,22,1372374.1,3JP,2904326.06,0.0,,,,168,1052.8,176870.4,,,,6775,43.5,294712.5,,,,105470,5.0,527350.0,311201,1.2,373441.2,1725108.96,1179217.1
2017-07-26,1,17,23,24,30,44,11,1088297.8,DJP,1725108.96,0.0,,,,94,1456.2,136882.8,,,,4534,50.3,228060.2,,,,73711,5.6,412781.6,258811,1.2,310573.2,812553.26,912555.7
2017-07-23,17,23,24,30,32,34,21,961004.8,JP,812553.26,0.0,,,,76,1603.7,121881.2,,,,3740,54.3,203082.0,,,,65329,5.6,365842.4,225166,1.2,270199.2,,812553.26
2017-07-19,4,6,16,34,36,43,32,1806189.5,1,1000000.0,1000000.0,,,,79,1338.7,105757.3,,,,3752,46.9,175968.8,,,,59786,5.3,316865.8,172998,1.2,207597.6,,1000000.0
2017-07-16,12,14,18,23,28,37,39,5951799.7,3,1422810.9,4268432.7,,,,171,1270.5,217255.5,,,,7591,47.7,362090.7,,,,124321,5.2,646469.2,381293,1.2,457551.6,2820022.6,-1397211.7
2017-07-12,2,10,17,21,25,45,29,1242474.5,3JP,2820022.6,0.0,,,,133,1203.6,160078.8,,,,6401,41.6,266281.6,,,,98353,4.9,481929.7,278487,1.2,334184.4,1752825.4,1067197.2
2017-07-09,7,8,21,30,33,44,37,1167150.3,DJP,1752825.4,0.0,,,,114,1368.7,156031.8,,,,6105,42.5,259462.5,,,,97663,4.8,468782.4,235728,1.2,282873.6,712545.66,1040279.74
2017-07-05,11,19,27,35,37,38,10,861559.6,JP,712545.66,0.0,,,,105,1017.9,106879.5,,,,4003,44.5,178133.5,,,,62414,5.1,318311.4,215196,1.2,258235.2,,712545.66
2017-07-02,1,7,16,18,21,22,2,2004826.0,1,1000000.0,1000000.0,,,,94,1379.4,129663.6,,,,4876,44.3,216006.8,,,,77924,5.0,389620.0,224613,1.2,269535.6,,1000000.0
2017-06-28,5,13,16,31,34,39,6,5691775.9,1,4159887.1,4159887.1,,,,147,1313.5,193084.5,,,,6803,47.3,321781.9,,,,110771,5.2,576009.2,367511,1.2,441013.2,2872635.4,1287251.7
2017-06-25,4,17,18,24,36,41,38,1318846.2,3JP,2872635.4,0.0,,,,152,1142.4,173644.8,,,,6164,46.9,289091.6,,,,98546,5.3,522293.8,278180,1.2,333816.0,1714970.5,1157664.9
2017-06-21,9,10,12,14,44,45,6,1073033.0,DJP,1714970.5,0.0,,,,108,1279.6,138196.8,,,,4737,48.6,230218.2,,,,79130,5.2,411476.0,244285,1.2,293142.0,793607.9,921362.6
2017-06-18,1,6,18,22,31,33,41,899555.0,JP,793607.9,0.0,,,,80,1488.0,119040.0,,,,4382,45.2,198066.4,,,,70421,5.0,352105.0,191953,1.2,230343.6,,793607.9
2017-06-14,7,12,17,27,37,45,25,2911010.7,2,905200.3,1810400.6,,,,386,375.5,144943.0,,,,7861,30.7,241332.7,,,,92968,4.7,436949.6,231154,1.2,277384.8,843894.3,61306.0
2017-06-11,2,6,21,27,34,45,16,970068.8,JP,843894.3,0.0,,,,98,1291.6,126576.8,,,,4706,44.8,210828.8,,,,76912,4.9,376868.8,213162,1.2,255794.4,,843894.3
2017-06-07,1,6,10,12,33,34,19,5618544.0,1,4175210.8,4175210.8,,,,158,1182.9,186898.2,,,,7113,43.7,310838.1,,,,113957,4.9,558389.3,322673,1.2,387207.6,2929168.1,1246042.7
2017-06-04,6,14,30,37,42,43,13,1456654.2,3JP,2929168.1,0.0,,,,131,1417.4,185679.4,,,,5863,52.7,308980.1,,,,97859,5.7,557796.3,336832,1.2,404198.4,1691292.6,1237875.5
2017-05-31,3,10,11,13,28,43,5,1071001.6,DJP,1691292.6,0.0,,,,136,1005.7,136775.2,,,,5973,38.1,227571.3,,,,90839,4.5,408775.5,248233,1.2,297879.6,779386.9,911905.7
2017-05-28,16,20,23,33,37,44,26,927143.5,JP,779386.9,0.0,,,,105,1113.4,116907.0,,,,4027,48.3,194504.1,,,,62195,5.6,348292.0,222867,1.2,267440.4,,779386.9
2017-05-24,8,13,28,29,31,40,25,1842593.5,1,1000000.0,1000000.0,,,,96,1159.9,111350.4,,,,3986,46.5,185349.0,,,,64639,5.1,329658.9,180196,1.2,216235.2,,1000000.0
2017-05-21,12,25,26,27,29,35,19,4437083.8,1,3004829.0,3004829.0,,,,120,1528.2,183384.0,,,,6367,48.0,305616.0,,,,104924,5.2,545604.8,331375,1.2,397650.0,1782264.4,1222564.6
2017-05-17,6,17,20,24,25,34,16,1077756.5,DJP,1782264.4,0.0,,,,117,1188.4,139042.8,,,,5065,45.7,231470.5,,,,79570,5.2,413764.0,244566,1.2,293479.2,855261.3,927003.1
2017-05-14,5,8,9,32,33,35,2,995187.1,JP,855261.3,0.0,,,,92,1394.4,128284.8,,,,4627,46.2,213767.4,,,,78361,4.9,383968.9,224305,1.2,269166.0,,855261.3
2017-05-10,1,5,16,29,35,39,45,1829704.7,1,1000000.0,1000000.0,,,,86,1273.6,109529.6,,,,3832,47.6,182403.2,,,,63597,5.1,324344.7,177856,1.2,213427.2,,1000000.0
2017-05-07,12,16,32,37,42,45,29,8254647.4,3,2034734.5,6104203.5,,,,174,1580.2,274954.8,,,,9015,50.8,457962.0,,,,149581,5.5,822695.5,495693,1.2,594831.6,4271130.0,-2236395.5
2017-05-03,3,8,27,32,42,43,15,1468521.6,4JP,4271130.0,0.0,,,,115,1651.4,189911.0,,,,6961,45.4,316029.4,,,,114180,5.0,570900.0,326401,1.2,391681.2,3004992.5,1266137.5
2017-04-30,20,28,30,32,40,41,19,1503429.8,3JP,3004992.5,0.0,,,,189,999.4,188886.6,,,,7339,42.8,314109.2,,,,109314,5.2,568432.8,360001,1.2,432001.2,1745716.4,1259276.1
2017-04-26,5,6,11,19,27,44,17,1069983.9,DJP,1745716.4,0.0,,,,152,909.8,138289.6,,,,6755,34.1,230345.5,,,,95164,4.3,409205.2,243453,1.2,292143.6,823699.3,922017.1
2017-04-23,1,4,10,21,32,44,12,966259.3,JP,823699.3,0.0,,,,111,1113.1,123554.1,,,,4682,43.9,205539.8,,,,73345,5.0,366725.0,225367,1.2,270440.4,,823699.3
2017-04-19,10,18,25,30,33,41,45,1753539.3,1,1000000.0,1000000.0,,,,86,1140.5,98083.0,,,,3592,45.5,163436.0,,,,55339,5.3,293296.7,165603,1.2,198723.6,,1000000.0
2017-04-16,3,7,20,31,39,43,19,2025795.6,1,1000000.0,1000000.0,,,,117,1128.5,132034.5,,,,5376,40.9,219878.4,,,,80375,4.9,393837.5,233371,1.2,280045.2,,1000000.0
2017-04-12,2,6,13,30,35,44,1,4259716.6,1,2938442.1,2938442.1,,,,117,1449.7,169614.9,,,,5723,49.3,282143.9,,,,96433,5.3,511094.9,298684,1.2,358420.8,1807674.8,1130767.3
2017-04-09,3,13,19,29,40,43,4,1277817.3,DJP,1807674.8,0.0,,,,143,1135.7,162405.1,,,,6167,43.8,270114.6,,,,98072,4.9,480552.8,303954,1.2,364744.8,724911.1,1082763.7
2017-04-05,4,8,22,25,26,31,13,843659.6,JP,724911.1,0.0,,,,90,1208.1,108729.0,,,,4173,43.4,181108.2,,,,66824,4.9,327437.6,188654,1.2,226384.8,,724911.1
2017-04-02,2,3,19,31,34,39,16,2006626.9,1,1000000.0,1000000.0,,,,65,2012.7,130825.5,,,,3994,54.5,217673.0,,,,73280,5.3,388384.0,224787,1.2,269744.4,,1000000.0
2017-03-29,5,28,32,33,34,43,36,4257323.9,1,2970846.0,2970846.0,,,,104,1632.5,169780.0,,,,5655,50.0,282750.0,,,,95231,5.3,504724.3,274353,1.2,329223.6,1838941.6,1131904.4
2017-03-26,3,24,28,37,40,42,27,1309499.8,DJP,1838941.6,0.0,,,,122,1343.0,163846.0,,,,5322,51.3,273018.6,,,,90634,5.4,489423.6,319343,1.2,383211.6,746590.5,1092351.1
2017-03-22,14,23,32,38,44,45,33,875498.0,JP,746590.5,0.0,,,,86,1302.1,111980.6,,,,3758,49.6,186396.8,,,,57661,5.8,334433.8,202239,1.2,242686.8,,746590.5
2017-03-19,5,11,16,19,27,33,39,6290052.2,2,2274690.3,4549380.6,,,,233,975.1,227198.3,,,,9928,38.1,378256.8,,,,151665,4.5,682492.5,377270,1.2,452724.0,3034710.3,-760020.0
2017-03-15,1,14,18,27,30,40,12,1383561.8,3JP,3034710.3,0.0,,,,170,1038.5,176545.0,,,,6338,46.4,294083.2,,,,100641,5.2,523333.2,324667,1.2,389600.4,1857718.0,1176992.3
2017-03-12,8,12,18,24,25,44,19,1307401.8,DJP,1857718.0,0.0,,,,114,1469.3,167500.2,,,,6268,44.5,278926.0,,,,100204,5.0,501020.0,299963,1.2,359955.6,740998.3,1116719.7
2017-03-08,9,13,19,21,27,29,7,866220.7,JP,740998.3,0.0,,,,131,848.4,111140.4,,,,5182,35.7,184997.4,,,,76279,4.3,327999.7,201736,1.2,242083.2,,740998.3
2017-03-05,9,20,22,27,40,45,4,2037093.8,1,1000000.0,1000000.0,,,,121,1094.0,132374.0,,,,5077,43.4,220341.8,,,,81794,4.8,392611.2,243139,1.2,291766.8,,1000000.0
2017-03-01,1,2,10,17,24,41,45,6123714.3,1,4485804.2,4485804.2,,,,156,1368.4,213470.4,,,,7841,45.3,355197.3,,,,128612,5.0,643060.0,355152,1.2,426182.4,3062633.4,1423170.8
2017-02-26,1,15,16,19,22,42,18,1444544.2,3JP,3062633.4,0.0,,,,124,1501.1,186136.4,,,,5851,53.0,310103.0,,,,103680,5.4,559872.0,323694,1.2,388432.8,1821643.7,1240989.7
2017-02-22,12,17,19,30,39,44,42,1090614.4,DJP,1821643.7,0.0,,,,88,1633.1,143712.8,,,,5016,47.7,239263.2,,,,83240,5.2,432848.0,228992,1.2,274790.4,863525.7,958118.0
2017-02-19,12,23,24,31,34,43,29,1021435.6,JP,863525.7,0.0,,,,82,1579.6,129527.2,,,,4130,52.2,215586.0,,,,69525,5.6,389340.0,239152,1.2,286982.4,,863525.7
2017-02-15,8,11,33,35,38,42,16,1868963.4,1,1000000.0,1000000.0,,,,85,1316.6,111911.0,,,,3967,47.0,186449.0,,,,63614,5.3,337154.2,194541,1.2,233449.2,,1000000.0
2017-02-12,9,10,25,36,38,40,4,2025737.0,1,1000000.0,1000000.0,,,,90,1437.7,129393.0,,,,3920,55.0,215600.0,,,,68932,5.6,386019.2,245604,1.2,294724.8,,1000000.0
2017-02-08,3,9,12,16,19,27,26,1869476.8,2,500000.0,1000000.0,,,,198,568.1,112483.8,,,,6791,27.6,187431.6,,,,88431,3.8,336037.8,194603,1.2,233523.6,,500000.0
2017-02-05,6,7,30,32,41,44,19,3285267.1,1,1922613.3,1922613.3,,,,115,1523.0,175145.0,,,,5523,52.8,291614.4,,,,95120,5.5,523160.0,310612,1.2,372734.4,754968.4,1167644.9
2017-02-01,14,20,24,26,31,36,35,860975.8,JP,754968.4,0.0,,,,62,1826.5,113243.0,,,,3244,58.1,188476.4,,,,58218,5.8,337664.4,184660,1.2,221592.0,,754968.4
2017-01-29,8,11,15,22,24,25,3,2054006.8,1,1000000.0,1000000.0,,,,128,1026.6,131404.8,,,,5418,40.4,218887.2,,,,82362,4.8,395337.6,256981,1.2,308377.2,,1000000.0
2017-01-25,3,7,34,35,36,39,30,8416723.2,2,3185928.3,6371856.6,,,,164,1609.4,263941.6,,,,9269,47.4,439350.6,,,,152450,5.2,792740.0,457362,1.2,548834.4,4612223.7,-1426295.4
2017-01-22,12,25,28,39,41,43,44,1746584.8,4JP,4612223.7,0.0,,,,158,1437.9,227188.2,,,,7864,48.1,378258.4,,,,126153,5.4,681226.2,383260,1.2,459912.0,3097591.8,1514631.9
2017-01-18,1,8,13,24,33,37,3,1418469.5,3JP,3097591.8,0.0,,,,111,1602.7,177899.7,,,,6069,48.8,296167.2,,,,100126,5.3,530667.8,344779,1.2,413734.8,1911533.5,1186058.3
2017-01-15,21,26,30,32,35,42,9,1404939.5,DJP,1911533.5,0.0,,,,106,1643.0,174158.0,,,,5519,52.5,289747.5,,,,96678,5.4,522061.2,349144,1.2,418972.8,750465.3,1161068.2
2017-01-11,4,10,13,20,26,30,18,853268.8,JP,750465.3,0.0,,,,126,893.4,112568.4,,,,5192,36.1,187431.2,,,,75871,4.4,333832.4,182864,1.2,219436.8,,750465.3
2017-01-08,4,27,29,30,39,42,15,3021067.7,1,1818008.5,1818008.5,,,,117,1342.3,157049.1,,,,5503,47.5,261392.5,,,,91460,5.1,466446.0,265143,1.2,318171.6,770961.6,1047046.9
2017-01-04,8,9,34,39,41,45,26,904929.3,JP,770961.6,0.0,,,,88,1314.1,115640.8,,,,3808,50.6,192684.8,,,,63363,5.5,348496.5,206756,1.2,248107.2,,770961.6
2017-01-01,4,15,24,27,39,41,33,3533530.2,1,2022895.2,2022895.2,,,,175,1108.3,193952.5,,,,7546,42.8,322968.8,,,,112911,5.1,575846.1,348223,1.2,417867.6,729773.0,1293122.2
2016-12-28,5,13,23,28,29,35,3,872756.1,JP,729773.0,0.0,,,,62,1765.5,109461.0,,,,4027,45.3,182423.1,,,,63624,5.1,324482.4,213658,1.2,256389.6,,729773.0
2016-12-25,15,21,23,26,30,33,9,2243828.9,3,341063.1,1023189.3,,,,98,1566.1,153477.8,,,,5782,44.2,255564.4,,,,91345,5.0,456725.0,295727,1.2,354872.4,,341063.1
2016-12-21,4,13,18,32,40,44,31,8527344.1,2,3194885.5,6389771.0,,,,205,1366.0,280030.0,,,,9763,47.8,466671.4,,,,156453,5.3,829200.9,468059,1.2,561670.8,4522806.6,-1327921.1
2016-12-18,12,27,37,39,42,44,9,1855136.4,4JP,4522806.6,0.0,,,,180,1285.1,231318.0,,,,8156,47.2,384963.2,,,,130892,5.3,693727.6,454273,1.2,545127.6,2980648.0,1542158.6
2016-12-14,28,30,31,34,38,42,27,1420725.6,3JP,2980648.0,0.0,,,,144,1219.8,175651.2,,,,5499,53.2,292546.8,,,,91122,5.8,528507.6,353350,1.2,424020.0,1809581.7,1171066.3
2016-12-11,17,28,33,34,35,41,26,1222251.9,DJP,1809581.7,0.0,,,,121,1285.0,155485.0,,,,5377,48.1,258633.7,,,,89971,5.2,467849.2,283570,1.2,340284.0,772999.2,1036582.5
2016-12-07,6,14,20,28,29,30,40,876841.1,JP,772999.2,0.0,,,,89,1302.8,115949.2,,,,4423,43.6,192842.8,,,,68025,5.1,346927.5,184268,1.2,221121.6,,772999.2
2016-12-04,6,10,14,18,27,40,7,2055366.0,1,1000000.0,1000000.0,,,,127,1035.5,131508.5,,,,5575,39.3,219097.5,,,,81615,4.8,391752.0,260840,1.2,313008.0,,1000000.0
2016-11-30,4,10,12,18,27,36,44,1835232.0,1,1000000.0,1000000.0,,,,98,1128.6,110602.8,,,,4868,37.8,184010.4,,,,74614,4.4,328301.6,176931,1.2,212317.2,,1000000.0
2016-11-27,2,16,18,28,32,36,13,3147519.1,1,1843543.9,1843543.9,,,,183,906.0,165798.0,,,,6223,44.4,276301.2,,,,95160,5.2,494832.0,305870,1.2,367044.0,738177.6,1105366.3
2016-11-23,2,3,25,39,42,45,16,861281.2,JP,738177.6,0.0,,,,56,1977.2,110723.2,,,,3477,53.0,184281.0,,,,60426,5.5,332343.0,194945,1.2,233934.0,,738177.6
2016-11-20,3,22,25,27,28,40,36,4661895.6,1,3185633.0,3185633.0,,,,180,1079.9,194382.0,,,,6969,46.4,323361.6,,,,117047,5.0,585235.0,311070,1.2,373284.0,1889699.3,1295933.7
2016-11-16,3,9,24,27,32,41,44,1130674.0,DJP,1889699.3,0.0,,,,150,995.0,149250.0,,,,6216,40.0,248640.0,,,,95420,4.7,448474.0,236925,1.2,284310.0,894647.3,995052.0
2016-11-13,6,18,31,34,38,45,44,1021921.9,JP,894647.3,0.0,,,,79,1698.6,134189.4,,,,4241,52.7,223500.7,,,,70254,5.7,400447.8,219820,1.2,263784.0,,894647.3
2016-11-09,5,10,12,19,31,44,20,3089796.5,2,956953.9,1913907.8,,,,152,1010.7,153626.4,,,,6506,39.3,255685.8,,,,97695,4.7,459166.5,256175,1.2,307410.0,889648.2,67305.7
2016-11-06,22,24,27,29,36,43,21,1060974.8,JP,889648.2,0.0,,,,92,1450.5,133446.0,,,,4344,51.1,221978.4,,,,73088,5.5,401984.0,252972,1.2,303566.4,,889648.2
2016-11-02,7,14,22,24,36,39,12,7896243.0,1,5965815.4,5965815.4,,,,168,1465.6,246220.8,,,,8566,47.9,410311.4,,,,139626,5.3,740017.8,444898,1.2,533877.6,4324250.0,1641565.4
2016-10-30,6,7,8,11,30,36,26,1720409.0,4JP,4324250.0,0.0,,,,189,1177.0,222453.0,,,,9189,40.3,370316.7,,,,141739,4.7,666173.3,384555,1.2,461466.0,2841215.9,1483034.1
2016-10-26,8,10,11,14,23,34,2,1173354.9,3JP,2841215.9,0.0,,,,120,1265.3,151836.0,,,,6155,41.1,252970.5,,,,95262,4.8,457257.6,259409,1.2,311290.8,1828952.2,1012263.7
2016-10-23,6,11,21,31,35,43,7,1318922.4,DJP,1828952.2,0.0,,,,151,1093.3,165088.3,,,,7030,39.1,274873.0,,,,93251,5.3,494230.3,320609,1.2,384730.8,728267.6,1100684.6
2016-10-19,6,10,20,26,33,40,5,874775.4,JP,728267.6,0.0,,,,125,873.9,109237.5,,,,4811,37.8,181855.8,,,,69699,4.7,327585.3,213414,1.2,256096.8,,728267.6
2016-10-16,5,7,18,28,29,35,23,4618860.0,1,3127804.8,3127804.8,,,,214,899.5,192493.0,,,,7819,41.0,320579.0,,,,120755,4.8,579624.0,331966,1.2,398359.2,1844401.2,1283403.6
2016-10-12,11,20,26,32,34,42,8,1174907.7,DJP,1844401.2,0.0,,,,75,1959.6,146970.0,,,,4876,50.2,244775.2,,,,80519,5.5,442854.5,283590,1.2,340308.0,864568.8,979832.4
2016-10-09,18,24,33,34,37,41,3,1069241.3,JP,864568.8,0.0,,,,86,1507.9,129679.4,,,,3861,55.9,215829.9,,,,64497,6.0,386982.0,280625,1.2,336750.0,,864568.8
2016-10-05,10,12,27,30,34,36,2,1881333.6,1,1000000.0,1000000.0,,,,73,1543.3,112660.9,,,,3903,48.1,187734.3,,,,65296,5.2,339539.2,201166,1.2,241399.2,,1000000.0
2016-10-02,3,10,15,20,35,38,4,2071713.5,2,500000.0,1000000.0,,,,135,999.7,134959.5,,,,5355,42.0,224910.0,,,,82000,4.9,401800.0,258370,1.2,310044.0,,500000.0
2016-09-28,3,8,19,24,32,42,6,8349688.2,1,6321310.0,6321310.0,,,,249,1045.2,260254.8,,,,10470,41.4,433458.0,,,,158162,4.9,774993.8,466393,1.2,559671.6,4586185.1,1735124.9
2016-09-25,1,2,6,33,34,39,44,1733582.8,4JP,4586185.1,0.0,,,,151,1515.5,228840.5,,,,7393,51.5,380739.5,,,,129084,5.3,684145.2,366548,1.2,439857.6,3060575.1,1525610.0
2016-09-21,7,18,30,37,43,44,23,1369498.4,3JP,3060575.1,0.0,,,,135,1294.0,174690.0,,,,5618,51.8,291012.4,,,,93593,5.6,524120.8,316396,1.2,379675.2,1895914.7,1164660.4
2016-09-18,2,3,9,18,23,27,7,1338292.0,DJP,1895914.7,0.0,,,,204,834.1,170156.4,,,,8006,35.4,283412.4,,,,116312,4.4,511772.8,310792,1.2,372950.4,761517.7,1134397.0
2016-09-14,9,12,35,37,38,43,39,878801.4,JP,761517.7,0.0,,,,65,1757.3,114224.5,,,,3413,55.7,190104.1,,,,59350,5.8,344230.0,191869,1.2,230242.8,,761517.7
2016-09-11,2,20,22,29,34,36,21,2089145.2,1,1000000.0,1000000.0,,,,101,1366.2,137986.2,,,,4380,52.5,229950.0,,,,75725,5.4,408915.0,260245,1.2,312294.0,,1000000.0
2016-09-07,1,7,11,12,25,29,28,12913122.7,2,4728039.2,9456078.4,,,,461,964.6,444680.6,,,,18921,39.1,739811.1,,,,279962,4.7,1315821.4,797276,1.2,956731.2,6491367.3,-1763328.1
2016-09-04,13,21,29,36,41,44,33,2298592.5,5JP,6491367.3,0.0,,,,231,1278.9,295425.9,,,,10470,47.0,492090.0,,,,164785,5.4,889839.0,517698,1.2,621237.6,4521776.2,1969591.1
2016-08-31,1,11,18,26,29,40,30,1652176.5,4JP,4521776.2,0.0,,,,150,1436.3,215445.0,,,,7955,45.1,358770.5,,,,128159,5.0,640795.0,364305,1.2,437166.0,3085473.4,1436302.8
2016-08-28,9,11,15,33,34,39,4,1477573.6,3JP,3085473.4,0.0,,,,124,1517.7,188194.8,,,,7130,43.9,313007.0,,,,113041,5.0,565205.0,342639,1.2,411166.8,1830827.0,1254646.4
2016-08-24,3,10,14,18,22,24,26,1121980.5,DJP,1830827.0,0.0,,,,144,1001.6,144230.4,,,,5593,42.9,239939.7,,,,89641,4.8,430276.8,256278,1.2,307533.6,869264.8,961562.2
2016-08-21,3,4,5,23,27,34,32,979251.7,JP,869264.8,0.0,,,,108,1207.3,130388.4,,,,5279,41.1,216966.9,,,,87980,4.4,387112.0,203987,1.2,244784.4,,869264.8
2016-08-17,1,5,11,28,29,36,18,2798268.1,3,590934.5,1772803.5,,,,89,1518.6,135155.4,,,,5351,42.0,224742.0,,,,85556,4.7,402113.2,219545,1.2,263454.0,871732.3,-280797.8
2016-08-14,6,7,13,19,37,44,40,1001562.9,JP,871732.3,0.0,,,,128,1021.5,130752.0,,,,5107,42.6,217558.2,,,,80211,4.9,393033.9,216849,1.2,260218.8,,871732.3
2016-08-10,4,7,10,19,31,43,44,1829490.0,2,500000.0,1000000.0,,,,140,782.2,109508.0,,,,5200,35.1,182520.0,,,,74784,4.4,329049.6,173677,1.2,208412.4,,500000.0
2016-08-07,9,12,18,20,27,36,45,3123436.5,1,1842052.1,1842052.1,,,,152,1095.8,166561.6,,,,6867,40.4,277426.8,,,,103886,4.8,498652.8,282286,1.2,338743.2,731580.7,1110471.4
2016-08-03,4,8,9,18,40,42,11,867800.3,JP,731580.7,0.0,,,,82,1338.2,109732.4,,,,4065,44.9,182518.5,,,,65601,5.0,328005.0,206287,1.2,247544.4,,731580.7
2016-07-31,1,13,21,22,25,40,9,3119311.7,2,903348.9,1806697.8,,,,119,1381.4,164386.6,,,,5539,49.9,276396.1,,,,91728,5.4,495331.2,313750,1.2,376500.0,710748.8,192600.1
2016-07-27,8,10,30,36,37,39,41,815263.8,JP,710748.8,0.0,,,,94,1134.1,106605.4,,,,3501,50.7,177500.7,,,,58463,5.5,321546.5,174676,1.2,209611.2,,710748.8
2016-07-24,4,13,22,26,27,42,45,3094576.6,1,1829791.5,1829791.5,,,,120,1378.2,165384.0,,,,6174,44.6,275360.4,,,,100363,4.9,491778.7,276885,1.2,332262.0,727171.8,1102619.7
2016-07-20,6,15,22,25,27,34,24,841302.3,JP,727171.8,0.0,,,,81,1346.6,109074.6,,,,4110,44.2,181662.0,,,,63911,5.1,325946.1,187183,1.2,224619.6,,727171.8
2016-07-17,18,25,37,39,43,44,16,8787050.0,2,3240166.0,6480332.0,,,,209,1402.0,293018.0,,,,9944,49.1,488250.4,,,,155889,5.6,872978.4,543726,1.2,652471.2,4526779.8,-1286613.8
2016-07-13,10,20,22,26,36,42,16,1639811.4,4JP,4526779.8,0.0,,,,154,1374.3,211642.2,,,,7598,46.4,352547.2,,,,121316,5.2,630843.2,370649,1.2,444778.8,3115750.1,1411029.7
2016-07-10,2,20,21,23,27,28,32,1432452.8,3JP,3115750.1,0.0,,,,150,1263.5,189525.0,,,,6816,46.3,315580.8,,,,113017,5.0,565085.0,301885,1.2,362262.0,1852220.2,1263529.9
2016-07-06,1,4,15,16,26,27,14,1129046.0,DJP,1852220.2,0.0,,,,123,1201.2,147747.6,,,,5655,43.5,245992.5,,,,93721,4.7,440488.7,245681,1.2,294817.2,867185.9,985034.3
2016-07-03,1,2,20,22,26,37,43,992047.9,JP,867185.9,0.0,,,,79,1646.5,130073.5,,,,3972,54.5,216474.0,,,,71696,5.4,387158.4,215285,1.2,258342.0,,867185.9
2016-06-29,5,20,26,27,30,32,45,1822149.2,1,1000000.0,1000000.0,,,,59,1823.6,107592.4,,,,3516,51.0,179316.0,,,,63556,5.1,324135.6,175921,1.2,211105.2,,1000000.0
2016-06-26,6,17,23,27,33,43,19,8136930.2,3,2037091.1,6111273.3,,,,262,1002.1,262550.2,,,,11016,39.7,437335.2,,,,165617,4.7,778399.9,456143,1.2,547371.6,4360902.9,-2323811.8
2016-06-22,10,25,26,32,35,45,5,1630059.4,4JP,4360902.9,0.0,,,,126,1616.1,203628.6,,,,6607,51.3,338939.1,,,,111559,5.5,613574.5,394931,1.2,473917.2,3003308.6,1357594.3
2016-06-19,1,11,19,31,32,37,42,1400139.1,3JP,3003308.6,0.0,,,,108,1693.3,182876.4,,,,5671,53.7,304532.7,,,,99280,5.5,546040.0,305575,1.2,366690.0,1784119.1,1219189.5
2016-06-15,2,16,17,23,26,37,12,1101060.1,DJP,1784119.1,0.0,,,,87,1600.3,139226.1,,,,4864,47.7,232012.8,,,,80731,5.2,419801.2,258350,1.2,310020.0,855938.0,928181.1
2016-06-12,12,18,19,20,23,45,17,1023451.9,JP,855938.0,0.0,,,,99,1296.8,128383.2,,,,4353,49.1,213732.3,,,,73183,5.2,380551.6,250654,1.2,300784.8,,855938.0
2016-06-08,10,21,25,28,37,44,22,1840790.0,1,1000000.0,1000000.0,,,,58,1838.7,106644.6,,,,3354,52.9,177426.6,,,,56984,5.6,319110.4,198007,1.2,237608.4,,1000000.0
2016-06-05,3,4,5,9,27,28,18,1959695.5,2,500000.0,1000000.0,,,,195,658.4,128388.0,,,,7057,30.3,213827.1,,,,98868,3.9,385585.2,193246,1.2,231895.2,,500000.0
2016-06-01,3,6,10,18,28,30,44,1842381.2,2,500000.0,1000000.0,,,,140,791.2,110768.0,,,,5736,32.1,184125.6,,,,79828,4.1,327294.8,183494,1.2,220192.8,,500000.0
2016-05-29,4,5,7,10,17,24,31,4290801.1,2,1505197.4,3010394.8,,,,197,871.3,171646.1,,,,9008,31.7,285553.6,,,,123750,4.1,507375.0,263193,1.2,315831.6,1866000.3,-360802.9
2016-05-25,7,17,21,30,34,45,18,1171529.7,DJP,1866000.3,0.0,,,,146,1042.1,152146.6,,,,6281,40.3,253124.3,,,,94638,4.8,454262.4,259997,1.2,311996.4,851595.9,1014404.4
2016-05-22,6,8,12,30,34,45,2,985823.9,JP,851595.9,0.0,,,,94,1358.9,127736.6,,,,4860,43.8,212868.0,,,,77697,4.9,380715.3,220420,1.2,264504.0,,851595.9
2016-05-18,3,5,7,16,29,31,28,4220663.9,1,2973808.1,2973808.1,,,,188,857.8,161266.4,,,,7417,36.2,268495.4,,,,108862,4.4,478992.8,281751,1.2,338101.2,1898665.8,1075142.3
2016-05-15,2,7,8,30,34,37,12,1358071.2,DJP,1898665.8,0.0,,,,107,1637.7,175233.9,,,,5593,52.2,291954.6,,,,97935,5.3,519055.5,309856,1.2,371827.2,730421.2,1168244.6
2016-05-11,19,27,30,37,41,45,7,890570.8,JP,730421.2,0.0,,,,68,1611.2,109561.6,,,,3452,52.8,182265.6,,,,57432,5.7,327362.4,226151,1.2,271381.2,,730421.2
2016-05-08,6,17,25,29,34,43,12,3084971.7,1,1836714.4,1836714.4,,,,126,1263.6,159213.6,,,,5775,45.9,265072.5,,,,90929,5.2,472830.8,292617,1.2,351140.4,775255.9,1061458.5
2016-05-04,11,12,17,30,35,40,16,902008.3,JP,775255.9,0.0,,,,72,1615.1,116287.2,,,,3817,50.7,193521.9,,,,66253,5.2,344515.6,206403,1.2,247683.6,,775255.9
2016-05-01,1,14,25,27,28,35,42,3281009.7,1,1919833.1,1919833.1,,,,125,1425.4,178175.0,,,,5835,50.8,296418.0,,,,101092,5.3,535787.6,292330,1.2,350796.0,731966.5,1187866.6
2016-04-27,4,26,32,33,38,45,13,865097.8,JP,731966.5,0.0,,,,85,1291.7,109794.5,,,,3481,52.5,182752.5,,,,58894,5.6,329806.4,202287,1.2,242744.4,,731966.5
2016-04-24,19,22,24,27,30,33,28,2047531.1,3,333333.3,999999.9,,,,101,1309.6,132269.6,,,,4406,50.0,220300.0,,,,76715,5.2,398918.0,246703,1.2,296043.6,,333333.3
2016-04-20,3,17,22,26,32,33,35,6320560.3,1,4660304.3,4660304.3,,,,186,1177.3,218977.8,,,,8443,43.2,364737.6,,,,139606,4.7,656148.2,350327,1.2,420392.4,3200385.7,1459918.6
2016-04-17,15,24,27,32,41,42,26,1575804.7,3JP,3200385.7,0.0,,,,143,1392.1,199070.3,,,,6922,47.9,331563.8,,,,110275,5.4,595485.0,374738,1.2,449685.6,1873167.1,1327218.6
2016-04-13,5,15,23,28,37,45,11,1180856.8,DJP,1873167.1,0.0,,,,125,1185.2,148150.0,,,,5555,44.4,246642.0,,,,85077,5.2,442400.4,286387,1.2,343664.4,885490.9,987676.2
2016-04-10,5,20,23,32,38,45,9,1069567.9,JP,885490.9,0.0,,,,97,1369.3,132822.1,,,,4407,50.2,221231.4,,,,72932,5.4,393832.8,268068,1.2,321681.6,,885490.9
2016-04-06,4,22,23,26,32,38,35,1841776.3,1,1000000.0,1000000.0,,,,59,1884.7,111197.3,,,,3523,52.6,185309.8,,,,61838,5.4,333925.2,176120,1.2,211344.0,,1000000.0
2016-04-03,4,10,15,31,33,41,21,2045429.2,1,1000000.0,1000000.0,,,,92,1453.3,133703.6,,,,4758,46.8,222674.4,,,,77050,5.2,400660.0,240326,1.2,288391.2,,1000000.0
2016-03-30,6,14,21,33,36,39,19,4258896.0,1,3000048.6,3000048.6,,,,132,1213.9,160234.8,,,,5925,45.0,266625.0,,,,94484,5.1,481868.4,291766,1.2,350119.2,1931739.5,1068309.1
2016-03-27,2,16,23,32,38,41,3,1456395.3,DJP,1931739.5,0.0,,,,129,1380.5,178084.5,,,,6183,48.0,296784.0,,,,97152,5.5,534336.0,372659,1.2,447190.8,744482.4,1187257.1
2016-03-23,7,12,36,37,38,45,43,847103.8,JP,744482.4,0.0,,,,65,1718.0,111670.0,,,,3424,54.3,185923.2,,,,58274,5.7,332161.8,181124,1.2,217348.8,,744482.4
2016-03-20,9,30,32,35,37,41,8,4787521.6,1,3212442.0,3212442.0,,,,121,1613.8,195269.8,,,,6183,52.6,325225.8,,,,103620,5.6,580272.0,395260,1.2,474312.0,1910637.1,1301804.9
2016-03-16,7,9,12,27,30,43,35,1134754.0,DJP,1910637.1,0.0,,,,134,1120.8,150187.2,,,,6652,37.6,250115.2,,,,101202,4.4,445288.8,240969,1.2,289162.8,909389.0,1001248.1
2016-03-13,7,18,19,21,30,42,34,1037532.8,JP,909389.0,0.0,,,,115,1186.1,136401.5,,,,5025,45.2,227130.0,,,,82965,4.9,406528.5,222894,1.2,267472.8,,909389.0
2016-03-09,8,16,25,32,34,37,21,1916293.1,1,1000000.0,1000000.0,,,,95,1212.1,115149.5,,,,3797,50.5,191748.5,,,,60823,5.7,346691.1,218920,1.2,262704.0,,1000000.0
2016-03-06,2,16,18,20,28,34,42,2047173.2,1,1000000.0,1000000.0,,,,127,1084.9,137782.3,,,,5207,44.1,229628.7,,,,82221,5.0,411105.0,223881,1.2,268657.2,,1000000.0
2016-03-02,7,9,11,17,19,35,30,1891129.5,1,1000000.0,1000000.0,,,,160,736.7,117872.0,,,,6233,31.5,196339.5,,,,86805,4.0,347220.0,191415,1.2,229698.0,,1000000.0
2016-02-28,9,14,29,35,37,43,21,2088057.9,1,1000000.0,1000000.0,,,,93,1489.0,138477.0,,,,4185,55.1,230593.5,,,,71453,5.8,414427.4,253800,1.2,304560.0,,1000000.0
2016-02-24,4,17,18,23,31,40,20,4757350.8,4,824214.2,3296856.8,,,,138,1370.4,189115.2,,,,6578,47.9,315086.2,,,,104773,5.4,565774.2,325432,1.2,390518.4,2036070.5,-1211856.3
2016-02-21,1,8,12,29,35,41,2,1451592.8,DJP,2036070.5,0.0,,,,128,1454.7,186201.6,,,,6349,48.8,309831.2,,,,107148,5.2,557169.6,331992,1.2,398390.4,794689.1,1241381.4
2016-02-17,4,6,14,28,31,35,40,912606.4,JP,794689.1,0.0,,,,85,1402.3,119195.5,,,,4350,45.6,198360.0,,,,70359,5.1,358830.9,196850,1.2,236220.0,,794689.1
2016-02-14,8,10,11,29,33,42,2,7135153.0,1,5103956.3,5103956.3,,,,193,1364.4,263329.2,,,,10037,43.7,438616.9,,,,161026,4.9,789027.4,450186,1.2,540223.2,3348332.6,1755623.7
2016-02-10,2,4,8,10,33,35,16,1478609.4,3JP,3348332.6,0.0,,,,161,1192.2,191944.2,,,,7533,42.4,319399.2,,,,120208,4.8,576998.4,325223,1.2,390267.6,2068602.4,1279730.2
2016-02-07,3,18,33,34,35,41,27,1487884.1,DJP,2068602.4,0.0,,,,142,1320.4,187496.8,,,,5982,52.2,312260.4,,,,102703,5.5,564866.5,352717,1.2,423260.4,818539.0,1250063.4
2016-02-03,5,12,18,25,32,39,24,943428.8,JP,818539.0,0.0,,,,112,1096.2,122774.4,,,,4317,47.4,204625.8,,,,69430,5.3,367979.0,206708,1.2,248049.6,,818539.0
2016-01-31,17,18,22,38,39,41,34,13260044.0,3,3293968.4,9881905.2,,,,346,1275.2,441219.2,,,,14796,49.7,735361.2,,,,245040,5.4,1323216.0,731952,1.2,878342.4,6940319.6,-3646351.2
2016-01-27,9,13,15,26,36,42,8,2497125.2,5JP,6940319.6,0.0,,,,238,1321.9,314612.2,,,,10846,48.3,523861.8,,,,180373,5.2,937939.6,600593,1.2,720711.6,4842856.7,2097462.9
2016-01-24,9,15,18,20,23,30,19,1904756.9,4JP,4842856.7,0.0,,,,155,1575.7,244233.5,,,,8957,45.4,406647.8,,,,145076,5.0,725380.0,440413,1.2,528495.6,3214604.1,1628252.6
2016-01-20,3,22,24,29,30,35,31,1422512.2,3JP,3214604.1,0.0,,,,118,1580.2,186463.6,,,,6054,51.3,310570.2,,,,103960,5.4,561384.0,303412,1.2,364094.4,1971487.7,1243116.4
2016-01-17,6,7,22,26,27,30,9,1395240.5,DJP,1971487.7,0.0,,,,143,1247.9,178449.7,,,,7034,42.2,296834.8,,,,111400,4.8,534720.0,321030,1.2,385236.0,781730.3,1189757.4
2016-01-13,8,10,17,19,24,34,43,891579.8,JP,781730.3,0.0,,,,94,1247.4,117255.6,,,,4923,39.6,194950.8,,,,75713,4.6,348279.8,192578,1.2,231093.6,,781730.3
2016-01-10,3,6,9,17,22,24,20,3412611.2,2,991288.4,1982576.8,,,,217,864.6,187618.2,,,,9178,34.0,312052.0,,,,131895,4.2,553959.0,313671,1.2,376405.2,731671.5,259616.9
2016-01-06,12,19,26,34,38,41,37,820596.8,JP,731671.5,0.0,,,,83,1322.2,109742.6,,,,3860,47.3,182578.0,,,,59930,5.5,329615.0,165551,1.2,198661.2,,731671.5
2016-01-03,10,11,16,18,30,34,42,4730607.4,1,3293507.6,3293507.6,,,,146,1286.9,187887.4,,,,6160,50.8,312928.0,,,,108570,5.2,564564.0,309767,1.2,371720.4,2040913.9,1252593.7
2015-12-30,2,7,18,35,36,38,17,1486104.5,JP,2040913.9,0.0,,,,100,1880.6,188060.0,,,,6137,51.0,312987.0,,,,102597,5.5,564283.5,350645,1.2,420774.0,787135.6,1253778.3
2015-12-27,1,6,17,22,35,40,16,914963.7,JP,787135.6,0.0,,,,87,1357.1,118067.7,,,,4095,48.0,196560.0,,,,67473,5.2,350859.6,207897,1.2,249476.4,,787135.6
2015-12-23,6,11,22,23,28,38,44,3674968.2,1,2206875.0,2206875.0,,,,154,1252.3,192854.2,,,,7095,45.3,321403.5,,,,117815,4.9,577293.5,313785,1.2,376542.0,921093.9,1285781.1
2015-12-20,4,5,14,18,23,43,44,1048789.2,JP,921093.9,0.0,,,,91,1518.2,138156.2,,,,4979,46.2,230029.8,,,,82286,5.0,411430.0,224311,1.2,269173.2,,921093.9
2015-12-16,8,9,10,31,40,45,21,4797876.8,5,654652.0,3273260.0,,,,142,1384.9,196655.8,,,,7124,46.0,327704.0,,,,118503,5.0,592515.0,339785,1.2,407742.0,1962190.2,-1307538.2
2015-12-13,5,11,18,25,34,39,31,1375938.0,DJP,1962190.2,0.0,,,,123,1472.3,181092.9,,,,6349,47.5,301577.5,,,,104327,5.2,542500.4,292306,1.2,350767.2,754900.4,1207289.8
2015-12-09,8,12,21,29,38,42,17,891138.0,JP,754900.4,0.0,,,,106,1068.2,113229.2,,,,4366,43.2,188611.2,,,,67562,5.0,337810.0,209573,1.2,251487.6,,754900.4
2015-12-06,5,11,19,27,38,41,44,3412619.1,1,2020491.4,2020491.4,,,,181,1018.1,184276.1,,,,7646,40.1,306604.6,,,,115846,4.7,544476.2,297309,1.2,356770.8,791961.4,1228530.0
2015-12-02,5,11,23,24,25,44,20,910508.0,JP,791961.4,0.0,,,,94,1263.7,118787.8,,,,4440,44.5,197580.0,,,,70829,5.0,354145.0,199996,1.2,239995.2,,791961.4
2015-11-29,4,5,6,18,33,38,8,4898606.4,1,3277314.8,3277314.8,,,,141,1469.3,207171.3,,,,7025,49.1,344927.5,,,,119388,5.2,620817.6,373646,1.2,448375.2,1896127.3,1381187.5
2015-11-25,20,22,26,29,34,43,35,1154369.9,DJP,1896127.3,0.0,,,,119,1274.7,151689.3,,,,5275,47.9,252672.5,,,,85557,5.3,453452.1,247130,1.2,296556.0,884838.5,1011288.8
2015-11-22,8,13,14,18,23,25,36,1008694.6,JP,884838.5,0.0,,,,91,1458.5,132723.5,,,,4422,50.0,221100.0,,,,75031,5.3,397664.3,214339,1.2,257206.8,,884838.5
2015-11-18,18,27,28,29,37,42,30,1879448.0,1,1000000.0,1000000.0,,,,95,1190.6,113107.0,,,,3778,49.9,188522.2,,,,61664,5.5,339152.0,198889,1.2,238666.8,,1000000.0
2015-11-15,4,8,11,15,35,41,25,3293786.3,1,1947996.7,1947996.7,,,,144,1234.1,177710.4,,,,6818,43.4,295901.2,,,,110150,4.8,528720.0,286215,1.2,343458.0,763178.2,1184818.5
2015-11-11,19,22,24,32,33,42,13,897033.2,JP,763178.2,0.0,,,,83,1379.2,114473.6,,,,3848,49.5,190476.0,,,,63096,5.4,340718.4,209471,1.2,251365.2,,763178.2
2015-11-08,3,7,18,35,37,40,34,2068543.3,2,500000.0,1000000.0,,,,90,1545.8,139122.0,,,,4627,50.1,231812.7,,,,77701,5.4,419585.4,231686,1.2,278023.2,,500000.0
2015-11-04,8,16,20,24,28,45,18,6853296.5,1,4968264.5,4968264.5,,,,222,1111.5,246753.0,,,,10139,40.5,410629.5,,,,150927,4.9,739542.3,406756,1.2,488107.2,3323223.7,1645040.8
2015-11-01,23,32,33,34,44,45,4,1755628.2,3JP,3323223.7,0.0,,,,197,1114.2,219497.4,,,,7581,48.2,365404.2,,,,121947,5.4,658513.8,426844,1.2,512212.8,1859787.5,1463436.2
2015-10-28,1,5,6,17,18,22,23,1122921.3,DJP,1859787.5,0.0,,,,171,851.1,145538.1,,,,6138,39.5,242451.0,,,,96078,4.5,432351.0,252151,1.2,302581.2,889511.4,970276.1
2015-10-25,10,13,31,37,41,44,30,1032925.4,JP,889511.4,0.0,,,,80,1667.8,133424.0,,,,4236,52.4,221966.4,,,,69802,5.7,397871.4,233053,1.2,279663.6,,889511.4
2015-10-21,5,6,7,19,22,43,39,6790890.1,2,2483722.4,4967444.8,,,,210,1133.9,238119.0,,,,10518,37.7,396528.6,,,,157593,4.5,709168.5,399691,1.2,479629.2,3379923.4,-896201.0
2015-10-18,5,14,15,20,29,44,10,1666150.6,3JP,3379923.4,0.0,,,,162,1304.6,211345.2,,,,7470,47.1,351837.0,,,,121630,5.2,632476.0,392077,1.2,470492.4,1970936.5,1408986.9
2015-10-14,2,3,14,30,39,40,11,1272015.7,DJP,1970936.5,0.0,,,,95,1694.8,161006.0,,,,5392,49.7,267982.4,,,,90681,5.3,480609.3,302015,1.2,362418.0,897552.6,1073383.9
2015-10-11,15,20,23,26,29,35,19,1072187.5,JP,897552.6,0.0,,,,109,1235.1,134625.9,,,,4954,45.2,223920.8,,,,78011,5.2,405657.2,256653,1.2,307983.6,,897552.6
2015-10-07,14,16,31,40,41,45,36,4639243.6,2,1594656.4,3189312.8,,,,134,1412.4,189261.6,,,,6245,50.5,315372.5,,,,102885,5.5,565867.5,316191,1.2,379429.2,1927523.2,-332866.8
2015-10-04,4,7,8,10,17,34,5,1386120.5,DJP,1927523.2,0.0,,,,183,969.9,177491.7,,,,7732,38.2,295362.4,,,,120161,4.4,528708.4,320465,1.2,384558.0,744166.1,1183357.1
2015-09-30,21,22,27,31,34,36,32,843111.0,JP,744166.1,0.0,,,,57,1958.3,111623.1,,,,3539,52.5,185797.5,,,,61786,5.4,333644.4,176705,1.2,212046.0,,744166.1
2015-09-27,7,9,12,34,35,36,24,3196614.0,1,1881149.3,1881149.3,,,,144,1195.5,172152.0,,,,5753,49.8,286499.4,,,,97745,5.3,518048.5,282304,1.2,338764.8,733412.6,1147736.7
2015-09-23,18,29,38,39,42,45,5,904979.1,JP,733412.6,0.0,,,,66,1666.8,110008.8,,,,3549,51.6,183128.4,,,,57327,5.7,326763.9,237565,1.2,285078.0,,733412.6
2015-09-20,9,15,26,32,41,44,38,3225777.1,1,1904020.3,1904020.3,,,,127,1369.4,173913.8,,,,6090,47.5,289275.0,,,,100270,5.2,521404.0,280970,1.2,337164.0,741553.2,1162467.1
2015-09-16,1,13,20,29,43,44,36,847153.2,JP,741553.2,0.0,,,,64,1738.0,111232.0,,,,3418,54.2,185255.6,,,,59637,5.6,333967.2,180582,1.2,216698.4,,741553.2
2015-09-13,6,10,13,33,36,42,11,2068105.3,2,500000.0,1000000.0,,,,115,1161.5,133572.5,,,,5151,43.2,222523.2,,,,79256,5.0,396280.0,263108,1.2,315729.6,,500000.0
2015-09-09,5,6,10,15,24,40,23,1888708.3,1,1000000.0,1000000.0,,,,103,1128.1,116194.3,,,,5060,38.2,193292.0,,,,76652,4.5,344934.0,195240,1.2,234288.0,,1000000.0
2015-09-06,9,20,26,29,41,42,6,5107341.9,1,3402298.7,3402298.7,,,,154,1406.8,216647.2,,,,7564,47.7,360802.8,,,,124836,5.2,649147.2,398705,1.2,478446.0,1957890.1,1444408.6
2015-09-02,8,12,17,24,43,45,36,1217796.0,DJP,1957890.1,0.0,,,,113,1431.9,161804.7,,,,5862,46.0,269652.0,,,,98181,4.9,481086.9,254377,1.2,305252.4,879166.4,1078723.7
2015-08-30,13,14,15,29,37,45,33,1024292.8,JP,879166.4,0.0,,,,91,1449.1,131868.1,,,,4368,50.3,219710.4,,,,69431,5.7,395756.7,230798,1.2,276957.6,,879166.4
2015-08-26,3,7,19,23,24,34,16,1886706.0,1,1000000.0,1000000.0,,,,110,1051.3,115643.0,,,,4770,40.4,192708.0,,,,75918,4.5,341631.0,197270,1.2,236724.0,,1000000.0
2015-08-23,12,27,29,34,36,40,22,4909465.7,1,3290920.1,3290920.1,,,,144,1444.6,208022.4,,,,6866,50.4,346046.4,,,,114922,5.4,620578.8,369915,1.2,443898.0,1904047.7,1386872.4
2015-08-19,6,10,12,23,24,36,11,1288584.9,DJP,1904047.7,0.0,,,,132,1226.4,161884.8,,,,7515,35.9,269788.5,,,,101172,4.8,485625.6,309405,1.2,371286.0,824800.4,1079247.3
2015-08-16,1,2,12,28,32,34,13,966064.3,JP,824800.4,0.0,,,,67,1846.5,123715.5,,,,4091,50.4,206186.4,,,,70516,5.2,366683.2,224566,1.2,269479.2,,824800.4
2015-08-12,7,24,30,35,38,39,36,12956894.7,1,9643151.7,9643151.7,,,,246,1759.6,432861.6,,,,14126,51.0,720426.0,,,,236766,5.5,1302213.0,715202,1.2,858242.4,6757324.1,2885827.6
2015-08-09,1,9,26,30,36,38,13,2411086.9,5JP,6757324.1,0.0,,,,234,1323.8,309769.2,,,,10407,49.6,516187.2,,,,174185,5.3,923180.5,551625,1.2,661950.0,4692047.6,2065276.5
2015-08-05,11,15,24,32,35,40,38,1738811.2,4JP,4692047.6,0.0,,,,207,1100.3,227762.1,,,,8591,44.1,378863.1,,,,131317,5.2,682848.4,374448,1.2,449337.6,3173615.8,1518431.8
2015-08-02,2,5,22,25,33,39,28,1578557.8,3JP,3173615.8,0.0,,,,159,1272.2,202279.8,,,,7366,45.7,336626.2,,,,120453,5.0,602265.0,364489,1.2,437386.8,1825059.8,1348556.0
2015-07-29,2,11,15,20,30,44,3,1190165.3,DJP,1825059.8,0.0,,,,122,1215.1,148242.2,,,,5669,43.5,246601.5,,,,86564,5.1,441476.4,294871,1.2,353845.2,836710.1,988349.7
2015-07-26,2,3,7,11,28,34,35,944685.2,JP,836710.1,0.0,,,,122,1028.7,125501.4,,,,5818,35.9,208866.2,,,,88950,4.2,373590.0,197273,1.2,236727.6,,836710.1
2015-07-22,6,11,22,30,38,43,13,1835813.2,1,1000000.0,1000000.0,,,,77,1389.3,106976.1,,,,3626,49.1,178036.6,,,,60133,5.3,318704.9,193413,1.2,232095.6,,1000000.0
2015-07-19,1,4,18,28,40,43,37,4652052.6,1,3184127.6,3184127.6,,,,155,1252.8,194184.0,,,,6774,47.7,323119.8,,,,112636,5.2,585707.2,304095,1.2,364914.0,1889495.7,1294631.9
2015-07-15,3,15,17,25,28,33,1,1182495.8,DJP,1889495.7,0.0,,,,155,987.4,153047.0,,,,6662,38.2,254488.4,,,,98908,4.6,454976.8,266653,1.2,319983.6,869132.5,1020363.2
2015-07-12,2,3,12,20,21,25,26,1020978.2,JP,869132.5,0.0,,,,127,1026.5,130365.5,,,,5241,41.4,216977.4,,,,83067,4.7,390414.9,236017,1.2,283220.4,,869132.5
2015-07-08,1,4,8,11,38,39,16,4425087.0,1,3062246.4,3062246.4,,,,158,1122.2,177307.6,,,,6665,44.3,295259.5,,,,108787,4.9,533056.3,297681,1.2,357217.2,1880116.3,1182130.1
2015-07-05,16,20,25,27,35,36,26,1316998.9,DJP,1880116.3,0.0,,,,103,1616.2,166468.6,,,,5403,51.3,277173.9,,,,88890,5.6,497784.0,312977,1.2,375572.4,770257.9,1109858.4
2015-07-01,22,23,26,30,35,42,19,920304.6,JP,770257.9,0.0,,,,72,1604.7,115538.4,,,,3622,53.1,192328.2,,,,60864,5.7,346924.8,221261,1.2,265513.2,,770257.9
2015-06-28,6,13,22,26,33,44,2,2012254.0,2,500000.0,1000000.0,,,,148,880.5,130314.0,,,,5560,39.0,216840.0,,,,80386,4.8,385852.8,232706,1.2,279247.2,,500000.0
2015-06-24,5,6,14,19,28,31,35,3098056.5,4,480638.4,1922553.6,,,,149,1034.2,154095.8,,,,6685,38.4,256704.0,,,,98645,4.7,463631.5,250893,1.2,301071.6,895240.2,-414601.8
2015-06-21,14,21,25,37,39,43,1,1068795.3,JP,895240.2,0.0,,,,79,1699.8,134284.2,,,,4239,52.7,223395.3,,,,70370,5.7,401109.0,258339,1.2,310006.8,,895240.2
2015-06-17,3,16,23,33,39,43,32,4510640.7,1,3095490.7,3095490.7,,,,231,801.0,185031.0,,,,9723,31.7,308219.1,,,,118765,4.7,558195.5,303087,1.2,363704.4,1861906.0,1233584.7
2015-06-14,18,27,28,33,37,42,17,1318336.8,DJP,1861906.0,0.0,,,,106,1576.9,167151.4,,,,5920,47.0,278240.0,,,,92829,5.4,501276.6,309724,1.2,371668.8,747520.5,1114385.5
2015-06-10,5,9,19,24,34,43,41,845266.4,JP,747520.5,0.0,,,,109,1028.6,112117.4,,,,4611,40.5,186745.5,,,,71241,4.7,334832.7,176309,1.2,211570.8,,747520.5
2015-06-07,1,4,8,12,23,24,21,3114347.0,1,1884252.3,1884252.3,,,,222,709.4,157486.8,,,,8201,32.0,262432.0,,,,108877,4.3,468171.1,285004,1.2,342004.8,834267.0,1049985.3
2015-06-03,8,10,17,33,36,45,38,938290.6,JP,834267.0,0.0,,,,79,1584.0,125136.0,,,,4904,42.5,208420.0,,,,76734,4.9,375996.6,190615,1.2,228738.0,,834267.0
2015-05-31,7,11,22,35,43,44,10,5000603.3,1,3321691.1,3321691.1,,,,162,1301.9,210907.8,,,,7866,44.6,350823.6,,,,124052,5.1,632665.2,403763,1.2,484515.6,1915609.5,1406081.6
2015-05-27,16,21,25,33,36,38,13,1170287.2,DJP,1915609.5,0.0,,,,108,1378.0,148824.0,,,,4883,50.7,247568.1,,,,80893,5.5,444911.5,274153,1.2,328983.6,923391.4,992218.1
2015-05-24,5,8,9,21,24,32,2,1070477.5,JP,923391.4,0.0,,,,146,948.6,138495.6,,,,5798,39.8,230760.4,,,,92839,4.5,417775.5,236205,1.2,283446.0,,923391.4
2015-05-20,5,6,12,22,32,45,9,3304581.2,2,1000131.9,2000263.8,,,,147,1121.4,164845.8,,,,6456,42.5,274380.0,,,,101432,4.9,497016.8,306729,1.2,368074.8,901244.4,98887.5
2015-05-17,4,5,12,15,35,43,44,1018923.9,JP,901244.4,0.0,,,,62,2180.4,135184.8,,,,4901,45.9,224955.9,,,,83243,4.8,399566.4,216014,1.2,259216.8,,901244.4
2015-05-13,1,2,20,23,40,45,33,6907837.9,1,5052523.5,5052523.5,,,,160,1493.0,238880.0,,,,9158,43.4,397457.2,,,,136372,5.2,709134.4,424869,1.2,509842.8,3459933.0,1592590.5
2015-05-10,2,23,26,30,35,44,41,1659586.5,3JP,3459933.0,0.0,,,,155,1404.7,217728.5,,,,7258,49.9,362174.2,,,,120007,5.4,648037.8,359705,1.2,431646.0,2008363.9,1451569.1
2015-05-06,5,10,20,33,36,37,41,1280465.1,DJP,2008363.9,0.0,,,,170,987.4,167858.0,,,,6093,45.9,279668.7,,,,97315,5.2,506038.0,272417,1.2,326900.4,889275.0,1119088.9
2015-05-03,1,8,13,27,37,42,26,1052547.0,JP,889275.0,0.0,,,,108,1235.1,133390.8,,,,4718,47.1,222217.8,,,,78144,5.1,398534.4,248670,1.2,298404.0,,889275.0
2015-04-29,12,17,26,27,29,39,13,13800544.7,3,3334522.1,10003566.3,,,,421,1167.2,491391.2,,,,20656,39.6,817977.6,,,,320928,4.6,1476268.8,842784,1.2,1011340.8,6727498.5,-3392976.4
2015-04-26,6,13,29,34,35,40,41,2325733.6,5JP,6727498.5,0.0,,,,198,1537.4,304405.2,,,,9612,52.7,506552.4,,,,164812,5.5,906466.0,506925,1.2,608310.0,4698078.3,2029420.2
2015-04-22,3,9,12,27,33,34,39,1694554.0,4JP,4698078.3,0.0,,,,207,1069.7,221427.9,,,,9683,38.1,368922.3,,,,144031,4.6,662542.6,368051,1.2,441661.2,3221783.7,1476294.6
2015-04-19,3,6,7,9,20,37,30,1535962.2,3JP,3221783.7,0.0,,,,157,1288.8,202341.6,,,,8814,38.2,336694.8,,,,134894,4.5,607023.0,324919,1.2,389902.8,1872748.0,1349035.7
2015-04-15,4,5,13,26,38,43,24,1140313.2,DJP,1872748.0,0.0,,,,110,1349.3,148423.0,,,,5516,44.8,247116.8,,,,89175,5.0,445875.0,249082,1.2,298898.4,883204.7,989543.3
2015-04-12,17,26,29,30,43,44,6,1060562.0,JP,883204.7,0.0,,,,73,1814.8,132480.4,,,,4554,48.4,220413.6,,,,75392,5.3,399577.6,256742,1.2,308090.4,,883204.7
2015-04-08,1,2,4,5,13,22,30,1807422.4,1,1000000.0,1000000.0,,,,152,702.1,106719.2,,,,6943,25.6,177740.8,,,,75990,4.2,319158.0,169837,1.2,203804.4,,1000000.0
2015-04-05,7,10,16,21,23,28,18,4957131.0,1,3309743.2,3309743.2,,,,195,1111.9,216820.5,,,,9427,38.3,361054.1,,,,146394,4.4,644133.6,354483,1.2,425379.6,1864221.9,1445521.3
2015-04-01,12,24,26,29,31,33,39,1147329.6,DJP,1864221.9,0.0,,,,95,1576.0,149720.0,,,,4950,50.4,249480.0,,,,85642,5.2,445338.4,252326,1.2,302791.2,866083.6,998138.3
2015-03-29,4,14,18,20,28,33,2,1017853.6,JP,866083.6,0.0,,,,101,1286.2,129906.2,,,,4978,43.4,216045.2,,,,78357,5.0,391785.0,233431,1.2,280117.2,,866083.6
2015-03-25,2,14,17,30,33,41,13,1856466.7,1,1000000.0,1000000.0,,,,89,1232.7,109710.3,,,,4043,45.2,182743.6,,,,62747,5.2,326284.4,198107,1.2,237728.4,,1000000.0
2015-03-22,3,4,11,27,28,45,21,2032949.7,1,1000000.0,1000000.0,,,,119,1131.5,134648.5,,,,5980,37.5,224250.0,,,,91286,4.4,401658.4,226994,1.2,272392.8,,1000000.0
2015-03-18,7,10,18,21,32,45,35,4646682.5,4,812588.7,3250354.8,,,,160,1155.1,184816.0,,,,6951,44.3,307929.3,,,,110276,5.0,551380.0,293502,1.2,352202.4,2018141.7,-1205553.0
2015-03-15,2,7,10,33,35,38,9,1478256.0,DJP,2018141.7,0.0,,,,146,1268.7,185230.2,,,,6509,47.4,308526.6,,,,109352,5.1,557695.2,355670,1.2,426804.0,783268.1,1234873.6
2015-03-11,3,5,6,14,17,39,32,882313.6,JP,783268.1,0.0,,,,92,1277.0,117484.0,,,,5307,36.8,195297.6,,,,83592,4.2,351086.4,182038,1.2,218445.6,,783268.1
2015-03-08,6,13,16,31,43,44,45,3402954.1,2,998582.3,1997164.6,,,,124,1468.3,182069.2,,,,5918,51.2,303001.6,,,,99229,5.5,545759.5,312466,1.2,374959.2,783341.1,215241.2
2015-03-04,4,20,22,28,32,38,43,911628.2,JP,783341.1,0.0,,,,62,1895.1,117496.2,,,,4045,48.4,195778.0,,,,67705,5.2,352066.0,205240,1.2,246288.0,,783341.1
2015-03-01,4,5,8,18,26,42,28,3553003.8,1,2065533.0,2065533.0,,,,184,1039.6,191286.4,,,,7784,40.9,318365.6,,,,119914,4.8,575587.2,335193,1.2,402231.6,790187.7,1275345.3
2015-02-25,2,5,12,18,22,44,6,929144.3,JP,790187.7,0.0,,,,113,1048.9,118525.7,,,,4761,41.4,197105.4,,,,73698,4.8,353750.4,216469,1.2,259762.8,,790187.7
2015-02-22,2,13,16,17,20,22,3,3473068.5,1,2011181.3,2011181.3,,,,137,1348.7,184771.9,,,,6218,49.5,307791.0,,,,107753,5.1,549540.3,349820,1.2,419784.0,779299.3,1231882.0
2015-02-18,9,12,14,20,25,27,34,881284.4,JP,779299.3,0.0,,,,92,1270.5,116886.0,,,,4463,43.6,194586.8,,,,71316,4.9,349448.4,183636,1.2,220363.2,,779299.3
2015-02-15,5,9,14,26,36,38,19,5310195.0,1,3585579.6,3585579.6,,,,166,1330.4,220846.4,,,,8311,44.2,367346.2,,,,130456,5.1,665325.6,392581,1.2,471097.2,2113211.3,1472368.3
2015-02-11,8,12,18,19,35,37,32,1294359.1,DJP,2113211.3,0.0,,,,115,1470.1,169061.5,,,,5656,49.8,281668.8,,,,93760,5.4,506304.0,281104,1.2,337324.8,986086.2,1127125.1
2015-02-08,2,15,19,23,31,42,24,1143725.0,JP,986086.2,0.0,,,,97,1524.8,147905.6,,,,4976,49.5,246312.0,,,,82057,5.4,443107.8,255333,1.2,306399.6,,986086.2
2015-02-04,10,17,19,27,28,30,42,3455016.5,2,1072726.0,2145452.0,,,,162,1070.9,173485.8,,,,7469,38.7,289050.3,,,,114512,4.5,515304.0,276437,1.2,331724.4,988875.5,83850.5
2015-02-01,3,5,23,28,30,45,35,1116686.8,JP,988875.5,0.0,,,,113,1312.6,148323.8,,,,5812,42.5,247010.0,,,,93930,4.7,441471.0,233235,1.2,279882.0,,988875.5
2015-01-28,8,10,12,21,26,36,43,9965020.3,3,2477620.1,7432860.3,,,,299,1097.7,328212.3,,,,13423,40.7,546316.1,,,,209020,4.7,982394.0,562698,1.2,675237.6,5244729.6,-2767109.5
2015-01-25,14,31,34,36,41,42,21,2094310.0,4JP,5244729.6,0.0,,,,170,1557.7,264809.0,,,,8362,52.7,440677.4,,,,138496,5.7,789427.2,499497,1.2,599396.4,3479318.2,1765411.4
2015-01-21,6,10,11,12,17,21,23,1529561.3,3JP,3479318.2,0.0,,,,218,916.2,199731.6,,,,9529,34.9,332562.1,,,,139120,4.3,598216.0,332543,1.2,399051.6,2147676.9,1331641.3
2015-01-18,10,13,26,28,36,44,33,1498313.4,DJP,2147676.9,0.0,,,,159,1218.0,193662.0,,,,7171,45.0,322695.0,,,,113116,5.1,576891.6,337554,1.2,405064.8,856535.3,1291141.6
2015-01-14,9,13,24,28,33,40,18,969114.5,JP,856535.3,0.0,,,,111,1157.4,128471.4,,,,4938,43.3,213815.4,,,,77825,4.9,381342.5,204571,1.2,245485.2,,856535.3
2015-01-11,2,8,13,16,25,39,38,7495760.5,3,1815381.6,5446144.8,,,,168,1600.1,268816.8,,,,10051,44.5,447269.5,,,,160773,5.0,803865.0,441387,1.2,529664.4,3653984.0,-1838602.4
2015-01-07,1,17,22,28,37,42,16,1543193.5,3JP,3653984.0,0.0,,,,139,1421.5,197588.5,,,,6610,49.8,329178.0,,,,109527,5.4,591445.8,354151,1.2,424981.2,2336713.3,1317270.7
2015-01-04,5,18,31,34,42,45,9,1484952.1,DJP,2336713.3,0.0,,,,117,1563.1,182882.7,,,,5698,53.4,304273.2,,,,95113,5.8,551655.4,371784,1.2,446140.8,1117423.1,1219290.2
2014-12-31,4,7,16,20,22,44,11,1313547.4,JP,1117423.1,0.0,,,,137,1223.4,167605.8,,,,6353,43.9,278896.7,,,,102197,4.9,500765.3,305233,1.2,366279.6,,1117423.1
2014-12-28,1,3,8,21,24,31,27,12736786.6,2,4948360.3,9896720.6,,,,347,1034.4,358936.8,,,,14026,42.6,597507.6,,,,220280,4.9,1079372.0,670208,1.2,804249.6,7503681.3,-2555321.0
2014-12-24,3,4,5,12,29,42,1,2793544.7,5JP,7503681.3,0.0,,,,248,1471.2,364857.6,,,,13903,43.7,607561.1,,,,226301,4.8,1086244.8,612401,1.2,734881.2,5071207.2,2432474.1
2014-12-21,4,11,17,35,38,45,23,2062812.2,4JP,5071207.2,0.0,,,,212,1261.5,267438.0,,,,9589,46.4,444929.6,,,,155674,5.1,793937.4,463756,1.2,556507.2,3288200.6,1783006.6
2014-12-17,15,19,23,24,26,45,9,1567748.4,3JP,3288200.6,0.0,,,,146,1351.2,197275.2,,,,6651,49.4,328559.4,,,,111762,5.3,592338.6,374646,1.2,449575.2,1972944.2,1315256.4
2014-12-14,3,13,32,35,40,44,4,1466540.4,DJP,1972944.2,0.0,,,,159,1162.0,184758.0,,,,6689,46.0,307694.0,,,,105256,5.2,547331.2,355631,1.2,426757.2,741198.3,1231745.9
2014-12-10,4,5,13,32,40,41,28,864986.7,JP,741198.3,0.0,,,,81,1372.5,111172.5,,,,3699,50.0,184950.0,,,,61453,5.4,331846.2,197515,1.2,237018.0,,741198.3
2014-12-07,1,2,4,6,24,25,45,3417180.1,1,2010898.8,2010898.8,,,,203,905.5,183816.5,,,,9836,31.1,305899.6,,,,116456,4.7,547343.2,307685,1.2,369222.0,785361.5,1225537.3
2014-12-03,10,23,30,37,41,42,32,896501.3,JP,785361.5,0.0,,,,69,1707.3,117803.7,,,,3630,54.0,196020.0,,,,60842,5.8,352883.6,191495,1.2,229794.0,,785361.5
2014-11-30,1,8,28,33,34,42,40,4972942.1,1,3350408.7,3350408.7,,,,184,1147.8,211195.2,,,,7747,45.4,351713.8,,,,122194,5.2,635408.8,353513,1.2,424215.6,1942375.4,1408033.3
2014-11-26,7,31,32,39,41,44,17,1221480.4,DJP,1942375.4,0.0,,,,98,1581.0,154938.0,,,,4885,52.8,257928.0,,,,82898,5.6,464228.8,286988,1.2,344385.6,909430.0,1032945.4
2014-11-23,7,14,19,26,28,43,4,1054998.2,JP,909430.0,0.0,,,,126,1082.6,136407.6,,,,5532,41.0,226812.0,,,,87569,4.6,402817.4,240801,1.2,288961.2,,909430.0
2014-11-19,6,12,21,38,42,45,31,3205696.6,2,1000440.4,2000880.8,,,,146,1085.8,158526.8,,,,5864,45.0,263880.0,,,,92990,5.1,474249.0,256800,1.2,308160.0,943948.5,56491.9
2014-11-16,16,23,36,39,40,43,22,1120919.6,JP,943948.5,0.0,,,,99,1430.2,141589.8,,,,4609,51.2,235980.8,,,,78837,5.4,425719.8,264691,1.2,317629.2,,943948.5
2014-11-12,3,10,18,29,37,39,22,4837159.5,1,3319513.6,3319513.6,,,,162,1203.7,194999.4,,,,6859,47.3,324430.7,,,,114386,5.1,583368.6,345706,1.2,414847.2,2019426.1,1300087.5
2014-11-09,4,5,13,17,27,40,32,1393783.3,DJP,2019426.1,0.0,,,,196,941.7,184573.2,,,,8463,36.3,307206.9,,,,124211,4.4,546528.4,296229,1.2,355474.8,788860.1,1230566.0
2014-11-05,13,17,19,28,30,44,6,927669.2,JP,788860.1,0.0,,,,80,1479.1,118328.0,,,,4272,46.1,196939.2,,,,69260,5.1,353226.0,215980,1.2,259176.0,,788860.1
2014-11-02,17,29,30,38,43,45,21,4751428.4,1,3201429.2,3201429.2,,,,142,1384.0,196528.0,,,,6397,51.2,327526.4,,,,108588,5.4,586375.2,366308,1.2,439569.6,1891165.6,1310263.6
2014-10-29,2,9,11,23,25,29,15,1159955.6,DJP,1891165.6,0.0,,,,145,1044.9,151510.5,,,,6847,36.8,251969.6,,,,99867,4.5,449401.5,255895,1.2,307074.0,881042.2,1010123.4
2014-10-26,3,4,6,12,29,39,34,997481.6,JP,881042.2,0.0,,,,131,1008.8,132152.8,,,,5972,36.8,219769.6,,,,93094,4.2,390994.8,212137,1.2,254564.4,,881042.2
2014-10-22,10,15,30,32,37,40,2,1885861.3,1,1000000.0,1000000.0,,,,91,1226.1,111575.1,,,,3810,48.8,185928.0,,,,61783,5.4,333628.2,212275,1.2,254730.0,,1000000.0
2014-10-19,7,9,20,25,30,32,21,3315410.5,1,1939892.0,1939892.0,,,,108,1626.7,175683.6,,,,6346,46.1,292550.6,,,,103189,5.1,526263.9,317517,1.2,381020.4,768604.9,1171287.1
2014-10-15,4,5,27,29,30,36,9,911902.6,JP,768604.9,0.0,,,,74,1557.9,115284.6,,,,3874,49.6,192150.4,,,,66240,5.2,344448.0,216683,1.2,260019.6,,768604.9
2014-10-12,1,2,27,38,39,45,34,4962355.0,1,3372238.2,3372238.2,,,,144,1444.3,207979.2,,,,6956,49.8,346408.8,,,,119704,5.2,622460.8,344390,1.2,413268.0,1985614.2,1386624.0
2014-10-08,10,13,20,26,29,43,38,1187948.8,DJP,1985614.2,0.0,,,,118,1328.3,156739.4,,,,5396,48.4,261166.4,,,,92506,5.1,471780.6,248552,1.2,298262.4,940649.9,1044964.3
2014-10-05,8,23,30,32,38,40,19,1122735.5,JP,940649.9,0.0,,,,95,1485.2,141094.0,,,,4717,49.8,234906.6,,,,77311,5.5,425210.5,267937,1.2,321524.4,,940649.9
2014-10-01,10,17,32,36,40,41,21,1956057.6,1,1000000.0,1000000.0,,,,69,1755.7,121143.3,,,,3811,52.9,201601.9,,,,64988,5.6,363932.8,224483,1.2,269379.6,,1000000.0
2014-09-28,7,15,20,22,23,37,13,9277946.7,2,3456374.3,6912748.6,,,,181,1681.5,304351.5,,,,10229,49.5,506335.5,,,,172867,5.3,916195.1,531930,1.2,638316.0,4883704.6,-1427330.3
2014-09-24,9,21,22,23,36,37,42,1739253.9,4JP,4883704.6,0.0,,,,178,1277.8,227448.4,,,,7420,51.0,378420.0,,,,129031,5.3,683864.3,374601,1.2,449521.2,3367284.5,1516420.1
2014-09-21,8,13,17,24,25,29,23,1616477.3,3JP,3367284.5,0.0,,,,129,1611.3,207857.7,,,,7768,44.5,345676.0,,,,124868,5.0,624340.0,365503,1.2,438603.6,1981555.1,1385729.4
2014-09-17,2,7,10,17,23,41,40,1215522.3,DJP,1981555.1,0.0,,,,156,1022.4,159494.4,,,,6945,38.2,265299.0,,,,106329,4.5,478480.5,260207,1.2,312248.4,918172.0,1063383.1
2014-09-14,12,13,21,32,37,40,30,1059044.6,JP,918172.0,0.0,,,,76,1812.1,137719.6,,,,4289,53.5,229461.5,,,,74933,5.5,412131.5,233110,1.2,279732.0,,918172.0
2014-09-10,2,4,15,29,31,39,30,6838608.9,1,5011665.7,5011665.7,,,,263,903.8,237699.4,,,,8594,46.1,396183.4,,,,138020,5.1,703902.0,407632,1.2,489158.4,3426928.6,1584737.1
2014-09-07,1,11,29,36,39,45,21,1660281.4,3JP,3426928.6,0.0,,,,147,1445.0,212415.0,,,,7429,47.6,353620.4,,,,122171,5.2,635289.2,382464,1.2,458956.8,2010818.2,1416110.4
2014-09-03,21,25,32,33,37,44,41,1246870.2,DJP,2010818.2,0.0,,,,116,1412.9,163896.4,,,,4859,56.2,273075.8,,,,84648,5.8,490958.4,265783,1.2,318939.6,918115.3,1092702.9
2014-08-31,8,9,20,24,34,38,43,1065491.4,JP,918115.3,0.0,,,,116,1187.2,137715.2,,,,5078,45.2,229525.6,,,,81238,5.1,414313.8,236614,1.2,283936.8,,918115.3
2014-08-27,6,7,8,15,37,44,39,4621108.5,1,3190329.1,3190329.1,,,,127,1461.6,185623.2,,,,6069,50.9,308912.1,,,,104869,5.3,555805.7,317032,1.2,380438.4,1952788.1,1237541.0
2014-08-24,2,14,27,36,42,45,38,1341045.0,DJP,1952788.1,0.0,,,,125,1415.6,176950.0,,,,6004,49.1,294796.4,,,,98489,5.4,531840.6,281215,1.2,337458.0,773093.4,1179694.7
2014-08-20,6,8,25,39,44,45,33,905634.6,JP,773093.4,0.0,,,,74,1567.0,115958.0,,,,3715,52.0,193180.0,,,,64581,5.4,348737.4,206466,1.2,247759.2,,773093.4
2014-08-17,1,3,9,14,25,31,18,1971592.1,2,500000.0,1000000.0,,,,119,1082.7,128841.3,,,,5206,41.2,214487.2,,,,79452,4.8,381369.6,205745,1.2,246894.0,,500000.0
2014-08-13,7,14,16,18,19,21,41,1890276.0,3,333333.3,999999.9,,,,99,1190.2,117829.8,,,,4425,44.3,196027.5,,,,73800,4.8,354240.0,185149,1.2,222178.8,,333333.3
2014-08-10,1,4,13,19,37,41,33,6901066.2,1,4962139.9,4962139.9,,,,171,1443.9,246906.9,,,,8615,47.7,410935.5,,,,139603,5.3,739895.9,450990,1.2,541188.0,3316050.1,1646089.8
2014-08-06,3,6,8,18,22,26,41,1491519.9,3JP,3316050.1,0.0,,,,217,909.2,197296.4,,,,9088,36.1,328076.8,,,,135729,4.3,583634.7,318760,1.2,382512.0,2000665.1,1315385.0
2014-08-03,7,10,17,38,42,45,16,1445825.4,DJP,2000665.1,0.0,,,,122,1511.6,184415.2,,,,6551,46.9,307241.9,,,,109045,5.1,556129.5,331699,1.2,398038.8,771166.3,1229498.8
2014-07-30,7,20,27,30,38,42,16,899172.2,JP,771166.3,0.0,,,,63,1836.1,115674.3,,,,3904,49.3,192467.2,,,,65627,5.3,347823.1,202673,1.2,243207.6,,771166.3
2014-07-27,3,9,15,22,41,43,32,2028756.4,1,1000000.0,1000000.0,,,,104,1321.2,137404.8,,,,5150,44.4,228660.0,,,,84748,4.8,406790.4,213251,1.2,255901.2,,1000000.0
2014-07-23,3,4,12,24,34,43,18,6638653.6,1,4864140.0,4864140.0,,,,197,1178.4,232144.8,,,,8726,44.3,386561.8,,,,138891,5.0,694455.0,384460,1.2,461352.0,3316419.6,1547720.4
2014-07-20,11,22,26,38,41,43,8,1646649.9,3JP,3316419.6,0.0,,,,187,1107.8,207158.6,,,,7386,46.7,344926.2,,,,117791,5.3,624292.3,391894,1.2,470272.8,1935308.2,1381111.4
2014-07-16,1,4,13,17,22,40,16,1237026.6,DJP,1935308.2,0.0,,,,144,1103.9,158961.6,,,,6047,43.8,264858.6,,,,97919,4.8,470011.2,285996,1.2,343195.2,875505.3,1059802.9
2014-07-13,1,5,20,35,37,43,8,1035242.5,JP,875505.3,0.0,,,,87,1509.4,131317.8,,,,4321,50.1,216482.1,,,,74641,5.1,380669.1,278885,1.1,306773.5,,875505.3
2014-07-09,5,11,20,29,32,36,6,12975641.2,4,2368767.6,9475070.4,,,,413,1096.5,452854.5,,,,18605,40.1,746060.5,,,,292395,4.5,1315777.5,896253,1.1,985878.3,6455874.3,-4087106.7
2014-07-06,2,7,15,36,38,43,1,2325070.3,5JP,6455874.3,0.0,,,,218,1385.9,302126.2,,,,11021,45.2,498149.2,,,,183321,4.8,879940.8,586231,1.1,644854.1,4441681.1,2014193.2
2014-07-02,8,16,24,25,27,35,5,1724235.4,4JP,4441681.1,0.0,,,,253,872.2,220666.6,,,,9759,37.3,364010.7,,,,143494,4.5,645723.0,448941,1.1,493835.1,2970492.0,1471189.1
2014-06-29,4,7,10,12,23,36,44,1429045.2,3JP,2970492.0,0.0,,,,174,1091.5,189921.0,,,,8814,35.5,312897.0,,,,134278,4.1,550539.8,341534,1.1,375687.4,1704284.1,1266207.9
2014-06-25,2,21,26,34,40,45,27,1094294.7,DJP,1704284.1,0.0,,,,108,1279.5,138186.0,,,,5403,42.2,228006.6,,,,86163,4.7,404966.1,293760,1.1,323136.0,782975.1,921309.0
2014-06-22,6,18,23,26,30,32,5,932889.9,JP,782975.1,0.0,,,,82,1432.2,117440.4,,,,4280,45.2,193456.0,,,,70905,4.8,340344.0,256045,1.1,281649.5,,782975.1
2014-06-18,10,22,24,29,35,37,28,2918119.6,1,1789267.3,1789267.3,,,,93,1553.6,144484.8,,,,4794,49.7,238261.8,,,,83631,5.0,418155.0,298137,1.1,327950.7,8259813.6,-6470546.3
2014-06-15,15,20,24,30,39,44,4,973877.8,JP,8259813.6,0.0,,,,88,1407.9,123895.2,,,,4112,49.7,204366.4,,,,71925,5.0,359625.0,259992,1.1,285991.2,,8259813.6
2014-06-11,2,4,11,34,37,41,31,2614678.7,1,1683364.6,1683364.6,,,,88,1411.9,124247.2,,,,4378,46.8,204890.4,,,,75444,4.8,362131.2,218223,1.1,240045.3,855048.9,828315.7
2014-06-08,8,9,19,26,37,45,39,966854.8,JP,855048.9,0.0,,,,95,1350.0,128250.0,,,,5057,41.8,211382.6,,,,83909,4.4,369199.6,234566,1.1,258022.6,,855048.9
2014-06-04,5,6,11,26,27,42,22,1814736.3,1,1000000.0,1000000.0,,,,135,802.3,108310.5,,,,4975,35.9,178602.5,,,,80088,3.9,312343.2,195891,1.1,215480.1,,1000000.0
2014-06-01,4,22,25,30,31,37,44,2932840.8,1,1753214.5,1753214.5,,,,121,1286.8,155702.8,,,,5288,48.5,256468.0,,,,90405,5.0,452025.0,286755,1.1,315430.5,715184.8,1038029.7
2014-05-28,4,15,28,29,31,39,5,849051.8,JP,715184.8,0.0,,,,107,1002.5,107267.5,,,,4550,38.9,176995.0,,,,68660,4.5,308970.0,232563,1.1,255819.3,,715184.8
2014-05-25,3,9,21,27,40,45,4,1944928.5,1,1000000.0,1000000.0,,,,215,570.3,122614.5,,,,6857,29.5,202281.5,,,,91595,3.9,357220.5,238920,1.1,262812.0,,1000000.0
2014-05-21,11,12,18,24,26,40,38,2905930.2,1,1827075.8,1827075.8,,,,105,1375.1,144385.5,,,,5782,41.2,238218.4,,,,93555,4.5,420997.5,250230,1.1,275253.0,864502.2,962573.6
2014-05-18,6,7,10,18,26,39,34,967465.0,JP,864502.2,0.0,,,,108,1200.6,129664.8,,,,5916,36.1,213567.6,,,,93428,4.0,373712.0,227746,1.1,250520.6,,864502.2
2014-05-14,16,26,35,39,43,44,38,3031263.9,1,1887083.6,1887083.6,,,,204,748.0,152592.0,,,,7817,32.2,251707.4,,,,101209,4.4,445319.6,267783,1.1,294561.3,869765.4,1017318.2
2014-05-11,4,13,14,21,35,39,11,1030914.1,JP,869765.4,0.0,,,,100,1304.6,130460.0,,,,5311,40.5,215095.5,,,,83123,4.6,382365.8,275448,1.1,302992.8,,869765.4
2014-05-07,3,12,16,27,35,38,19,6358309.9,4,1149964.1,4599856.4,,,,289,790.6,228483.4,,,,10164,37.0,376068.0,,,,154012,4.3,662251.6,446955,1.1,491650.5,3076603.2,-1926639.1
2014-05-04,2,3,12,17,20,41,1,1406360.8,3JP,3076603.2,0.0,,,,164,1128.0,184992.0,,,,7702,39.6,304999.2,,,,124473,4.3,535233.9,346487,1.1,381135.7,1843291.3,1233311.9
2014-04-30,4,7,12,29,32,37,33,1187207.6,DJP,1843291.3,0.0,,,,120,1276.6,153192.0,,,,5913,42.7,252485.1,,,,98442,4.5,442989.0,307765,1.1,338541.5,821959.7,1021331.6
2014-04-27,7,13,21,26,37,45,33,939113.3,JP,821959.7,0.0,,,,137,899.9,123286.3,,,,5252,38.7,203252.4,,,,81070,4.4,356708.0,232606,1.1,255866.6,,821959.7
2014-04-23,3,5,10,13,19,39,33,2626016.3,1,1693154.3,1693154.3,,,,159,771.0,122589.0,,,,6651,30.4,202190.4,,,,96977,3.7,358814.9,226607,1.1,249267.7,875865.8,817288.5
2014-04-20,8,14,18,24,41,44,43,1007263.0,JP,875865.8,0.0,,,,94,1397.6,131374.4,,,,4580,47.3,216634.0,,,,77063,5.0,385315.0,249036,1.1,273939.6,,875865.8
2014-04-16,5,13,21,28,36,44,39,1799136.2,1,1000000.0,1000000.0,,,,114,925.4,105495.6,,,,4273,40.7,173911.1,,,,67168,4.6,308972.8,191597,1.1,210756.7,,1000000.0
2014-04-13,4,9,23,25,33,41,14,3237697.2,1,1914213.3,1914213.3,,,,205,856.7,175623.5,,,,7507,38.6,289770.2,,,,114744,4.4,504873.6,321106,1.1,353216.6,743287.8,1170925.5
2014-04-09,6,14,18,25,29,35,15,856831.2,JP,743287.8,0.0,,,,81,1376.4,111488.4,,,,3844,47.8,183743.2,,,,64792,5.0,323960.0,216036,1.1,237639.6,,743287.8
2014-04-06,15,17,26,37,39,43,36,3211962.8,2,947351.2,1894702.4,,,,173,1017.1,175958.3,,,,8521,34.0,289714.0,,,,115598,4.4,508631.2,311779,1.1,342956.9,721543.5,225807.7
2014-04-02,13,20,35,39,40,44,3,874952.8,JP,721543.5,0.0,,,,65,1665.1,108231.5,,,,3475,51.3,178267.5,,,,61138,5.1,311803.8,251500,1.1,276650.0,,721543.5
2014-03-30,11,17,18,19,20,33,45,4626844.8,2,1573754.4,3147508.8,,,,178,1099.4,195693.2,,,,7921,40.7,322384.7,,,,129496,4.4,569782.4,355887,1.1,391475.7,1842776.2,-269021.8
2014-03-26,5,9,10,14,30,34,23,1095322.1,DJP,1842776.2,0.0,,,,107,1355.0,144985.0,,,,5928,40.3,238898.4,,,,97389,4.3,418772.7,266060,1.1,292666.0,876197.1,966579.1
2014-03-23,11,28,35,39,41,43,36,987544.2,JP,876197.1,0.0,,,,111,1184.0,131424.0,,,,4945,43.8,216591.0,,,,82013,4.7,385461.1,230971,1.1,254068.1,,876197.1
2014-03-19,5,16,19,21,28,39,11,1836815.7,1,1000000.0,1000000.0,,,,146,739.1,107908.6,,,,4903,36.3,177978.9,,,,76568,4.1,313928.8,215454,1.1,236999.4,,1000000.0
2014-03-16,13,14,16,35,37,40,36,3095782.4,1,1828573.9,1828573.9,,,,100,1686.6,168660.0,,,,5291,52.5,277777.5,,,,94030,5.2,488956.0,301650,1.1,331815.0,704117.7,1124456.2
2014-03-12,2,11,13,14,23,35,29,812541.2,JP,704117.7,0.0,,,,98,1077.7,105614.6,,,,4433,39.3,174216.9,,,,68756,4.5,309402.0,203007,1.1,223307.7,,704117.7
2014-03-09,7,12,13,14,17,45,33,3176632.7,2,932366.1,1864732.2,,,,141,1215.9,171441.9,,,,6843,41.3,282615.9,,,,114000,4.4,501600.0,323857,1.1,356242.7,721765.8,210600.3
2014-03-05,4,8,9,11,13,23,6,825891.7,JP,721765.8,0.0,,,,159,680.9,108263.1,,,,6170,28.9,178313.0,,,,85049,3.7,314681.3,204213,1.1,224634.3,,721765.8
2014-03-02,1,7,13,16,27,36,44,3186559.5,1,1871343.4,1871343.4,,,,186,937.4,174356.4,,,,7877,36.5,287510.5,,,,121451,4.2,510094.2,312050,1.1,343255.0,708949.8,1162393.6
2014-02-26,3,15,27,34,35,41,33,813627.5,JP,708949.8,0.0,,,,93,1143.4,106336.2,,,,4618,37.9,175022.2,,,,69564,4.4,306081.6,205625,1.1,226187.5,,708949.8
2014-02-23,11,21,29,34,40,45,6,2020758.1,1,1000000.0,1000000.0,,,,101,1291.2,130411.2,,,,5229,41.1,214911.9,,,,81894,4.6,376712.4,271566,1.1,298722.6,,1000000.0
2014-02-19,2,8,19,24,34,43,45,4554158.3,2,1571163.7,3142327.4,,,,196,951.8,186552.8,,,,7714,39.9,307788.6,,,,120520,4.5,542340.0,341045,1.1,375149.5,1898622.2,-327458.5
2014-02-16,3,13,23,35,40,45,2,1364413.4,DJP,1898622.2,0.0,,,,160,1093.4,174944.0,,,,7211,40.0,288440.0,,,,111987,4.5,503941.5,360989,1.1,397087.9,732283.4,1166338.8
2014-02-12,18,21,22,39,43,45,28,855196.6,JP,732283.4,0.0,,,,78,1408.2,109839.6,,,,3818,47.4,180973.2,,,,65358,4.9,320254.2,221936,1.1,244129.6,,732283.4
2014-02-09,1,3,22,24,25,38,7,4960611.5,1,3318471.1,3318471.1,,,,161,1298.2,209010.2,,,,7477,46.1,344689.7,,,,125324,4.8,601555.2,442623,1.1,486885.3,1924966.2,1393504.9
2014-02-05,8,15,19,24,32,38,11,1222197.9,DJP,1924966.2,0.0,,,,112,1387.7,155422.4,,,,5940,43.1,256014.0,,,,95971,4.7,451063.7,326998,1.1,359697.8,888787.2,1036179.0
2014-02-02,3,10,15,16,22,44,37,980938.1,JP,888787.2,0.0,,,,115,1159.2,133308.0,,,,5668,38.8,219918.4,,,,92345,4.2,387849.0,218057,1.1,239862.7,,888787.2
2014-01-29,6,9,12,22,25,32,39,2986955.2,1,1848515.8,1848515.8,,,,218,686.1,149569.8,,,,6985,35.3,246570.5,,,,104671,4.1,429151.1,284680,1.1,313148.0,851279.9,997235.9
2014-01-26,4,15,20,23,37,45,39,980038.2,JP,851279.9,0.0,,,,81,1576.4,127688.4,,,,4343,48.5,210635.5,,,,74066,5.0,370330.0,246713,1.1,271384.3,,851279.9
2014-01-22,12,30,32,34,37,43,8,4503253.4,2,1536503.5,3073007.0,,,,117,1542.1,180425.7,,,,6241,47.7,297695.7,,,,101236,5.2,526427.2,386998,1.1,425697.8,1870115.4,-333611.9
2014-01-19,13,19,20,30,40,45,18,1301556.3,DJP,1870115.4,0.0,,,,170,1006.5,171105.0,,,,8053,35.0,281855.0,,,,108549,4.6,499325.4,317519,1.1,349270.9,729376.9,1140738.5
2014-01-15,1,8,31,35,42,43,32,824787.9,JP,729376.9,0.0,,,,66,1657.6,109401.6,,,,3421,52.7,180286.7,,,,61493,5.2,319763.6,195760,1.1,215336.0,,729376.9
2014-01-12,8,14,17,22,25,35,7,2048500.3,1,1000000.0,1000000.0,,,,116,1135.8,131752.8,,,,5207,41.7,217131.9,,,,83271,4.6,383046.6,287790,1.1,316569.0,,1000000.0
2014-01-08,23,25,28,29,38,40,8,3005054.3,1,1862903.8,1862903.8,,,,104,1400.0,145600.0,,,,4787,50.1,239828.7,,,,84269,5.0,421345.0,304888,1.1,335376.8,892235.6,970668.2
2014-01-05,11,14,16,21,25,44,12,1047634.4,JP,892235.6,0.0,,,,89,1503.7,133829.3,,,,4701,46.9,220476.9,,,,82472,4.7,387618.4,277918,1.1,305709.8,,892235.6
2014-01-01,6,11,15,24,28,32,9,1975303.1,1,1000000.0,1000000.0,,,,133,931.9,123942.7,,,,5309,38.5,204396.5,,,,81293,4.4,357689.2,262977,1.1,289274.7,,1000000.0
2013-12-29,6,12,21,31,36,45,2,3148733.8,1,1883782.1,1883782.1,,,,157,1046.2,164253.4,,,,6850,39.5,270575.0,,,,106519,4.5,479335.5,318898,1.1,350787.8,788723.4,1095058.7
2013-12-25,5,8,16,17,32,40,30,886529.7,JP,788723.4,0.0,,,,132,896.2,118298.4,,,,5699,34.2,194905.8,,,,81510,4.2,342342.0,209985,1.1,230983.5,,788723.4
2013-12-22,11,20,27,34,41,44,35,2018223.8,3,333333.3,999999.9,,,,158,862.3,136243.4,,,,5841,38.4,224294.4,,,,85588,4.6,393704.8,239983,1.1,263981.3,,333333.3
2013-12-18,1,18,19,39,41,44,5,1891034.9,1,1000000.0,1000000.0,,,,59,1894.9,111799.1,,,,3612,51.0,184212.0,,,,63042,5.2,327818.4,242914,1.1,267205.4,,1000000.0
2013-12-15,3,21,26,30,38,43,1,3301286.5,4,482196.1,1928784.4,,,,152,1178.0,179056.0,,,,7252,40.7,295156.4,,,,118002,4.4,519208.8,344619,1.1,379080.9,735038.3,-252842.2
2013-12-11,4,8,11,37,40,42,24,833201.1,JP,735038.3,0.0,,,,77,1431.8,110248.6,,,,4013,45.3,181788.9,,,,69217,4.6,318398.2,202514,1.1,222765.4,,735038.3
2013-12-08,1,5,7,15,21,25,3,2031211.2,2,500000.0,1000000.0,,,,163,814.3,132730.9,,,,6903,31.7,218825.1,,,,95677,4.0,382708.0,269952,1.1,296947.2,,500000.0
2013-12-04,5,15,17,19,26,38,45,3109091.4,1,1930416.7,1930416.7,,,,135,1153.0,155655.0,,,,6959,36.9,256787.1,,,,108630,4.2,456246.0,281806,1.1,309986.6,892676.2,1037740.5
2013-12-01,5,10,11,12,24,26,19,1006070.0,JP,892676.2,0.0,,,,190,704.7,133893.0,,,,7195,30.7,220886.5,,,,101337,3.8,385080.6,242009,1.1,266209.9,,892676.2
2013-11-27,3,5,13,26,41,45,35,1791338.6,1,1000000.0,1000000.0,,,,95,1117.8,106191.0,,,,4775,36.6,174765.0,,,,73941,4.2,310552.2,181664,1.1,199830.4,,1000000.0
2013-11-24,6,10,19,22,33,43,40,3196553.9,2,944270.9,1888541.8,,,,199,876.0,174324.0,,,,7903,36.3,286878.9,,,,119963,4.2,503844.6,311786,1.1,342964.6,726313.5,217957.4
2013-11-20,7,11,14,18,26,35,21,844738.9,JP,726313.5,0.0,,,,93,1171.4,108940.2,,,,4515,39.8,179697.0,,,,70961,4.5,319324.5,215252,1.1,236777.2,,726313.5
2013-11-17,3,18,19,24,30,43,26,2046203.7,1,1000000.0,1000000.0,,,,121,1119.6,135471.6,,,,5393,41.4,223270.2,,,,87630,4.5,394335.0,266479,1.1,293126.9,,1000000.0
2013-11-13,4,14,17,23,26,33,38,4539186.2,1,3181046.5,3181046.5,,,,244,747.9,182487.6,,,,8544,35.2,300748.8,,,,125171,4.2,525718.2,317441,1.1,349185.1,1964451.8,1216594.7
2013-11-10,2,11,15,35,40,41,36,1346568.8,DJP,1964451.8,0.0,,,,127,1410.1,179082.7,,,,6751,43.7,295018.7,,,,110206,4.7,517968.2,322272,1.1,354499.2,770540.1,1193911.7
2013-11-06,1,16,28,30,36,45,12,904311.4,JP,770540.1,0.0,,,,107,1080.1,115570.7,,,,4322,44.1,190600.2,,,,70436,4.8,338092.8,236407,1.1,260047.7,,770540.1
2013-11-03,4,7,11,17,18,20,1,1998058.4,1,1000000.0,1000000.0,,,,162,815.4,132094.8,,,,6651,32.7,217487.7,,,,96144,4.0,384576.0,239909,1.1,263899.9,,1000000.0
2013-10-30,7,20,23,33,38,43,26,1877464.1,1,1000000.0,1000000.0,,,,96,1184.8,113740.8,,,,4955,37.8,187299.0,,,,71506,4.6,328927.6,224997,1.1,247496.7,,1000000.0
2013-10-27,5,6,15,16,17,20,27,4671158.6,1,3222259.4,3222259.4,,,,175,1078.4,188720.0,,,,7449,41.8,311368.2,,,,126792,4.3,545205.6,366914,1.1,403605.4,1964038.2,1258221.2
2013-10-23,2,4,13,28,32,34,35,1164034.5,DJP,1964038.2,0.0,,,,101,1527.6,154287.6,,,,5721,44.4,254012.4,,,,96035,4.7,451364.5,276700,1.1,304370.0,935442.0,1028596.2
2013-10-20,5,13,14,22,27,36,38,1041622.6,JP,935442.0,0.0,,,,132,1063.0,140316.0,,,,5890,39.3,231477.0,,,,92755,4.4,408122.0,237916,1.1,261707.6,,935442.0
2013-10-16,8,12,25,34,38,43,16,4639650.7,1,3210100.0,3210100.0,,,,175,1064.6,186305.0,,,,6965,44.1,307156.5,,,,112459,4.8,539803.2,360260,1.1,396286.0,1968038.9,1242061.1
2013-10-13,10,13,14,31,32,41,40,1370302.9,DJP,1968038.9,0.0,,,,131,1383.1,181186.1,,,,6451,46.3,298681.3,,,,106946,4.9,524035.4,333091,1.1,366400.1,760078.9,1207960.0
2013-10-09,3,21,26,31,34,44,39,862674.7,JP,760078.9,0.0,,,,104,1096.2,114004.8,,,,4453,42.2,187916.6,,,,71713,4.6,329879.8,209885,1.1,230873.5,,760078.9
2013-10-06,7,19,20,23,27,43,30,12538010.3,3,3124603.6,9373810.8,,,,311,1352.5,420627.5,,,,17040,40.7,693528.0,,,,280474,4.3,1206038.2,767278,1.1,844005.8,6569452.8,-3444849.2
2013-10-02,5,15,19,23,37,40,13,2244233.0,5JP,6569452.8,0.0,,,,252,1156.4,291412.8,,,,11425,42.0,479850.0,,,,181613,4.7,853581.1,563081,1.1,619389.1,4626618.6,1942834.2
2013-09-29,5,15,16,18,21,31,33,1863670.7,4JP,4626618.6,0.0,,,,185,1310.0,242350.0,,,,8929,44.7,399126.3,,,,153977,4.6,708294.2,467182,1.1,513900.2,3010940.3,1615678.3
2013-09-25,3,23,38,40,42,45,29,1348860.1,3JP,3010940.3,0.0,,,,106,1654.5,175377.0,,,,6480,44.6,289008.0,,,,107383,4.7,504700.1,345250,1.1,379775.0,1841713.5,1169226.8
2013-09-22,7,9,10,17,24,41,8,1307554.8,DJP,1841713.5,0.0,,,,174,970.9,168936.6,,,,7496,37.1,278101.6,,,,120896,4.0,483584.0,342666,1.1,376932.6,715358.5,1126355.0
2013-09-18,15,20,28,36,40,41,45,820774.3,JP,715358.5,0.0,,,,80,1341.2,107296.0,,,,3820,46.3,176866.0,,,,64122,4.9,314197.8,202195,1.1,222414.5,,715358.5
2013-09-15,1,3,16,24,26,43,17,3204349.0,1,1871911.3,1871911.3,,,,175,980.6,171605.0,,,,7612,37.1,282405.2,,,,115099,4.3,494925.7,348638,1.1,383501.8,727834.8,1144076.5
2013-09-11,8,13,20,28,40,42,4,848375.6,JP,727834.8,0.0,,,,87,1254.8,109167.6,,,,4386,41.0,179826.0,,,,68910,4.6,316986.0,220360,1.1,242396.0,,727834.8
2013-09-08,2,3,6,14,18,30,44,2004992.9,1,1000000.0,1000000.0,,,,142,937.1,133068.2,,,,5961,36.8,219364.8,,,,92888,4.2,390129.6,238573,1.1,262430.3,,1000000.0
2013-09-04,5,11,19,23,24,31,34,1841080.6,1,1000000.0,1000000.0,,,,115,969.1,111446.5,,,,5190,35.4,183726.0,,,,79537,4.1,326101.7,199824,1.1,219806.4,,1000000.0
2013-09-01,15,19,30,31,42,43,27,2059897.9,1,1000000.0,1000000.0,,,,112,1194.1,133739.2,,,,4598,47.9,220244.2,,,,75907,5.1,387125.7,289808,1.1,318788.8,,1000000.0
2013-08-28,7,11,21,25,37,44,35,3090307.1,2,960358.4,1920716.8,,,,125,1249.0,156125.0,,,,5995,42.9,257185.5,,,,98753,4.6,454263.8,274560,1.1,302016.0,879801.0,80557.4
2013-08-25,2,7,10,14,26,32,25,979543.5,JP,879801.0,0.0,,,,139,949.4,131966.6,,,,6237,34.9,217671.3,,,,92358,4.1,378667.8,228398,1.1,251237.8,,879801.0
2013-08-21,14,20,24,43,44,45,2,9031651.8,1,6665907.2,6665907.2,,,,366,834.3,305353.8,,,,10995,45.8,503571.0,,,,181000,4.9,886900.0,609018,1.1,669919.8,4630177.4,2035729.8
2013-08-18,4,20,24,25,26,28,44,1684013.9,4JP,4630177.4,0.0,,,,183,1224.5,224083.5,,,,8975,41.1,368872.5,,,,140260,4.6,645196.0,405329,1.1,445861.9,3136263.6,1493913.8
2013-08-14,5,15,17,24,33,42,44,1411846.2,3JP,3136263.6,0.0,,,,168,1117.4,187723.2,,,,8103,38.2,309534.6,,,,124606,4.4,548266.4,333020,1.1,366322.0,1884683.5,1251580.1
2013-08-11,4,8,17,21,22,32,15,1326944.4,DJP,1884683.5,0.0,,,,190,921.1,175009.0,,,,8496,33.9,288014.4,,,,125497,4.0,501988.0,329030,1.1,361933.0,717954.9,1166728.6
2013-08-07,10,20,21,23,26,40,19,838641.6,JP,717954.9,0.0,,,,92,1170.5,107686.0,,,,4561,38.9,177422.9,,,,72583,4.3,312106.9,219478,1.1,241425.8,,717954.9
2013-08-04,5,18,23,29,31,32,41,4738046.3,1,3201230.1,3201230.1,,,,175,1165.1,203892.5,,,,7192,46.7,335866.4,,,,123488,4.8,592742.4,367559,1.1,404314.9,1841929.7,1359300.4
2013-07-31,4,6,15,34,35,45,19,1151580.3,DJP,1841929.7,0.0,,,,135,1105.1,149188.5,,,,5789,42.5,246032.5,,,,92460,4.7,434562.0,292543,1.1,321797.3,847266.2,994663.5
2013-07-28,12,21,23,29,38,43,28,989107.6,JP,847266.2,0.0,,,,118,1077.0,127086.0,,,,4966,42.2,209565.2,,,,76687,4.8,368097.6,258508,1.1,284358.8,,847266.2
2013-07-24,7,10,16,32,33,39,13,1825239.9,1,1000000.0,1000000.0,,,,102,1066.1,108742.2,,,,4130,43.4,179242.0,,,,70018,4.5,315081.0,201977,1.1,222174.7,,1000000.0
2013-07-21,9,10,14,16,18,36,4,6595726.6,2,2372576.9,4745153.8,,,,171,1409.9,241092.9,,,,9085,43.7,397014.5,,,,150393,4.7,706847.1,459653,1.1,505618.3,3137804.4,-765227.5
2013-07-17,20,21,24,43,44,45,41,1381984.9,3JP,3137804.4,0.0,,,,136,1351.7,183831.2,,,,6231,48.6,302826.6,,,,105847,5.0,529235.0,332811,1.1,366092.1,1912182.7,1225621.7
2013-07-14,1,2,6,16,20,25,42,1340717.7,DJP,1912182.7,0.0,,,,150,1175.1,176265.0,,,,7542,38.5,290367.0,,,,119940,4.3,515742.0,325767,1.1,358343.7,736997.8,1175184.9
2013-07-10,11,17,23,38,40,45,41,822243.0,JP,736997.8,0.0,,,,79,1399.3,110544.7,,,,3847,47.4,182347.8,,,,66970,4.8,321456.0,188995,1.1,207894.5,,736997.8
2013-07-07,12,16,17,19,31,32,36,6565135.3,1,4742836.4,4742836.4,,,,180,1352.3,243414.0,,,,8552,46.9,401088.8,,,,149225,4.7,701357.5,433126,1.1,476438.6,3120044.1,1622792.3
2013-07-03,2,3,20,22,38,41,14,1400789.2,3JP,3120044.1,0.0,,,,131,1409.8,184683.8,,,,6864,44.3,304075.2,,,,114482,4.7,538065.4,339968,1.1,373964.8,1888758.7,1231285.4
2013-06-30,16,17,21,28,40,42,2,1346874.0,DJP,1888758.7,0.0,,,,125,1394.6,174325.0,,,,6890,41.7,287313.0,,,,115152,4.4,506668.8,344152,1.1,378567.2,726535.3,1162223.4
2013-06-26,1,13,17,30,31,33,18,820221.3,JP,726535.3,0.0,,,,105,1037.9,108979.5,,,,4428,40.6,179776.8,,,,71313,4.4,313777.2,197898,1.1,217687.8,,726535.3
2013-06-23,1,31,37,40,42,45,36,1994635.3,1,1000000.0,1000000.0,,,,90,1462.4,131616.0,,,,4441,48.9,217164.9,,,,74975,5.1,382372.5,239529,1.1,263481.9,,1000000.0
2013-06-19,10,16,19,25,31,40,36,2961400.4,2,939237.5,1878475.0,,,,111,1303.7,144710.7,,,,5747,41.5,238500.5,,,,92464,4.5,416088.0,257842,1.1,283626.2,913701.0,25536.5
2013-06-16,1,4,8,28,34,43,22,1042386.9,JP,913701.0,0.0,,,,98,1398.5,137053.0,,,,5162,43.8,226095.6,,,,87762,4.5,394929.0,258463,1.1,284309.3,,913701.0
2013-06-12,2,6,13,23,27,39,26,1874942.2,1,1000000.0,1000000.0,,,,168,681.5,114492.0,,,,5272,35.8,188737.6,,,,80620,4.1,330542.0,219246,1.1,241170.6,,1000000.0
2013-06-09,1,22,27,33,40,44,12,12308578.1,1,9231788.8,9231788.8,,,,341,1174.8,400606.8,,,,16387,40.3,660396.1,,,,255729,4.5,1150780.5,786369,1.1,865005.9,6560850.5,2670938.3
2013-06-05,1,18,20,26,33,36,12,2321899.8,5JP,6560850.5,0.0,,,,206,1453.1,299338.6,,,,10395,47.5,493762.5,,,,178805,4.9,876144.5,593322,1.1,652654.2,4565230.1,1995620.4
2013-06-02,7,17,28,33,36,45,43,1734470.8,4JP,4565230.1,0.0,,,,223,1041.7,232299.1,,,,10219,37.5,383212.5,,,,155379,4.3,668129.7,409845,1.1,450829.5,3016430.3,1548799.8
2013-05-29,7,11,14,32,36,39,13,1414882.3,3JP,3016430.3,0.0,,,,162,1134.2,183740.4,,,,7143,42.4,302863.2,,,,116571,4.6,536226.6,356411,1.1,392052.1,1791468.0,1224962.3
2013-05-26,8,10,12,38,39,45,2,1254703.3,DJP,1791468.0,0.0,,,,129,1274.2,164371.8,,,,5746,47.2,271211.2,,,,101599,4.7,477515.3,310550,1.1,341605.0,695623.8,1095844.2
2013-05-22,1,10,17,20,26,41,19,804253.1,JP,695623.8,0.0,,,,94,1110.0,104340.0,,,,4192,41.0,171872.0,,,,70055,4.3,301236.5,206186,1.1,226804.6,,695623.8
2013-05-19,17,27,28,30,39,41,45,1995390.1,1,1000000.0,1000000.0,,,,119,1103.9,131364.1,,,,5605,38.6,216353.0,,,,89390,4.3,384377.0,239360,1.1,263296.0,,1000000.0
2013-05-15,6,22,27,36,42,43,7,2958295.5,1,1802986.4,1802986.4,,,,136,1071.0,145656.0,,,,5854,41.0,240014.0,,,,91580,4.6,421268.0,316701,1.1,348371.1,831941.8,971044.6
2013-05-12,12,21,28,29,32,40,30,942239.6,JP,831941.8,0.0,,,,128,974.9,124787.2,,,,5362,38.4,205900.8,,,,81919,4.4,360443.6,228280,1.1,251108.0,,831941.8
2013-05-08,1,5,11,15,39,45,19,1846385.9,2,500000.0,1000000.0,,,,113,984.1,111203.3,,,,4994,36.7,183279.8,,,,76847,4.2,322757.4,208314,1.1,229145.4,,500000.0
2013-05-05,1,2,9,19,27,43,5,2051323.5,1,1000000.0,1000000.0,,,,152,888.8,135097.6,,,,6459,34.5,222835.5,,,,96045,4.1,393784.5,272369,1.1,299605.9,,1000000.0
2013-05-01,3,4,6,11,35,45,32,1748700.5,1,1000000.0,1000000.0,,,,85,1183.1,100563.5,,,,4263,38.9,165830.7,,,,72063,4.0,288252.0,176413,1.1,194054.3,,1000000.0
2013-04-28,11,12,14,27,34,44,6,3169261.9,2,926126.3,1852252.6,,,,128,1331.8,170470.4,,,,6706,41.9,280981.4,,,,109730,4.5,493785.0,337975,1.1,371772.5,715719.3,210407.0
2013-04-24,25,26,27,28,37,43,33,835643.1,JP,715719.3,0.0,,,,109,984.9,107354.1,,,,4157,42.6,177088.2,,,,61447,5.1,313379.7,216201,1.1,237821.1,,715719.3
2013-04-21,3,19,26,40,43,45,30,3207071.0,1,1890897.7,1890897.7,,,,159,1100.3,174947.7,,,,6929,41.6,288246.4,,,,117330,4.3,504519.0,316782,1.1,348460.2,724522.3,1166375.4
2013-04-17,6,16,22,25,30,38,40,818805.7,JP,724522.3,0.0,,,,94,1156.1,108673.4,,,,3973,45.1,179182.3,,,,64354,4.9,315334.6,196014,1.1,215615.4,,724522.3
2013-04-14,3,9,10,11,13,41,37,5036822.0,1,3443325.0,3443325.0,,,,178,1212.3,215789.4,,,,10040,35.4,355416.0,,,,159500,3.9,622050.0,363856,1.1,400241.6,2004616.2,1438708.8
2013-04-10,10,14,15,16,25,42,17,1278077.5,DJP,2004616.2,0.0,,,,111,1451.6,161127.6,,,,5202,51.1,265822.2,,,,94909,4.9,465054.1,350976,1.1,386073.6,930369.7,1074246.5
2013-04-07,2,10,16,37,43,44,20,1054371.9,JP,930369.7,0.0,,,,78,1789.1,139549.8,,,,4536,50.7,229975.2,,,,80346,5.0,401730.0,257379,1.1,283116.9,,930369.7
2013-04-03,4,16,19,21,30,35,39,6406868.7,1,4752644.8,4752644.8,,,,176,1236.0,217536.0,,,,8303,43.2,358689.6,,,,136254,4.6,626768.4,410209,1.1,451229.9,3302312.8,1450332.0
2013-03-31,5,8,21,23,24,38,3,1695529.9,3JP,3302312.8,0.0,,,,222,975.9,216649.8,,,,8952,39.9,357184.8,,,,142184,4.4,625609.6,450987,1.1,496085.7,1857877.2,1444435.6
2013-03-27,2,9,16,22,24,43,23,1123347.6,DJP,1857877.2,0.0,,,,112,1314.7,147246.4,,,,5879,41.3,242802.7,,,,96473,4.4,424481.2,280743,1.1,308817.3,876190.5,981686.7
2013-03-24,14,21,35,39,42,44,12,1046620.7,JP,876190.5,0.0,,,,104,1263.7,131424.8,,,,6552,33.0,216216.0,,,,79561,4.8,381892.8,288261,1.1,317087.1,,876190.5
2013-03-20,1,6,21,23,40,41,3,1868634.6,2,500000.0,1000000.0,,,,72,1512.7,108914.4,,,,4019,44.7,179649.3,,,,66116,4.8,317356.8,238831,1.1,262714.1,,500000.0
2013-03-17,2,8,11,13,29,31,24,3278570.3,1,1942933.8,1942933.8,,,,165,1070.0,176550.0,,,,7841,37.1,290901.1,,,,121927,4.2,512093.4,323720,1.1,356092.0,765890.5,1177043.3
2013-03-13,11,24,31,38,41,43,21,901700.8,JP,765890.5,0.0,,,,85,1351.5,114877.5,,,,3753,50.5,189526.5,,,,63519,5.3,336650.7,236951,1.1,260646.1,,765890.5
2013-03-10,16,24,25,26,27,44,12,2060895.3,1,1000000.0,1000000.0,,,,109,1251.4,136402.6,,,,5086,44.2,224801.2,,,,83353,4.8,400094.4,272361,1.1,299597.1,,1000000.0
2013-03-06,3,15,18,22,27,28,25,3240703.9,1,2021878.6,2021878.6,,,,152,1071.7,162898.4,,,,7354,36.5,268421.0,,,,115623,4.1,474054.3,284956,1.1,313451.6,935788.6,1086090.0
2013-03-03,11,16,20,31,40,43,6,1104067.0,JP,935788.6,0.0,,,,117,1199.7,140364.9,,,,4871,47.5,231372.5,,,,82793,4.9,405685.7,296949,1.1,326643.9,,935788.6
2013-02-27,7,9,12,27,28,39,25,4657060.8,1,3228804.5,3228804.5,,,,186,1033.9,192305.4,,,,9803,32.3,316636.9,,,,146762,3.8,557695.6,328744,1.1,361618.4,1946692.3,1282112.2
2013-02-24,12,13,25,27,30,45,42,1343727.9,DJP,1946692.3,0.0,,,,132,1347.8,177909.6,,,,6731,43.6,293471.6,,,,112527,4.6,517624.2,322475,1.1,354722.5,760580.3,1186112.0
2013-02-20,4,7,13,31,34,41,20,870397.7,JP,760580.3,0.0,,,,97,1176.1,114081.7,,,,4435,42.4,188044.0,,,,71923,4.6,330845.8,215842,1.1,237426.2,,760580.3
2013-02-17,4,14,21,38,41,42,43,6699450.1,1,4784043.3,4784043.3,,,,205,1226.3,251391.5,,,,9489,43.7,414669.3,,,,155874,4.7,732607.8,469762,1.1,516738.2,3108064.2,1675979.1
2013-02-13,1,7,20,34,35,44,42,1380155.6,3JP,3108064.2,0.0,,,,132,1389.2,183374.4,,,,6597,45.8,302142.6,,,,108497,4.9,531635.3,330003,1.1,363003.3,1885496.4,1222567.8
2013-02-10,9,10,31,42,44,45,6,1354938.7,DJP,1885496.4,0.0,,,,113,1545.6,174652.8,,,,5955,48.3,287626.5,,,,102783,4.9,503636.7,353657,1.1,389022.7,721087.3,1164409.1
2013-02-06,7,9,10,11,18,45,12,825434.7,JP,721087.3,0.0,,,,128,845.0,108160.0,,,,5089,35.0,178115.0,,,,77676,4.0,310704.0,207687,1.1,228455.7,,721087.3
2013-02-03,4,13,16,19,29,38,35,2042296.3,1,1000000.0,1000000.0,,,,130,1061.1,137943.0,,,,5961,38.1,227114.1,,,,91454,4.4,402397.6,249856,1.1,274841.6,,1000000.0
2013-01-30,1,15,20,32,35,45,43,1832045.5,1,1000000.0,1000000.0,,,,85,1288.7,109539.5,,,,4211,42.9,180651.9,,,,67205,4.7,315863.5,205446,1.1,225990.6,,1000000.0
2013-01-27,11,16,26,35,36,39,2,3216511.7,1,1879743.0,1879743.0,,,,162,1063.6,172303.2,,,,7293,38.9,283697.7,,,,112753,4.4,496113.2,349686,1.1,384654.6,731048.5,1148694.5
2013-01-23,4,20,30,32,40,41,44,822628.0,JP,731048.5,0.0,,,,82,1337.2,109650.4,,,,4358,41.5,180857.0,,,,65989,4.8,316747.2,195794,1.1,215373.4,,731048.5
2013-01-20,4,8,27,34,36,44,40,1991700.3,1,1000000.0,1000000.0,,,,101,1302.8,131582.8,,,,5279,41.1,216966.9,,,,85639,4.5,385375.5,234341,1.1,257775.1,,1000000.0
2013-01-16,20,23,26,27,36,42,10,4689108.7,1,3217460.2,3217460.2,,,,119,1591.1,189340.9,,,,6459,48.3,311969.7,,,,112038,4.9,548986.2,383047,1.1,421351.7,1955142.4,1262317.8
2013-01-13,11,16,17,18,27,36,20,1359094.4,DJP,1955142.4,0.0,,,,136,1320.1,179533.6,,,,7262,40.7,295563.4,,,,117374,4.4,516445.6,334138,1.1,367551.8,758238.5,1196903.9
2013-01-09,11,12,22,28,34,45,3,898237.7,JP,758238.5,0.0,,,,78,1458.1,113731.8,,,,4122,45.5,187551.0,,,,71881,4.6,330652.6,242093,1.1,266302.3,,758238.5
2013-01-06,7,15,21,28,35,39,34,2048936.8,2,500000.0,1000000.0,,,,182,767.1,139612.2,,,,8209,28.0,229852.0,,,,97161,4.2,408076.2,246724,1.1,271396.4,,500000.0
2013-01-02,11,15,34,36,40,43,5,1959081.5,1,1000000.0,1000000.0,,,,76,1577.7,119905.2,,,,3960,49.9,197604.0,,,,67929,5.1,346437.9,268304,1.1,295134.4,,1000000.0
2012-12-30,3,5,17,21,25,43,35,6657102.7,1,4694128.1,4694128.1,,,,245,1065.6,261072.0,,,,12673,33.9,429614.7,,,,185917,4.1,762259.7,463662,1.1,510028.2,2953521.9,1740606.2
2012-12-26,8,16,24,27,39,40,29,993682.9,3JP,2953521.9,0.0,,,,160,816.0,130560.0,,,,6412,33.5,214802.0,,,,87806,4.3,377565.8,246141,1.1,270755.1,2083103.0,870418.9
2012-12-23,7,8,9,17,23,43,25,1460557.6,DJP,2083103.0,0.0,,,,185,1060.1,196118.5,,,,8616,37.5,323100.0,,,,139807,4.1,573208.7,334664,1.1,368130.4,775634.5,1307468.5
2012-12-19,5,7,15,17,25,31,24,880454.5,JP,775634.5,0.0,,,,134,868.2,116338.8,,,,5687,33.7,191651.9,,,,83975,4.0,335900.0,215058,1.1,236563.8,,775634.5
2012-12-16,6,12,17,24,27,30,44,2016597.9,1,1000000.0,1000000.0,,,,146,935.0,136510.0,,,,7541,29.8,224721.8,,,,100658,3.9,392566.2,238909,1.1,262799.9,,1000000.0
2012-12-12,17,20,22,23,27,35,4,1896891.5,1,1000000.0,1000000.0,,,,98,1178.6,115502.8,,,,4668,40.8,190454.4,,,,74855,4.5,336847.5,230988,1.1,254086.8,,1000000.0
2012-12-09,8,11,15,20,23,30,5,6503168.9,2,2356415.4,4712830.8,,,,253,913.2,231039.6,,,,10678,35.7,381204.6,,,,156371,4.3,672395.3,459726,1.1,505698.6,3172474.8,-816059.4
2012-12-05,5,6,18,19,26,42,28,1419876.4,3JP,3172474.8,0.0,,,,147,1260.0,185220.0,,,,7732,39.5,305414.0,,,,124093,4.3,533599.9,359675,1.1,395642.5,1937637.5,1234837.3
2012-12-02,8,28,34,35,41,44,6,1409920.2,DJP,1937637.5,0.0,,,,115,1553.6,178664.0,,,,6326,46.6,294791.6,,,,107419,4.8,515611.2,382594,1.1,420853.4,746507.7,1191129.8
2012-11-28,4,9,10,18,28,34,26,852005.4,JP,746507.7,0.0,,,,112,999.7,111966.4,,,,5052,36.5,184398.0,,,,78356,4.1,321259.6,213074,1.1,234381.4,,746507.7
2012-11-25,5,7,16,21,24,28,2,3233327.1,1,1902960.9,1902960.9,,,,207,846.9,175308.3,,,,8146,35.5,289183.0,,,,127600,4.0,510400.0,323159,1.1,355474.9,734163.3,1168797.6
2012-11-21,10,12,16,20,30,33,43,834605.2,JP,734163.3,0.0,,,,112,983.2,110118.4,,,,5373,33.8,181607.4,,,,78376,4.1,321341.6,201398,1.1,221537.8,,734163.3
2012-11-18,5,21,22,29,32,41,9,3279066.0,1,1908958.7,1908958.7,,,,160,1096.5,175440.0,,,,7362,39.3,289326.6,,,,114772,4.4,504996.8,363949,1.1,400343.9,739273.4,1169685.3
2012-11-14,6,16,27,30,35,36,12,864237.4,JP,739273.4,0.0,,,,92,1205.3,110887.6,,,,4247,43.0,182621.0,,,,68887,4.7,323768.9,224509,1.1,246959.9,,739273.4
2012-11-11,2,10,14,20,33,35,11,1178562.5,1,100000.0,100000.0,,,,149,912.0,135888.0,,,,5853,38.3,224169.9,,,,88828,4.4,390843.2,297874,1.1,327661.4,,100000.0
2012-11-07,13,14,20,23,26,34,39,1889286.3,1,1000000.0,1000000.0,,,,79,1473.5,116406.5,,,,4221,45.5,192055.5,,,,70832,4.8,339993.6,218937,1.1,240830.7,,1000000.0
2012-11-04,2,31,32,35,40,43,10,3278969.4,1,1930700.1,1930700.1,,,,105,1619.7,170068.5,,,,5408,51.8,280134.4,,,,93654,5.3,496366.2,365182,1.1,401700.2,796884.5,1133815.6
2012-10-31,5,9,32,33,41,45,14,901375.3,JP,796884.5,0.0,,,,92,1299.2,119526.4,,,,4733,41.6,196892.8,,,,77674,4.5,349533.0,214021,1.1,235423.1,,796884.5
2012-10-28,1,24,27,28,42,43,3,3165196.6,1,1862179.5,1862179.5,,,,138,1204.1,166165.8,,,,5863,46.7,273802.1,,,,97709,4.9,478774.1,349341,1.1,384275.1,754346.1,1107833.4
2012-10-24,2,25,29,31,34,42,35,859387.9,JP,754346.1,0.0,,,,70,1616.4,113148.0,,,,3568,52.3,186606.4,,,,62388,5.3,330656.4,208161,1.1,228977.1,,754346.1
2012-10-21,2,3,5,10,14,43,32,3409273.6,1,2016447.1,2016447.1,,,,176,1052.3,185204.8,,,,8140,37.5,305250.0,,,,134885,4.0,539540.0,329847,1.1,362831.7,781732.6,1234714.5
2012-10-17,7,13,18,25,33,44,41,874252.7,JP,781732.6,0.0,,,,108,1085.7,117255.6,,,,4801,40.2,193000.2,,,,75179,4.5,338305.5,205174,1.1,225691.4,,781732.6
2012-10-14,8,12,20,22,24,40,41,13322728.9,4,2499764.5,9999058.0,,,,484,902.8,436955.2,,,,19414,37.1,720259.4,,,,297289,4.3,1278342.7,807376,1.1,888113.6,7085828.4,-4586063.9
2012-10-10,14,20,24,28,30,39,9,2438627.5,5JP,7085828.4,0.0,,,,218,1424.5,310541.0,,,,11712,43.7,511814.4,,,,190521,4.7,895448.7,655294,1.1,720823.4,5015435.5,2070392.9
2012-10-07,8,16,33,35,42,44,29,2027226.6,4JP,5015435.5,0.0,,,,241,1088.8,262400.8,,,,10856,39.8,432068.8,,,,166360,4.6,765256.0,515910,1.1,567501.0,3266088.7,1749346.8
2012-10-03,28,30,34,38,42,43,45,1484654.6,3JP,3266088.7,0.0,,,,134,1453.0,194702.0,,,,6810,47.1,320751.0,,,,115525,4.9,566072.5,366481,1.1,403129.1,1968006.0,1298082.7
2012-09-30,14,22,31,36,37,39,6,1455266.2,DJP,1968006.0,0.0,,,,127,1437.4,182549.8,,,,6493,46.3,300625.9,,,,104732,5.1,534133.2,398143,1.1,437957.3,750928.2,1217077.8
2012-09-26,6,10,37,40,41,42,44,850405.2,JP,750928.2,0.0,,,,72,1564.4,112636.8,,,,3886,47.8,185750.8,,,,62934,5.2,327256.8,204328,1.1,224760.8,,750928.2
2012-09-23,8,13,14,17,32,41,21,9672622.4,1,7205587.0,7205587.0,,,,224,1432.4,320857.6,,,,12366,42.8,529264.8,,,,201536,4.6,927065.6,627134,1.1,689847.4,5066424.6,2139162.4
2012-09-19,9,19,23,26,27,32,31,1825119.8,4JP,5066424.6,0.0,,,,203,1205.2,244655.6,,,,10451,38.6,403408.6,,,,167582,4.2,703844.4,430192,1.1,473211.2,3435327.6,1631097.0
2012-09-16,19,26,27,30,31,43,6,1663748.6,3JP,3435327.6,0.0,,,,165,1299.0,214335.0,,,,7720,45.8,353576.0,,,,129305,4.8,620664.0,431976,1.1,475173.6,2006411.0,1428916.6
2012-09-12,4,10,16,17,27,39,25,1238396.5,DJP,2006411.0,0.0,,,,183,905.1,165633.3,,,,8021,34.0,272714.0,,,,121007,4.0,484028.0,287292,1.1,316021.2,902162.1,1104248.9
2012-09-09,1,5,18,24,39,40,45,1011357.0,JP,902162.1,0.0,,,,103,1313.8,135321.4,,,,4646,48.0,223008.0,,,,81019,4.8,388891.2,240124,1.1,264136.4,,902162.1
2012-09-05,9,15,19,27,30,33,37,6739082.3,2,2476013.7,4952027.4,,,,205,1175.3,240936.5,,,,11628,34.1,396514.8,,,,168222,4.2,706532.4,402792,1.1,443071.2,3345723.8,-869710.1
2012-09-02,7,24,27,40,43,44,13,1629267.4,3JP,3345723.8,0.0,,,,163,1316.5,214589.5,,,,7965,44.4,353646.0,,,,135363,4.6,622669.8,398511,1.1,438362.1,1915070.2,1430653.6
2012-08-29,13,23,31,37,40,45,2,1228173.0,DJP,1915070.2,0.0,,,,114,1365.1,155621.4,,,,5335,48.1,256613.5,,,,89466,5.1,456276.6,326965,1.1,359661.5,877525.4,1037544.8
2012-08-26,8,18,23,24,29,37,6,1035241.7,JP,877525.4,0.0,,,,78,1687.5,131625.0,,,,4519,48.0,216912.0,,,,76956,5.0,384780.0,274477,1.1,301924.7,,877525.4
2012-08-22,1,16,25,30,38,44,31,3151720.8,1,1954336.7,1954336.7,,,,112,1412.5,158200.0,,,,5240,49.8,260952.0,,,,88551,5.2,460465.2,288879,1.1,317766.9,899601.4,1054735.3
2012-08-19,4,13,15,30,36,38,26,1047811.5,JP,899601.4,0.0,,,,90,1499.3,134937.0,,,,4482,49.6,222307.2,,,,77403,5.1,394755.3,268920,1.1,295812.0,,899601.4
2012-08-15,3,9,14,33,41,44,6,12407549.7,1,9437932.5,9437932.5,,,,338,1138.5,384813.0,,,,16468,38.5,634018.0,,,,256192,4.4,1127244.8,748674,1.1,823541.4,6872503.7,2565428.8
2012-08-12,12,29,30,35,37,44,36,2373408.9,5JP,6872503.7,0.0,,,,211,1489.2,314221.2,,,,10417,49.7,517724.9,,,,180814,5.0,904070.0,579448,1.1,637392.8,4777585.0,2094918.7
2012-08-08,2,5,17,19,37,45,36,1860585.7,4JP,4777585.0,0.0,,,,210,1168.5,245385.0,,,,10617,38.1,404507.7,,,,163438,4.4,719127.2,446878,1.1,491565.8,3141585.0,1636000.0
2012-08-05,1,5,19,21,38,39,15,1527359.5,3JP,3141585.0,0.0,,,,168,1195.4,200827.2,,,,7582,43.7,331333.4,,,,128813,4.5,579658.5,377764,1.1,415540.4,1802689.9,1338895.1
2012-08-01,1,7,9,32,34,43,29,1119404.4,DJP,1802689.9,0.0,,,,88,1662.6,146308.8,,,,5259,45.9,241388.1,,,,92794,4.6,426852.4,277141,1.1,304855.1,827257.9,975432.0
2012-07-29,7,15,18,24,37,43,6,981859.7,JP,827257.9,0.0,,,,85,1459.8,124083.0,,,,4443,46.0,204378.0,,,,71066,5.1,362436.6,264511,1.1,290962.1,,827257.9
2012-07-25,4,14,16,18,29,42,44,1793088.4,2,500000.0,1000000.0,,,,90,1168.9,105201.0,,,,4096,42.3,173260.8,,,,65356,4.7,307173.2,188594,1.1,207453.4,,500000.0
2012-07-22,6,11,15,17,22,24,37,4746960.3,1,3243054.8,3243054.8,,,,200,1012.9,202580.0,,,,8573,38.9,333489.7,,,,137877,4.3,592871.1,340877,1.1,374964.7,1892468.0,1350586.8
2012-07-18,11,29,31,34,39,41,16,1167250.2,DJP,1892468.0,0.0,,,,126,1211.4,152636.4,,,,5920,42.5,251600.0,,,,93826,4.7,440982.2,292756,1.1,322031.6,874862.4,1017605.6
2012-07-15,6,10,21,28,30,31,23,999015.8,JP,874862.4,0.0,,,,153,857.7,131228.1,,,,6127,35.3,216283.1,,,,92129,4.1,377728.9,248887,1.1,273775.7,,874862.4
2012-07-11,9,15,17,20,24,35,7,3099661.4,1,1892821.6,1892821.6,,,,101,1511.3,152641.3,,,,5780,43.5,251430.0,,,,96990,4.6,446154.0,324195,1.1,356614.5,875199.1,1017622.5
2012-07-08,3,5,19,34,41,42,11,1024791.3,JP,875199.1,0.0,,,,100,1312.7,131270.0,,,,4787,45.2,216372.4,,,,82153,4.6,377903.8,272041,1.1,299245.1,,875199.1
2012-07-04,6,12,16,17,19,29,36,4308976.5,4,747559.4,2990237.6,,,,197,895.3,176374.1,,,,8027,36.2,290577.4,,,,125403,4.1,514152.3,306941,1.1,337635.1,1814372.6,-1066813.2
2012-07-01,13,20,22,28,36,37,8,1286241.7,DJP,1814372.6,0.0,,,,107,1530.1,163720.7,,,,5408,49.9,269859.2,,,,92958,5.1,474085.8,344160,1.1,378576.0,722862.3,1091510.3
2012-06-27,9,17,18,21,35,42,19,835565.3,JP,722862.3,0.0,,,,98,1106.4,108427.2,,,,4486,39.8,178542.8,,,,71266,4.4,313570.4,213659,1.1,235024.9,,722862.3
2012-06-24,6,9,18,19,22,28,38,1977665.7,1,1000000.0,1000000.0,,,,177,741.4,131227.8,,,,6957,31.1,216362.7,,,,100581,3.8,382207.8,225334,1.1,247867.4,,1000000.0
2012-06-20,3,4,5,13,15,34,44,4379087.1,2,1524081.4,3048162.8,,,,184,962.2,177044.8,,,,7156,40.8,291964.8,,,,120650,4.3,518795.0,311927,1.1,343119.7,1867799.6,-343718.2
2012-06-17,8,9,12,23,35,37,14,1293270.4,DJP,1867799.6,0.0,,,,119,1427.3,169848.7,,,,6465,43.3,279934.5,,,,108155,4.6,497513.0,314522,1.1,345974.2,735417.2,1132382.4
2012-06-13,2,8,15,17,32,45,13,850975.5,JP,735417.2,0.0,,,,80,1378.9,110312.0,,,,4350,41.8,181830.0,,,,71758,4.5,322911.0,214475,1.1,235922.5,,735417.2
2012-06-10,2,7,17,21,26,41,11,4720638.2,3,1085056.2,3255168.6,,,,200,955.8,191160.0,,,,8928,35.3,315158.4,,,,133743,4.1,548346.3,373459,1.1,410804.9,1980705.8,-895649.6
2012-06-06,8,9,16,24,27,34,21,1212100.7,DJP,1980705.8,0.0,,,,178,891.8,158740.4,,,,7868,33.2,261217.6,,,,114200,4.0,456800.0,304857,1.1,335342.7,922372.4,1058333.4
2012-06-03,2,10,13,21,31,34,32,1036719.2,JP,922372.4,0.0,,,,140,988.2,138348.0,,,,5832,39.1,228031.2,,,,90745,4.4,399278.0,246420,1.1,271062.0,,922372.4
2012-05-30,13,17,20,23,32,34,14,2882313.7,1,1809353.5,1809353.5,,,,97,1456.2,141251.4,,,,5387,43.2,232718.4,,,,88879,4.6,408843.4,263770,1.1,290147.0,867646.1,941707.4
2012-05-27,13,19,22,30,42,45,23,1007888.8,JP,867646.1,0.0,,,,103,1263.5,130140.5,,,,4528,47.4,214627.2,,,,77883,4.9,381626.7,255904,1.1,281494.4,,867646.1
2012-05-23,1,13,18,29,30,33,10,1865105.0,1,1000000.0,1000000.0,,,,96,1149.4,110342.4,,,,4171,43.6,181855.6,,,,68565,4.7,322255.5,227865,1.1,250651.5,,1000000.0
2012-05-20,3,6,15,29,30,38,27,3186347.6,1,1888682.6,1888682.6,,,,160,1042.1,166736.0,,,,7041,39.0,274599.0,,,,108370,4.5,487665.0,335150,1.1,368665.0,777063.7,1111618.9
2012-05-16,1,9,10,22,25,32,36,868005.4,JP,777063.7,0.0,,,,94,1239.9,116550.6,,,,4694,40.9,191984.6,,,,78372,4.3,336999.6,202246,1.1,222470.6,,777063.7
2012-05-13,31,32,35,36,38,43,41,5130944.5,1,3446143.6,3446143.6,,,,274,814.6,223200.4,,,,8992,40.9,367772.8,,,,126286,5.1,644058.6,408881,1.1,449769.1,1958011.0,1488132.6
2012-05-09,2,10,15,27,28,34,5,1237748.7,DJP,1958011.0,0.0,,,,137,1160.0,158920.0,,,,7269,36.0,261684.0,,,,107659,4.3,462933.7,322010,1.1,354211.0,898490.0,1059521.0
2012-05-06,10,23,25,26,27,40,35,1000110.6,JP,898490.0,0.0,,,,115,1171.9,134768.5,,,,5440,40.8,221952.0,,,,86769,4.5,390460.5,229936,1.1,252929.6,,898490.0
2012-05-02,4,9,13,15,22,44,19,1816793.1,2,500000.0,1000000.0,,,,122,871.2,106286.4,,,,5140,34.1,175274.0,,,,74194,4.2,311614.8,203289,1.1,223617.9,,500000.0
2012-04-29,2,3,5,16,21,41,17,3257844.6,2,950252.1,1900504.2,,,,144,1220.9,175809.6,,,,7267,39.9,289953.3,,,,121979,4.2,512311.8,344787,1.1,379265.7,728412.9,221839.2
2012-04-25,1,30,39,41,43,45,3,894302.8,JP,728412.9,0.0,,,,122,895.5,109251.0,,,,4107,43.8,179886.6,,,,62815,5.1,320356.5,258917,1.1,284808.7,,728412.9
2012-04-22,26,27,32,34,37,43,25,10029923.3,1,7354985.5,7354985.5,,,,254,1377.5,349885.0,,,,12868,44.8,576486.4,,,,215746,4.7,1014006.2,667782,1.1,734560.2,5022258.2,2332727.3
2012-04-18,7,10,12,23,39,40,32,1922127.4,4JP,5022258.2,0.0,,,,236,1085.0,256060.0,,,,10594,39.8,421641.2,,,,172661,4.3,742442.3,456349,1.1,501983.9,3315186.8,1707071.4
2012-04-15,2,5,20,24,27,34,42,1635811.4,3JP,3315186.8,0.0,,,,187,1163.9,217649.3,,,,8757,41.0,359037.0,,,,142962,4.4,629032.8,390993,1.1,430092.3,1864182.2,1451004.6
2012-04-11,1,20,24,26,30,35,34,1071077.8,DJP,1864182.2,0.0,,,,75,1875.9,140692.5,,,,4654,49.8,231769.2,,,,82818,4.9,405808.2,266189,1.1,292807.9,926214.9,937967.3
2012-04-08,6,14,16,42,43,44,2,1078058.0,JP,926214.9,0.0,,,,95,1462.4,138928.0,,,,4572,50.1,229057.2,,,,80646,5.0,403230.0,278948,1.1,306842.8,,926214.9
2012-04-04,6,19,30,31,36,41,1,1846938.9,1,1000000.0,1000000.0,,,,57,1933.6,110215.2,,,,3659,49.7,181852.3,,,,63735,5.0,318675.0,214724,1.1,236196.4,,1000000.0
2012-04-01,11,12,24,26,37,43,39,2028457.8,1,1000000.0,1000000.0,,,,103,1316.0,135548.0,,,,4761,46.9,223290.9,,,,81690,4.8,392112.0,252279,1.1,277506.9,,1000000.0
2012-03-28,9,19,20,21,23,44,25,1818075.6,1,1000000.0,1000000.0,,,,85,1280.5,108842.5,,,,4265,42.1,179556.5,,,,69907,4.5,314581.5,195541,1.1,215095.1,,1000000.0
2012-03-25,6,8,10,32,44,45,29,5032357.4,2,1693192.1,3386384.2,,,,179,1191.3,213242.7,,,,8165,43.0,351095.0,,,,135553,4.6,623543.8,416447,1.1,458091.7,1964665.6,-271473.5
2012-03-21,5,8,14,24,39,44,42,1178291.6,DJP,1964665.6,0.0,,,,127,1240.5,157543.5,,,,6105,42.5,259462.5,,,,100824,4.5,453708.0,279616,1.1,307577.6,914331.4,1050334.2
2012-03-18,4,13,21,24,32,45,10,1071443.3,JP,914331.4,0.0,,,,117,1172.2,137147.4,,,,5249,43.1,226231.9,,,,83965,4.7,394635.5,284935,1.1,313428.5,,914331.4
2012-03-14,9,10,14,18,24,26,6,1887013.4,2,500000.0,1000000.0,,,,127,913.4,116001.8,,,,5250,36.4,191100.0,,,,79693,4.2,334710.6,222910,1.1,245201.0,,500000.0
2012-03-11,2,16,17,33,35,45,1,2079581.9,1,1000000.0,1000000.0,,,,115,1228.5,141277.5,,,,5569,41.8,232784.2,,,,90101,4.5,405454.5,272787,1.1,300065.7,,1000000.0
2012-03-07,8,16,21,23,32,43,36,1875585.2,1,1000000.0,1000000.0,,,,132,886.6,117031.2,,,,4920,39.2,192864.0,,,,76105,4.5,342472.5,202925,1.1,223217.5,,1000000.0
2012-03-04,4,5,13,19,31,37,45,10300065.8,2,3772191.3,7544382.6,,,,296,1225.2,362659.2,,,,14462,41.3,597280.6,,,,227007,4.6,1044232.2,683192,1.1,751511.2,5126483.3,-1354292.0
2012-02-29,5,17,27,37,41,43,16,2056907.1,4JP,5126483.3,0.0,,,,320,835.9,267488.0,,,,12768,34.5,440496.0,,,,179193,4.3,770529.9,525812,1.1,578393.2,3343118.8,1783364.5
2012-02-26,1,15,17,20,25,42,24,1629023.4,3JP,3343118.8,0.0,,,,149,1438.5,214336.5,,,,7476,47.3,353614.8,,,,128513,4.8,616862.4,403827,1.1,444209.7,1914114.5,1429004.3
2012-02-22,2,3,6,31,41,44,34,1184986.3,DJP,1914114.5,0.0,,,,101,1542.3,155772.3,,,,5524,46.5,256866.0,,,,96582,4.7,453935.4,289466,1.1,318412.6,875606.6,1038507.9
2012-02-19,5,14,15,32,38,43,37,971540.5,JP,875606.6,0.0,,,,92,1427.6,131339.2,,,,4719,45.9,216602.1,,,,78213,4.9,383243.7,218505,1.1,240355.5,,875606.6
2012-02-15,2,5,7,12,13,23,32,3070271.5,1,1912710.9,1912710.9,,,,222,695.9,154489.8,,,,8691,29.3,254646.3,,,,120139,3.7,444514.3,276282,1.1,303910.2,882718.8,1029992.1
2012-02-12,1,5,6,12,41,44,22,1014943.2,JP,882718.8,0.0,,,,98,1351.1,132407.8,,,,5311,41.1,218282.1,,,,90226,4.3,387971.8,251165,1.1,276281.5,,882718.8
2012-02-08,6,9,19,21,22,24,16,3141159.7,2,973825.4,1947650.8,,,,175,895.3,156677.5,,,,7890,32.7,258003.0,,,,114208,4.0,456832.0,292724,1.1,321996.4,903071.3,70754.1
2012-02-05,20,25,28,29,39,42,18,1023497.6,JP,903071.3,0.0,,,,85,1593.6,135456.0,,,,4903,45.5,223086.5,,,,82224,4.8,394675.2,245709,1.1,270279.9,,903071.3
2012-02-01,5,16,17,21,23,28,7,1904364.9,1,1000000.0,1000000.0,,,,110,1059.0,116490.0,,,,5093,37.7,192006.1,,,,79388,4.3,341368.4,231364,1.1,254500.4,,1000000.0
2012-01-29,26,27,30,32,38,40,22,3448823.5,1,2019133.2,2019133.2,,,,127,1465.0,186055.0,,,,6342,48.4,306952.8,,,,109394,4.9,536030.6,364229,1.1,400651.9,778735.7,1240397.5
2012-01-25,2,3,6,31,40,42,22,889614.1,JP,778735.7,0.0,,,,86,1358.2,116805.2,,,,4034,47.7,192421.8,,,,73192,4.6,336683.2,221549,1.1,243703.9,,778735.7
2012-01-22,7,9,10,11,17,25,45,2009227.3,1,1000000.0,1000000.0,,,,194,695.3,134888.2,,,,7988,27.8,222066.4,,,,106607,3.7,394445.9,234388,1.1,257826.8,,1000000.0
2012-01-18,16,18,25,28,39,42,7,3447335.6,1,2098428.4,2098428.4,,,,153,1110.4,169891.2,,,,6552,42.7,279770.4,,,,102817,4.8,493521.6,368840,1.1,405724.0,965735.4,1132693.0
2012-01-15,4,19,28,35,38,45,36,1092868.1,JP,965735.4,0.0,,,,100,1448.6,144860.0,,,,5428,44.0,238832.0,,,,89773,4.7,421933.1,261130,1.1,287243.0,,965735.4
2012-01-11,4,7,9,10,23,30,16,1936132.5,1,1000000.0,1000000.0,,,,171,720.2,123154.2,,,,7092,28.6,202831.2,,,,94673,3.8,359757.4,227627,1.1,250389.7,,1000000.0
2012-01-08,19,21,27,37,39,42,36,5232016.2,1,3652294.0,3652294.0,,,,194,1080.7,209655.8,,,,8121,42.6,345954.6,,,,133280,4.6,613088.0,373658,1.1,411023.8,2254485.0,1397809.0
2012-01-04,11,13,17,21,22,33,36,1314176.4,DJP,2254485.0,0.0,,,,207,851.0,176157.0,,,,8954,32.4,290109.6,,,,130715,3.9,509788.5,307383,1.1,338121.3,1080050.8,1174434.2
2012-01-01,10,14,21,24,38,44,23,1244525.3,JP,1080050.8,0.0,,,,130,1246.2,162006.0,,,,6361,42.0,267162.0,,,,99876,4.7,469417.2,314491,1.1,345940.1,,1080050.8
2011-12-28,15,19,34,37,41,44,26,4976576.4,2,1730925.4,3461850.8,,,,133,1454.3,193421.9,,,,6747,47.3,319133.1,,,,111588,5.0,557940.0,403846,1.1,444230.6,2172298.8,-441373.4
2011-12-25,5,8,24,34,35,36,7,1640878.1,DJP,2172298.8,0.0,,,,160,1294.2,207072.0,,,,7730,44.2,341666.0,,,,128299,4.7,603005.3,444668,1.1,489134.8,791733.8,1380565.0
2011-12-21,6,11,23,28,33,36,25,886999.3,JP,791733.8,0.0,,,,102,1164.3,118758.6,,,,4997,39.2,195882.4,,,,81638,4.2,342879.6,208617,1.1,229478.7,,791733.8
2011-12-18,19,24,35,40,42,45,23,2099696.9,1,1000000.0,1000000.0,,,,94,1512.6,142184.4,,,,4758,49.3,234569.4,,,,82390,5.0,411950.0,282721,1.1,310993.1,,1000000.0
2011-12-14,6,21,30,37,38,45,41,1884266.0,1,1000000.0,1000000.0,,,,83,1427.4,118474.2,,,,3895,50.1,195139.5,,,,67249,5.1,342969.9,206984,1.1,227682.4,,1000000.0
2011-12-11,3,6,12,18,22,27,25,3368077.7,1,2016850.9,2016850.9,,,,263,688.1,180970.3,,,,10030,29.7,297891.0,,,,138005,3.8,524419.0,316315,1.1,347946.5,810291.0,1206559.9
2011-12-07,7,19,32,34,35,36,27,951760.8,JP,810291.0,0.0,,,,90,1350.4,121536.0,,,,4776,41.9,200114.4,,,,70832,5.0,354160.0,250864,1.1,275950.4,,810291.0
2011-12-04,3,9,12,17,21,44,31,2108981.5,1,1000000.0,1000000.0,,,,193,776.9,149941.7,,,,8498,29.1,247291.8,,,,117633,3.7,435242.1,251369,1.1,276505.9,,1000000.0
2011-11-30,6,27,37,38,41,44,36,4860419.1,3,1118497.0,3355491.0,,,,118,1689.8,199396.4,,,,7012,46.9,328862.8,,,,119288,4.9,584511.2,356507,1.1,392157.7,2026144.5,-907647.5
2011-11-27,2,4,9,13,15,28,6,1441214.6,DJP,2026144.5,0.0,,,,226,832.2,188077.2,,,,8883,34.9,310016.7,,,,133366,4.1,546800.6,360291,1.1,396320.1,772220.5,1253924.0
2011-11-23,10,18,25,38,39,41,24,888554.2,JP,772220.5,0.0,,,,74,1565.3,115832.2,,,,3802,50.2,190860.4,,,,65182,5.2,338946.4,220832,1.1,242915.2,,772220.5
2011-11-20,1,7,8,25,37,39,36,3629536.9,1,2129238.8,2129238.8,,,,132,1512.5,199650.0,,,,7130,46.2,329406.0,,,,123392,4.7,579942.4,355727,1.1,391299.7,798191.1,1331047.7
2011-11-16,17,29,34,35,36,45,12,952374.4,JP,798191.1,0.0,,,,72,1662.8,119721.6,,,,3973,49.7,197458.1,,,,69294,5.0,346470.0,262477,1.1,288724.7,,798191.1
2011-11-13,9,10,15,16,32,34,24,2127469.5,1,1000000.0,1000000.0,,,,110,1359.1,149501.0,,,,5513,44.7,246431.1,,,,94853,4.6,436323.8,268376,1.1,295213.6,,1000000.0
2011-11-09,8,9,10,27,34,39,17,10148201.2,2,3759741.3,7519482.6,,,,341,1011.4,344887.4,,,,15410,36.9,568629.0,,,,238751,4.2,1002754.2,647680,1.1,712448.0,5220071.8,-1460330.5
2011-11-06,7,19,24,31,37,44,33,2251880.4,4JP,5220071.8,0.0,,,,243,1190.6,289315.8,,,,11220,42.5,476850.0,,,,176263,4.8,846062.4,581502,1.1,639652.2,3291147.4,1928924.4
2011-11-02,4,23,31,32,36,45,28,1513914.7,3JP,3291147.4,0.0,,,,146,1332.5,194545.0,,,,6537,49.1,320966.7,,,,111982,5.0,559910.0,398630,1.1,438493.0,1994148.4,1296999.0
2011-10-30,4,13,14,25,29,38,45,1466309.6,DJP,1994148.4,0.0,,,,150,1278.1,191715.0,,,,6983,45.3,316329.9,,,,115744,4.8,555571.2,366085,1.1,402693.5,715987.7,1278160.7
2011-10-26,4,11,26,35,36,42,13,829588.6,JP,715987.7,0.0,,,,89,1206.7,107396.3,,,,4035,43.9,177136.5,,,,65415,4.8,313992.0,210058,1.1,231063.8,,715987.7
2011-10-23,2,18,27,28,37,38,20,15136751.1,2,5507164.1,11014328.2,,,,468,1149.8,538106.4,,,,20056,44.2,886475.2,,,,334587,4.7,1572558.9,1022984,1.1,1125282.4,7426726.5,-1919562.4
2011-10-19,16,29,31,36,40,44,38,2785209.3,5JP,7426726.5,0.0,,,,331,1113.2,368469.2,,,,14153,42.9,607163.7,,,,220983,4.8,1060718.4,680780,1.1,748858.0,4970236.9,2456489.6
2011-10-16,1,6,15,29,33,35,36,2004275.2,4JP,4970236.9,0.0,,,,230,1153.7,265351.0,,,,10581,41.3,436995.3,,,,171982,4.5,773919.0,480009,1.1,528009.9,3201141.7,1769095.2
2011-10-12,4,20,23,29,31,40,9,1508729.5,3JP,3201141.7,0.0,,,,161,1190.6,191686.6,,,,7120,44.4,316128.0,,,,116203,4.8,557774.4,402855,1.1,443140.5,1923208.6,1277933.1
2011-10-09,7,10,26,31,38,42,5,1387125.6,DJP,1923208.6,0.0,,,,149,1193.1,177771.9,,,,6857,42.7,292793.9,,,,111266,4.6,511823.6,367942,1.1,404736.2,737987.2,1185221.4
2011-10-05,6,9,13,36,40,42,12,864731.3,JP,737987.2,0.0,,,,81,1366.6,110694.6,,,,4120,44.3,182516.0,,,,68586,4.7,322354.2,226515,1.1,249166.5,,737987.2
2011-10-02,3,8,13,18,22,27,41,2045771.8,1,1000000.0,1000000.0,,,,161,874.4,140778.4,,,,6827,34.0,232118.0,,,,104531,3.9,407670.9,241095,1.1,265204.5,,1000000.0
2011-09-28,3,15,21,39,40,43,1,4636978.6,1,3193656.5,3193656.5,,,,163,1159.6,189014.8,,,,8279,37.6,311290.4,,,,129211,4.2,542686.2,363937,1.1,400330.7,1933539.4,1260117.1
2011-09-25,14,20,21,30,31,37,28,1390409.9,JP,1933539.4,0.0,,,,121,1472.8,178208.8,,,,5699,51.5,293498.5,,,,98064,5.3,519739.2,362694,1.1,398963.4,745401.7,1188137.7
2011-09-21,1,18,19,29,33,41,35,843577.4,JP,745401.7,0.0,,,,104,1075.0,111800.0,,,,4046,45.5,184093.0,,,,68812,4.7,323416.4,203880,1.1,224268.0,,745401.7
2011-09-18,10,11,22,27,36,39,24,2042774.9,1,1000000.0,1000000.0,,,,137,1009.8,138342.6,,,,6113,37.3,228014.9,,,,95134,4.2,399562.8,251686,1.1,276854.6,,1000000.0
2011-09-14,5,19,28,36,37,38,3,1939585.3,2,500000.0,1000000.0,,,,68,1713.2,116497.6,,,,4053,47.4,192112.2,,,,67278,5.0,336390.0,267805,1.1,294585.5,,500000.0
2011-09-11,13,16,18,33,36,38,35,3598970.4,1,2116830.2,2116830.2,,,,126,1554.8,195904.8,,,,6940,46.5,322710.0,,,,116332,4.9,570026.8,357726,1.1,393498.6,810719.8,1306110.4
2011-09-07,1,7,10,26,33,42,6,939666.6,JP,810719.8,0.0,,,,116,1048.3,121602.8,,,,5225,38.4,200640.0,,,,82782,4.3,355962.6,237692,1.1,261461.2,,810719.8
2011-09-04,5,18,23,32,35,40,44,6892629.0,1,4902802.2,4902802.2,,,,208,1268.4,263827.2,,,,10182,42.7,434771.4,,,,162781,4.7,765070.7,478325,1.1,526157.5,3143931.0,1758871.2
2011-08-31,2,16,23,28,33,44,15,1443039.5,3JP,3143931.0,0.0,,,,191,988.2,188746.2,,,,7861,39.6,311295.6,,,,121766,4.5,547947.0,359137,1.1,395050.7,1885537.0,1258394.0
2011-08-28,6,11,14,20,30,42,32,1322973.7,DJP,1885537.0,0.0,,,,142,1241.3,176264.6,,,,6849,42.4,290397.6,,,,113058,4.5,508761.0,315955,1.1,347550.5,710368.4,1175168.6
2011-08-24,13,19,25,26,39,45,44,796791.3,JP,710368.4,0.0,,,,103,1034.5,106553.5,,,,4172,42.1,175641.2,,,,67370,4.6,309902.0,186086,1.1,204694.6,,710368.4
2011-08-21,1,5,11,16,38,44,34,3267878.8,1,1907791.4,1907791.4,,,,139,1293.7,179824.3,,,,6821,43.5,296713.5,,,,114658,4.6,527426.8,323748,1.1,356122.8,708890.5,1198900.9
2011-08-17,7,10,11,21,26,35,5,821323.1,JP,708890.5,0.0,,,,111,957.9,106326.9,,,,5162,33.9,174991.8,,,,81233,3.8,308685.4,210290,1.1,231319.0,,708890.5
2011-08-14,2,3,23,31,32,36,39,4938926.3,2,1667883.9,3335767.8,,,,149,1401.8,208868.2,,,,6960,49.5,344520.0,,,,122279,5.0,611395.0,398523,1.1,438375.3,1943311.5,-275427.6
2011-08-10,5,21,24,31,35,40,6,1238725.6,DJP,1943311.5,0.0,,,,128,1232.6,157772.8,,,,5866,44.3,259863.8,,,,95432,4.8,458073.6,330014,1.1,363015.4,891472.9,1051838.6
2011-08-07,2,8,9,14,32,42,40,1001234.9,JP,891472.9,0.0,,,,92,1453.4,133712.8,,,,5252,42.0,220584.0,,,,85322,4.5,383949.0,239081,1.1,262989.1,,891472.9
2011-08-03,3,24,27,31,36,43,21,1886015.2,1,1000000.0,1000000.0,,,,89,1276.0,113564.0,,,,4716,39.7,187225.2,,,,72180,4.6,332028.0,230180,1.1,253198.0,,1000000.0
2011-07-31,1,7,17,31,37,45,34,2031534.6,2,500000.0,1000000.0,,,,224,611.0,136864.0,,,,5921,38.1,225590.1,,,,89454,4.4,393597.6,250439,1.1,275482.9,,500000.0
2011-07-27,2,6,9,20,24,33,19,4676345.0,1,3242111.8,3242111.8,,,,215,873.4,187781.0,,,,8973,34.5,309568.5,,,,133377,4.1,546845.7,354580,1.1,390038.0,1990163.6,1251948.2
2011-07-24,4,12,14,22,32,44,15,1395326.6,DJP,1990163.6,0.0,,,,258,704.0,181632.0,,,,8289,36.1,299232.9,,,,121233,4.3,521301.9,357418,1.1,393159.8,779281.5,1210882.1
2011-07-20,25,32,37,41,42,45,35,881429.2,JP,779281.5,0.0,,,,78,1498.6,116890.8,,,,3667,52.5,192517.5,,,,61871,5.5,340290.5,210664,1.1,231730.4,,779281.5
2011-07-17,4,9,11,17,31,33,6,3429367.0,3,669566.1,2008698.3,,,,182,1013.0,184366.0,,,,8399,36.2,304043.8,,,,131776,4.1,540281.6,356343,1.1,391977.3,779513.6,-109947.5
2011-07-13,8,17,24,34,37,38,15,901040.6,JP,779513.6,0.0,,,,96,1217.9,116918.4,,,,4585,42.0,192570.0,,,,70501,4.8,338404.8,230134,1.1,253147.4,,779513.6
2011-07-10,4,25,29,33,34,44,40,9760010.3,1,7254065.0,7254065.0,,,,244,1355.8,330815.2,,,,12042,45.3,545502.6,,,,202853,4.7,953409.1,614744,1.1,676218.4,5048501.9,2205563.1
2011-07-06,5,6,17,22,24,35,45,1915701.3,4JP,5048501.9,0.0,,,,199,1273.3,253386.7,,,,9915,42.1,417421.5,,,,165928,4.4,730083.2,468009,1.1,514809.9,3359160.6,1689341.3
2011-07-03,10,22,25,31,36,39,26,1685060.1,3JP,3359160.6,0.0,,,,187,1163.3,217537.1,,,,8152,44.0,358688.0,,,,130652,4.8,627129.6,437914,1.1,481705.4,908887.84,2450272.76
2011-06-29,2,3,14,25,38,41,1,1199997.4,DJP,908887.84,0.0,,,,123,1264.4,155521.2,,,,5337,48.0,256176.0,,,,91519,4.9,448443.1,308961,1.1,339857.1,872025.8,36862.04
2011-06-26,7,10,16,17,39,43,11,1020450.5,JP,872025.8,0.0,,,,151,866.2,130796.2,,,,6549,32.9,215462.1,,,,91762,4.1,376224.2,270880,1.1,297968.0,,872025.8
2011-06-22,14,17,27,32,34,41,7,1926295.9,2,500000.0,1000000.0,,,,127,900.5,114363.5,,,,5366,35.1,188346.6,,,,74494,4.5,335223.0,262148,1.1,288362.8,,500000.0
2011-06-19,8,16,19,26,35,40,37,2045307.1,1,1000000.0,1000000.0,,,,145,981.2,142274.0,,,,6216,37.7,234343.2,,,,95360,4.3,410048.0,235129,1.1,258641.9,,1000000.0
2011-06-15,9,11,15,17,30,43,1,3131351.1,1,1970413.0,1970413.0,,,,117,1311.6,153457.2,,,,5803,43.6,253010.8,,,,99384,4.5,447228.0,279311,1.1,307242.1,947290.3,1023122.7
2011-06-12,6,13,14,24,27,44,3,1126267.1,JP,947290.3,0.0,,,,126,1127.7,142090.2,,,,5562,42.1,234160.2,,,,89509,4.6,411741.4,307523,1.1,338275.3,,947290.3
2011-06-08,6,15,21,34,38,42,9,1920923.9,1,1000000.0,1000000.0,,,,100,1150.7,115070.0,,,,4278,44.3,189515.4,,,,67711,4.9,331783.9,258686,1.1,284554.6,,1000000.0
2011-06-05,8,15,16,18,21,29,11,9668452.9,1,7157717.8,7157717.8,,,,284,1139.6,323646.4,,,,13300,40.1,533330.0,,,,214978,4.4,945903.2,643505,1.1,707855.5,4999945.2,2157772.6
2011-06-01,4,6,8,11,38,43,40,1958061.4,4JP,4999945.2,0.0,,,,220,1173.8,258236.0,,,,10416,40.9,426014.4,,,,171134,4.4,752989.6,473474,1.1,520821.4,3278312.1,1721633.1
2011-05-29,1,14,26,28,30,35,6,1599511.2,3JP,3278312.1,0.0,,,,136,1526.6,207617.6,,,,7954,43.0,342022.0,,,,132756,4.5,597402.0,411336,1.1,452469.6,1894193.9,1384118.2
2011-05-25,2,11,16,18,28,43,37,1121649.2,DJP,1894193.9,0.0,,,,109,1393.1,151847.9,,,,6000,41.7,250200.0,,,,99568,4.4,438099.2,255911,1.1,281502.1,881852.0,1012341.9
2011-05-22,2,17,24,33,38,43,28,1025686.4,JP,881852.0,0.0,,,,119,1111.5,132268.5,,,,4768,45.7,217897.6,,,,79542,4.8,381801.6,267017,1.1,293718.7,,881852.0
2011-05-18,5,9,24,25,31,45,18,3236880.1,1,2026403.6,2026403.6,,,,123,1315.1,161757.3,,,,6291,42.4,266738.4,,,,104562,4.5,470529.0,283138,1.1,311451.8,947962.3,1078441.3
2011-05-15,2,18,21,22,29,40,37,1049874.3,JP,947962.3,0.0,,,,91,1562.5,142187.5,,,,5475,42.8,234330.0,,,,90170,4.6,414782.0,235068,1.1,258574.8,,947962.3
2011-05-11,4,6,24,26,28,42,25,3181128.7,1,2013729.3,2013729.3,,,,160,974.2,155872.0,,,,6375,40.3,256912.5,,,,104428,4.3,449040.4,277795,1.1,305574.5,974541.2,1039188.1
2011-05-08,3,5,6,33,36,44,22,1114675.2,JP,974541.2,0.0,,,,119,1228.4,146179.6,,,,5640,42.7,240828.0,,,,96482,4.4,424520.8,275588,1.1,303146.8,,974541.2
2011-05-04,4,10,21,37,40,43,20,1957788.9,1,1000000.0,1000000.0,,,,89,1416.7,126086.3,,,,4414,47.1,207899.4,,,,76653,4.8,367934.4,232608,1.1,255868.8,,1000000.0
2011-05-01,15,24,25,32,38,41,28,3629547.1,1,2060339.1,2060339.1,,,,161,1241.5,199881.5,,,,7483,44.0,329252.0,,,,113401,5.1,578345.1,419754,1.1,461729.4,727777.5,1332561.6
2011-04-27,2,8,9,16,32,44,14,817728.9,JP,727777.5,0.0,,,,108,1010.8,109166.4,,,,4798,37.5,179925.0,,,,73265,4.3,315039.5,194180,1.1,213598.0,,727777.5
2011-04-24,2,5,14,20,33,43,30,5422778.9,1,3673362.5,3673362.5,,,,180,1282.8,230904.0,,,,8853,43.0,380679.0,,,,146806,4.6,675307.6,420478,1.1,462525.8,2133899.1,1539463.4
2011-04-20,8,13,14,25,34,39,44,1297060.7,DJP,2133899.1,0.0,,,,139,1239.2,172248.8,,,,6075,46.7,283702.5,,,,103072,4.9,505052.8,305506,1.1,336056.6,985513.0,1148386.1
2011-04-17,4,16,21,22,29,42,32,1091044.5,JP,985513.0,0.0,,,,127,1163.9,147815.3,,,,5916,41.2,243739.2,,,,96642,4.4,425224.8,249332,1.1,274265.2,,985513.0
2011-04-13,7,9,18,22,31,44,24,1953370.2,1,1000000.0,1000000.0,,,,141,897.4,126533.4,,,,5292,39.4,208504.8,,,,82972,4.4,365076.8,230232,1.1,253255.2,,1000000.0
2011-04-10,2,5,13,15,19,26,43,5658716.5,1,3834674.3,3834674.3,,,,267,908.3,242516.1,,,,11172,35.8,399957.6,,,,171900,4.1,704790.0,433435,1.1,476778.5,2217855.7,1616818.6
2011-04-06,10,16,33,38,40,41,35,1410172.0,DJP,2217855.7,0.0,,,,127,1482.7,188302.9,,,,6915,44.9,310483.5,,,,118274,4.6,544060.4,333932,1.1,367325.2,962452.9,1255402.8
2011-04-03,13,15,27,35,36,38,11,1154847.9,JP,962452.9,0.0,,,,123,1173.7,144365.1,,,,5631,42.3,238191.3,,,,87995,4.8,422376.0,318105,1.1,349915.5,,962452.9
2011-03-30,15,19,23,29,34,39,16,5116877.7,1,3495305.3,3495305.3,,,,195,1089.0,212355.0,,,,8766,39.9,349763.4,,,,138505,4.4,609422.0,409120,1.1,450032.0,2079586.1,1415719.2
2011-03-27,17,20,22,25,32,39,43,1443326.6,DJP,2079586.1,0.0,,,,152,1263.4,192036.8,,,,7068,44.8,316646.4,,,,117450,4.7,552015.0,347844,1.1,382628.4,799259.5,1280326.6
2011-03-23,1,2,9,24,35,37,12,927404.2,JP,799259.5,0.0,,,,81,1480.1,119888.1,,,,3852,51.3,197607.6,,,,68939,5.1,351588.9,234836,1.1,258319.6,,799259.5
2011-03-20,7,8,22,24,29,41,30,2151215.1,2,504174.6,1008349.2,,,,128,1181.6,151244.8,,,,5779,43.1,249074.9,,,,99934,4.4,439709.6,275306,1.1,302836.6,,504174.6
2011-03-16,6,18,19,20,24,26,37,7926393.7,2,2910823.4,5821646.8,,,,221,1287.3,284493.3,,,,10934,42.9,469068.6,,,,181995,4.5,818977.5,483825,1.1,532207.5,3924931.2,-1014107.8
2011-03-13,9,14,20,25,37,42,8,1979896.9,3JP,3924931.2,0.0,,,,166,1504.9,249813.4,,,,8022,51.3,411528.6,,,,139666,5.2,726263.2,538447,1.1,592291.7,2259474.5,1665456.7
2011-03-09,12,17,20,22,27,44,10,1437514.8,DJP,2259474.5,0.0,,,,168,1109.5,186396.0,,,,8006,38.4,307430.4,,,,119653,4.5,538438.5,368409,1.1,405249.9,1016821.3,1242653.2
2011-03-06,4,16,19,32,36,37,3,1240788.7,JP,1016821.3,0.0,,,,100,1525.2,152520.0,,,,5157,48.8,251661.6,,,,87822,5.0,439110.0,361361,1.1,397497.1,,1016821.3
2011-03-02,3,11,17,25,28,42,32,1953561.9,1,1000000.0,1000000.0,,,,146,874.3,127647.8,,,,6045,34.8,210366.0,,,,92328,4.0,369312.0,223851,1.1,246236.1,,1000000.0
2011-02-27,21,22,25,28,41,45,31,12256422.0,1,8842084.1,8842084.1,,,,356,1273.1,453223.6,,,,16110,46.4,747504.0,,,,272877,4.8,1309809.6,821637,1.1,903800.7,5820590.2,3021493.9
2011-02-23,3,13,17,20,28,29,15,2247455.4,4JP,5820590.2,0.0,,,,297,999.9,296970.3,,,,13324,36.7,488990.8,,,,208101,4.1,853214.1,552982,1.1,608280.2,3840698.1,1979892.1
2011-02-20,3,8,20,37,38,44,45,1841314.8,3JP,3840698.1,0.0,,,,167,1454.2,242851.4,,,,8753,45.7,400012.1,,,,147505,4.8,708024.0,445843,1.1,490427.3,2221676.2,1619021.9
2011-02-16,1,18,21,24,27,45,10,1466312.0,DJP,2221676.2,0.0,,,,142,1332.1,189158.2,,,,7255,43.0,311965.0,,,,115725,4.7,543907.5,382983,1.1,421281.3,960585.9,1261090.3
2011-02-13,6,17,34,39,40,43,29,1104944.7,JP,960585.9,0.0,,,,123,1171.4,144082.2,,,,5066,46.9,237595.4,,,,88981,4.7,418210.7,277324,1.1,305056.4,,960585.9
2011-02-09,2,4,9,11,17,24,16,3765811.5,1,2279514.7,2279514.7,,,,278,702.7,195350.6,,,,10736,30.0,322080.0,,,,150030,3.8,570114.0,362502,1.1,398752.2,977020.8,1302493.9
2011-02-06,1,2,10,26,27,34,16,1096388.4,JP,977020.8,0.0,,,,139,1054.3,146547.7,,,,6116,39.5,241582.0,,,,100361,4.2,421516.2,260675,1.1,286742.5,,977020.8
2011-02-02,3,16,19,22,23,28,24,5552639.9,1,3740344.6,3740344.6,,,,183,1309.0,239547.0,,,,9654,40.9,394848.6,,,,161547,4.3,694652.1,439316,1.1,483247.6,2143242.7,1597101.9
2011-01-30,2,10,15,19,37,41,13,1509329.6,DJP,2143242.7,0.0,,,,130,1515.6,197028.0,,,,7268,44.7,324879.6,,,,120752,4.7,567534.4,381716,1.1,419887.6,829704.0,1313538.7
2011-01-26,8,10,19,22,34,44,21,966393.5,JP,829704.0,0.0,,,,114,1091.7,124453.8,,,,5395,38.0,205010.0,,,,82948,4.4,364971.2,247235,1.1,271958.5,,829704.0
2011-01-23,2,13,33,37,41,45,12,3788791.5,3,736185.1,2208555.3,,,,167,1202.4,200800.8,,,,7790,42.5,331075.0,,,,121932,4.8,585273.6,420988,1.1,463086.8,869805.0,-133619.9
2011-01-19,3,19,23,35,43,44,24,990849.6,JP,869805.0,0.0,,,,92,1418.1,130465.2,,,,5041,42.7,215250.7,,,,83756,4.5,376902.0,243847,1.1,268231.7,,869805.0
2011-01-16,1,2,10,11,15,16,25,5865474.4,1,3987712.8,3987712.8,,,,260,970.0,252200.0,,,,11378,36.5,415297.0,,,,169933,4.3,730711.9,435957,1.1,479552.7,2306207.1,1681505.7
2011-01-12,3,6,10,12,19,38,15,1532805.6,DJP,2306207.1,0.0,,,,251,801.6,201201.6,,,,10304,32.2,331788.8,,,,150126,3.9,585491.4,376658,1.1,414323.8,964721.8,1341485.3
2011-01-09,2,4,12,14,24,40,21,1122539.1,JP,964721.8,0.0,,,,187,773.8,144700.6,,,,7016,34.0,238544.0,,,,100733,4.2,423078.6,287469,1.1,316215.9,,964721.8
2011-01-05,8,18,25,30,43,45,1,8633229.5,1,6114970.4,6114970.4,,,,239,1377.4,329198.6,,,,12349,43.9,542121.1,,,,199979,4.8,959899.2,624582,1.1,687040.2,3920248.3,2194722.1
2011-01-02,10,12,21,24,36,42,40,1841274.0,3JP,3920248.3,0.0,,,,233,1039.8,242273.4,,,,10668,37.4,398983.2,,,,156705,4.5,705172.5,449859,1.1,494844.9,2304950.2,1615298.1
2010-12-29,5,6,22,32,42,43,25,1555985.9,DJP,2304950.2,0.0,,,,161,1284.6,206820.6,,,,8008,42.6,341140.8,,,,130762,4.6,601505.2,369563,1.1,406519.3,926098.2,1378852.0
2010-12-26,2,11,12,13,24,26,1,1052206.9,JP,926098.2,0.0,,,,167,831.8,138910.6,,,,6552,34.9,228664.8,,,,98702,4.1,404678.2,254503,1.1,279953.3,,926098.2
2010-12-22,3,7,11,28,35,36,6,12741063.1,1,8905907.2,8905907.2,,,,447,1113.5,497734.5,,,,21499,38.2,821261.8,,,,338351,4.3,1454909.3,964773,1.1,1061250.3,5587458.1,3318449.1
2010-12-19,16,20,26,34,37,43,24,2273098.5,4JP,5587458.1,0.0,,,,243,1225.4,297772.2,,,,11276,43.5,490506.0,,,,182804,4.7,859178.8,568765,1.1,625641.5,3602235.7,1985222.4
2010-12-15,3,9,26,36,38,44,33,1716765.4,3JP,3602235.7,0.0,,,,209,1069.8,223588.2,,,,9195,40.1,368719.5,,,,145115,4.5,653017.5,428582,1.1,471440.2,2111622.8,1490612.9
2010-12-12,7,10,32,33,39,43,5,1592135.5,JP,2111622.8,0.0,,,,140,1445.6,202384.0,,,,7905,42.2,333591.0,,,,131779,4.5,593005.5,421050,1.1,463155.0,762303.0,1349319.8
2010-12-08,1,3,9,39,42,43,22,876093.7,JP,762303.0,0.0,,,,106,1078.7,114342.2,,,,5783,32.6,188525.8,,,,79600,4.2,334320.0,217187,1.1,238905.7,,762303.0
2010-12-05,3,7,10,29,32,42,43,7657908.2,1,5455079.7,5455079.7,,,,249,1180.7,293994.3,,,,12515,38.7,484330.5,,,,197985,4.3,851335.5,521062,1.1,573168.2,3494977.4,1960102.3
2010-12-01,12,15,16,22,29,36,24,1612634.0,3JP,3494977.4,0.0,,,,180,1191.4,214452.0,,,,9777,36.1,352949.7,,,,134322,4.6,617881.2,388501,1.1,427351.1,2065263.2,1429714.2
2010-11-28,3,23,25,26,28,44,38,1431667.1,DJP,2065263.2,0.0,,,,133,1444.0,192052.0,,,,7233,43.8,316805.4,,,,121511,4.6,558950.6,330781,1.1,363859.1,784864.1,1280399.1
2010-11-24,10,13,31,39,44,45,29,903814.4,JP,784864.1,0.0,,,,75,1569.7,117727.5,,,,3975,48.8,193980.0,,,,69399,4.9,340055.1,229138,1.1,252051.8,,784864.1
2010-11-21,1,13,24,30,36,38,19,5562518.3,2,1864444.5,3728889.0,,,,160,1473.0,235680.0,,,,8099,48.0,388752.0,,,,135104,5.1,689030.4,472879,1.1,520166.9,2157603.9,-293159.4
2010-11-17,6,12,13,21,22,40,26,1421987.4,DJP,2157603.9,0.0,,,,130,1411.5,183495.0,,,,7591,39.8,302121.8,,,,121705,4.4,535502.0,364426,1.1,400868.6,934266.2,1223337.7
2010-11-14,6,25,33,38,44,45,4,1101506.5,JP,934266.2,0.0,,,,88,1592.4,140131.2,,,,4703,49.1,230917.3,,,,80866,5.0,404330.0,296480,1.1,326128.0,,934266.2
2010-11-10,4,11,18,30,42,43,31,7757990.9,1,5530516.8,5530516.8,,,,218,1354.8,295346.4,,,,10783,45.1,486313.3,,,,179093,4.8,859646.4,532880,1.1,586168.0,3561538.3,1968978.5
2010-11-07,4,12,22,24,37,42,44,1740097.7,3JP,3561538.3,0.0,,,,197,1174.1,231297.7,,,,8927,42.7,381182.9,,,,145131,4.6,667602.6,418195,1.1,460014.5,2019459.1,1542079.2
2010-11-03,13,16,18,29,39,45,20,1249888.3,DJP,2019459.1,0.0,,,,137,1187.2,162646.4,,,,5817,46.1,268163.7,,,,98710,4.8,473808.0,313882,1.1,345270.2,935118.9,1084340.2
2010-10-31,3,4,13,16,19,43,6,1078073.8,JP,935118.9,0.0,,,,113,1241.3,140266.9,,,,5772,40.0,230880.0,,,,97428,4.2,409197.6,270663,1.1,297729.3,,935118.9
2010-10-27,1,15,24,33,34,44,43,1831305.6,1,1000000.0,1000000.0,,,,81,1365.6,110613.6,,,,4197,43.4,182149.8,,,,65069,4.9,318838.1,199731,1.1,219704.1,,1000000.0
2010-10-24,5,25,31,36,41,43,45,2042465.6,1,1000000.0,1000000.0,,,,86,1594.5,137127.0,,,,4464,50.6,225878.4,,,,76424,5.2,397404.8,256414,1.1,282055.4,,1000000.0
2010-10-20,2,10,12,22,25,34,42,3587662.9,1,2183888.5,2183888.5,,,,184,1003.9,184717.6,,,,8204,37.1,304368.4,,,,125973,4.3,541683.9,339095,1.1,373004.5,952345.5,1231543.0
2010-10-17,23,25,28,30,40,44,11,1136847.2,JP,952345.5,0.0,,,,92,1552.7,142848.4,,,,4489,52.5,235672.5,,,,78812,5.3,417703.6,309657,1.1,340622.7,,952345.5
2010-10-13,2,3,13,30,35,40,20,3584981.8,1,2196800.0,2196800.0,,,,137,1341.2,183744.4,,,,6629,45.7,302945.3,,,,113477,4.7,533341.9,334682,1.1,368150.2,971789.8,1225010.2
2010-10-10,7,9,18,21,24,44,15,1123222.7,JP,971789.8,0.0,,,,121,1204.6,145756.6,,,,6140,39.1,240074.0,,,,101060,4.2,424452.0,284491,1.1,312940.1,,971789.8
2010-10-06,23,27,36,39,40,43,10,5486524.4,2,1840631.0,3681262.0,,,,200,1148.3,229660.0,,,,9327,40.6,378676.2,,,,145721,4.6,670316.6,478736,1.1,526609.6,2150087.5,-309456.5
2010-10-03,1,17,24,25,26,31,36,1533088.5,DJP,2150087.5,0.0,,,,162,1263.8,204735.6,,,,7344,45.9,337089.6,,,,124271,4.8,596500.8,358875,1.1,394762.5,785156.2,1364931.3
2010-09-29,9,17,26,33,35,36,28,909200.7,JP,785156.2,0.0,,,,126,934.7,117772.2,,,,5413,35.8,193785.4,,,,79377,4.3,341321.1,233020,1.1,256322.0,,785156.2
2010-09-26,2,12,15,33,34,45,42,7877706.6,1,5625137.0,5625137.0,,,,279,1069.2,298306.8,,,,11855,41.5,491982.5,,,,188467,4.6,866948.2,541211,1.1,595332.1,3636367.6,1988769.4
2010-09-22,2,9,10,14,29,40,11,1695986.4,3JP,3636367.6,0.0,,,,208,1054.7,219377.6,,,,9801,36.9,361656.9,,,,149712,4.2,628790.4,441965,1.1,486161.5,2173795.0,1462572.6
2010-09-19,6,17,20,26,34,36,16,1538472.0,DJP,2173795.0,0.0,,,,154,1308.2,201462.8,,,,8005,41.5,332207.5,,,,127067,4.6,584508.2,382085,1.1,420293.5,830607.2,1343187.8
2010-09-15,5,6,26,34,35,42,22,951709.2,JP,830607.2,0.0,,,,82,1519.4,124590.8,,,,4233,48.5,205300.5,,,,75592,4.8,362841.6,235433,1.1,258976.3,,830607.2
2010-09-12,1,9,19,34,39,43,8,3774067.0,1,2205765.3,2205765.3,,,,178,1119.4,199253.2,,,,8154,40.3,328606.2,,,,129114,4.5,581013.0,417663,1.1,459429.3,877301.9,1328463.4
2010-09-08,4,30,31,32,34,38,33,1031216.4,JP,877301.9,0.0,,,,99,1329.2,131590.8,,,,4161,52.1,216788.1,,,,70308,5.4,379663.2,275613,1.1,303174.3,,877301.9
2010-09-05,8,10,23,28,29,45,12,1670698.3,1,803068.5,803068.5,,,,124,1324.7,164262.8,,,,5673,48.2,273438.6,,,,97711,4.4,429928.4,,,,,803068.5
2010-09-01,17,23,30,31,33,43,19,1366011.2,1,654604.6,654604.6,,,,78,1716.6,133894.8,,,,4598,48.5,223003.0,,,,73856,4.8,354508.8,,,,,654604.6
2010-08-29,2,15,20,22,27,44,40,1595413.2,1,763924.4,763924.4,,,,90,1736.1,156249.0,,,,5268,49.4,260239.2,,,,88298,4.7,415000.6,,,,,763924.4
2010-08-25,11,19,21,22,31,35,4,4403507.9,3,1007055.7,3021167.1,,,,186,1401.9,260753.4,,,,8806,49.3,434135.8,,,,149446,4.6,687451.6,,,,1746319.1,-739263.4
2010-08-22,5,21,22,38,39,44,26,1195284.6,DJP,1746319.1,0.0,,,,146,1543.1,225292.6,,,,7408,50.6,374844.8,,,,123989,4.8,595147.2,,,,644837.2,1101481.9
2010-08-18,10,20,21,33,37,38,12,697920.1,JP,644837.2,0.0,,,,76,1735.5,131898.0,,,,4132,53.2,219822.4,,,,70653,4.9,346199.7,,,,,644837.2
2010-08-15,2,9,12,20,26,27,17,1637952.0,1,787322.3,787322.3,,,,163,987.9,161027.7,,,,6915,38.8,268302.0,,,,105325,4.0,421300.0,,,,,787322.3
2010-08-11,4,10,14,23,27,39,30,1343382.5,1,645655.9,645655.9,,,,171,772.3,132063.3,,,,5913,37.2,219963.6,,,,84317,4.1,345699.7,,,,,645655.9
2010-08-08,1,6,7,9,19,30,28,4688564.3,3,1056727.6,3170182.8,,,,501,573.3,287223.3,,,,15390,31.1,478629.0,,,,198034,3.8,752529.2,,,,1765739.1,-709011.5
2010-08-04,3,18,26,33,34,41,32,1064520.4,DJP,1765739.1,0.0,,,,164,1242.9,203835.6,,,,6691,48.5,324513.5,,,,114079,4.7,536171.3,,,,769179.3,996559.8
2010-08-01,10,18,22,31,33,38,32,834151.7,JP,769179.3,0.0,,,,75,2097.7,157327.5,,,,4790,54.7,262013.0,,,,86419,4.8,414811.2,,,,,769179.3
2010-07-28,4,28,30,35,43,44,9,2778576.6,1,1723554.1,1723554.1,,,,106,1868.5,198061.0,,,,5515,59.8,329797.0,,,,99465,5.3,527164.5,,,,755221.7,968332.4
2010-07-25,1,15,20,23,43,45,44,822867.6,JP,755221.7,0.0,,,,89,1735.6,154468.4,,,,4797,53.6,257119.2,,,,82256,5.0,411280.0,,,,,755221.7
2010-07-21,4,6,31,37,44,45,2,2763275.4,1,1717197.3,1717197.3,,,,99,1985.9,196604.1,,,,5270,62.1,327267.0,,,,96705,5.4,522207.0,,,,755992.5,961204.8
2010-07-18,13,18,23,29,37,40,43,822346.6,JP,755992.5,0.0,,,,89,1737.4,154628.6,,,,4424,58.2,257476.8,,,,77404,5.3,410241.2,,,,,755992.5
2010-07-14,1,11,19,27,30,35,18,1316001.3,1,631259.9,631259.9,,,,102,1265.8,129111.6,,,,4642,46.3,214924.6,,,,77433,4.4,340705.2,,,,,631259.9
2010-07-11,6,15,32,36,43,44,22,2889166.3,1,1736543.5,1736543.5,,,,133,1633.2,217215.6,,,,6319,57.2,361446.8,,,,110377,5.2,573960.4,,,,674580.9,1061962.6
2010-07-07,6,10,12,16,41,45,8,728522.9,JP,674580.9,0.0,,,,90,1533.1,137979.0,,,,4634,49.6,229846.4,,,,80155,4.5,360697.5,,,,,674580.9
2010-07-04,5,8,18,19,20,32,31,2894236.5,1,1714138.5,1714138.5,,,,176,1265.2,222675.2,,,,8048,46.1,371012.8,,,,133275,4.4,586410.0,,,,625443.9,1088694.6
2010-06-30,5,10,26,36,40,41,9,677344.8,JP,625443.9,0.0,,,,81,1579.4,127931.4,,,,4318,49.3,212877.4,,,,73160,4.6,336536.0,,,,,625443.9
2010-06-27,1,3,12,35,40,43,21,2891544.0,2,859824.0,1719648.0,,,,115,1912.5,219937.5,,,,6675,54.9,366457.5,,,,119490,4.9,585501.0,,,,644376.2,215447.8
2010-06-23,1,13,21,28,37,43,20,702378.0,JP,644376.2,0.0,,,,70,1882.9,131803.0,,,,4385,50.0,219250.0,,,,70265,5.0,351325.0,,,,,644376.2
2010-06-20,11,17,35,39,40,42,27,2934620.2,1,1744366.3,1744366.3,,,,130,1726.2,224406.0,,,,7217,51.8,373840.6,,,,125959,4.7,592007.3,,,,647257.9,1097108.4
2010-06-16,3,23,29,33,34,39,26,700657.0,JP,647257.9,0.0,,,,91,1454.8,132386.8,,,,4569,48.2,220225.8,,,,79101,4.4,348044.4,,,,,647257.9
2010-06-13,1,6,14,18,28,31,3,4471279.0,1,3037596.3,3037596.3,,,,213,1268.7,270233.1,,,,9704,46.4,450265.6,,,,155040,4.6,713184.0,,,,1716402.7,1321193.6
2010-06-09,3,12,19,20,36,40,2,1034477.9,DJP,1716402.7,0.0,,,,155,1256.3,194726.5,,,,7274,44.6,324420.4,,,,114518,4.5,515331.0,,,,764401.8,952000.9
2010-06-06,4,7,17,29,32,37,15,831962.4,JP,764401.8,0.0,,,,129,1212.0,156348.0,,,,5946,43.8,260434.8,,,,94359,4.4,415179.6,,,,,764401.8
2010-06-02,4,10,17,25,35,42,6,1547286.5,1,741820.9,741820.9,,,,92,1649.3,151735.6,,,,4897,51.6,252685.2,,,,83551,4.8,401044.8,,,,,741820.9
2010-05-30,2,7,20,22,23,28,10,4463510.6,2,1506061.3,3012122.6,,,,222,1229.1,272860.2,,,,9624,47.2,454252.8,,,,160950,4.5,724275.0,,,,1678067.4,-172006.1
2010-05-26,7,16,22,31,34,45,32,940116.0,DJP,1678067.4,0.0,,,,112,1576.6,176579.2,,,,5538,53.1,294067.8,,,,95810,4.9,469469.0,,,,814776.9,863290.5
2010-05-23,10,15,17,24,37,38,30,883184.1,JP,814776.9,0.0,,,,82,2032.4,166656.8,,,,4731,58.7,277709.7,,,,84388,5.2,438817.6,,,,,814776.9
2010-05-19,10,20,31,39,41,43,11,1383123.0,1,661830.3,661830.3,,,,74,1829.3,135368.2,,,,4217,53.5,225609.5,,,,70650,5.1,360315.0,,,,,661830.3
2010-05-16,12,24,25,27,30,31,6,2941784.9,1,1790775.6,1790775.6,,,,141,1539.3,217041.3,,,,6944,52.0,361088.0,,,,119350,4.8,572880.0,,,,729658.6,1061117.0
2010-05-12,6,14,16,20,26,39,19,794145.9,JP,729658.6,0.0,,,,89,1676.9,149244.1,,,,5278,47.1,248593.8,,,,90070,4.4,396308.0,,,,,729658.6
2010-05-09,7,9,13,24,35,40,31,3132430.4,1,1874186.2,1874186.2,,,,180,1321.2,237816.0,,,,8486,46.7,396296.2,,,,138696,4.5,624132.0,,,,711468.0,1162718.2
2010-05-05,6,11,21,34,35,44,17,771031.5,JP,711468.0,0.0,,,,88,1653.7,145525.6,,,,5057,47.9,242230.3,,,,81548,4.7,383275.6,,,,,711468.0
2010-05-02,7,14,17,19,23,42,6,1559794.8,1,748543.2,748543.2,,,,101,1515.9,153105.9,,,,5415,47.1,255046.5,,,,93744,4.3,403099.2,,,,,748543.2
2010-04-28,5,10,25,32,37,45,15,2851374.2,2,885412.3,1770824.6,,,,141,1445.6,203829.6,,,,6125,55.4,339325.0,,,,107479,5.0,537395.0,,,,774287.3,111125.0
2010-04-25,12,14,15,18,25,28,4,841708.2,JP,774287.3,0.0,,,,104,1522.8,158371.2,,,,5266,50.1,263826.6,,,,87398,4.8,419510.4,,,,,774287.3
2010-04-21,1,3,6,18,21,22,42,2846520.5,2,890666.8,1781333.6,,,,212,952.9,202014.8,,,,8913,37.7,336020.1,,,,131788,4.0,527152.0,,,,793620.9,97045.9
2010-04-18,5,6,9,28,33,38,8,860837.3,JP,793620.9,0.0,,,,128,1268.2,162329.6,,,,5919,45.7,270498.3,,,,101907,4.2,428009.4,,,,,793620.9
2010-04-14,9,11,12,14,15,43,19,1419316.5,1,682034.4,682034.4,,,,77,1811.7,139500.9,,,,3990,58.2,232218.0,,,,76159,4.8,365563.2,,,,,682034.4
2010-04-11,2,12,30,31,39,44,11,1723163.4,1,824514.7,824514.7,,,,92,1833.1,168645.2,,,,4853,57.9,280988.7,,,,86349,5.2,449014.8,,,,,824514.7
2010-04-07,3,5,16,36,37,42,38,2833171.8,1,1811053.5,1811053.5,,,,148,1307.0,193436.0,,,,6697,48.1,322125.7,,,,110121,4.6,506556.6,,,,865341.1,945712.4
2010-04-04,15,28,29,31,34,41,39,938227.4,JP,865341.1,0.0,,,,87,2034.5,177001.5,,,,5527,53.3,294589.1,,,,95232,4.9,466636.8,,,,,865341.1
2010-03-31,13,16,24,35,38,43,29,1417548.2,1,679941.9,679941.9,,,,78,1783.0,139074.0,,,,3985,58.1,231528.5,,,,69246,5.3,367003.8,,,,,679941.9
2010-03-28,10,13,17,25,32,39,33,4802210.1,1,3292964.5,3292964.5,,,,198,1442.2,285555.6,,,,9264,51.3,475243.2,,,,159244,4.7,748446.8,,,,1896865.6,1396098.9
2010-03-24,11,19,24,30,38,45,35,1162280.8,DJP,1896865.6,0.0,,,,117,1879.8,219936.6,,,,6626,55.3,366417.8,,,,117536,4.9,575926.4,,,,821609.0,1075256.6
2010-03-21,2,5,7,11,26,34,44,892805.2,JP,821609.0,0.0,,,,167,1006.3,168052.1,,,,7757,36.1,280027.7,,,,117033,3.8,444725.4,,,,,821609.0
2010-03-17,9,23,31,33,37,45,5,3290609.0,2,1021168.4,2042336.8,,,,159,1480.6,235415.4,,,,7768,50.5,392284.0,,,,129286,4.8,620572.8,,,,891408.4,129760.0
2010-03-14,2,4,12,14,17,26,43,969741.9,JP,891408.4,0.0,,,,184,990.9,182325.6,,,,7824,38.8,303571.2,,,,118011,4.1,483845.1,,,,,891408.4
2010-03-10,1,2,7,20,23,29,25,7146060.4,2,2597236.0,5194472.0,,,,260,1418.2,368732.0,,,,13024,47.1,613430.4,,,,215428,4.5,969426.0,,,,3391728.5,-794492.5
2010-03-07,6,10,14,20,29,32,18,1569879.2,3JP,3391728.5,0.0,,,,232,1283.1,297679.2,,,,11384,43.5,495204.0,,,,176590,4.4,776996.0,,,,1936368.5,1455360.0
2010-03-03,8,13,31,34,38,42,3,1189794.0,DJP,1936368.5,0.0,,,,117,1923.2,225014.4,,,,6765,55.4,374781.0,,,,115686,5.1,589998.6,,,,836245.7,1100122.8
2010-02-28,4,11,18,19,24,29,42,901331.3,JP,836245.7,0.0,,,,159,1075.7,171036.3,,,,6905,41.2,284486.0,,,,106145,4.2,445809.0,,,,,836245.7
2010-02-24,7,8,11,31,33,39,38,4644754.0,2,1603039.8,3206079.6,,,,176,1545.1,271937.6,,,,9278,48.8,452766.4,,,,162266,4.4,713970.4,,,,1876544.8,-273505.0
2010-02-21,6,17,28,34,36,44,29,1287862.8,JP,1876544.8,0.0,,,,147,1652.9,242976.3,,,,7889,51.3,404705.7,,,,133371,4.8,640180.8,,,,688589.6,1187955.2
2010-02-17,11,15,18,30,36,45,37,748957.9,JP,688589.6,0.0,,,,77,1829.1,140840.7,,,,4047,58.0,234726.0,,,,71806,5.2,373391.2,,,,,688589.6
2010-02-14,9,10,13,18,26,41,40,4782702.6,1,3293350.9,3293350.9,,,,288,979.7,282153.6,,,,9871,47.6,469859.6,,,,163853,4.5,737338.5,,,,1913922.8,1379428.1
2010-02-10,3,15,16,22,39,40,9,1141212.9,DJP,1913922.8,0.0,,,,143,1513.1,216373.3,,,,7836,46.0,360456.0,,,,128269,4.4,564383.6,,,,856030.8,1057892.0
2010-02-07,18,22,25,28,42,45,8,926253.9,JP,856030.8,0.0,,,,104,1683.6,175094.4,,,,4987,58.5,291739.5,,,,88350,5.2,459420.0,,,,,856030.8
2010-02-03,5,11,17,34,35,39,38,1497794.0,1,719095.8,719095.8,,,,113,1301.6,147080.8,,,,5794,42.3,245086.2,,,,87848,4.4,386531.2,,,,,719095.8
2010-01-31,3,20,40,41,44,45,12,4853734.8,2,1654748.4,3309496.8,,,,204,1432.0,292128.0,,,,11414,42.6,486236.4,,,,159557,4.8,765873.6,,,,1881263.8,-226515.4
2010-01-27,1,7,23,25,27,42,8,1141126.1,DJP,1881263.8,0.0,,,,135,1591.9,214906.5,,,,7487,47.8,357878.6,,,,126298,4.5,568341.0,,,,830551.1,1050712.7
2010-01-24,5,10,11,19,38,44,28,902481.9,JP,830551.1,0.0,,,,129,1316.9,169880.1,,,,6558,43.1,282649.8,,,,104640,4.3,449952.0,,,,,830551.1
2010-01-20,4,8,9,12,21,31,17,1524981.2,2,365687.6,731375.2,,,,160,934.9,149584.0,,,,6980,35.7,249186.0,,,,101240,3.9,394836.0,,,,,365687.6
2010-01-17,3,4,12,25,32,39,19,1786708.9,2,428677.7,857355.4,,,,99,1771.3,175358.7,,,,5467,53.4,291937.8,,,,98310,4.7,462057.0,,,,,428677.7
2010-01-13,2,28,29,30,41,42,4,7174842.0,1,5167318.2,5167318.2,,,,220,1718.1,377982.0,,,,11213,56.1,629049.3,,,,196175,5.1,1000492.5,,,,3319302.4,1848015.8
2010-01-10,4,9,18,24,37,41,1,1555996.4,3JP,3319302.4,0.0,,,,195,1510.8,294606.0,,,,9207,53.3,490733.1,,,,157277,4.9,770657.3,,,,1878949.1,1440353.3
2010-01-06,18,19,26,28,34,40,12,1097632.9,DJP,1878949.1,0.0,,,,103,2002.9,206298.7,,,,6257,54.9,343509.3,,,,111801,4.9,547824.9,,,,870346.7,1008602.4
2010-01-03,5,14,34,35,39,42,22,941813.0,JP,870346.7,0.0,,,,101,1762.6,178022.6,,,,5612,52.8,296313.6,,,,97391,4.8,467476.8,,,,,870346.7
2009-12-30,8,20,22,28,35,41,27,3314420.7,1,1978067.4,1978067.4,,,,181,1392.5,252042.5,,,,8706,48.2,419629.2,,,,144496,4.6,664681.6,,,,745838.8,1232228.6
2009-12-27,1,12,15,29,30,43,7,805979.2,JP,745838.8,0.0,,,,115,1326.5,152547.5,,,,4993,50.9,254143.7,,,,83185,4.8,399288.0,,,,,745838.8
2009-12-23,6,21,22,25,29,39,18,4952463.1,1,3341702.6,3341702.6,,,,185,1645.5,304417.5,,,,10302,49.2,506858.4,,,,173801,4.6,799484.6,,,,1853372.6,1488330.0
2009-12-20,8,17,23,29,37,42,38,1231281.8,DJP,1853372.6,0.0,,,,165,1407.2,232188.0,,,,7894,49.0,386806.0,,,,130274,4.7,612287.8,,,,718228.9,1135143.7
2009-12-16,9,18,32,40,42,45,34,781508.4,JP,718228.9,0.0,,,,91,1614.4,146910.4,,,,4672,52.4,244812.8,,,,79548,4.9,389785.2,,,,,718228.9
2009-12-13,1,3,18,19,34,38,12,10202095.9,1,7529720.1,7529720.1,,,,315,1596.6,502929.0,,,,15983,52.4,837509.2,,,,271824,4.9,1331937.6,,,,5070922.3,2458797.8
2009-12-09,11,19,20,41,42,44,38,1799594.4,4JP,5070922.3,0.0,,,,196,1725.3,338158.8,,,,10046,56.1,563580.6,,,,179571,5.0,897855.0,,,,3417665.4,1653256.9
2009-12-06,9,14,20,34,36,41,39,1560752.9,3JP,3417665.4,0.0,,,,193,1525.8,294479.4,,,,9495,51.6,489942.0,,,,158435,4.9,776331.5,,,,1977965.0,1439700.4
2009-12-02,1,5,20,30,35,42,37,1214207.9,DJP,1977965.0,0.0,,,,118,1946.9,229734.2,,,,6909,55.4,382758.6,,,,122799,4.9,601715.1,,,,854805.0,1123160.0
2009-11-29,2,4,12,22,26,39,41,923944.1,JP,854805.0,0.0,,,,168,1040.7,174837.6,,,,7203,40.4,291001.2,,,,111733,4.1,458105.3,,,,,854805.0
2009-11-25,12,14,18,23,25,43,30,6993722.1,2,2570786.1,5141572.2,,,,227,1538.7,349284.9,,,,10775,54.0,581850.0,,,,184203,5.0,921015.0,,,,3433883.7,-863097.6
2009-11-22,1,2,20,21,36,38,19,1551113.1,3JP,3433883.7,0.0,,,,153,1906.3,291663.9,,,,8396,57.8,485288.8,,,,148877,5.2,774160.4,,,,2007907.7,1425976.0
2009-11-18,5,14,16,35,39,43,4,1204775.0,DJP,2007907.7,0.0,,,,163,1394.4,227287.2,,,,8204,46.1,378204.4,,,,130279,4.6,599283.4,,,,896686.4,1111221.3
2009-11-15,7,23,26,29,38,41,45,974775.1,JP,896686.4,0.0,,,,131,1400.1,183413.1,,,,6392,47.8,305537.6,,,,105614,4.6,485824.4,,,,,896686.4
2009-11-11,3,15,31,32,36,37,33,3158716.0,1,1958596.9,1958596.9,,,,146,1542.6,225219.6,,,,6296,59.6,375241.6,,,,113143,5.3,599657.9,,,,857491.0,1101105.9
2009-11-08,3,5,17,22,42,44,7,924910.4,JP,857491.0,0.0,,,,146,1201.3,175389.8,,,,6862,42.6,292321.2,,,,108857,4.2,457199.4,,,,,857491.0
2009-11-04,5,11,26,29,41,45,19,6746561.9,2,2462501.8,4925003.6,,,,265,1291.7,342300.5,,,,12316,46.3,570230.8,,,,202006,4.5,909027.0,,,,3251420.9,-788919.1
2009-11-01,6,8,14,20,36,38,28,1549227.8,3JP,3251420.9,0.0,,,,154,1905.5,293447.0,,,,9476,51.6,488961.6,,,,159754,4.8,766819.2,,,,1816727.2,1434693.7
2009-10-28,3,21,24,29,39,40,4,1072346.5,DJP,1816727.2,0.0,,,,146,1389.9,202925.4,,,,7263,46.5,337729.5,,,,120839,4.4,531691.6,,,,824599.6,992127.6
2009-10-25,2,4,13,20,22,42,23,896100.4,JP,824599.6,0.0,,,,109,1547.4,168666.6,,,,5687,49.4,280937.8,,,,93020,4.8,446496.0,,,,,824599.6
2009-10-21,1,6,8,20,22,45,3,11078764.5,1,7920342.9,7920342.9,,,,462,1288.4,595240.8,,,,22320,44.4,991008.0,,,,357312,4.4,1572172.8,,,,5010086.9,2910256.0
2009-10-18,6,10,16,27,34,40,5,1891117.8,4JP,5010086.9,0.0,,,,321,1116.5,358396.5,,,,14338,41.6,596460.8,,,,217735,4.3,936260.5,,,,3257897.4,1752189.5
2009-10-14,2,21,27,37,40,41,9,1381193.2,3JP,3257897.4,0.0,,,,166,1561.8,259258.8,,,,8026,53.8,431798.8,,,,140844,4.9,690135.6,,,,1990372.9,1267524.5
2009-10-11,3,4,11,16,25,38,44,1371497.6,DJP,1990372.9,0.0,,,,177,1465.8,259446.6,,,,8899,48.5,431601.5,,,,151211,4.5,680449.5,,,,721894.0,1268478.9
2009-10-07,1,17,22,27,31,34,44,783883.3,JP,721894.0,0.0,,,,72,2050.8,147657.6,,,,5005,49.1,245745.5,,,,84887,4.6,390480.2,,,,,721894.0
2009-10-04,3,5,14,30,34,37,17,7069031.2,3,1677762.6,5033287.8,,,,256,1497.4,383334.4,,,,11986,53.3,638853.8,,,,206848,4.9,1013555.2,,,,3159107.3,-1481344.7
2009-09-30,2,12,18,34,35,37,13,1440735.2,3JP,3159107.3,0.0,,,,160,1699.3,271888.0,,,,7679,59.0,453061.0,,,,135054,5.3,715786.2,,,,1829808.8,1329298.5
2009-09-27,6,22,35,37,38,41,25,1274874.2,DJP,1829808.8,0.0,,,,135,1773.0,239355.0,,,,6822,58.4,398404.8,,,,122522,5.2,637114.4,,,,659606.0,1170202.8
2009-09-23,23,25,32,36,40,42,4,714917.4,JP,659606.0,0.0,,,,63,2141.5,134914.5,,,,3881,57.9,224709.9,,,,65795,5.4,355293.0,,,,,659606.0
2009-09-20,6,8,29,32,36,39,28,6575056.3,3,1582890.4,4748671.2,,,,222,1543.8,342723.6,,,,11454,49.8,570409.2,,,,194309,4.7,913252.3,,,,3073028.1,-1490137.7
2009-09-16,15,19,25,27,31,39,36,1384981.2,3JP,3073028.1,0.0,,,,173,1516.8,262406.4,,,,9038,48.3,436535.4,,,,149139,4.6,686039.4,,,,1790085.6,1282942.5
2009-09-13,5,30,36,41,42,45,28,1216379.1,DJP,1790085.6,0.0,,,,117,1968.3,230291.1,,,,6559,58.5,383701.5,,,,118115,5.1,602386.5,,,,664202.2,1125883.4
2009-09-09,14,16,27,36,39,44,19,722382.4,JP,664202.2,0.0,,,,103,1319.0,135857.0,,,,4986,45.4,226364.4,,,,76630,4.7,360161.0,,,,,664202.2
2009-09-06,14,25,37,40,42,43,24,1712320.3,1,821179.2,821179.2,,,,89,1887.2,167960.8,,,,4885,57.3,279910.5,,,,82087,5.4,443269.8,,,,,821179.2
2009-09-02,12,24,26,38,41,44,1,1427035.6,1,684456.1,684456.1,,,,88,1590.9,139999.2,,,,4318,54.0,233172.0,,,,72433,5.1,369408.3,,,,,684456.1
2009-08-30,3,6,13,15,16,30,10,1735330.2,2,415246.1,830492.2,,,,153,1110.2,169860.6,,,,6633,42.6,282565.8,,,,105212,4.3,452411.6,,,,,415246.1
2009-08-26,2,3,13,22,23,29,33,1384205.0,2,332885.6,665771.2,,,,90,1513.1,136179.0,,,,4814,47.1,226739.4,,,,82678,4.3,355515.4,,,,,332885.6
2009-08-23,6,20,26,35,36,40,18,4849934.3,1,3294072.5,3294072.5,,,,168,1746.7,293445.6,,,,8764,55.8,489031.2,,,,154677,5.0,773385.0,,,,1859429.8,1434642.7
2009-08-19,1,4,20,25,40,42,21,1193903.5,DJP,1859429.8,0.0,,,,123,1824.1,224364.3,,,,6536,57.2,373859.2,,,,116800,5.1,595680.0,,,,762536.2,1096893.6
2009-08-16,13,27,29,30,31,41,39,823955.0,JP,762536.2,0.0,,,,81,1925.5,155965.5,,,,5282,49.2,259874.4,,,,86833,4.7,408115.1,,,,,762536.2
2009-08-12,10,12,17,22,42,44,38,3120302.8,1,1914107.0,1914107.0,,,,170,1334.9,226933.0,,,,7280,51.9,377832.0,,,,127964,4.7,601430.8,,,,804632.1,1109474.9
2009-08-09,12,16,18,22,26,43,14,876400.5,JP,804632.1,0.0,,,,111,1482.7,164579.7,,,,5128,53.4,273835.2,,,,91247,4.8,437985.6,,,,,804632.1
2009-08-05,7,12,24,28,35,39,40,4773058.7,2,1621418.2,3242836.4,,,,395,727.5,287362.5,,,,10302,46.4,478012.8,,,,169966,4.5,764847.0,,,,1837798.7,-216380.5
2009-08-02,7,8,13,25,27,45,40,1282957.0,DJP,1837798.7,0.0,,,,172,1414.6,243311.2,,,,8852,45.8,405421.6,,,,147494,4.3,634224.2,,,,648216.3,1189582.4
2009-07-29,1,12,17,23,27,32,31,706372.3,JP,648216.3,0.0,,,,121,1095.7,132579.7,,,,5176,42.6,220497.6,,,,78510,4.5,353295.0,,,,,648216.3
2009-07-26,1,20,23,34,42,45,31,3012952.0,1,1785739.3,1785739.3,,,,148,1564.2,231501.6,,,,7134,54.0,385236.0,,,,119701,5.1,610475.1,,,,653926.2,1131813.1
2009-07-22,19,23,30,36,41,45,24,709110.9,JP,653926.2,0.0,,,,74,1807.5,133755.0,,,,3719,59.9,222768.1,,,,66526,5.3,352587.8,,,,,653926.2
2009-07-19,12,24,29,39,42,44,40,2926949.3,1,1736338.5,1736338.5,,,,139,1607.2,223400.8,,,,7080,52.5,371700.0,,,,119102,5.0,595510.0,,,,644138.3,1092200.2
2009-07-15,16,22,24,27,32,40,4,700143.6,JP,644138.3,0.0,,,,82,1606.7,131749.4,,,,4967,44.2,219541.4,,,,74224,4.7,348852.8,,,,,644138.3
2009-07-12,7,13,21,26,39,43,24,1683484.9,3,269925.6,809776.8,,,,212,781.3,165635.6,,,,8975,30.7,275532.5,,,,108135,4.0,432540.0,,,,,269925.6
2009-07-08,3,5,21,22,28,39,41,3112606.8,2,960590.0,1921180.0,,,,193,1165.6,224960.8,,,,9119,41.1,374790.9,,,,144311,4.1,591675.1,,,,821360.9,139229.1
2009-07-05,4,7,8,33,40,43,3,893151.0,JP,821360.9,0.0,,,,88,1909.1,168000.8,,,,6150,45.5,279825.0,,,,103564,4.3,445325.2,,,,,821360.9
2009-07-01,3,4,14,17,36,41,7,4715669.4,1,3208444.8,3208444.8,,,,190,1491.3,283347.0,,,,9607,49.1,471703.7,,,,160037,4.7,752173.9,,,,1823100.3,1385344.5
2009-06-28,14,22,24,37,38,39,17,1252228.0,DJP,1823100.3,0.0,,,,118,2007.6,236896.8,,,,6760,58.4,394784.0,,,,119336,5.2,620547.2,,,,664905.3,1158195.0
2009-06-24,5,12,21,23,26,32,42,720674.0,JP,664905.3,0.0,,,,93,1462.4,136003.2,,,,5001,45.3,226545.3,,,,83285,4.3,358125.5,,,,,664905.3
2009-06-21,3,24,28,32,39,45,20,6849512.6,2,2434622.0,4869244.0,,,,231,1615.2,373111.2,,,,12933,48.0,620784.0,,,,214429,4.6,986373.4,,,,3045116.4,-610494.4
2009-06-17,9,14,19,21,26,27,5,1407043.5,3JP,3045116.4,0.0,,,,214,1244.1,266237.4,,,,9919,44.7,443379.3,,,,166054,4.2,697426.8,,,,1743496.0,1301620.4
2009-06-14,10,19,25,34,37,39,18,1137270.0,DJP,1743496.0,0.0,,,,112,1906.5,213528.0,,,,6583,54.0,355482.0,,,,113652,5.0,568260.0,,,,699577.9,1043918.1
2009-06-10,1,15,16,18,30,44,42,760799.1,JP,699577.9,0.0,,,,80,1788.6,143088.0,,,,3875,61.5,238312.5,,,,70259,5.4,379398.6,,,,,699577.9
2009-06-07,1,2,4,8,12,22,15,3070865.7,1,1819226.5,1819226.5,,,,371,636.2,236030.2,,,,12651,31.0,392181.0,,,,164060,3.8,623428.0,,,,665232.6,1153993.9
2009-06-03,6,10,13,20,31,41,30,718213.0,JP,665232.6,0.0,,,,105,1295.9,136069.5,,,,4646,48.8,226724.8,,,,75621,4.7,355418.7,,,,,665232.6
2009-05-31,8,27,33,38,42,44,10,1736700.3,2,415902.4,831804.8,,,,129,1318.9,170138.1,,,,5673,49.9,283082.7,,,,96101,4.7,451674.7,,,,,415902.4
2009-05-27,10,27,30,34,37,44,9,2904374.6,2,898371.4,1796742.8,,,,133,1576.1,209621.3,,,,6603,52.9,349298.7,,,,111982,4.9,548711.8,,,,771920.6,126450.8
2009-05-24,12,15,20,25,28,36,29,837913.3,JP,771920.6,0.0,,,,91,1735.0,157885.0,,,,4811,54.6,262680.6,,,,85173,4.9,417347.7,,,,,771920.6
2009-05-20,9,13,29,33,41,44,11,4680510.1,1,3222612.5,3222612.5,,,,234,1180.1,276143.4,,,,10714,42.9,459630.6,,,,164119,4.4,722123.6,,,,1872527.7,1350084.8
2009-05-17,22,29,32,34,44,45,9,1288212.8,DJP,1872527.7,0.0,,,,152,1594.6,242379.2,,,,8013,50.4,403855.2,,,,131016,4.9,641978.4,,,,687543.3,1184984.4
2009-05-13,1,2,21,27,35,38,34,745917.7,JP,687543.3,0.0,,,,69,2038.1,140628.9,,,,4372,53.6,234339.2,,,,75704,4.9,370949.6,,,,,687543.3
2009-05-10,14,18,25,30,31,43,34,3140042.8,2,934514.0,1869028.0,,,,118,2022.1,238607.8,,,,6675,59.5,397162.5,,,,115499,5.5,635244.5,,,,702471.3,232042.7
2009-05-06,2,14,20,24,28,32,35,764092.5,JP,702471.3,0.0,,,,96,1496.7,143683.2,,,,5149,46.5,239428.5,,,,79371,4.8,380980.8,,,,,702471.3
2009-05-03,1,9,13,15,28,41,35,1719116.9,1,823079.0,823079.0,,,,124,1357.7,168354.8,,,,5974,46.9,280180.6,,,,99445,4.5,447502.5,,,,,823079.0
2009-04-29,3,16,26,31,41,45,42,3084087.0,2,949156.4,1898312.8,,,,146,1527.0,222942.0,,,,7386,50.3,371515.8,,,,125812,4.7,591316.4,,,,808317.3,140839.1
2009-04-26,9,11,25,31,40,42,3,873289.1,JP,808317.3,0.0,,,,82,2016.3,165336.6,,,,4791,57.5,275482.5,,,,86494,5.0,432470.0,,,,,808317.3
2009-04-22,1,4,12,30,33,38,3,7195711.5,1,5140959.1,5140959.1,,,,228,1695.6,386596.8,,,,12430,51.8,643874.0,,,,213392,4.8,1024281.6,,,,3250893.6,1890065.5
2009-04-19,11,14,21,27,29,34,22,1577959.8,3JP,3250893.6,0.0,,,,258,1157.1,298531.8,,,,12007,41.4,497089.8,,,,186271,4.2,782338.2,,,,1791290.8,1459602.8
2009-04-15,14,16,18,24,32,41,40,1014269.6,DJP,1791290.8,0.0,,,,115,1665.7,191555.5,,,,6029,52.9,318934.1,,,,100756,5.0,503780.0,,,,854783.1,936507.7
2009-04-12,8,15,18,21,33,36,28,926044.0,JP,854783.1,0.0,,,,160,1092.7,174832.0,,,,6165,47.2,290988.0,,,,102272,4.5,460224.0,,,,,854783.1
2009-04-08,2,4,8,11,14,18,15,3018286.5,3,627050.7,1881152.1,,,,225,950.0,213750.0,,,,9278,38.4,356275.2,,,,135026,4.2,567109.2,,,,836069.4,-209018.7
2009-04-05,16,17,36,37,40,45,26,910195.1,JP,836069.4,0.0,,,,95,1800.1,171009.5,,,,4949,57.5,284567.5,,,,85777,5.3,454618.1,,,,,836069.4
2009-04-01,5,11,17,18,33,42,6,1496498.2,1,717847.8,717847.8,,,,98,1498.2,146823.6,,,,5290,46.2,244398.0,,,,88052,4.4,387428.8,,,,,717847.8
2009-03-29,3,13,18,25,35,40,26,3396958.6,4,497483.6,1989934.4,,,,234,1131.2,264700.8,,,,9532,46.2,440378.4,,,,149350,4.7,701945.0,,,,695814.9,-198331.3
2009-03-25,2,11,13,30,38,44,45,758212.4,JP,695814.9,0.0,,,,95,1498.1,142319.5,,,,4153,57.1,237136.3,,,,74266,5.1,378756.6,,,,,695814.9
2009-03-22,7,22,26,33,38,42,20,3386331.5,1,1993267.8,1993267.8,,,,206,1269.8,261578.8,,,,9586,45.4,435204.4,,,,154729,4.5,696280.5,,,,714357.9,1278909.9
2009-03-18,9,20,24,29,31,44,17,774829.6,JP,714357.9,0.0,,,,76,1922.6,146117.6,,,,4555,53.4,243237.0,,,,77095,5.0,385475.0,,,,,714357.9
2009-03-15,2,10,11,26,33,39,3,7792258.2,2,2756394.4,5512788.8,,,,295,1459.7,430611.5,,,,15940,45.0,717300.0,,,,263153,4.3,1131557.9,,,,3407538.6,-651144.2
2009-03-11,5,6,14,17,19,28,20,1606517.9,3JP,3407538.6,0.0,,,,254,1198.8,304495.2,,,,12321,41.1,506393.1,,,,194056,4.1,795629.6,,,,1918843.8,1488694.8
2009-03-08,2,4,12,17,34,45,30,1325097.7,DJP,1918843.8,0.0,,,,153,1642.4,251287.2,,,,8624,48.5,418264.0,,,,145677,4.5,655546.5,,,,690306.8,1228537.0
2009-03-04,8,9,11,20,31,35,5,748884.6,JP,690306.8,0.0,,,,81,1743.1,141191.1,,,,4905,47.9,234949.5,,,,82832,4.5,372744.0,,,,,690306.8
2009-03-01,9,27,28,29,35,39,43,1787178.9,1,856384.7,856384.7,,,,121,1447.6,175159.6,,,,7227,40.3,291248.1,,,,113265,4.1,464386.5,,,,,856384.7
2009-02-25,1,4,16,19,20,35,8,3066625.9,1,1900707.5,1900707.5,,,,176,1243.2,218803.2,,,,8163,44.6,364069.8,,,,126749,4.6,583045.4,,,,831000.7,1069706.8
2009-02-22,6,7,8,38,39,44,35,900424.2,JP,831000.7,0.0,,,,108,1573.8,169970.4,,,,4673,60.6,283183.8,,,,89454,5.0,447270.0,,,,,831000.7
2009-02-18,15,17,26,34,36,37,6,1401608.7,1,670791.8,670791.8,,,,118,1162.7,137198.6,,,,4519,50.6,228661.4,,,,74481,4.9,364956.9,,,,,670791.8
2009-02-15,5,17,25,31,34,36,3,3383407.1,1,1988008.2,1988008.2,,,,154,1711.7,263601.8,,,,8143,53.9,438907.7,,,,141406,4.9,692889.4,,,,699266.0,1288742.2
2009-02-11,2,15,16,23,30,33,32,762101.0,JP,699266.0,0.0,,,,109,1312.2,143029.8,,,,4886,48.7,237948.2,,,,81090,4.7,381123.0,,,,,699266.0
2009-02-08,3,11,15,21,30,38,42,3356331.6,2,992552.2,1985104.4,,,,222,1169.1,259540.2,,,,9953,43.4,431960.2,,,,158076,4.3,679726.8,,,,716140.2,276412.0
2009-02-04,16,17,22,25,41,42,6,774248.3,JP,716140.2,0.0,,,,85,1723.3,146480.5,,,,3859,63.2,243888.8,,,,72430,5.3,383879.0,,,,,716140.2
2009-02-01,8,12,14,23,28,34,13,3395974.9,1,1991981.9,1991981.9,,,,187,1413.2,264268.4,,,,9489,46.4,440289.6,,,,155430,4.5,699435.0,,,,699924.2,1292057.7
2009-01-28,8,11,23,36,37,43,7,762431.8,JP,699924.2,0.0,,,,104,1376.5,143156.0,,,,4727,50.4,238240.8,,,,76207,5.0,381035.0,,,,,699924.2
2009-01-25,7,13,14,34,38,39,3,5429570.2,1,3678795.2,3678795.2,,,,211,1565.0,330215.0,,,,10566,52.0,549432.0,,,,181485,4.8,871128.0,,,,2064333.6,1614461.6
2009-01-21,9,17,33,36,40,41,6,1325898.6,DJP,2064333.6,0.0,,,,175,1421.7,248797.5,,,,8989,46.1,414392.9,,,,144067,4.6,662708.2,,,,847922.0,1216411.6
2009-01-18,3,5,12,36,37,38,44,921244.5,JP,847922.0,0.0,,,,102,1700.3,173430.6,,,,4991,57.9,288978.9,,,,91767,5.0,458835.0,,,,,847922.0
2009-01-14,16,19,21,27,32,36,24,4926854.4,1,3350680.4,3350680.4,,,,183,1620.9,296624.7,,,,9670,51.1,494137.0,,,,167109,4.7,785412.3,,,,1900458.0,1450222.4
2009-01-11,10,17,22,26,29,38,25,1314262.4,DJP,1900458.0,0.0,,,,190,1307.6,248444.0,,,,10007,41.3,413289.1,,,,151751,4.3,652529.3,,,,685784.8,1214673.2
2009-01-07,3,25,30,37,41,44,20,742110.6,JP,685784.8,0.0,,,,60,2337.9,140274.0,,,,3853,60.6,233491.8,,,,68212,5.4,368344.8,,,,,685784.8
2009-01-04,1,8,16,22,36,38,28,1783949.9,1,857414.9,857414.9,,,,123,1425.8,175373.4,,,,6896,42.3,291700.8,,,,95721,4.8,459460.8,,,,,857414.9
2008-12-31,16,18,19,20,28,29,4,3868736.4,1,2254415.6,2254415.6,,,,183,1664.8,304658.4,,,,9748,52.0,506896.0,,,,167243,4.8,802766.4,,,,764963.4,1489452.2
2008-12-28,4,14,16,24,27,43,41,827564.7,JP,764963.4,0.0,,,,122,1282.5,156465.0,,,,5641,46.2,260614.2,,,,91219,4.5,410485.5,,,,,764963.4
2008-12-24,19,28,32,39,41,43,38,5700142.1,2,1879905.6,3759811.2,,,,255,1440.4,367302.0,,,,12549,48.7,611136.3,,,,204658,4.7,961892.6,,,,1964025.1,-84119.5
2008-12-21,17,18,21,36,39,42,13,1366056.8,DJP,1964025.1,0.0,,,,174,1480.6,257624.4,,,,8332,51.5,429098.0,,,,141528,4.8,679334.4,,,,704472.4,1259552.7
2008-12-17,11,18,19,25,34,45,21,765926.4,JP,704472.4,0.0,,,,91,1583.4,144089.4,,,,4287,56.0,240072.0,,,,76353,5.0,381765.0,,,,,704472.4
2008-12-14,10,11,19,33,34,42,45,3250924.6,1,1908960.2,1908960.2,,,,192,1321.0,253632.0,,,,8350,50.6,422510.0,,,,144744,4.6,665822.4,,,,668935.5,1240024.7
2008-12-10,13,28,31,32,38,44,25,724931.5,JP,668935.5,0.0,,,,65,2105.0,136825.0,,,,3739,60.9,227705.1,,,,66741,5.4,360401.4,,,,,668935.5
2008-12-07,10,22,23,29,36,44,15,1825724.6,1,876094.9,876094.9,,,,97,1847.4,179197.8,,,,5341,55.9,298561.9,,,,94374,5.0,471870.0,,,,,876094.9
2008-12-03,2,14,27,30,43,45,7,1492204.6,1,715152.6,715152.6,,,,80,1828.5,146280.0,,,,4507,54.0,243378.0,,,,79060,4.9,387394.0,,,,,715152.6
2008-11-30,13,19,30,33,42,44,21,3196246.2,2,942799.4,1885598.8,,,,149,1659.1,247205.9,,,,8101,50.8,411530.8,,,,133043,4.9,651910.7,,,,677000.7,265798.7
2008-11-26,10,14,19,39,42,44,5,735636.1,JP,677000.7,0.0,,,,73,1896.9,138473.7,,,,3992,57.8,230737.6,,,,71848,5.1,366424.8,,,,,677000.7
2008-11-23,17,22,26,28,30,34,25,1693649.2,1,813662.5,813662.5,,,,132,1260.8,166425.6,,,,5553,49.9,277094.7,,,,94884,4.6,436466.4,,,,,813662.5
2008-11-19,4,28,32,34,42,44,12,3153464.3,1,1949610.0,1949610.0,,,,150,1507.0,226050.0,,,,7191,52.3,376089.3,,,,120343,5.0,601715.0,,,,844409.8,1105200.2
2008-11-16,5,12,22,23,31,38,26,917001.2,JP,844409.8,0.0,,,,137,1260.7,172715.9,,,,6007,47.9,287735.3,,,,99250,4.6,456550.0,,,,,844409.8
2008-11-12,1,4,19,29,41,42,18,3154675.4,1,1956534.2,1956534.2,,,,135,1677.2,226422.0,,,,7176,52.5,376740.0,,,,123954,4.8,594979.2,,,,849555.3,1106978.9
2008-11-09,12,21,26,27,28,32,43,923146.0,JP,849555.3,0.0,,,,80,2172.1,173768.0,,,,5538,52.2,289083.6,,,,100064,4.6,460294.4,,,,,849555.3
2008-11-05,17,25,26,29,37,44,14,3055908.3,2,939054.8,1878109.6,,,,144,1541.3,221947.2,,,,7066,52.3,369551.8,,,,119653,4.9,586299.7,,,,793014.2,146040.6
2008-11-02,1,14,19,30,34,43,39,863474.4,JP,793014.2,0.0,,,,92,1763.1,162205.2,,,,4332,62.4,270316.8,,,,79806,5.4,430952.4,,,,,793014.2
2008-10-29,3,5,18,34,37,39,7,1403983.8,1,674413.6,674413.6,,,,67,2058.9,137946.3,,,,4095,56.1,229729.5,,,,73856,4.9,361894.4,,,,,674413.6
2008-10-26,7,10,21,36,37,45,32,3158817.4,2,933208.1,1866416.2,,,,163,1489.4,242772.2,,,,7946,50.9,404451.4,,,,134412,4.8,645177.6,,,,679453.1,253755.0
2008-10-22,4,23,29,30,33,36,15,737330.8,JP,679453.1,0.0,,,,80,1737.2,138976.0,,,,4347,53.2,231260.4,,,,76478,4.8,367094.4,,,,,679453.1
2008-10-19,3,8,14,25,32,35,12,1758520.7,1,841941.8,841941.8,,,,96,1793.9,172214.4,,,,5457,52.5,286492.5,,,,95390,4.8,457872.0,,,,,841941.8
2008-10-15,5,13,15,24,41,45,40,4800546.1,1,3304392.6,3304392.6,,,,186,1523.2,283315.2,,,,9230,51.1,471653.0,,,,157699,4.7,741185.3,,,,1919258.0,1385134.6
2008-10-12,9,10,19,20,24,44,7,1313553.7,DJP,1919258.0,0.0,,,,187,1331.1,248915.7,,,,8540,48.5,414190.0,,,,144544,4.5,650448.0,,,,702282.5,1216975.5
2008-10-08,15,16,24,26,28,41,39,759186.1,JP,702282.5,0.0,,,,86,1670.3,143645.8,,,,4977,48.1,239393.7,,,,81771,4.6,376146.6,,,,,702282.5
2008-10-05,9,10,20,34,38,40,17,3171449.7,3,624946.4,1874839.2,,,,169,1441.3,243579.7,,,,8993,45.1,405584.3,,,,143877,4.5,647446.5,,,,683938.1,-58991.7
2008-10-01,2,19,25,26,33,40,22,742879.9,JP,683938.1,0.0,,,,98,1427.5,139895.0,,,,4434,52.5,232785.0,,,,75551,4.9,370199.9,,,,,683938.1
2008-09-28,3,6,13,14,27,39,4,3147356.2,1,1885691.5,1885691.5,,,,215,1108.3,238284.5,,,,10478,37.9,397116.2,,,,156566,4.0,626264.0,,,,720708.0,1164983.5
2008-09-24,2,10,24,36,40,44,45,780529.1,JP,720708.0,0.0,,,,90,1637.9,147411.0,,,,4607,53.3,245553.1,,,,77513,5.0,387565.0,,,,,720708.0
2008-09-21,1,5,14,15,36,43,24,1808141.8,1,867653.7,867653.7,,,,102,1739.9,177469.8,,,,5158,57.3,295553.4,,,,95401,4.9,467464.9,,,,,867653.7
2008-09-17,2,12,21,24,32,36,34,1479333.7,1,708374.8,708374.8,,,,141,1027.6,144891.6,,,,5151,46.8,241066.8,,,,81915,4.7,385000.5,,,,,708374.8
2008-09-14,16,17,38,40,44,45,23,3146199.0,2,930752.3,1861504.6,,,,145,1663.4,241193.0,,,,7125,56.4,401850.0,,,,125814,5.1,641651.4,,,,682291.4,248460.9
2008-09-10,4,8,14,22,27,42,24,743584.7,JP,682291.4,0.0,,,,113,1235.0,139555.0,,,,5683,40.9,232434.7,,,,88475,4.2,371595.0,,,,,682291.4
2008-09-07,3,5,6,24,33,36,45,3197334.9,2,944711.0,1889422.0,,,,199,1235.7,245904.3,,,,8757,46.8,409827.6,,,,151670,4.3,652181.0,,,,687178.3,257532.7
2008-09-03,7,12,16,34,35,44,41,744093.6,JP,687178.3,0.0,,,,77,1825.4,140555.8,,,,4204,55.7,234162.8,,,,73875,5.0,369375.0,,,,,687178.3
2008-08-31,5,7,10,20,25,28,13,3181861.1,1,1879316.8,1879316.8,,,,257,953.4,245023.8,,,,12163,33.5,407460.5,,,,162515,4.0,650060.0,,,,681302.6,1198014.2
2008-08-27,6,9,18,19,30,45,4,738768.2,JP,681302.6,0.0,,,,125,1114.8,139350.0,,,,6158,37.7,232156.6,,,,89576,4.1,367261.6,,,,,681302.6
2008-08-24,1,3,9,17,21,27,8,3191375.6,3,633966.3,1901898.9,,,,353,693.9,244946.7,,,,14053,29.0,407537.0,,,,181998,3.5,636993.0,,,,704264.4,-70298.1
2008-08-20,1,7,14,43,44,45,16,765064.6,JP,704264.4,0.0,,,,147,979.9,144045.3,,,,5567,43.1,239937.7,,,,79392,4.8,381081.6,,,,,704264.4
2008-08-17,3,22,26,35,37,38,14,4768220.8,2,1645846.6,3291693.2,,,,176,1580.4,278150.4,,,,9446,49.0,462854.0,,,,153234,4.8,735523.2,,,,1931796.3,-285949.7
2008-08-13,11,12,17,29,33,41,14,1179225.6,DJP,1931796.3,0.0,,,,153,1451.2,222033.6,,,,8560,43.2,369792.0,,,,133500,4.4,587400.0,,,,846268.0,1085528.3
2008-08-10,4,10,22,27,32,38,15,919175.1,JP,846268.0,0.0,,,,124,1395.9,173091.6,,,,6465,44.6,288339.0,,,,101721,4.5,457744.5,,,,,846268.0
2008-08-06,12,18,24,28,35,38,40,4683367.9,1,3202173.5,3202173.5,,,,179,1560.0,279240.0,,,,9044,51.4,464861.6,,,,153561,4.8,737092.8,,,,1836999.3,1365174.2
2008-08-03,4,10,28,37,42,45,26,1271724.7,DJP,1836999.3,0.0,,,,146,1638.1,239162.6,,,,7657,52.0,398164.0,,,,129469,4.9,634398.1,,,,667728.8,1169270.5
2008-07-30,6,15,24,25,28,32,40,726022.9,JP,667728.8,0.0,,,,97,1408.0,136576.0,,,,4536,50.1,227253.6,,,,73917,4.9,362193.3,,,,,667728.8
2008-07-27,6,9,12,18,32,42,11,3097622.8,1,1841152.0,1841152.0,,,,206,1150.4,236982.4,,,,9538,41.4,394873.2,,,,141958,4.4,624615.2,,,,682496.3,1158655.7
2008-07-23,3,11,17,35,43,45,9,743291.0,JP,682496.3,0.0,,,,103,1355.3,139595.9,,,,5201,44.7,232484.7,,,,84366,4.4,371210.4,,,,,682496.3
2008-07-20,9,17,18,22,38,39,42,1801397.6,1,862525.9,862525.9,,,,109,1618.5,176416.5,,,,5938,49.5,293931.0,,,,99686,4.7,468524.2,,,,,862525.9
2008-07-16,11,16,20,30,34,38,9,1459529.2,2,349830.4,699660.8,,,,153,935.3,143100.9,,,,4915,48.5,238377.5,,,,75678,5.0,378390.0,,,,,349830.4
2008-07-13,4,7,11,19,28,33,31,3198527.2,4,479116.2,1916464.8,,,,315,766.7,241510.5,,,,12349,32.5,401342.5,,,,168213,3.8,639209.4,,,,735746.1,-256629.9
2008-07-09,11,19,21,22,36,42,37,795004.5,JP,735746.1,0.0,,,,70,2149.9,150493.0,,,,4685,53.5,250647.5,,,,82055,4.8,393864.0,,,,,735746.1
2008-07-06,6,16,18,22,35,38,33,3166708.7,1,1884710.1,1884710.1,,,,139,1746.8,242805.2,,,,7699,52.5,404197.5,,,,129591,4.9,634995.9,,,,697651.9,1187058.2
2008-07-02,2,14,25,37,41,43,44,759718.5,JP,697651.9,0.0,,,,70,2038.5,142695.0,,,,3851,61.7,237606.7,,,,67753,5.6,379416.8,,,,,697651.9
2008-06-29,6,10,25,41,42,43,2,3045122.5,1,1763080.1,1763080.1,,,,158,1533.4,242277.2,,,,6963,57.9,403157.7,,,,124825,5.1,636607.5,,,,578546.88,1184533.22
2008-06-25,10,18,19,25,27,32,17,682576.2,JP,578546.88,0.0,,,,72,1721.8,123969.6,,,,4381,50.3,220364.3,,,,78661,4.3,338242.3,,,,,578546.88
2008-06-22,1,13,36,39,42,45,30,1558986.5,1,713466.4,713466.4,,,,115,1329.4,152881.0,,,,5807,46.8,271767.6,,,,93527,4.5,420871.5,,,,,713466.4
2008-06-18,2,25,26,27,29,41,31,1350741.2,1,617195.0,617195.0,,,,77,1717.6,132255.2,,,,5010,46.9,234969.0,,,,83255,4.4,366322.0,,,,,617195.0
2008-06-15,8,22,26,27,30,39,45,4357077.7,3,967734.5,2903203.5,,,,259,1015.2,262936.8,,,,11934,39.1,466619.4,,,,190610,3.8,724318.0,,,,1676093.5,-708359.0
2008-06-11,3,20,32,33,39,43,15,1060835.0,DJP,1676093.5,0.0,,,,122,1571.0,191662.0,,,,7845,43.4,340473.0,,,,132175,4.0,528700.0,,,,781659.1,894434.4
2008-06-08,2,3,13,15,35,38,43,920675.1,JP,781659.1,0.0,,,,99,1691.9,167498.1,,,,6192,48.0,297216.0,,,,111210,4.1,455961.0,,,,,781659.1
2008-06-04,1,11,16,19,29,45,33,1436522.4,1,655964.4,655964.4,,,,142,989.8,140551.6,,,,6787,36.8,249761.6,,,,102696,3.8,390244.8,,,,,655964.4
2008-06-01,10,12,19,31,38,45,26,1703628.9,1,779891.2,779891.2,,,,121,1381.1,167113.1,,,,6011,49.4,296943.4,,,,104473,4.4,459681.2,,,,,779891.2
2008-05-28,14,30,32,39,40,42,21,14044674.4,2,4918840.2,9837680.4,,,,568,1336.4,759075.2,,,,28236,47.7,1346857.2,,,,477514,4.4,2101061.6,,,,6295114.4,-1376274.2
2008-05-25,8,10,19,34,37,40,4,2138678.4,5JP,6295114.4,0.0,,,,278,1392.9,387226.2,,,,14328,48.0,687744.0,,,,247374,4.3,1063708.2,,,,4488058.5,1807055.9
2008-05-21,6,8,15,19,27,43,45,1834428.5,4JP,4488058.5,0.0,,,,308,1082.8,333502.4,,,,14981,39.5,591749.5,,,,239257,3.8,909176.6,,,,2931620.0,1556438.5
2008-05-18,6,9,14,28,42,44,17,1487216.4,3JP,2931620.0,0.0,,,,214,1262.7,270217.8,,,,10947,43.8,479478.6,,,,184380,4.0,737520.0,,,,1670533.9,1261086.1
2008-05-14,17,21,23,37,38,40,41,1054082.7,DJP,1670533.9,0.0,,,,113,1686.7,190597.1,,,,6464,52.4,338713.6,,,,116616,4.5,524772.0,,,,781080.1,889453.8
2008-05-11,4,7,9,15,25,37,41,927678.1,JP,781080.1,0.0,,,,147,1138.6,167374.2,,,,6889,43.1,296915.9,,,,115847,4.0,463388.0,,,,,781080.1
2008-05-07,14,17,21,22,27,37,43,6314900.7,1,4482776.5,4482776.5,,,,359,930.1,333905.9,,,,15630,37.9,592377.0,,,,232267,3.9,905841.3,,,,2924441.6,1558334.9
2008-05-04,9,20,23,30,31,34,26,1372228.1,3JP,2924441.6,0.0,,,,219,1136.8,248959.2,,,,9985,44.3,442335.5,,,,162127,4.2,680933.4,,,,1762564.4,1161877.2
2008-04-30,3,13,14,16,27,42,10,1220384.3,DJP,1762564.4,0.0,,,,174,1269.5,220893.0,,,,9628,40.7,391859.6,,,,155803,3.9,607631.7,,,,731676.9,1030887.5
2008-04-27,16,20,25,31,34,45,8,862462.3,JP,731676.9,0.0,,,,91,1722.9,156783.9,,,,5084,54.8,278603.2,,,,88974,4.8,427075.2,,,,,731676.9
2008-04-23,3,5,15,32,36,38,20,9767219.9,1,6948118.3,6948118.3,,,,410,1251.6,513156.0,,,,19735,46.2,911757.0,,,,340046,4.1,1394188.6,,,,4553320.7,2394797.6
2008-04-20,10,15,17,22,26,31,30,1911239.1,4JP,4553320.7,0.0,,,,305,1137.5,346937.5,,,,14960,41.2,616352.0,,,,243064,3.9,947949.6,,,,2934186.8,1619133.9
2008-04-16,9,22,36,40,41,43,37,1460248.8,3JP,2934186.8,0.0,,,,145,1827.3,264958.5,,,,8321,56.6,470968.6,,,,154111,4.7,724321.7,,,,1697674.3,1236512.5
2008-04-13,4,13,15,18,23,43,10,1274113.0,DJP,1697674.3,0.0,,,,156,1477.6,230505.6,,,,8626,47.5,409735.0,,,,150922,4.2,633872.4,,,,621937.4,1075736.9
2008-04-09,11,14,15,22,30,45,18,732996.2,JP,621937.4,0.0,,,,61,2184.7,133266.7,,,,4637,51.0,236487.0,,,,84475,4.3,363242.5,,,,,621937.4
2008-04-06,7,10,11,14,16,17,20,1652500.7,1,759637.1,759637.1,,,,153,1063.9,162776.7,,,,7204,40.1,288880.4,,,,119245,3.7,441206.5,,,,,759637.1
2008-04-02,2,3,15,19,31,33,41,2939591.8,1,1785886.3,1785886.3,,,,132,1576.1,208045.2,,,,8603,42.9,369068.7,,,,147844,3.9,576591.6,,,,814954.4,970931.9
2008-03-30,6,7,29,32,35,36,42,962339.6,JP,814954.4,0.0,,,,116,1505.4,174626.4,,,,5902,52.6,310445.2,,,,108470,4.4,477268.0,,,,,814954.4
2008-03-26,4,7,9,23,27,28,14,4168703.5,1,2845722.1,2845722.1,,,,258,935.7,241410.6,,,,13444,31.9,428863.6,,,,203971,3.2,652707.2,,,,1719091.3,1126630.8
2008-03-23,1,3,18,20,41,42,32,1320370.7,DJP,1719091.3,0.0,,,,139,1719.7,239038.3,,,,7709,55.1,424765.9,,,,139695,4.7,656566.5,,,,603578.1,1115513.2
2008-03-19,3,8,16,25,35,38,22,717432.1,JP,603578.1,0.0,,,,128,1010.4,129331.2,,,,5754,39.9,229584.6,,,,87443,4.1,358516.3,,,,,603578.1
2008-03-16,2,5,13,31,35,37,34,3092104.1,1,1752637.1,1752637.1,,,,185,1309.7,242294.5,,,,8732,49.3,430487.6,,,,155043,4.3,666684.9,,,,621878.8,1130758.3
2008-03-12,8,18,20,27,40,41,10,734554.0,JP,621878.8,0.0,,,,98,1359.7,133250.6,,,,4902,48.3,236766.6,,,,84776,4.3,364536.8,,,,,621878.8
2008-03-09,6,7,17,20,29,45,18,4859498.1,1,3186345.5,3186345.5,,,,282,1074.3,302952.6,,,,12941,41.6,538345.6,,,,213296,3.9,831854.4,,,,1772465.2,1413880.3
2008-03-05,5,18,20,25,28,42,44,1171234.6,DJP,1772465.2,0.0,,,,153,1379.4,211048.2,,,,8130,46.1,374793.0,,,,136138,4.3,585393.4,,,,787541.8,984923.4
2008-03-02,1,3,15,34,38,39,42,936091.7,JP,787541.8,0.0,,,,85,1985.3,168750.5,,,,6411,46.7,299393.7,,,,108825,4.3,467947.5,,,,,787541.8
2008-02-27,1,12,24,28,29,44,33,1318923.8,1,603395.4,603395.4,,,,77,1679.2,129298.4,,,,4584,50.1,229658.4,,,,81039,4.4,356571.6,,,,,603395.4
2008-02-24,5,14,18,28,36,38,42,4417411.5,3,969122.6,2907367.8,,,,340,800.6,272204.0,,,,11983,40.3,482914.9,,,,179744,4.2,754924.8,,,,1636927.2,-667804.6
2008-02-20,5,8,24,36,42,44,18,1079368.7,DJP,1636927.2,0.0,,,,156,1252.7,195421.2,,,,7706,45.0,346770.0,,,,124925,4.3,537177.5,,,,724889.9,912037.3
2008-02-17,1,13,19,34,39,40,41,862733.3,JP,724889.9,0.0,,,,105,1479.3,155326.5,,,,5624,49.1,276138.4,,,,93754,4.6,431268.4,,,,,724889.9
2008-02-13,7,16,29,31,38,39,19,1375769.1,1,630017.3,630017.3,,,,95,1421.0,134995.0,,,,5485,43.7,239694.5,,,,90503,4.1,371062.3,,,,,630017.3
2008-02-10,3,19,24,26,40,43,25,2798767.9,2,805587.6,1611175.2,,,,203,1062.9,215768.7,,,,9035,42.4,383084.0,,,,147185,4.0,588740.0,,,,604246.1,201341.5
2008-02-06,2,3,13,14,16,41,29,717583.6,JP,604246.1,0.0,,,,83,1560.0,129480.0,,,,4370,52.6,229862.0,,,,83312,4.3,358241.6,,,,,604246.1
2008-02-03,16,31,33,38,40,45,18,4618024.6,2,1531879.1,3063758.2,,,,230,1228.9,282647.0,,,,10166,49.4,502200.4,,,,170982,4.5,769419.0,,,,1744694.1,-212815.0
2008-01-30,18,22,24,26,31,42,40,1201432.1,DJP,1744694.1,0.0,,,,150,1443.1,216465.0,,,,7407,51.9,384423.3,,,,130553,4.6,600543.8,,,,734480.1,1010214.0
2008-01-27,18,20,24,26,27,43,35,865919.3,JP,734480.1,0.0,,,,83,1896.2,157384.6,,,,4753,58.8,279476.4,,,,91289,4.7,429058.3,,,,,734480.1
2008-01-23,2,4,5,11,29,45,36,1294546.4,2,296252.3,592504.6,,,,140,906.8,126952.0,,,,6462,34.9,225523.8,,,,99876,3.5,349566.0,,,,,296252.3
2008-01-20,6,15,18,23,36,44,3,1588708.1,1,725561.0,725561.0,,,,135,1151.6,155466.0,,,,5709,48.4,276315.6,,,,95859,4.5,431365.5,,,,,725561.0
2008-01-16,20,21,32,34,42,45,1,2812225.2,1,1676820.9,1676820.9,,,,151,1357.4,204967.4,,,,7159,50.9,364393.1,,,,123053,4.6,566043.8,,,,720284.0,956536.9
2008-01-13,5,19,24,40,43,45,39,848634.2,JP,720284.0,0.0,,,,105,1469.9,154339.5,,,,5771,47.5,274122.5,,,,100041,4.2,420172.2,,,,,720284.0
2008-01-09,5,10,13,24,32,35,33,2859605.6,2,852384.4,1704768.8,,,,196,1069.8,209680.8,,,,8433,44.2,372738.6,,,,139614,4.1,572417.4,,,,726170.1,126214.3
2008-01-06,1,10,16,29,37,42,27,861385.2,JP,726170.1,0.0,,,,138,1127.5,155595.0,,,,5334,51.8,276301.2,,,,95442,4.5,429489.0,,,,,726170.1
2008-01-02,6,14,26,34,40,41,32,1330842.7,1,608593.4,608593.4,,,,83,1571.2,130409.6,,,,4879,47.5,231752.5,,,,81838,4.4,360087.2,,,,,608593.4
2007-12-30,2,16,22,29,34,37,7,1730148.9,1,792418.7,792418.7,,,,123,1380.5,169801.5,,,,5990,50.3,301297.0,,,,108519,4.3,466631.7,,,,,792418.7
2007-12-26,6,7,12,16,30,34,45,1133516.2,1,520605.3,520605.3,,,,79,1412.1,111555.9,,,,5095,38.9,198195.5,,,,81935,3.7,303159.5,,,,,520605.3
2007-12-23,5,16,30,34,36,44,28,3110590.8,1,1758438.8,1758438.8,,,,177,1378.0,243906.0,,,,9004,48.1,433092.4,,,,153444,4.4,675153.6,,,,620203.9,1138234.9
2007-12-19,5,17,18,31,32,42,38,731727.6,JP,620203.9,0.0,,,,104,1277.8,132891.2,,,,4740,49.8,236052.0,,,,82451,4.4,362784.4,,,,,620203.9
2007-12-16,1,4,7,12,25,43,45,1636774.9,1,751445.5,751445.5,,,,168,958.4,161011.2,,,,7690,37.2,286068.0,,,,118446,3.7,438250.2,,,,,751445.5
2007-12-12,3,12,23,24,37,45,13,1434620.2,1,657925.9,657925.9,,,,99,1424.0,140976.0,,,,5343,46.9,250586.7,,,,91698,4.2,385131.6,,,,,657925.9
2007-12-09,6,12,13,19,32,43,41,1610772.4,1,736577.9,736577.9,,,,139,1135.5,157834.5,,,,6745,41.6,280592.0,,,,108942,4.0,435768.0,,,,,736577.9
2007-12-05,1,5,16,28,39,40,31,4430443.0,1,2953179.6,2953179.6,,,,258,1040.5,268449.0,,,,11476,41.5,476254.0,,,,187836,3.9,732560.4,,,,1700369.5,1252810.1
2007-12-02,10,15,20,24,36,38,31,1306420.9,DJP,1700369.5,0.0,,,,186,1272.6,236703.6,,,,8851,47.5,420422.5,,,,147567,4.4,649294.8,,,,595729.7,1104639.8
2007-11-28,8,9,10,26,36,41,3,707367.1,JP,595729.7,0.0,,,,80,1595.7,127656.0,,,,4773,47.5,226717.5,,,,86096,4.1,352993.6,,,,,595729.7
2007-11-25,5,11,28,39,43,45,32,6564185.0,1,4534321.9,4534321.9,,,,315,1164.5,366817.5,,,,15392,42.3,651081.6,,,,252991,4.0,1011964.0,,,,2822491.5,1711830.4
2007-11-21,13,18,20,25,35,36,39,1404617.8,3JP,2822491.5,0.0,,,,153,1667.4,255112.2,,,,7916,57.2,452795.2,,,,145148,4.8,696710.4,,,,1631953.8,1190537.7
2007-11-18,2,13,23,28,29,41,3,1240492.8,DJP,1631953.8,0.0,,,,168,1330.6,223540.8,,,,8076,49.2,397339.2,,,,144096,4.3,619612.8,,,,588710.2,1043243.6
2007-11-14,5,17,20,23,27,45,9,695266.6,JP,588710.2,0.0,,,,110,1146.8,126148.0,,,,5266,42.5,223805.0,,,,93328,3.7,345313.6,,,,,588710.2
2007-11-11,4,11,35,39,41,44,43,1597711.4,1,730087.4,730087.4,,,,99,1580.2,156439.8,,,,5594,49.7,278021.8,,,,98446,4.4,433162.4,,,,,730087.4
2007-11-07,9,13,16,18,20,40,25,1299172.4,1,596844.2,596844.2,,,,90,1421.0,127890.0,,,,4613,49.2,226959.6,,,,82733,4.2,347478.6,,,,,596844.2
2007-11-04,1,12,21,29,32,41,3,4374812.8,1,2928896.0,2928896.0,,,,260,1012.3,263198.0,,,,11316,41.3,467350.8,,,,174480,4.1,715368.0,,,,1700518.9,1228377.1
2007-10-31,21,26,28,36,39,40,16,1202817.8,DJP,1700518.9,0.0,,,,177,1228.5,217444.5,,,,8704,44.4,386457.6,,,,146077,4.1,598915.7,,,,685720.0,1014798.9
2007-10-28,5,9,13,21,37,39,12,808918.9,JP,685720.0,0.0,,,,138,1064.7,146928.6,,,,6872,38.0,261136.0,,,,108339,3.7,400854.3,,,,,685720.0
2007-10-24,8,11,12,29,30,45,13,2851109.9,2,849068.6,1698137.2,,,,159,1309.7,208242.3,,,,8557,43.2,369662.4,,,,143767,4.0,575068.0,,,,726287.9,122780.7
2007-10-21,1,4,5,13,38,42,43,863034.8,JP,726287.9,0.0,,,,95,1638.2,155629.0,,,,5501,50.2,276150.2,,,,100292,4.3,431255.6,,,,,726287.9
2007-10-17,2,16,26,30,42,44,29,4273640.5,5,570167.7,2850838.5,,,,264,975.5,257532.0,,,,10071,45.4,457223.4,,,,164662,4.3,708046.6,,,,1648964.5,-1078796.8
2007-10-14,4,11,18,26,30,45,16,1256069.6,DJP,1648964.5,0.0,,,,221,1026.3,226812.3,,,,9379,42.9,402359.1,,,,152902,4.1,626898.2,,,,590487.9,1058476.6
2007-10-10,4,9,11,19,32,38,15,702450.0,JP,590487.9,0.0,,,,108,1171.6,126532.8,,,,5679,39.6,224888.4,,,,92376,3.8,351028.8,,,,,590487.9
2007-10-07,13,23,24,39,40,43,41,2878524.3,2,819917.5,1639835.0,,,,161,1398.6,225174.6,,,,8321,48.1,400240.1,,,,142622,4.3,613274.6,,,,589009.5,230908.0
2007-10-03,3,9,15,16,20,31,37,698144.5,JP,589009.5,0.0,,,,88,1434.2,126209.6,,,,5527,40.5,223843.5,,,,91603,3.8,348091.4,,,,,589009.5
2007-09-30,8,31,37,39,41,44,23,2774054.2,1,1583110.7,1583110.7,,,,170,1267.8,215526.0,,,,8054,47.5,382565.0,,,,131745,4.5,592852.5,,,,577313.8,1005796.9
2007-09-26,17,22,24,25,33,38,30,684339.7,JP,577313.8,0.0,,,,84,1472.7,123706.8,,,,4451,49.4,219879.4,,,,75723,4.5,340753.5,,,,,577313.8
2007-09-23,5,7,14,17,25,32,39,1664605.3,1,762146.7,762146.7,,,,129,1266.0,163314.0,,,,7406,39.2,290315.2,,,,118113,3.8,448829.4,,,,,762146.7
2007-09-19,4,6,15,27,38,43,10,1356189.8,1,621826.8,621826.8,,,,101,1319.2,133239.2,,,,5526,42.8,236512.8,,,,93490,3.9,364611.0,,,,,621826.8
2007-09-16,2,6,22,27,36,42,7,2862783.8,1,1648561.4,1648561.4,,,,230,956.8,220064.0,,,,8939,43.7,390634.3,,,,147201,4.1,603524.1,,,,621507.2,1027054.2
2007-09-12,2,4,12,19,36,42,23,739143.8,JP,621507.2,0.0,,,,103,1293.0,133179.0,,,,5801,40.8,236680.8,,,,92321,4.0,369284.0,,,,,621507.2
2007-09-09,1,9,23,31,42,45,20,1646152.8,1,756269.4,756269.4,,,,138,1174.3,162053.4,,,,6274,45.9,287976.6,,,,104727,4.2,439853.4,,,,,756269.4
2007-09-05,12,16,22,27,32,37,34,1358545.4,1,622292.1,622292.1,,,,702,189.9,133309.8,,,,5176,45.8,237060.8,,,,85089,4.3,365882.7,,,,,622292.1
2007-09-02,9,11,14,27,39,40,7,1638868.9,1,751951.1,751951.1,,,,171,942.2,161116.2,,,,7982,35.8,285755.6,,,,122235,3.6,440046.0,,,,,751951.1
2007-08-29,4,14,16,21,23,42,11,9495719.1,1,6647300.5,6647300.5,,,,405,1274.8,516294.0,,,,21195,43.3,917743.5,,,,344971,4.1,1414381.1,,,,4237856.0,2409444.5
2007-08-26,4,5,26,31,35,36,23,1858948.9,4JP,4237856.0,0.0,,,,242,1386.2,335460.4,,,,11225,53.1,596047.5,,,,206098,4.5,927441.0,,,,2672277.1,1565578.9
2007-08-22,3,19,24,28,35,36,23,1278450.8,3JP,2672277.1,0.0,,,,155,1501.0,232655.0,,,,8673,47.6,412834.8,,,,150705,4.2,632961.0,,,,1586510.7,1085766.4
2007-08-19,6,8,21,39,40,45,17,1237067.9,DJP,1586510.7,0.0,,,,151,1490.7,225095.7,,,,8834,45.3,400180.2,,,,152948,4.0,611792.0,,,,536002.7,1050508.0
2007-08-15,13,16,21,22,25,39,2,631570.4,JP,536002.7,0.0,,,,70,1640.8,114856.0,,,,3700,55.1,203870.0,,,,71101,4.4,312844.4,,,,,536002.7
2007-08-12,9,10,17,31,34,41,22,6266596.2,1,4329549.2,4329549.2,,,,283,1234.7,349420.1,,,,13857,44.8,620793.6,,,,235813,4.1,966833.3,,,,2698900.2,1630649.0
2007-08-08,3,16,17,26,29,35,4,1328846.6,3JP,2698900.2,0.0,,,,260,926.7,240942.0,,,,12205,35.0,427175.0,,,,183536,3.6,660729.6,,,,1574387.9,1124512.3
2007-08-05,3,5,7,37,44,45,1,1190421.6,DJP,1574387.9,0.0,,,,198,1092.8,216374.4,,,,9174,41.9,384390.6,,,,151194,3.9,589656.6,,,,564606.4,1009781.5
2007-08-01,11,18,25,29,41,42,39,671275.9,JP,564606.4,0.0,,,,81,1493.6,120981.6,,,,4033,53.3,214958.9,,,,72899,4.6,335335.4,,,,,564606.4
2007-07-29,3,14,18,20,37,45,6,2772897.0,3,523517.2,1570551.6,,,,148,1471.0,217708.0,,,,6970,55.5,386835.0,,,,127192,4.7,597802.4,,,,554513.5,-30996.3
2007-07-25,1,22,33,34,37,44,18,658558.2,JP,554513.5,0.0,,,,70,1697.4,118818.0,,,,4336,48.7,211163.2,,,,69910,4.7,328577.0,,,,,554513.5
2007-07-22,3,13,24,36,41,45,7,1565412.3,1,718141.3,718141.3,,,,103,1494.0,153882.0,,,,5717,47.8,273272.6,,,,95481,4.4,420116.4,,,,,718141.3
2007-07-18,4,16,35,36,39,45,42,1217336.4,1,559132.9,559132.9,,,,68,1761.9,119809.2,,,,4043,52.6,212661.8,,,,72385,4.5,325732.5,,,,,559132.9
2007-07-15,7,11,13,19,26,40,32,2830073.0,3,537700.0,1613100.0,,,,300,736.9,221070.0,,,,11570,33.9,392223.0,,,,172480,3.5,603680.0,,,,581320.1,-43620.1
2007-07-11,12,13,27,32,33,39,19,683922.5,JP,581320.1,0.0,,,,66,1887.4,124568.4,,,,4677,47.3,221222.1,,,,84533,4.0,338132.0,,,,,581320.1
2007-07-08,13,20,26,30,38,39,24,6200827.8,2,2155706.6,4311413.2,,,,240,1428.9,342936.0,,,,11910,51.1,608601.0,,,,213154,4.4,937877.6,,,,2710987.6,-555281.0
2007-07-04,5,6,13,17,22,40,42,1325840.3,3JP,2710987.6,0.0,,,,218,1109.1,241783.8,,,,10297,41.7,429384.9,,,,172282,3.8,654671.6,,,,1582597.6,1128390.0
2007-07-01,9,16,17,35,38,39,32,1200175.5,DJP,1582597.6,0.0,,,,181,1205.4,218177.4,,,,8957,43.3,387838.1,,,,148540,4.0,594160.0,,,,564388.1,1018209.5
2007-06-27,2,8,9,12,14,35,4,670400.7,JP,564388.1,0.0,,,,116,1042.5,120930.0,,,,5349,40.1,214494.9,,,,90534,3.7,334975.8,,,,,564388.1
2007-06-24,7,10,15,29,40,44,5,1542680.9,1,704723.5,704723.5,,,,119,1269.0,151011.0,,,,6153,43.6,268270.8,,,,102116,4.1,418675.6,,,,,704723.5
2007-06-20,1,7,17,19,26,36,28,1223857.0,1,560771.0,560771.0,,,,143,840.3,120162.9,,,,5839,36.5,213123.5,,,,91611,3.6,329799.6,,,,,560771.0
2007-06-17,8,15,17,23,27,38,36,2698526.3,3,516021.9,1548065.7,,,,250,833.1,208275.0,,,,10924,33.8,369231.2,,,,159154,3.6,572954.4,,,,576028.0,-60006.1
2007-06-13,6,17,18,21,29,33,9,682840.1,JP,576028.0,0.0,,,,109,1132.4,123431.6,,,,6498,33.7,218982.6,,,,92007,3.7,340425.9,,,,,576028.0
2007-06-10,3,9,16,22,30,34,35,1547639.7,1,710077.9,710077.9,,,,159,956.9,152147.1,,,,7080,38.2,270456.0,,,,112151,3.7,414958.7,,,,,710077.9
2007-06-06,6,17,21,33,36,39,22,1329952.3,1,610219.3,610219.3,,,,125,1046.0,130750.0,,,,5978,38.8,231946.4,,,,93957,3.8,357036.6,,,,,610219.3
2007-06-03,9,18,21,22,29,39,20,2883751.5,1,1629724.9,1629724.9,,,,223,1024.3,228418.9,,,,10869,37.3,405413.7,,,,167620,3.7,620194.0,,,,563738.2,1065986.7
2007-05-30,5,10,17,22,30,39,26,663793.5,JP,563738.2,0.0,,,,145,833.1,120799.5,,,,5762,37.2,214346.4,,,,91291,3.6,328647.6,,,,,563738.2
2007-05-27,6,9,14,27,39,41,35,4153337.2,2,1375179.0,2750358.0,,,,239,1070.1,255753.9,,,,12006,37.8,453826.8,,,,187405,3.7,693398.5,,,,1556823.3,-181644.3
2007-05-23,8,27,35,39,40,43,21,1016184.7,DJP,1556823.3,0.0,,,,177,1036.9,183531.3,,,,8107,40.2,325901.4,,,,126688,4.0,506752.0,,,,700291.0,856532.3
2007-05-20,4,21,29,31,37,44,17,830054.8,JP,700291.0,0.0,,,,188,798.2,150061.6,,,,5961,44.7,266456.7,,,,91897,4.5,413536.5,,,,,700291.0
2007-05-16,1,5,9,10,32,39,19,1412954.9,1,647080.8,647080.8,,,,111,1249.1,138650.1,,,,6049,40.7,246194.3,,,,102981,3.7,381029.7,,,,,647080.8
2007-05-13,8,14,15,17,21,33,37,1688280.3,1,771501.7,771501.7,,,,159,1039.7,165312.3,,,,7807,37.6,293543.2,,,,123763,3.7,457923.1,,,,,771501.7
2007-05-09,1,9,12,16,18,27,15,2884310.9,1,1745859.9,1745859.9,,,,229,906.1,207496.9,,,,10641,34.6,368178.6,,,,160793,3.5,562775.5,,,,777446.5,968413.4
2007-05-06,3,11,15,19,29,32,12,921667.2,JP,777446.5,0.0,,,,249,669.0,166581.0,,,,8971,33.0,296043.0,,,,127512,3.6,459043.2,,,,,777446.5
2007-05-02,3,7,15,20,38,44,32,1277465.4,1,583743.4,583743.4,,,,84,1489.1,125084.4,,,,4866,45.7,222376.2,,,,84454,4.1,346261.4,,,,,583743.4
2007-04-29,3,8,9,12,13,21,10,9827201.8,5,1385942.4,6929712.0,,,,612,863.2,528278.4,,,,28172,33.3,938127.6,,,,420907,3.4,1431083.8,,,,4464344.2,-3078401.8
2007-04-25,17,20,30,38,40,43,13,1904420.6,4JP,4464344.2,0.0,,,,257,1343.3,345228.1,,,,13211,46.4,612990.4,,,,220047,4.3,946202.1,,,,2853264.1,1611080.1
2007-04-22,11,16,22,24,31,38,34,1468747.0,3JP,2853264.1,0.0,,,,179,1479.4,264812.6,,,,9398,50.0,469900.0,,,,166826,4.4,734034.4,,,,1617457.8,1235806.3
2007-04-18,19,36,38,41,42,43,37,1067824.0,JP,1617457.8,0.0,,,,121,1605.9,194313.9,,,,6525,52.9,345172.5,,,,114856,4.6,528337.6,,,,710611.3,906846.5
2007-04-15,10,12,25,30,33,40,31,839398.8,JP,710611.3,0.0,,,,129,1180.4,152271.6,,,,6652,40.6,270071.2,,,,104264,4.0,417056.0,,,,,710611.3
2007-04-11,24,25,34,35,42,43,36,1170731.1,1,535061.1,535061.1,,,,63,1819.9,114653.7,,,,3624,56.2,203668.8,,,,62225,5.1,317347.5,,,,,535061.1
2007-04-08,4,6,12,24,33,35,23,2921661.6,2,839350.8,1678701.6,,,,186,1214.7,225934.2,,,,9491,42.3,401469.3,,,,157835,3.9,615556.5,,,,624328.5,215022.3
2007-04-04,2,9,10,16,21,35,41,733438.5,JP,624328.5,0.0,,,,122,1096.5,133773.0,,,,6232,38.1,237439.2,,,,97899,3.7,362226.3,,,,,624328.5
2007-04-01,2,12,20,26,42,45,31,1615988.0,1,741100.0,741100.0,,,,125,1270.4,158800.0,,,,6019,46.9,282291.1,,,,100883,4.3,433796.9,,,,,741100.0
2007-03-28,9,12,21,28,32,35,37,2707374.4,1,1636414.6,1636414.6,,,,206,936.4,192898.4,,,,9685,35.4,342849.0,,,,144652,3.7,535212.4,,,,736178.7,900235.9
2007-03-25,8,14,15,17,35,43,39,868192.1,JP,736178.7,0.0,,,,91,1733.5,157748.5,,,,5780,48.5,280330.0,,,,102408,4.2,430113.6,,,,,736178.7
2007-03-21,4,11,18,23,36,42,40,1287244.6,1,588881.6,588881.6,,,,122,1034.3,126184.6,,,,4897,45.8,224282.6,,,,80906,4.3,347895.8,,,,,588881.6
2007-03-18,5,19,25,29,30,43,16,2909675.4,3,552738.8,1658216.4,,,,167,1352.3,225834.1,,,,9041,44.4,401420.4,,,,152245,4.1,624204.5,,,,604274.1,-51535.3
2007-03-14,5,10,17,26,29,40,34,708907.1,JP,604274.1,0.0,,,,169,766.1,129470.9,,,,7062,32.5,229515.0,,,,102918,3.4,349921.2,,,,,604274.1
2007-03-11,9,13,21,27,33,43,26,3011636.5,1,1718959.3,1718959.3,,,,329,712.2,234313.8,,,,14780,28.1,415318.0,,,,189131,3.4,643045.4,,,,625402.7,1093556.6
2007-03-07,4,25,30,40,42,45,14,739372.8,JP,625402.7,0.0,,,,83,1614.6,134011.8,,,,4710,50.5,237855.0,,,,81668,4.5,367506.0,,,,,625402.7
2007-03-04,1,7,28,32,38,42,18,1783511.3,2,408664.5,817329.0,,,,132,1326.8,175137.6,,,,6603,47.1,311001.3,,,,111638,4.3,480043.4,,,,,408664.5
2007-02-28,3,16,19,31,40,44,14,2929189.7,1,1747414.2,1747414.2,,,,157,1357.3,213096.1,,,,8222,46.0,378212.0,,,,137318,4.3,590467.4,,,,752916.0,994498.2
2007-02-25,1,2,18,20,32,38,4,887891.1,JP,752916.0,0.0,,,,81,1991.8,161335.8,,,,4755,60.3,286726.5,,,,91631,4.8,439828.8,,,,,752916.0
2007-02-21,6,19,23,27,37,40,21,2855636.6,2,864871.4,1729742.8,,,,153,1330.7,203597.1,,,,8272,43.7,361486.4,,,,136783,4.1,560810.3,,,,779555.7,85315.7
2007-02-18,9,14,17,25,29,44,19,921213.7,JP,779555.7,0.0,,,,129,1294.9,167042.1,,,,6639,44.7,296763.3,,,,111563,4.1,457408.3,,,,,779555.7
2007-02-14,8,16,18,36,37,44,4,4358710.1,2,1461787.3,2923574.6,,,,207,1256.0,259992.0,,,,9432,49.0,462168.0,,,,158439,4.5,712975.5,,,,1710205.5,-248418.2
2007-02-11,1,3,23,37,41,45,32,1272785.9,DJP,1710205.5,0.0,,,,157,1474.9,231559.3,,,,8364,49.2,411508.8,,,,146446,4.3,629717.8,,,,629578.2,1080627.3
2007-02-07,6,10,23,25,29,43,31,749024.9,JP,629578.2,0.0,,,,101,1335.7,134905.7,,,,5277,45.4,239575.8,,,,89177,4.2,374543.4,,,,,629578.2
2007-02-04,23,34,38,41,42,45,30,6789706.9,1,4707450.4,4707450.4,,,,273,1386.5,378514.5,,,,14194,47.4,672795.6,,,,234306,4.4,1030946.4,,,,2940987.8,1766462.6
2007-01-31,3,17,24,36,38,41,45,1472913.0,3JP,2940987.8,0.0,,,,212,1260.7,267268.4,,,,10210,46.5,474765.0,,,,169972,4.3,730879.6,,,,1693707.1,1247280.7
2007-01-28,10,22,24,26,37,45,15,1277909.1,DJP,1693707.1,0.0,,,,139,1672.9,232533.1,,,,8372,49.3,412739.6,,,,143781,4.4,632636.4,,,,608535.0,1085172.1
2007-01-24,9,27,29,39,43,45,1,715845.7,JP,608535.0,0.0,,,,206,633.0,130398.0,,,,6991,33.1,231402.1,,,,98346,3.6,354045.6,,,,,608535.0
2007-01-21,3,5,8,36,43,44,12,4486895.0,1,2989371.1,2989371.1,,,,191,1413.7,270016.7,,,,10332,46.4,479404.8,,,,182464,4.1,748102.4,,,,1729272.9,1260098.2
2007-01-17,3,5,11,13,20,43,10,1138441.6,DJP,1729272.9,0.0,,,,196,1057.6,207289.6,,,,9812,37.5,367950.0,,,,156445,3.6,563202.0,,,,761893.4,967379.5
2007-01-14,3,15,34,37,43,44,5,898711.5,JP,761893.4,0.0,,,,115,1419.6,163254.0,,,,5571,52.0,289692.0,,,,99059,4.5,445765.5,,,,,761893.4
2007-01-10,5,16,23,26,34,37,18,2890399.9,3,572465.0,1717395.0,,,,247,858.0,211926.0,,,,9163,41.1,376599.3,,,,142556,4.1,584479.6,,,,728390.7,-155925.7
2007-01-07,2,23,26,31,41,42,30,862183.8,JP,728390.7,0.0,,,,96,1625.8,156076.8,,,,5432,51.0,277032.0,,,,95350,4.5,429075.0,,,,,728390.7
2007-01-03,7,14,15,21,24,32,34,1318062.7,1,602711.9,602711.9,,,,110,1174.1,129151.0,,,,5494,41.7,229099.8,,,,89275,4.0,357100.0,,,,,602711.9
2006-12-31,9,20,27,34,41,44,11,3298657.7,3,605365.1,1816095.3,,,,324,829.6,268790.4,,,,12800,37.3,477440.0,,,,184083,4.0,736332.0,,,,561689.9,43675.2
2006-12-27,3,10,12,22,36,43,39,665633.5,JP,561689.9,0.0,,,,109,1104.2,120357.8,,,,5150,41.5,213725.0,,,,85013,3.9,331550.7,,,,,561689.9
2006-12-24,4,8,21,29,37,44,9,3323012.4,2,941272.8,1882545.6,,,,268,971.7,260415.6,,,,10928,42.3,462254.4,,,,170904,4.2,717796.8,,,,667268.2,274004.6
2006-12-20,11,18,23,28,37,39,44,789571.2,JP,667268.2,0.0,,,,114,1254.2,142978.8,,,,5291,48.0,253968.0,,,,93482,4.2,392624.4,,,,,667268.2
2006-12-17,7,8,25,27,29,42,36,6561491.5,4,1148584.2,4594336.8,,,,271,1320.4,357828.4,,,,14494,43.8,634837.2,,,,249869,3.9,974489.1,,,,2924451.1,-1775866.9
2006-12-13,3,5,14,22,44,45,40,1465586.0,3JP,2924451.1,0.0,,,,218,1225.6,267180.8,,,,10683,44.4,474325.2,,,,181020,4.0,724080.0,,,,1677601.9,1246849.2
2006-12-10,8,16,17,18,25,35,11,1222707.3,DJP,1677601.9,0.0,,,,165,1340.9,221248.5,,,,8427,46.6,392698.2,,,,144943,4.2,608760.6,,,,645094.6,1032507.3
2006-12-06,5,8,12,15,18,39,20,760562.0,JP,645094.6,0.0,,,,127,1088.4,138226.8,,,,6476,37.9,245440.4,,,,104693,3.6,376894.8,,,,,645094.6
2006-12-03,6,10,14,16,21,36,17,9512109.1,2,3406171.9,6812343.8,,,,351,1393.9,489258.9,,,,19934,43.6,869122.4,,,,335346,4.0,1341384.0,,,,4529017.9,-1122846.0
2006-11-29,9,27,32,33,36,40,37,1901606.4,4JP,4529017.9,0.0,,,,255,1358.3,346366.5,,,,13992,44.0,615648.0,,,,240921,3.9,939591.9,,,,2912526.9,1616491.0
2006-11-26,1,16,23,24,33,39,28,1462308.4,3JP,2912526.9,0.0,,,,187,1418.2,265203.4,,,,9874,47.7,470989.8,,,,168864,4.3,726115.2,,,,1674894.8,1237632.1
2006-11-22,7,10,30,31,33,40,14,1099429.7,DJP,1674894.8,0.0,,,,171,1157.9,198000.9,,,,8657,40.6,351474.2,,,,141014,3.9,549954.6,,,,750813.0,924081.8
2006-11-19,22,24,26,31,32,44,16,888328.7,JP,750813.0,0.0,,,,93,1729.9,160880.7,,,,4872,58.7,285986.4,,,,93928,4.7,441461.6,,,,,750813.0
2006-11-15,1,2,18,19,22,43,31,2801074.4,2,844013.1,1688026.2,,,,133,1518.4,201947.2,,,,7285,49.2,358422.0,,,,128530,4.3,552679.0,,,,745595.7,98417.4
2006-11-12,2,9,23,30,39,40,4,877831.0,JP,745595.7,0.0,,,,134,1192.3,159768.2,,,,6526,43.5,283881.0,,,,105898,4.1,434181.8,,,,,745595.7
2006-11-08,20,23,26,30,43,45,12,1293300.7,1,591679.8,591679.8,,,,73,1736.8,126786.4,,,,4080,55.2,225216.0,,,,77693,4.5,349618.5,,,,,591679.8
2006-11-05,3,4,9,14,29,44,27,1683875.8,1,769376.3,769376.3,,,,121,1362.5,164862.5,,,,7426,39.4,292584.4,,,,120277,3.8,457052.6,,,,,769376.3
2006-11-01,15,21,25,26,27,34,19,3962576.5,3,892284.5,2676853.5,,,,148,1569.6,232300.8,,,,8882,46.4,412124.8,,,,156414,4.1,641297.4,,,,1592741.5,-700457.0
2006-10-29,9,31,34,36,37,38,45,1154250.3,DJP,1592741.5,0.0,,,,163,1284.4,209357.2,,,,7353,50.6,372061.8,,,,121879,4.7,572831.3,,,,615719.6,977021.9
2006-10-25,8,14,16,31,39,44,27,727736.5,JP,615719.6,0.0,,,,83,1589.6,131936.8,,,,4587,51.1,234395.7,,,,80312,4.5,361404.0,,,,,615719.6
2006-10-22,6,12,17,26,35,40,3,2911138.7,1,1649984.5,1649984.5,,,,206,1106.9,228021.4,,,,9576,42.3,405064.8,,,,157017,4.0,628068.0,,,,585852.5,1064132.0
2006-10-18,4,12,13,22,26,43,10,689331.3,JP,585852.5,0.0,,,,109,1151.7,125535.3,,,,5169,43.1,222783.9,,,,87439,3.9,341012.1,,,,,585852.5
2006-10-15,8,14,22,25,30,41,28,6938115.0,4,1190439.9,4761759.6,,,,326,1211.3,394883.8,,,,15943,44.0,701492.0,,,,257138,4.2,1079979.6,,,,2918906.4,-1728466.5
2006-10-11,3,13,27,29,33,39,21,1474718.9,3JP,2918906.4,0.0,,,,357,751.3,268214.1,,,,15190,31.3,475447.0,,,,215017,3.4,731057.8,,,,1667087.1,1251819.3
2006-10-08,11,12,16,17,20,33,34,1271648.0,DJP,1667087.1,0.0,,,,150,1535.0,230250.0,,,,8891,46.0,408986.0,,,,158103,4.0,632412.0,,,,592574.1,1074513.0
2006-10-04,6,7,18,28,38,42,35,701250.0,JP,592574.1,0.0,,,,123,1032.3,126972.9,,,,5351,42.1,225277.1,,,,87250,4.0,349000.0,,,,,592574.1
2006-10-01,5,22,25,38,39,42,16,2825981.3,1,1611663.0,1611663.0,,,,135,1634.9,220711.5,,,,8208,47.8,392342.4,,,,136651,4.4,601264.4,,,,581642.5,1030020.5
2006-09-27,3,18,20,25,28,29,19,690463.0,JP,581642.5,0.0,,,,92,1354.7,124632.4,,,,4486,49.3,221159.8,,,,80156,4.3,344670.8,,,,,581642.5
2006-09-24,14,15,18,31,34,45,38,2857836.4,2,822099.1,1644198.2,,,,140,1569.5,219730.0,,,,6982,55.9,390293.8,,,,125753,4.8,603614.4,,,,618782.8,203316.3
2006-09-20,4,11,27,40,42,45,29,728766.2,JP,618782.8,0.0,,,,114,1163.1,132593.4,,,,5256,44.8,235468.8,,,,90176,4.0,360704.0,,,,,618782.8
2006-09-17,4,10,11,19,28,42,17,1679278.1,1,767123.0,767123.0,,,,175,939.3,164377.5,,,,8534,34.2,291862.8,,,,126643,3.6,455914.8,,,,,767123.0
2006-09-13,2,5,11,23,25,31,19,1368984.9,1,629555.9,629555.9,,,,143,943.3,134891.9,,,,6345,37.7,239206.5,,,,98738,3.7,365330.6,,,,,629555.9
2006-09-10,4,6,21,36,40,44,39,1690595.1,1,775091.3,775091.3,,,,115,1444.2,166083.0,,,,6152,47.9,294680.8,,,,103350,4.4,454740.0,,,,,775091.3
2006-09-06,1,14,23,25,30,33,32,1384840.1,1,634982.2,634982.2,,,,83,1639.3,136061.9,,,,4760,50.8,241808.0,,,,82664,4.5,371988.0,,,,,634982.2
2006-09-03,1,5,22,23,32,40,31,1577935.5,1,721422.4,721422.4,,,,146,1058.8,154584.8,,,,6339,43.3,274478.7,,,,104256,4.1,427449.6,,,,,721422.4
2006-08-30,2,3,20,21,33,45,29,1285381.6,2,294843.2,589686.4,,,,103,1226.8,126360.4,,,,5526,40.6,224355.6,,,,90784,3.8,344979.2,,,,,294843.2
2006-08-27,4,19,24,39,40,43,13,1581659.4,1,723799.6,723799.6,,,,99,1566.6,155093.4,,,,5550,49.6,275280.0,,,,97156,4.4,427486.4,,,,,723799.6
2006-08-23,7,9,12,23,26,44,41,2632553.4,2,794119.0,1588238.0,,,,228,835.6,190516.8,,,,9070,37.3,338311.0,,,,143191,3.6,515487.6,,,,699109.0,95010.0
2006-08-20,13,21,23,28,37,39,15,826766.0,JP,699109.0,0.0,,,,118,1269.5,149801.0,,,,6012,44.2,265730.4,,,,97913,4.2,411234.6,,,,,699109.0
2006-08-16,3,10,18,28,42,43,37,1288084.6,1,591143.0,591143.0,,,,102,1241.8,126663.6,,,,5226,43.0,224718.0,,,,86390,4.0,345560.0,,,,,591143.0
2006-08-13,1,19,23,25,27,28,18,1614526.0,1,741154.8,741154.8,,,,119,1334.6,158817.4,,,,5953,47.4,282172.2,,,,102948,4.2,432381.6,,,,,741154.8
2006-08-09,3,4,18,21,25,43,6,1294203.2,1,592970.6,592970.6,,,,86,1477.5,127065.0,,,,4762,47.4,225718.8,,,,82964,4.2,348448.8,,,,,592970.6
2006-08-06,7,9,12,18,19,35,1,1582631.0,1,723475.8,723475.8,,,,134,1156.9,155024.6,,,,7511,36.6,274902.6,,,,119230,3.6,429228.0,,,,,723475.8
2006-08-02,1,23,32,38,39,44,6,2818509.8,2,844883.0,1689766.0,,,,121,1692.4,204780.4,,,,6545,55.6,363902.0,,,,119162,4.7,560061.4,,,,734082.0,110801.0
2006-07-30,3,5,9,12,34,39,29,869282.0,JP,734082.0,0.0,,,,126,1248.4,157298.4,,,,7587,36.8,279201.6,,,,123652,3.5,432782.0,,,,,734082.0
2006-07-26,8,19,32,35,38,43,44,2705320.0,1,1638580.8,1638580.8,,,,120,1618.2,194184.0,,,,7849,43.9,344571.1,,,,122787,4.3,527984.1,,,,732340.4,906240.4
2006-07-23,2,6,12,17,34,41,15,869205.2,JP,732340.4,0.0,,,,127,1235.6,156921.2,,,,6575,42.4,278780.0,,,,108376,4.0,433504.0,,,,,732340.4
2006-07-19,20,25,29,32,37,45,1,2861870.4,1,1703770.0,1703770.0,,,,112,1875.2,210022.4,,,,6717,55.5,372793.5,,,,117405,4.9,575284.5,,,,723623.2,980146.8
2006-07-16,17,24,34,37,43,44,3,856447.0,JP,723623.2,0.0,,,,118,1314.0,155052.0,,,,5556,49.6,275577.6,,,,92569,4.6,425817.4,,,,,723623.2
2006-07-12,5,15,19,32,35,43,23,4080210.4,4,684772.9,2739091.6,,,,302,805.9,243381.8,,,,10308,41.9,431905.2,,,,162398,4.1,665831.8,,,,1603199.4,-918426.5
2006-07-09,1,20,21,26,40,45,38,1204557.3,DJP,1603199.4,0.0,,,,165,1320.7,217915.5,,,,8751,44.2,386794.2,,,,136329,4.4,599847.6,,,,586195.1,1017004.3
2006-07-05,7,10,14,19,21,35,36,694510.3,JP,586195.1,0.0,,,,99,1268.8,125611.2,,,,7871,28.3,222749.3,,,,93554,3.7,346149.8,,,,,586195.1
2006-07-02,7,10,13,30,38,44,36,1616225.1,1,740972.7,740972.7,,,,126,1260.1,158772.6,,,,6003,47.0,282141.0,,,,103414,4.2,434338.8,,,,,740972.7
2006-06-28,15,17,27,34,40,41,22,3985389.4,1,2671272.1,2671272.1,,,,245,970.6,237797.0,,,,11493,36.7,421793.1,,,,172244,3.8,654527.2,,,,1561487.0,1109785.1
2006-06-25,4,13,21,34,43,45,29,1175194.8,DJP,1561487.0,0.0,,,,189,1122.5,212152.5,,,,8583,43.9,376793.7,,,,139583,4.2,586248.6,,,,571367.0,990120.0
2006-06-21,2,25,28,35,38,39,22,675099.8,JP,571367.0,0.0,,,,75,1632.4,122430.0,,,,3813,57.4,218866.2,,,,72566,4.6,333803.6,,,,,571367.0
2006-06-18,1,5,9,26,28,33,19,1561124.2,1,715933.8,715933.8,,,,142,1080.3,153402.6,,,,7599,35.8,272044.2,,,,123454,3.4,419743.6,,,,,715933.8
2006-06-14,9,18,20,23,30,32,43,1354887.2,1,620669.2,620669.2,,,,100,1330.0,133000.0,,,,5047,46.8,236199.6,,,,84888,4.3,365018.4,,,,,620669.2
2006-06-11,12,28,29,31,35,45,6,1744492.2,1,797555.7,797555.7,,,,92,1857.6,170899.2,,,,5466,55.5,303363.0,,,,100569,4.7,472674.3,,,,,797555.7
2006-06-07,9,11,13,21,32,39,44,4243390.9,3,962298.6,2886895.8,,,,266,919.4,244560.4,,,,12350,35.2,434720.0,,,,183031,3.7,677214.7,,,,1745539.2,-783240.6
2006-06-04,4,5,6,7,23,26,16,1312897.0,DJP,1745539.2,0.0,,,,269,883.4,237634.6,,,,12816,32.9,421646.4,,,,192240,3.4,653616.0,,,,636547.2,1108992.0
2006-05-31,21,24,29,31,39,44,12,753978.2,JP,636547.2,0.0,,,,107,1274.7,136392.9,,,,5029,48.2,242397.8,,,,83375,4.5,375187.5,,,,,636547.2
2006-05-28,7,16,21,34,42,45,27,1601323.2,1,732515.2,732515.2,,,,124,1265.8,156959.2,,,,6402,43.5,278487.0,,,,105698,4.1,433361.8,,,,,732515.2
2006-05-24,6,20,29,33,34,42,4,2884469.0,4,437332.5,1749330.0,,,,155,1322.3,204956.5,,,,7770,46.8,363636.0,,,,131755,4.3,566546.5,,,,792835.5,-355503.0
2006-05-21,1,9,15,26,36,39,5,942053.0,JP,792835.5,0.0,,,,153,1110.4,169891.2,,,,6891,43.8,301825.8,,,,117584,4.0,470336.0,,,,,792835.5
2006-05-17,6,14,19,31,32,40,3,4497835.0,1,2980881.4,2980881.4,,,,185,1476.6,273171.0,,,,9642,50.3,484992.6,,,,168620,4.5,758790.0,,,,1706033.2,1274848.2
2006-05-14,3,4,23,31,32,39,44,1281073.6,DJP,1706033.2,0.0,,,,139,1665.4,231490.6,,,,7862,52.3,411182.6,,,,145091,4.4,638400.4,,,,625707.3,1080325.9
2006-05-10,13,14,16,18,31,37,30,738639.7,JP,625707.3,0.0,,,,79,1697.2,134078.8,,,,4068,58.5,237978.0,,,,71879,5.1,366582.9,,,,,625707.3
2006-05-07,4,5,11,15,38,42,12,6671442.9,1,4604374.2,4604374.2,,,,259,1447.9,375006.1,,,,14515,45.9,666238.5,,,,250201,4.1,1025824.1,,,,2854341.4,1750032.8
2006-05-03,6,9,11,18,38,40,32,1312016.5,3JP,2854341.4,0.0,,,,209,1133.5,236901.5,,,,9894,42.5,420495.0,,,,163655,4.0,654620.0,,,,1748727.1,1105614.3
2006-04-30,5,12,16,21,31,32,42,1354289.0,DJP,1748727.1,0.0,,,,198,1241.5,245817.0,,,,9932,44.0,437008.0,,,,167866,4.0,671464.0,,,,601503.6,1147223.5
2006-04-26,4,11,13,24,35,41,25,714541.4,JP,601503.6,0.0,,,,105,1227.5,128887.5,,,,5086,45.0,228870.0,,,,82973,4.3,356783.9,,,,,601503.6
2006-04-23,7,12,28,37,39,45,21,4371801.6,1,2887348.0,2887348.0,,,,200,1347.5,269500.0,,,,10539,45.4,478470.6,,,,179630,4.1,736483.0,,,,1629597.3,1257750.7
2006-04-19,1,14,21,23,34,43,11,1012963.5,DJP,1629597.3,0.0,,,,124,1472.3,182565.2,,,,6657,48.7,324195.9,,,,115046,4.4,506202.4,,,,777626.2,851971.1
2006-04-16,3,4,14,23,29,43,33,918187.9,JP,777626.2,0.0,,,,105,1586.9,166624.5,,,,6349,46.6,295863.4,,,,113925,4.0,455700.0,,,,,777626.2
2006-04-12,7,13,19,24,30,32,22,4361571.9,1,2914601.2,2914601.2,,,,241,1087.5,262087.5,,,,11419,40.8,465895.2,,,,179747,4.0,718988.0,,,,1691415.8,1223185.4
2006-04-09,10,17,18,30,32,42,35,1252982.4,DJP,1691415.8,0.0,,,,141,1609.4,226925.4,,,,8089,49.8,402832.2,,,,141642,4.4,623224.8,,,,632390.6,1059025.2
2006-04-05,6,25,29,41,42,43,30,750732.8,JP,632390.6,0.0,,,,67,2022.5,135507.5,,,,4277,56.3,240795.1,,,,79666,4.7,374430.2,,,,,632390.6
2006-04-02,5,19,32,34,35,43,28,1685014.2,2,386743.7,773487.4,,,,100,1657.4,165740.0,,,,5952,49.5,294624.0,,,,102537,4.4,451162.8,,,,,386743.7
2006-03-29,2,6,12,17,27,33,29,4419330.2,5,587651.9,2938259.5,,,,300,894.8,268440.0,,,,13843,34.4,476199.2,,,,210409,3.5,736431.5,,,,1685459.2,-1097807.3
2006-03-26,4,9,12,24,37,43,13,1253790.9,DJP,1685459.2,0.0,,,,178,1275.2,226985.6,,,,8639,46.7,403441.3,,,,148420,4.2,623364.0,,,,626119.9,1059339.3
2006-03-22,5,8,16,36,37,42,17,742196.6,JP,626119.9,0.0,,,,106,1265.7,134164.2,,,,5026,47.4,238232.4,,,,86000,4.3,369800.0,,,,,626119.9
2006-03-19,1,5,8,26,29,34,4,2960469.0,1,1705780.3,1705780.3,,,,171,1322.9,226215.9,,,,9843,40.8,401594.4,,,,164968,3.8,626878.4,,,,650098.3,1055682.0
2006-03-15,5,8,11,20,27,39,43,764862.3,JP,650098.3,0.0,,,,175,796.0,139300.0,,,,7876,31.4,247306.4,,,,114623,3.3,378255.9,,,,,650098.3
2006-03-12,9,11,19,22,30,32,39,1784608.8,1,818391.2,818391.2,,,,210,835.0,175350.0,,,,8621,36.1,311218.1,,,,129635,3.7,479649.5,,,,,818391.2
2006-03-08,1,10,11,26,31,44,38,7174618.1,1,5012240.5,5012240.5,,,,327,1191.2,389522.4,,,,15713,44.0,691372.0,,,,257496,4.2,1081483.2,,,,3194374.9,1817865.6
2006-03-05,8,10,14,15,31,35,23,1662600.3,3JP,3194374.9,0.0,,,,180,1670.0,300600.0,,,,10595,50.4,533988.0,,,,192561,4.3,828012.3,,,,1791520.0,1402854.9
2006-03-01,1,28,30,31,33,40,23,1205077.5,DJP,1791520.0,0.0,,,,144,1522.5,219240.0,,,,8025,48.5,389212.5,,,,138750,4.3,596625.0,,,,768368.8,1023151.2
2006-02-26,1,2,15,18,30,43,26,912995.0,JP,768368.8,0.0,,,,80,2058.1,164648.0,,,,5424,53.9,292353.6,,,,99129,4.6,455993.4,,,,,768368.8
2006-02-22,4,5,6,9,19,29,15,2876192.1,1,1736586.7,1736586.7,,,,421,492.2,207216.2,,,,13743,26.8,368312.4,,,,176274,3.2,564076.8,,,,769445.3,967141.4
2006-02-19,22,23,26,35,37,42,12,908745.3,JP,769445.3,0.0,,,,79,2087.1,164880.9,,,,5611,52.2,292894.2,,,,98037,4.6,450970.2,,,,,769445.3
2006-02-15,8,10,28,37,41,42,44,2882866.2,1,1747347.4,1747347.4,,,,162,1275.5,206631.0,,,,7703,47.6,366662.8,,,,130750,4.3,562225.0,,,,783049.1,964298.3
2006-02-12,7,13,30,34,38,41,15,931546.4,JP,783049.1,0.0,,,,109,1539.4,167794.6,,,,6013,49.6,298244.8,,,,103446,4.5,465507.0,,,,,783049.1
2006-02-08,3,9,22,25,33,42,34,1383716.3,1,632287.0,632287.0,,,,169,801.7,135487.3,,,,6403,37.6,240752.8,,,,98734,3.8,375189.2,,,,,632287.0
2006-02-05,1,3,8,10,43,45,17,1796662.0,1,825550.8,825550.8,,,,185,956.2,176897.0,,,,8865,35.4,313821.0,,,,129836,3.7,480393.2,,,,,825550.8
2006-02-01,5,10,27,33,34,44,16,4606821.4,1,3045867.6,3045867.6,,,,227,1241.4,281797.8,,,,11367,44.0,500148.0,,,,194752,4.0,779008.0,,,,1730737.1,1315130.5
2006-01-29,6,7,9,28,35,43,44,1284926.6,DJP,1730737.1,0.0,,,,187,1249.8,233712.6,,,,9448,43.9,414767.2,,,,167486,3.8,636446.8,,,,640055.2,1090681.9
2006-01-25,5,22,30,39,42,44,11,759949.5,JP,640055.2,0.0,,,,102,1344.6,137149.2,,,,4723,51.6,243706.8,,,,84243,4.5,379093.5,,,,,640055.2
2006-01-22,4,5,15,20,28,43,39,7237557.0,2,2508728.0,5017456.0,,,,323,1241.8,401101.4,,,,16726,42.6,712527.6,,,,276618,4.0,1106472.0,,,,3145615.6,-636887.6
2006-01-18,4,13,19,22,23,31,45,1577788.3,3JP,3145615.6,0.0,,,,244,1169.0,285236.0,,,,11830,42.8,506324.0,,,,191763,4.1,786228.3,,,,1814479.0,1331136.6
2006-01-15,15,16,19,22,33,34,13,1334784.7,DJP,1814479.0,0.0,,,,165,1466.8,242022.0,,,,9371,45.9,430128.9,,,,161618,4.1,662633.8,,,,685005.7,1129473.3
2006-01-11,26,33,36,39,40,45,28,813528.8,JP,685005.7,0.0,,,,131,1120.5,146785.5,,,,5932,43.9,260414.8,,,,94495,4.3,406328.5,,,,,685005.7
2006-01-08,13,21,36,40,41,44,20,2974773.8,1,1710830.2,1710830.2,,,,136,1684.5,229092.0,,,,8017,50.8,407263.6,,,,139464,4.5,627588.0,,,,641718.6,1069111.6
2006-01-04,9,13,16,29,42,43,30,756187.9,JP,641718.6,0.0,,,,103,1335.0,137505.0,,,,5132,47.6,244283.2,,,,91317,4.1,374399.7,,,,,641718.6
2006-01-01,19,31,33,36,40,41,17,5136044.8,2,1671206.0,3342412.0,,,,239,1353.5,323486.5,,,,11444,50.2,574488.8,,,,199035,4.5,895657.5,,,,1832711.5,-161505.5
2005-12-28,2,25,34,39,42,44,24,1128576.5,DJP,1832711.5,0.0,,,,127,1600.1,203212.7,,,,6711,53.8,361051.8,,,,117565,4.8,564312.0,,,,884379.9,948331.6
2005-12-25,1,12,15,27,36,42,35,1041913.9,JP,884379.9,0.0,,,,151,1255.0,189505.0,,,,7684,43.8,336559.2,,,,125817,4.1,515849.7,,,,,884379.9
2005-12-21,2,8,11,30,35,42,1,3062015.3,2,907984.0,1815968.0,,,,171,1315.5,224950.5,,,,8742,45.7,399509.4,,,,147997,4.2,621587.4,,,,766140.7,141843.3
2005-12-18,6,18,24,27,38,41,20,908859.1,JP,766140.7,0.0,,,,127,1292.7,164172.9,,,,6664,43.7,291216.8,,,,105458,4.3,453469.4,,,,,766140.7
2005-12-14,4,11,23,25,26,35,16,1379294.6,1,631202.3,631202.3,,,,102,1326.0,135252.0,,,,5737,41.9,240380.3,,,,93115,4.0,372460.0,,,,,631202.3
2005-12-11,2,12,15,26,33,45,24,1669709.7,1,766739.8,766739.8,,,,186,883.3,164293.8,,,,7028,41.5,291662.0,,,,114619,3.9,447014.1,,,,,766739.8
2005-12-07,2,11,12,14,21,28,4,3104751.1,1,1852483.9,1852483.9,,,,275,829.3,228057.5,,,,11608,34.9,405119.2,,,,176883,3.5,619090.5,,,,788194.2,1064289.7
2005-12-04,7,14,16,18,21,26,35,934200.7,JP,788194.2,0.0,,,,153,1103.9,168896.7,,,,7447,40.3,300114.1,,,,125727,3.7,465189.9,,,,,788194.2
2005-11-30,8,12,17,21,34,40,2,4512068.5,2,1481033.1,2962066.2,,,,258,1083.2,279465.6,,,,13043,38.0,495634.0,,,,198693,3.9,774902.7,,,,1657881.0,-176847.9
2005-11-27,3,4,6,11,25,31,21,1264915.2,DJP,1657881.0,0.0,,,,190,1211.7,230223.0,,,,10367,39.4,408459.8,,,,169252,3.7,626232.4,,,,583480.7,1074400.3
2005-11-23,14,16,20,21,25,36,33,689995.6,JP,583480.7,0.0,,,,65,1923.5,125027.5,,,,3576,62.1,222069.6,,,,67235,5.1,342898.5,,,,,583480.7
2005-11-20,7,8,9,39,41,45,37,1681865.5,2,385644.0,771288.0,,,,114,1449.7,165265.8,,,,5743,51.1,293467.3,,,,107582,4.2,451844.4,,,,,385644.0
2005-11-16,4,8,12,16,29,31,2,1319367.8,2,301964.9,603929.8,,,,168,770.3,129410.4,,,,7402,31.0,229462.0,,,,99046,3.6,356565.6,,,,,301964.9
2005-11-13,6,9,19,32,38,42,40,1723282.2,1,787610.7,787610.7,,,,147,1148.1,168770.7,,,,6802,44.1,299968.2,,,,113886,4.1,466932.6,,,,,787610.7
2005-11-09,1,8,21,25,28,37,23,1353274.9,1,618016.7,618016.7,,,,101,1311.2,132431.2,,,,4797,49.0,235053.0,,,,83585,4.4,367774.0,,,,,618016.7
2005-11-06,11,18,24,28,31,37,27,1755811.0,1,804422.4,804422.4,,,,113,1525.4,172370.2,,,,6201,49.4,306329.4,,,,105042,4.5,472689.0,,,,,804422.4
2005-11-02,5,12,20,34,39,44,41,2895153.2,2,882401.9,1764803.8,,,,169,1204.7,203594.3,,,,7741,46.7,361504.7,,,,128466,4.4,565250.4,,,,814634.9,67767.0
2005-10-30,14,20,21,38,40,41,32,964965.7,JP,814634.9,0.0,,,,105,1662.5,174562.5,,,,5799,53.5,310246.5,,,,102161,4.7,480156.7,,,,,814634.9
2005-10-26,5,17,18,33,39,43,32,2663220.9,1,1650636.7,1650636.7,,,,164,1116.4,183089.6,,,,8011,40.6,325246.6,,,,126062,4.0,504248.0,,,,796148.8,854487.9
2005-10-23,13,24,33,37,38,40,6,947251.9,JP,796148.8,0.0,,,,80,2132.5,170600.0,,,,5574,54.4,303225.6,,,,100729,4.7,473426.3,,,,,796148.8
2005-10-19,13,29,30,35,36,39,1,1342842.2,1,615759.0,615759.0,,,,74,1783.0,131942.0,,,,4095,57.2,234234.0,,,,75189,4.8,360907.2,,,,,615759.0
2005-10-16,4,12,16,19,31,43,9,3230650.7,3,616163.4,1848490.2,,,,207,1214.5,251401.5,,,,10385,43.0,446555.0,,,,171051,4.0,684204.0,,,,675219.1,-59055.7
2005-10-12,2,6,18,24,27,36,20,800940.5,JP,675219.1,0.0,,,,129,1121.6,144686.4,,,,7277,35.3,256878.1,,,,99844,4.0,399376.0,,,,,675219.1
2005-10-09,5,8,11,24,28,36,9,4888648.8,2,1618860.4,3237720.8,,,,316,946.0,298936.0,,,,14291,37.1,530196.1,,,,222107,3.7,821795.9,,,,1842588.7,-223728.3
2005-10-05,3,7,14,19,21,30,27,1182784.7,DJP,1842588.7,0.0,,,,241,896.3,216008.3,,,,11274,34.0,383316.0,,,,171606,3.4,583460.4,,,,834514.4,1008074.3
2005-10-02,17,25,26,35,39,44,9,980875.0,JP,834514.4,0.0,,,,188,951.1,178806.8,,,,8646,36.7,317308.2,,,,121190,4.0,484760.0,,,,,834514.4
2005-09-28,3,19,29,42,43,45,4,2746279.7,1,1674792.3,1674792.3,,,,136,1421.2,193283.2,,,,7504,45.7,342932.8,,,,130554,4.1,535271.4,,,,772803.1,901989.2
2005-09-25,3,14,18,19,20,24,38,917056.4,JP,772803.1,0.0,,,,92,1800.0,165600.0,,,,5760,51.1,294336.0,,,,103891,4.4,457120.4,,,,,772803.1
2005-09-21,2,8,12,13,19,25,30,4393040.0,3,978336.6,2935009.8,,,,294,897.2,263776.8,,,,13343,35.1,468339.3,,,,196193,3.7,725914.1,,,,1703956.9,-725620.3
2005-09-18,12,15,18,22,38,39,28,1304074.1,JP,1703956.9,0.0,,,,161,1463.6,235639.6,,,,8129,51.5,418643.5,,,,144398,4.5,649791.0,,,,604238.7,1099718.2
2005-09-14,8,11,13,14,29,38,1,712597.0,JP,604238.7,0.0,,,,77,1681.5,129475.5,,,,5075,45.3,229897.5,,,,88306,4.0,353224.0,,,,,604238.7
2005-09-11,6,11,14,37,38,40,7,2938665.7,1,1666892.0,1666892.0,,,,163,1405.3,229063.9,,,,8114,50.1,406511.4,,,,138304,4.6,636198.4,,,,597903.9,1068988.1
2005-09-07,12,21,22,28,41,45,5,709040.2,JP,597903.9,0.0,,,,82,1562.4,128116.8,,,,4425,51.4,227445.0,,,,80336,4.4,353478.4,,,,,597903.9
2005-09-04,1,12,20,22,32,44,13,1750605.2,1,802954.0,802954.0,,,,127,1354.8,172059.6,,,,6782,45.1,305868.2,,,,109238,4.3,469723.4,,,,,802954.0
2005-08-31,15,17,23,24,31,42,34,1355474.2,1,622415.1,622415.1,,,,82,1626.5,133373.0,,,,4711,50.3,236963.3,,,,82437,4.4,362722.8,,,,,622415.1
2005-08-28,1,10,23,28,37,42,11,3152777.9,1,1790084.3,1790084.3,,,,180,1374.7,247446.0,,,,9122,48.2,439680.4,,,,153538,4.4,675567.2,,,,635304.1,1154780.2
2005-08-24,3,7,9,24,31,32,38,752402.7,JP,635304.1,0.0,,,,146,932.4,136130.4,,,,6657,36.3,241649.1,,,,104062,3.6,374623.2,,,,,635304.1
2005-08-21,16,18,31,33,36,37,1,3151072.0,2,891704.6,1783409.2,,,,192,1288.7,247430.4,,,,8517,51.6,439477.2,,,,141824,4.8,680755.2,,,,628661.3,263043.3
2005-08-17,1,5,16,29,31,43,28,741416.4,JP,628661.3,0.0,,,,128,1052.4,134707.2,,,,5196,46.0,239016.0,,,,87546,4.2,367693.2,,,,,628661.3
2005-08-14,2,10,16,27,29,37,36,3295420.1,2,937532.7,1875065.4,,,,224,1154.6,258630.4,,,,11195,41.0,458995.0,,,,180187,3.9,702729.3,,,,668024.8,269507.9
2005-08-10,18,23,24,36,40,45,12,791326.7,JP,668024.8,0.0,,,,78,1835.2,143145.6,,,,4298,59.2,254441.6,,,,80355,4.9,393739.5,,,,,668024.8
2005-08-07,16,23,27,32,41,44,11,10086780.8,2,3584940.1,7169880.2,,,,516,1027.8,530344.8,,,,23213,40.6,942447.8,,,,361027,4.0,1444108.0,,,,4694738.3,-1109798.2
2005-08-03,11,27,31,35,40,43,4,1944320.4,4JP,4694738.3,0.0,,,,292,1206.8,352385.6,,,,13708,45.7,626455.6,,,,229876,4.2,965479.2,,,,3050252.8,1644485.5
2005-07-31,5,7,23,31,37,41,20,1537547.9,3JP,3050252.8,0.0,,,,249,1117.6,278282.4,,,,11669,42.3,493598.7,,,,186748,4.1,765666.8,,,,1751521.9,1298730.9
2005-07-27,2,13,17,28,40,41,1,1112512.7,DJP,1751521.9,0.0,,,,163,1241.8,202413.4,,,,8228,43.7,359563.6,,,,134277,4.1,550535.7,,,,806855.1,944666.8
2005-07-24,8,11,12,35,40,42,24,951225.4,JP,806855.1,0.0,,,,87,1987.3,172895.1,,,,6151,49.9,306934.9,,,,112237,4.2,471395.4,,,,,806855.1
2005-07-20,13,18,21,37,39,41,38,1381771.2,1,631916.3,631916.3,,,,98,1381.7,135406.6,,,,4976,48.3,240340.8,,,,83135,4.5,374107.5,,,,,631916.3
2005-07-17,3,4,10,17,19,30,23,3099379.8,2,887620.0,1775240.0,,,,275,876.5,241037.5,,,,12937,33.1,428214.7,,,,192614,3.4,654887.6,,,,650355.2,237264.8
2005-07-13,14,24,33,34,38,43,25,765477.4,JP,650355.2,0.0,,,,103,1353.0,139359.0,,,,5188,47.7,247467.6,,,,86057,4.4,378650.8,,,,,650355.2
2005-07-10,2,5,6,11,42,45,36,1882303.8,2,432631.7,865263.4,,,,151,1227.9,185412.9,,,,7885,41.8,329593.0,,,,135685,3.7,502034.5,,,,,432631.7
2005-07-06,1,8,17,31,41,45,16,3159393.1,1,1893621.8,1893621.8,,,,194,1177.9,228512.6,,,,8717,46.6,406212.2,,,,146755,4.3,631046.5,,,,827169.8,1066452.0
2005-07-03,1,8,9,10,18,31,3,976391.7,JP,827169.8,0.0,,,,181,979.2,177235.2,,,,8615,36.5,314447.5,,,,127555,3.8,484709.0,,,,,827169.8
2005-06-29,3,7,9,12,24,30,1,1434148.7,1,659625.3,659625.3,,,,284,497.7,141346.8,,,,10517,23.8,250304.6,,,,127624,3.0,382872.0,,,,,659625.3
2005-06-26,4,7,19,28,31,42,32,13369317.1,3,2986709.3,8960127.9,,,,817,975.2,796738.4,,,,34309,41.2,1413530.8,,,,549730,4.0,2198920.0,,,,5241819.3,-2255110.0
2005-06-22,2,6,15,17,26,31,29,2332879.3,4JP,5241819.3,0.0,,,,357,1184.0,422688.0,,,,18223,41.2,750787.6,,,,297283,3.9,1159403.7,,,,3269228.2,1972591.1
2005-06-19,3,20,32,33,34,35,24,1692605.1,3JP,3269228.2,0.0,,,,206,1491.3,307207.8,,,,12705,42.9,545044.5,,,,200084,4.2,840352.8,,,,1835497.2,1433731.0
2005-06-15,2,3,4,11,34,40,33,1244939.7,DJP,1835497.2,0.0,,,,152,1482.4,225324.8,,,,8567,46.7,400078.9,,,,154884,4.0,619536.0,,,,783913.5,1051583.7
2005-06-12,6,21,23,26,28,30,12,932255.0,JP,783913.5,0.0,,,,198,848.3,167963.4,,,,6644,44.9,298315.6,,,,116494,4.0,465976.0,,,,,783913.5
2005-06-08,3,9,12,32,40,42,8,3119625.2,3,617357.5,1852072.5,,,,171,1340.5,229225.5,,,,9552,42.6,406915.2,,,,157853,4.0,631412.0,,,,782352.8,-164995.3
2005-06-05,9,11,19,24,26,30,32,928170.0,JP,782352.8,0.0,,,,184,911.1,167642.4,,,,8047,37.0,297739.0,,,,125078,3.7,462788.6,,,,,782352.8
2005-06-01,3,7,23,26,31,41,10,2887331.9,1,1716899.5,1716899.5,,,,198,1066.2,211107.6,,,,9853,38.0,374414.0,,,,158084,3.7,584910.8,,,,731705.6,985193.9
2005-05-29,6,11,13,15,37,40,29,867588.4,JP,731705.6,0.0,,,,107,1465.3,156787.1,,,,5623,49.5,278338.5,,,,98287,4.4,432462.8,,,,,731705.6
2005-05-25,2,3,8,11,22,23,26,1384056.7,1,632601.6,632601.6,,,,187,724.9,135556.3,,,,8019,30.0,240570.0,,,,113736,3.3,375328.8,,,,,632601.6
2005-05-22,5,14,18,29,32,40,15,1692136.5,1,774783.6,774783.6,,,,175,948.7,166022.5,,,,7052,41.8,294773.6,,,,108704,4.2,456556.8,,,,,774783.6
2005-05-18,15,19,23,24,39,42,5,1321106.4,1,603840.6,603840.6,,,,96,1347.8,129388.8,,,,4615,49.8,229827.0,,,,81375,4.4,358050.0,,,,,603840.6
2005-05-15,1,4,12,16,37,45,20,1828439.1,1,835650.8,835650.8,,,,123,1455.8,179063.4,,,,6811,46.7,318073.7,,,,112648,4.4,495651.2,,,,,835650.8
2005-05-11,4,14,25,26,30,45,13,3123717.4,1,1866784.6,1866784.6,,,,165,1378.8,227502.0,,,,8142,49.6,403843.2,,,,142179,4.4,625587.6,,,,805051.0,1061733.6
2005-05-08,1,10,18,21,30,37,9,954615.7,JP,805051.0,0.0,,,,131,1316.8,172500.8,,,,6696,45.8,306676.8,,,,110567,4.3,475438.1,,,,,805051.0
2005-05-04,5,23,35,38,40,45,33,3173171.1,1,1922398.2,1922398.2,,,,177,1284.5,227356.5,,,,8814,45.8,403681.2,,,,147556,4.2,619735.2,,,,861356.4,1061041.8
2005-05-01,1,18,24,29,32,42,23,1018274.4,JP,861356.4,0.0,,,,119,1551.0,184569.0,,,,6226,52.7,328110.2,,,,109912,4.6,505595.2,,,,,861356.4
2005-04-27,2,4,7,15,17,26,9,1462958.7,2,336710.1,673420.2,,,,197,732.5,144302.5,,,,8118,31.6,256528.8,,,,121471,3.2,388707.2,,,,,336710.1
2005-04-24,20,27,37,39,43,44,22,7295585.3,1,4982919.7,4982919.7,,,,332,1259.0,417988.0,,,,16101,46.1,742256.1,,,,268005,4.3,1152421.5,,,,3032237.4,1950682.3
2005-04-20,8,9,18,36,39,40,37,1557474.3,3JP,3032237.4,0.0,,,,213,1323.3,281862.9,,,,10842,46.2,500900.4,,,,184455,4.2,774711.0,,,,1716840.9,1315396.5
2005-04-17,10,12,22,23,25,38,37,1303744.4,DJP,1716840.9,0.0,,,,162,1452.6,235321.2,,,,8577,48.7,417699.9,,,,151331,4.3,650723.3,,,,618634.3,1098206.6
2005-04-13,2,4,21,29,35,42,31,732004.2,JP,618634.3,0.0,,,,93,1425.4,132562.2,,,,4964,47.4,235293.6,,,,86702,4.2,364148.4,,,,,618634.3
2005-04-10,1,2,6,12,28,45,43,1733990.6,1,797703.8,797703.8,,,,226,756.3,170923.8,,,,10257,29.6,303607.2,,,,139926,3.3,461755.8,,,,,797703.8
2005-04-06,11,24,26,36,39,44,25,1363473.7,1,625843.8,625843.8,,,,108,1241.7,134103.6,,,,5259,45.3,238232.7,,,,84952,4.3,365293.6,,,,,625843.8
2005-04-03,5,17,22,29,32,42,31,1827148.5,3,279888.8,839666.4,,,,227,792.6,179920.2,,,,8205,38.9,319174.5,,,,128523,3.8,488387.4,,,,,279888.8
2005-03-30,12,19,24,27,29,43,15,2995503.3,1,1823022.0,1823022.0,,,,161,1319.8,212487.8,,,,8635,43.7,377349.5,,,,145661,4.0,582644.0,,,,831401.6,991620.4
2005-03-27,15,27,35,38,39,41,34,978211.4,JP,831401.6,0.0,,,,172,1035.7,178140.4,,,,8143,38.8,315948.4,,,,124134,3.9,484122.6,,,,,831401.6
2005-03-23,5,16,24,33,39,41,9,1398279.7,1,639961.9,639961.9,,,,121,1133.3,137129.3,,,,5729,42.5,243482.5,,,,89930,4.2,377706.0,,,,,639961.9
2005-03-20,3,5,27,29,40,41,22,1875086.2,2,430419.1,860838.2,,,,172,1072.4,184452.8,,,,8278,39.6,327808.8,,,,135672,3.7,501986.4,,,,,430419.1
2005-03-16,9,10,12,17,40,42,11,1486955.1,1,683407.8,683407.8,,,,106,1381.5,146439.0,,,,5403,48.1,259884.3,,,,99306,4.0,397224.0,,,,,683407.8
2005-03-13,11,21,35,38,39,44,19,2028031.3,1,931422.9,931422.9,,,,181,1102.7,199588.7,,,,8221,43.1,354325.1,,,,129213,4.2,542694.6,,,,,931422.9
2005-03-09,6,11,14,27,30,43,20,5739136.7,2,1871587.8,3743175.6,,,,291,1244.9,362265.9,,,,14864,43.3,643611.2,,,,247521,4.0,990084.0,,,,2052586.3,-180998.5
2005-03-06,12,14,15,16,23,37,32,1635203.2,DJP,2052586.3,0.0,,,,169,1744.6,294837.4,,,,9334,56.1,523637.4,,,,173772,4.7,816728.4,,,,676604.4,1375981.9
2005-03-02,17,25,29,35,38,40,44,805173.4,JP,676604.4,0.0,,,,94,1542.4,144985.6,,,,5112,50.4,257644.8,,,,89454,4.5,402543.0,,,,,676604.4
2005-02-27,6,11,14,32,38,44,27,1809301.8,2,413583.9,827167.8,,,,136,1303.3,177248.8,,,,6445,48.8,314516.0,,,,106602,4.6,490369.2,,,,,413583.9
2005-02-23,11,18,23,29,33,39,27,1412703.6,1,648008.7,648008.7,,,,107,1297.7,138853.9,,,,5490,44.9,246501.0,,,,94835,4.0,379340.0,,,,,648008.7
2005-02-20,5,8,17,24,31,37,9,3414691.4,2,967103.2,1934206.4,,,,261,1026.1,267812.1,,,,11113,42.8,475636.4,,,,179765,4.1,737036.5,,,,684406.6,282696.6
2005-02-16,5,17,22,38,39,40,13,806585.6,JP,684406.6,0.0,,,,99,1481.3,146648.7,,,,5285,49.3,260550.5,,,,95092,4.2,399386.4,,,,,684406.6
2005-02-13,3,8,11,16,21,36,32,1815764.3,3,277365.0,832095.0,,,,200,891.5,178300.0,,,,9148,34.6,316520.8,,,,139671,3.5,488848.5,,,,,277365.0
2005-02-09,5,11,19,21,25,43,20,1464124.1,1,669745.6,669745.6,,,,105,1366.8,143514.0,,,,6773,37.6,254664.8,,,,107081,3.7,396199.7,,,,,669745.6
2005-02-06,3,21,22,27,33,37,2,1827872.2,1,838243.0,838243.0,,,,152,1181.7,179618.4,,,,9165,34.8,318942.0,,,,136408,3.6,491068.8,,,,,838243.0
2005-02-02,1,6,10,14,26,35,19,5338762.4,1,3494937.2,3494937.2,,,,335,998.3,334430.5,,,,14411,41.2,593733.2,,,,234785,3.9,915661.5,,,,1934139.7,1560797.5
2005-01-30,5,7,8,18,36,42,13,1485002.8,DJP,1934139.7,0.0,,,,210,1289.2,270732.0,,,,11221,42.8,480258.8,,,,183503,4.0,734012.0,,,,670655.3,1263484.4
2005-01-26,22,24,35,36,40,42,39,791728.1,JP,670655.3,0.0,,,,85,1690.7,143709.5,,,,4571,55.8,255061.8,,,,81866,4.8,392956.8,,,,,670655.3
2005-01-23,14,15,20,25,31,40,9,5407675.3,1,3549266.4,3549266.4,,,,181,1850.3,334904.3,,,,11420,52.1,594982.0,,,,197558,4.7,928522.6,,,,1986343.1,1562923.3
2005-01-19,2,10,12,23,34,40,9,1353388.1,DJP,1986343.1,0.0,,,,198,1234.5,244431.0,,,,10369,41.9,434461.1,,,,168624,4.0,674496.0,,,,845636.5,1140706.6
2005-01-16,3,8,34,38,41,44,11,1003572.9,JP,845636.5,0.0,,,,112,1617.9,181204.8,,,,6581,48.9,321810.9,,,,113763,4.4,500557.2,,,,,845636.5
2005-01-12,2,5,13,30,42,45,17,3440402.7,1,2025699.4,2025699.4,,,,159,1606.1,255369.9,,,,9564,47.4,453333.6,,,,164186,4.3,705999.8,,,,833934.7,1191764.7
2005-01-09,15,23,24,29,32,35,5,990820.0,JP,833934.7,0.0,,,,98,1823.4,178693.2,,,,6614,48.0,317472.0,,,,115036,4.3,494654.8,,,,,833934.7
2005-01-05,2,3,6,10,14,27,32,1599019.2,4,183909.1,735636.4,,,,228,691.3,157616.4,,,,9214,30.4,280105.6,,,,133019,3.2,425660.8,,,,,183909.1
2005-01-02,1,3,27,30,39,42,36,1944714.3,2,445481.4,890962.8,,,,141,1354.0,190914.0,,,,7611,44.5,338689.5,,,,131037,4.0,524148.0,,,,,445481.4
2004-12-29,4,13,14,31,35,41,27,1662272.8,1,759479.1,759479.1,,,,110,1479.5,162745.0,,,,5957,48.5,288914.5,,,,95986,4.7,451134.2,,,,,759479.1
2004-12-26,8,13,20,25,30,37,12,1859832.4,1,854045.8,854045.8,,,,138,1326.1,183001.8,,,,6603,49.2,324867.6,,,,113163,4.4,497917.2,,,,,854045.8
2004-12-22,5,16,32,33,36,43,11,9465849.7,2,3175401.5,6350803.0,,,,466,1205.5,561763.0,,,,22097,45.1,996574.7,,,,370645,4.2,1556709.0,,,,3729224.7,-553823.2
2004-12-19,9,17,20,35,36,44,15,1922165.6,3JP,3729224.7,0.0,,,,338,1026.5,346957.0,,,,14083,43.7,615427.1,,,,223205,4.3,959781.5,,,,2110074.0,1619150.7
2004-12-15,3,7,9,20,24,43,29,1422640.6,DJP,2110074.0,0.0,,,,273,943.4,257548.2,,,,11936,38.3,457148.8,,,,196651,3.6,707943.6,,,,908147.0,1201927.0
2004-12-12,4,15,29,31,35,41,20,1078317.8,JP,908147.0,0.0,,,,158,1231.6,194592.8,,,,7426,46.5,345309.0,,,,119648,4.5,538416.0,,,,,908147.0
2004-12-08,3,12,13,17,18,27,16,4893339.8,1,3304648.6,3304648.6,,,,284,1010.3,286925.2,,,,14725,34.6,509485.0,,,,226366,3.5,792281.0,,,,1965650.7,1338997.9
2004-12-05,12,13,24,35,43,45,26,1519510.0,DJP,1965650.7,0.0,,,,172,1592.7,273944.4,,,,9490,51.3,486837.0,,,,164941,4.6,758728.6,,,,687181.1,1278469.6
2004-12-01,2,11,17,20,24,27,28,815408.0,JP,687181.1,0.0,,,,167,881.7,147243.9,,,,6889,38.0,261782.0,,,,109833,3.7,406382.1,,,,,687181.1
2004-11-28,5,6,15,31,39,45,32,1952088.7,1,892324.2,892324.2,,,,129,1482.2,191203.8,,,,7007,48.5,339839.5,,,,125886,4.2,528721.2,,,,,892324.2
2004-11-24,1,2,12,25,36,41,13,5282543.6,1,3482136.0,3482136.0,,,,198,1654.0,327492.0,,,,11015,52.8,581592.0,,,,193766,4.6,891323.6,,,,1953779.2,1528356.8
2004-11-21,2,17,18,37,39,44,4,1506787.4,DJP,1953779.2,0.0,,,,149,1828.2,272401.8,,,,8952,54.0,483408.0,,,,163256,4.6,750977.6,,,,682549.0,1271230.2
2004-11-17,3,20,33,36,40,43,21,808113.0,JP,682549.0,0.0,,,,129,1133.8,146260.2,,,,5838,44.5,259791.0,,,,95729,4.2,402061.8,,,,,682549.0
2004-11-14,7,12,18,31,36,42,15,3407503.2,1,1922512.3,1922512.3,,,,231,1167.5,269692.5,,,,10693,44.8,479046.4,,,,167330,4.4,736252.0,,,,663937.3,1258575.0
2004-11-10,8,16,18,33,36,40,34,787151.0,JP,663937.3,0.0,,,,129,1102.8,142261.2,,,,5764,43.8,252463.2,,,,91262,4.3,392426.6,,,,,663937.3
2004-11-07,2,14,27,31,36,39,41,3457242.9,1,1937584.3,1937584.3,,,,207,1336.3,276614.1,,,,10368,47.4,491443.2,,,,174791,4.3,751601.3,,,,646684.3,1290900.0
2004-11-03,10,14,20,34,38,42,7,767046.9,JP,646684.3,0.0,,,,129,1074.2,138571.8,,,,5484,44.9,246231.6,,,,84943,4.5,382243.5,,,,,646684.3
2004-10-31,7,19,35,37,38,40,15,1932239.5,1,884162.4,884162.4,,,,98,1933.2,189453.6,,,,6105,55.1,336385.5,,,,113530,4.6,522238.0,,,,,884162.4
2004-10-27,5,7,25,39,40,45,22,1381486.4,1,632520.5,632520.5,,,,95,1426.7,135536.5,,,,5372,44.8,240665.6,,,,90918,4.1,372763.8,,,,,632520.5
2004-10-24,2,8,17,26,33,42,7,1864733.2,5,171260.2,856301.0,,,,224,819.1,183478.4,,,,8738,37.3,325927.4,,,,134872,3.7,499026.4,,,,,171260.2
2004-10-20,5,20,29,34,39,42,25,1468614.7,1,672709.6,672709.6,,,,108,1334.7,144147.6,,,,5503,46.5,255889.5,,,,89970,4.4,395868.0,,,,,672709.6
2004-10-17,1,4,14,32,41,42,29,3463897.6,1,1961203.6,1961203.6,,,,176,1549.6,272729.6,,,,9472,51.1,484019.2,,,,162162,4.6,745945.2,,,,688446.8,1272756.8
2004-10-13,3,12,25,33,43,45,41,818664.1,JP,688446.8,0.0,,,,122,1209.2,147522.4,,,,6034,43.4,261875.6,,,,99821,4.1,409266.1,,,,,688446.8
2004-10-10,24,31,38,40,42,45,23,3441203.8,1,1956924.8,1956924.8,,,,191,1407.7,268870.7,,,,8924,53.5,477434.0,,,,150607,4.9,737974.3,,,,702164.9,1254759.9
2004-10-06,9,12,20,27,42,43,38,830113.4,JP,702164.9,0.0,,,,112,1343.4,150460.8,,,,5473,48.8,267082.4,,,,98231,4.2,412570.2,,,,,702164.9
2004-10-03,2,25,29,32,41,45,42,3727744.2,1,2087329.0,2087329.0,,,,186,1589.2,295591.2,,,,9707,54.1,525148.7,,,,174399,4.7,819675.3,,,,707892.1,1379436.9
2004-09-29,5,7,20,29,34,38,28,833197.8,JP,707892.1,0.0,,,,122,1243.3,151682.6,,,,6294,42.8,269383.2,,,,103033,4.0,412132.0,,,,,707892.1
2004-09-26,3,8,15,22,24,25,28,2051818.8,1,943085.4,943085.4,,,,201,1005.4,202085.4,,,,9537,37.6,358591.2,,,,152238,3.6,548056.8,,,,,943085.4
2004-09-22,2,9,23,35,41,44,8,1665916.0,3,253626.6,760879.8,,,,130,1254.1,163033.0,,,,6452,44.9,289694.8,,,,105188,4.3,452308.4,,,,,253626.6
2004-09-19,17,18,19,27,29,32,23,5976956.1,3,1311157.4,3933472.2,,,,313,1190.3,372563.9,,,,16365,40.4,661146.0,,,,265730,3.8,1009774.0,,,,2194801.9,-883644.5
2004-09-15,8,15,17,20,28,30,10,1531478.8,DJP,2194801.9,0.0,,,,304,918.9,279345.6,,,,13770,36.0,495720.0,,,,204436,3.7,756413.2,,,,891050.5,1303751.4
2004-09-12,7,8,17,22,24,29,44,1058239.5,JP,891050.5,0.0,,,,167,1143.3,190931.1,,,,8700,39.0,339300.0,,,,146669,3.6,528008.4,,,,,891050.5
2004-09-08,5,17,23,27,34,43,3,1588550.6,5,145181.0,725905.0,,,,272,571.8,155529.6,,,,8639,32.0,276448.0,,,,119630,3.6,430668.0,,,,,145181.0
2004-09-05,3,20,25,28,40,44,9,2085779.5,1,952707.1,952707.1,,,,118,1730.0,204140.0,,,,7497,48.4,362854.8,,,,128654,4.4,566077.6,,,,,952707.1
2004-09-01,1,10,18,24,40,42,22,5969380.0,2,1947773.0,3895546.0,,,,247,1523.6,376329.2,,,,13813,48.4,668549.2,,,,239292,4.3,1028955.6,,,,2139304.3,-191531.3
2004-08-29,8,13,17,28,38,44,7,1683579.5,DJP,2139304.3,0.0,,,,244,1248.8,304707.2,,,,13559,39.9,541004.1,,,,214838,3.9,837868.2,,,,717237.2,1422067.1
2004-08-25,5,15,32,37,43,45,42,847551.8,JP,717237.2,0.0,,,,111,1384.6,153690.6,,,,5698,47.9,272934.2,,,,97890,4.3,420927.0,,,,,717237.2
2004-08-22,6,9,11,13,32,34,39,6124145.2,2,2001935.9,4003871.8,,,,330,1159.0,382470.0,,,,16143,42.1,679620.3,,,,271329,3.9,1058183.1,,,,2218918.2,-216982.3
2004-08-18,1,7,14,27,29,38,9,1516905.1,DJP,2218918.2,0.0,,,,271,1017.2,275661.2,,,,12147,40.3,489524.1,,,,197821,3.8,751719.8,,,,932436.7,1286481.5
2004-08-15,9,24,25,34,42,45,36,1109548.4,JP,932436.7,0.0,,,,142,1407.0,199794.0,,,,6930,51.2,354816.0,,,,118072,4.7,554938.4,,,,,932436.7
2004-08-11,3,9,13,20,21,23,44,1549395.4,2,355074.5,710149.0,,,,168,905.8,152174.4,,,,7633,35.4,270208.2,,,,122607,3.4,416863.8,,,,,355074.5
2004-08-08,3,8,26,35,43,44,23,2076241.2,1,949791.1,949791.1,,,,215,946.6,203519.0,,,,9477,38.1,361073.7,,,,144066,3.9,561857.4,,,,,949791.1
2004-08-04,4,16,21,25,36,42,34,3754126.3,1,2200798.2,2200798.2,,,,204,1372.1,279908.4,,,,10327,48.1,496728.7,,,,172598,4.5,776691.0,,,,894521.0,1306277.2
2004-08-01,12,17,19,22,30,44,13,1056983.0,JP,894521.0,0.0,,,,145,1321.9,191675.5,,,,7185,47.4,340569.0,,,,127985,4.1,524738.5,,,,,894521.0
2004-07-28,2,10,30,31,35,45,26,5748399.2,1,3733317.5,3733317.5,,,,260,1402.6,364676.0,,,,13291,48.7,647271.7,,,,227985,4.4,1003134.0,,,,2031446.5,1701871.0
2004-07-25,14,23,24,35,41,42,28,1584688.4,DJP,2031446.5,0.0,,,,233,1234.3,287591.9,,,,9736,52.5,511140.0,,,,174657,4.5,785956.5,,,,689270.0,1342176.5
2004-07-21,3,4,5,7,33,38,9,815999.3,JP,689270.0,0.0,,,,92,1605.4,147696.8,,,,6469,40.5,261994.5,,,,116088,3.5,406308.0,,,,,689270.0
2004-07-18,1,9,17,22,26,40,43,1947789.2,1,895219.2,895219.2,,,,233,823.3,191828.9,,,,9223,36.9,340328.7,,,,140652,3.7,520412.4,,,,,895219.2
2004-07-14,5,18,22,24,25,28,31,1586384.0,1,728051.9,728051.9,,,,123,1268.3,156000.9,,,,5940,46.6,276804.0,,,,101316,4.2,425527.2,,,,,728051.9
2004-07-11,1,5,6,12,27,45,23,5915954.4,4,965991.6,3863966.4,,,,387,962.8,372603.6,,,,19003,34.8,661304.4,,,,282800,3.6,1018080.0,,,,2125023.3,-1159031.7
2004-07-07,2,16,23,30,31,40,21,1425599.6,DJP,2125023.3,0.0,,,,211,1224.1,258285.1,,,,9999,45.9,458954.1,,,,160991,4.4,708360.4,,,,919613.8,1205409.5
2004-07-04,2,19,20,32,35,45,15,1090377.8,JP,919613.8,0.0,,,,128,1539.5,197056.0,,,,6528,53.6,349900.8,,,,118135,4.6,543421.0,,,,,919613.8
2004-06-30,5,6,17,25,27,29,35,1738988.9,1,797344.3,797344.3,,,,172,993.3,170847.6,,,,8914,34.0,303076.0,,,,137565,3.4,467721.0,,,,,797344.3
2004-06-27,5,22,32,37,38,42,20,3713393.5,1,2102584.7,2102584.7,,,,167,1749.7,292199.9,,,,9703,53.5,519110.5,,,,173804,4.6,799498.4,,,,738934.1,1363650.6
2004-06-23,3,20,21,27,38,42,8,873681.0,JP,738934.1,0.0,,,,130,1218.0,158340.0,,,,5625,50.0,281250.0,,,,103355,4.2,434091.0,,,,,738934.1
2004-06-20,15,16,27,32,38,44,9,1978025.3,1,907591.0,907591.0,,,,140,1389.1,194474.0,,,,7550,45.7,345035.0,,,,123471,4.3,530925.3,,,,,907591.0
2004-06-16,20,23,28,31,40,43,35,3671607.1,1,2177783.7,2177783.7,,,,195,1389.2,270894.0,,,,9710,49.5,480645.0,,,,168701,4.4,742284.4,,,,913545.5,1264238.2
2004-06-13,1,5,8,37,44,45,11,1083170.0,JP,913545.5,0.0,,,,134,1460.8,195747.2,,,,6743,51.6,347938.8,,,,122610,4.4,539484.0,,,,,913545.5
2004-06-09,4,27,35,37,39,45,29,1637865.6,1,749515.3,749515.3,,,,121,1327.3,160603.3,,,,6212,45.9,285130.8,,,,102934,4.3,442616.2,,,,,749515.3
2004-06-06,4,9,15,17,18,22,36,3872927.6,1,2172703.9,2172703.9,,,,295,1040.8,307036.0,,,,13261,41.4,549005.4,,,,216457,3.9,844182.3,,,,739760.2,1432943.7
2004-06-02,1,4,7,9,13,44,27,871242.0,JP,739760.2,0.0,,,,219,723.8,158512.2,,,,8965,31.4,281501.0,,,,126832,3.4,431228.8,,,,,739760.2
2004-05-30,8,11,13,20,34,38,5,2108056.7,1,966690.9,966690.9,,,,160,1294.6,207136.0,,,,8494,43.3,367790.2,,,,138156,4.1,566439.6,,,,,966690.9
2004-05-26,6,20,27,30,40,45,26,3837482.5,1,2251180.9,2251180.9,,,,279,1026.0,286254.0,,,,13092,38.8,507969.6,,,,188590,4.2,792078.0,,,,915318.9,1335862.0
2004-05-23,2,4,5,27,37,44,32,1077586.1,JP,915318.9,0.0,,,,141,1391.0,196131.0,,,,7150,48.7,348205.0,,,,130061,4.1,533250.1,,,,,915318.9
2004-05-19,5,11,16,21,26,32,43,6134767.7,4,1011649.9,4046599.6,,,,468,803.8,376178.4,,,,20407,32.7,667308.9,,,,274916,3.8,1044680.8,,,,2291039.6,-1279389.7
2004-05-16,1,6,8,11,40,42,18,1758165.2,DJP,2291039.6,0.0,,,,212,1503.9,318826.8,,,,12896,43.9,566134.4,,,,218301,4.0,873204.0,,,,803178.8,1487860.8
2004-05-12,5,18,25,34,38,41,26,953224.5,JP,803178.8,0.0,,,,109,1578.9,172100.1,,,,5844,52.3,305641.2,,,,99059,4.8,475483.2,,,,,803178.8
2004-05-09,5,10,23,26,27,35,22,4030392.9,2,1136325.7,2272651.4,,,,313,1016.9,318289.7,,,,15478,36.5,564947.0,,,,242918,3.6,874504.8,,,,787202.0,349123.7
2004-05-05,10,18,23,25,30,37,17,933016.4,JP,787202.0,0.0,,,,84,2008.1,168680.4,,,,5492,54.6,299863.2,,,,98824,4.7,464472.8,,,,,787202.0
2004-05-02,12,17,18,28,39,45,40,8583236.1,1,5911018.8,5911018.8,,,,401,1207.1,484047.1,,,,20827,41.3,860155.1,,,,358923,3.7,1328015.1,,,,3652024.4,2258994.4
2004-04-28,4,6,9,25,31,43,23,1910756.6,3JP,3652024.4,0.0,,,,262,1317.2,345106.4,,,,14518,42.2,612659.6,,,,250787,3.8,952990.6,,,,2041511.8,1610512.6
2004-04-25,6,18,23,29,39,40,2,1511300.6,DJP,2041511.8,0.0,,,,220,1249.9,274978.0,,,,11434,42.7,488231.8,,,,196866,3.8,748090.8,,,,758207.9,1283303.9
2004-04-21,14,15,24,25,31,33,44,898697.6,JP,758207.9,0.0,,,,134,1212.4,162461.6,,,,6972,41.4,288640.8,,,,114768,3.9,447595.2,,,,,758207.9
2004-04-18,4,13,17,24,30,32,1,3598268.0,1,2010187.6,2010187.6,,,,270,1064.8,287496.0,,,,12569,40.6,510301.4,,,,213590,3.7,790283.0,,,,668522.7,1341664.9
2004-04-14,10,17,26,27,30,34,22,791065.7,JP,668522.7,0.0,,,,143,1001.7,143243.1,,,,7811,32.6,254638.6,,,,122870,3.2,393184.0,,,,,668522.7
2004-04-11,6,17,21,24,29,41,25,1991259.2,1,910070.4,910070.4,,,,168,1160.8,195014.4,,,,9538,36.3,346229.4,,,,154270,3.5,539945.0,,,,,910070.4
2004-04-07,4,21,23,30,35,42,17,10473353.6,2,3457054.5,6914109.0,,,,451,1431.3,645516.3,,,,26839,42.7,1146025.3,,,,465185,3.8,1767703.0,,,,3901566.8,-444512.3
2004-04-04,10,13,29,32,41,42,19,2093767.5,3JP,3901566.8,0.0,,,,329,1157.9,380949.1,,,,15958,42.4,676619.2,,,,272684,3.8,1036199.2,,,,2123656.7,1777910.1
2004-03-31,8,12,15,17,34,38,16,1498346.1,DJP,2123656.7,0.0,,,,243,1112.8,270410.4,,,,12465,38.5,479902.5,,,,207787,3.6,748033.2,,,,861660.5,1261996.2
2004-03-28,22,24,25,29,41,42,13,1017691.0,JP,861660.5,0.0,,,,122,1513.4,184634.8,,,,6266,52.3,327711.8,,,,114851,4.4,505344.4,,,,,861660.5
2004-03-24,2,5,23,24,37,43,16,3460293.7,2,1022923.5,2045847.0,,,,188,1363.4,256319.2,,,,10715,42.5,455387.5,,,,175685,4.0,702740.0,,,,849622.0,173301.5
2004-03-21,11,12,21,24,32,45,41,1009746.2,JP,849622.0,0.0,,,,125,1456.4,182050.0,,,,7967,40.6,323460.2,,,,136280,3.7,504236.0,,,,,849622.0
2004-03-17,6,7,20,29,38,40,3,1501925.1,2,343438.7,686877.4,,,,109,1350.3,147182.7,,,,6407,40.8,261405.6,,,,106963,3.8,406459.4,,,,,343438.7
2004-03-14,2,5,9,17,19,36,41,2045001.9,2,468310.7,936621.4,,,,259,774.9,200699.1,,,,11786,30.2,355937.2,,,,177982,3.1,551744.2,,,,,468310.7
2004-03-10,3,6,12,22,34,37,21,3904274.8,1,2318923.2,2318923.2,,,,244,1179.1,287700.4,,,,13088,39.0,510432.0,,,,218672,3.6,787219.2,,,,976210.3,1342712.9
2004-03-07,6,12,22,33,39,41,37,1152569.8,JP,976210.3,0.0,,,,191,1095.2,209183.2,,,,9754,38.1,371627.4,,,,158822,3.6,571759.2,,,,,976210.3
2004-03-03,6,11,15,18,23,29,30,5894886.0,1,3826772.0,3826772.0,,,,378,990.5,374409.0,,,,17739,37.5,665212.5,,,,293855,3.5,1028492.5,,,,2079408.5,1747363.5
2004-02-29,5,8,13,23,37,43,20,1627680.6,DJP,2079408.5,0.0,,,,293,1009.5,295783.5,,,,13701,38.3,524748.3,,,,224208,3.6,807148.8,,,,698981.5,1380427.0
2004-02-25,20,25,27,29,36,39,41,828389.0,JP,698981.5,0.0,,,,119,1258.6,149773.4,,,,6387,41.6,265699.2,,,,105876,3.9,412916.4,,,,,698981.5
2004-02-22,7,16,33,34,35,40,28,1925856.5,1,880417.7,880417.7,,,,174,1084.2,188650.8,,,,8700,38.5,334950.0,,,,144955,3.6,521838.0,,,,,880417.7
2004-02-18,13,23,25,31,34,41,35,1632047.1,1,747599.2,747599.2,,,,113,1417.6,160188.8,,,,6041,47.1,284531.1,,,,109932,4.0,439728.0,,,,,747599.2
2004-02-15,11,14,18,26,35,36,3,3702267.0,1,2066719.8,2066719.8,,,,229,1289.7,295341.3,,,,12189,43.0,524127.0,,,,209251,3.9,816078.9,,,,688401.7,1378318.1
2004-02-11,8,29,33,34,35,40,7,814772.8,JP,688401.7,0.0,,,,103,1432.1,147506.3,,,,5510,47.5,261725.0,,,,103985,3.9,405541.5,,,,,688401.7
2004-02-08,2,8,17,26,31,37,40,1938977.3,1,891631.8,891631.8,,,,185,1032.7,191049.5,,,,8803,38.5,338915.5,,,,147823,3.5,517380.5,,,,,891631.8
2004-02-04,7,15,26,34,35,43,31,1646182.2,4,188297.3,753189.2,,,,462,349.3,161376.6,,,,9468,30.3,286880.4,,,,138980,3.2,444736.0,,,,,188297.3
2004-02-01,18,23,27,31,33,36,6,1999714.2,1,913317.4,913317.4,,,,137,1428.5,195704.5,,,,8061,43.1,347429.1,,,,142964,3.8,543263.2,,,,,913317.4
2004-01-28,5,12,18,32,33,39,9,1557920.7,2,355768.3,711536.6,,,,130,1172.8,152464.0,,,,6447,42.0,270774.0,,,,108499,3.9,423146.1,,,,,355768.3
2004-01-25,15,18,24,34,43,45,38,5984869.1,2,1963426.7,3926853.4,,,,293,1269.4,371934.2,,,,14117,46.8,660675.6,,,,250099,4.1,1025405.9,,,,2191096.5,-227669.8
2004-01-21,6,10,19,26,39,41,14,1488321.9,DJP,2191096.5,0.0,,,,262,1030.2,269912.4,,,,12905,37.1,478775.5,,,,211324,3.5,739634.0,,,,931387.3,1259709.2
2004-01-18,14,17,22,25,33,45,3,1099276.7,JP,931387.3,0.0,,,,177,1127.5,199567.5,,,,9220,38.4,354048.0,,,,147476,3.7,545661.2,,,,,931387.3
2004-01-14,2,4,6,26,31,43,37,1617801.2,1,740184.0,740184.0,,,,130,1220.0,158600.0,,,,6408,44.0,281952.0,,,,121407,3.6,437065.2,,,,,740184.0
2004-01-11,8,13,14,17,19,43,23,6136843.9,1,3920637.9,3920637.9,,,,329,1216.3,400162.7,,,,17092,41.6,711027.2,,,,298653,3.7,1105016.1,,,,2053199.7,1867438.2
2004-01-07,13,20,27,41,42,45,6,1408491.7,DJP,2053199.7,0.0,,,,317,805.0,255185.0,,,,10141,44.7,453302.7,,,,175001,4.0,700004.0,,,,862288.1,1190911.6
2004-01-04,25,26,27,36,41,43,45,1015849.7,JP,862288.1,0.0,,,,158,1169.4,184765.2,,,,7061,46.5,328336.5,,,,125687,4.0,502748.0,,,,,862288.1
2003-12-31,6,7,10,14,20,38,1,6170148.3,3,1295116.4,3885349.2,,,,372,1108.0,412176.0,,,,18623,39.3,731883.9,,,,316872,3.6,1140739.2,,,,1961790.0,-666673.6
2003-12-28,7,9,24,25,30,37,44,1273412.4,DJP,1961790.0,0.0,,,,198,1172.8,232214.4,,,,10506,39.2,411835.2,,,,174823,3.6,629362.8,,,,878050.9,1083739.1
2003-12-25,10,17,18,25,32,36,30,1036555.8,JP,878050.9,0.0,,,,130,1447.3,188149.0,,,,7178,46.6,334494.8,,,,128478,4.0,513912.0,,,,,878050.9
2003-12-21,7,21,24,26,28,37,3,3706559.9,2,1047980.2,2095960.4,,,,246,1194.0,293724.0,,,,14236,36.6,521037.6,,,,241163,3.3,795837.9,,,,725160.4,322819.8
2003-12-17,2,19,25,30,32,33,21,861318.8,JP,725160.4,0.0,,,,98,1585.6,155388.8,,,,5932,46.5,275838.0,,,,110280,3.9,430092.0,,,,,725160.4
2003-12-14,7,13,21,23,24,44,42,5915982.2,2,1907087.8,3814175.6,,,,372,1018.4,378844.8,,,,18457,36.4,671834.8,,,,300322,3.5,1051127.0,,,,2046159.0,-139071.2
2003-12-10,15,16,28,36,41,43,2,1357599.3,DJP,2046159.0,0.0,,,,177,1388.0,245676.0,,,,10332,42.2,436010.4,,,,173311,3.9,675912.9,,,,899650.7,1146508.3
2003-12-07,4,16,22,34,43,44,28,1061969.1,JP,899650.7,0.0,,,,152,1268.3,192781.6,,,,9478,36.1,342155.8,,,,142441,3.7,527031.7,,,,,899650.7
2003-12-03,8,15,18,20,30,35,14,3696222.2,2,1094995.3,2189990.6,,,,220,1244.1,273702.0,,,,11718,41.5,486297.0,,,,196377,3.8,746232.6,,,,912629.9,182365.4
2003-11-30,2,3,8,21,37,41,13,1077813.7,JP,912629.9,0.0,,,,146,1339.4,195552.4,,,,8447,41.1,347171.7,,,,148636,3.6,535089.6,,,,,912629.9
2003-11-26,7,26,27,34,35,43,38,1540894.7,1,703622.5,703622.5,,,,200,753.8,150760.0,,,,8118,33.0,267894.0,,,,126854,3.3,418618.2,,,,,703622.5
2003-11-23,6,11,12,15,28,44,13,6188379.4,1,4021697.2,4021697.2,,,,325,1212.8,394160.0,,,,18076,38.7,699541.2,,,,306566,3.5,1072981.0,,,,2182198.8,1839498.4
2003-11-19,16,25,27,29,34,42,28,1503606.8,DJP,2182198.8,0.0,,,,236,1157.2,273099.2,,,,12422,39.0,484458.0,,,,207236,3.6,746049.6,,,,907675.2,1274523.6
2003-11-16,6,9,14,20,26,28,24,1075207.8,JP,907675.2,0.0,,,,224,868.3,194499.2,,,,10834,31.9,345604.6,,,,167220,3.2,535104.0,,,,,907675.2
2003-11-12,7,10,11,15,19,27,35,3711348.3,1,2207613.8,2207613.8,,,,388,707.8,274626.4,,,,17171,28.4,487656.4,,,,255673,2.9,741451.7,,,,925856.7,1281757.1
2003-11-09,16,22,26,34,35,39,30,1086249.8,JP,925856.7,0.0,,,,223,889.6,198380.8,,,,10462,33.7,352569.4,,,,162212,3.3,535299.6,,,,,925856.7
2003-11-05,17,27,29,30,34,37,35,3622094.3,1,2117668.0,2117668.0,,,,262,1040.3,272558.6,,,,13308,36.4,484411.2,,,,213559,3.5,747456.5,,,,845606.2,1272061.8
2003-11-02,3,15,27,29,31,35,34,1004508.9,JP,845606.2,0.0,,,,219,827.4,181200.6,,,,10272,31.3,321513.6,,,,152059,3.3,501794.7,,,,,845606.2
2003-10-29,16,17,23,26,38,41,33,3620838.7,2,1062240.6,2124481.2,,,,296,919.2,272083.2,,,,12994,37.2,483376.8,,,,211685,3.5,740897.5,,,,854692.6,207548.0
2003-10-26,13,14,19,22,44,45,26,1007992.2,JP,854692.6,0.0,,,,126,1453.5,183141.0,,,,6483,50.2,325446.6,,,,121806,4.1,499404.6,,,,,854692.6
2003-10-22,7,25,31,34,40,45,5,5381287.5,1,3550036.3,3550036.3,,,,216,1541.2,332899.2,,,,12400,47.7,591480.0,,,,226718,4.0,906872.0,,,,1996407.3,1553629.0
2003-10-19,1,6,25,27,30,33,26,1565902.3,DJP,1996407.3,0.0,,,,232,1220.2,283086.4,,,,12349,40.7,502604.3,,,,210868,3.7,780211.6,,,,675232.2,1321175.1
2003-10-15,9,11,13,25,31,38,36,794703.7,JP,675232.2,0.0,,,,109,1327.4,144686.6,,,,6224,41.3,257051.2,,,,106207,3.7,392965.9,,,,,675232.2
2003-10-12,1,11,21,29,32,44,42,1905873.6,1,874812.3,874812.3,,,,250,749.8,187450.0,,,,9576,34.8,333244.8,,,,145819,3.5,510366.5,,,,,874812.3
2003-10-08,2,17,19,27,30,40,22,3558095.7,3,708910.5,2126731.5,,,,297,873.2,259340.4,,,,13570,33.9,460023.0,,,,209412,3.4,712000.8,,,,916417.2,-207506.7
2003-10-05,7,8,9,18,43,44,29,1087769.8,JP,916417.2,0.0,,,,158,1242.8,196362.4,,,,7678,45.4,348581.2,,,,142849,3.8,542826.2,,,,,916417.2
2003-10-01,2,13,15,27,42,43,4,3590083.0,2,1059726.0,2119452.0,,,,233,1137.9,265130.7,,,,11141,42.3,471264.3,,,,193220,3.8,734236.0,,,,882117.0,177609.0
2003-09-28,3,17,35,39,40,44,15,1036408.8,JP,882117.0,0.0,,,,168,1125.1,189016.8,,,,8231,40.8,335824.8,,,,142102,3.6,511567.2,,,,,882117.0
2003-09-24,10,17,21,28,33,42,31,5029514.0,1,3334753.2,3334753.2,,,,399,772.0,308028.0,,,,17888,30.6,547372.8,,,,262300,3.2,839360.0,,,,1897272.6,1437480.6
2003-09-21,3,5,21,30,37,44,13,1447666.2,DJP,1897272.6,0.0,,,,225,1170.9,263452.5,,,,11092,42.2,468082.4,,,,193549,3.7,716131.3,,,,667726.8,1229545.8
2003-09-17,8,14,16,40,42,43,1,793038.6,JP,667726.8,0.0,,,,90,1589.8,143082.0,,,,5359,47.4,254016.6,,,,98985,4.0,395940.0,,,,,667726.8
2003-09-14,9,11,14,24,28,44,4,1927010.1,14,63121.5,883701.0,,,,207,914.8,189363.6,,,,8852,38.0,336376.0,,,,147877,3.5,517569.5,,,,,63121.5
2003-09-10,7,22,32,34,37,38,45,1643134.2,1,752087.6,752087.6,,,,137,1176.3,161153.1,,,,6548,43.7,286147.6,,,,113781,3.9,443745.9,,,,,752087.6
2003-09-07,3,9,15,29,34,38,41,1995728.8,1,915258.8,915258.8,,,,248,790.8,196118.4,,,,11033,31.6,348642.8,,,,162336,3.3,535708.8,,,,,915258.8
2003-09-03,2,6,22,29,33,44,3,1535214.2,1,703128.5,703128.5,,,,129,1167.9,150659.1,,,,7062,37.9,267649.8,,,,114938,3.6,413776.8,,,,,703128.5
2003-08-31,6,14,17,19,25,33,27,8270993.1,2,2830954.7,5661909.4,,,,483,973.3,470103.9,,,,23341,35.8,835607.8,,,,372392,3.5,1303372.0,,,,3468044.9,-637090.2
2003-08-27,1,21,32,37,39,41,22,1779203.3,3JP,3468044.9,0.0,,,,255,1271.6,324258.0,,,,13311,43.3,576366.3,,,,231205,3.8,878579.0,,,,1954814.6,1513230.3
2003-08-24,5,8,10,16,29,33,4,1453816.0,DJP,1954814.6,0.0,,,,361,734.8,265262.8,,,,16386,28.7,470278.2,,,,239425,3.0,718275.0,,,,716824.9,1237989.7
2003-08-20,3,11,12,22,25,38,15,852649.9,JP,716824.9,0.0,,,,151,1017.2,153597.2,,,,7431,36.7,272717.7,,,,121810,3.5,426335.0,,,,,716824.9
2003-08-17,1,7,18,26,27,42,6,1819376.0,2,415357.0,830714.0,,,,170,1047.1,178007.0,,,,8436,37.5,316350.0,,,,141230,3.5,494305.0,,,,,415357.0
2003-08-13,7,9,21,30,38,43,10,1511574.6,2,345293.7,690587.4,,,,112,1321.2,147974.4,,,,6691,39.3,262956.3,,,,117159,3.5,410056.5,,,,,345293.7
2003-08-10,2,9,22,24,26,30,14,3545739.4,3,671443.0,2014329.0,,,,248,1125.8,279198.4,,,,13703,36.2,496048.6,,,,222401,3.4,756163.4,,,,711342.3,-39899.3
2003-08-06,7,16,23,29,34,45,15,846698.6,JP,711342.3,0.0,,,,151,1009.4,152419.4,,,,6607,41.0,270887.0,,,,111419,3.8,423392.2,,,,,711342.3
2003-08-03,2,10,26,28,39,42,29,1902894.1,1,875918.2,875918.2,,,,266,705.6,187689.6,,,,10212,32.6,332911.2,,,,153447,3.3,506375.1,,,,,875918.2
2003-07-30,7,13,19,27,32,36,9,5477962.4,2,1784588.6,3569177.2,,,,394,881.2,347192.8,,,,18123,34.0,616182.0,,,,286488,3.3,945410.4,,,,1948911.7,-164323.1
2003-07-27,3,13,24,25,30,44,23,1436990.8,DJP,1948911.7,0.0,,,,244,1060.8,258835.2,,,,11321,40.6,459632.6,,,,189085,3.8,718523.0,,,,741006.8,1207904.9
2003-07-23,5,7,8,25,32,37,10,870497.6,JP,741006.8,0.0,,,,100,1587.8,158780.0,,,,6540,43.1,281874.0,,,,119401,3.6,429843.6,,,,,741006.8
2003-07-20,7,10,15,21,34,39,1,2016528.8,1,921490.9,921490.9,,,,220,897.5,197450.0,,,,10406,33.7,350682.2,,,,165729,3.3,546905.7,,,,,921490.9
2003-07-16,6,8,17,23,25,45,39,3576332.4,2,1056118.5,2112237.0,,,,261,1022.9,266976.9,,,,12049,39.3,473525.7,,,,200998,3.6,723592.8,,,,866320.7,189797.8
2003-07-13,2,12,13,39,42,44,37,1029981.3,JP,866320.7,0.0,,,,148,1254.3,185636.4,,,,6905,47.7,329368.5,,,,125604,4.1,514976.4,,,,,866320.7
2003-07-09,13,17,21,32,39,43,40,3632186.1,3,712346.8,2137040.4,,,,307,881.1,270497.7,,,,14321,33.5,479753.5,,,,212827,3.5,744894.5,,,,874641.9,-162295.1
2003-07-06,4,32,41,42,43,44,45,1032252.2,JP,874641.9,0.0,,,,124,1511.4,187413.6,,,,8826,37.7,332740.2,,,,116386,4.4,512098.4,,,,,874641.9
2003-07-02,11,14,17,25,32,40,12,5431125.9,2,1763596.2,3527192.4,,,,300,1144.1,343230.0,,,,14967,40.7,609156.9,,,,250407,3.8,951546.6,,,,1925362.5,-161766.3
2003-06-29,17,19,25,29,32,42,6,1518028.2,JP,1925362.5,0.0,,,,223,1237.4,275940.2,,,,11644,42.1,490212.4,,,,197862,3.8,751875.6,,,,637640.6,1287721.9
2003-06-25,15,19,26,29,30,39,34,754279.0,JP,637640.6,0.0,,,,114,1198.5,136629.0,,,,6838,35.5,242749.0,,,,110265,3.4,374901.0,,,,,637640.6
2003-06-22,2,16,24,29,31,43,23,3237736.8,1,1877390.5,1877390.5,,,,230,1075.2,247296.0,,,,10189,43.1,439145.9,,,,172796,3.9,673904.4,,,,723270.2,1154120.3
2003-06-18,12,13,19,28,32,37,29,852903.6,JP,723270.2,0.0,,,,129,1201.4,154980.6,,,,6463,42.6,275323.8,,,,114216,3.7,422599.2,,,,,723270.2
2003-06-15,13,14,19,26,28,42,2,3346967.8,1,1890451.0,1890451.0,,,,180,1474.2,265356.0,,,,11394,41.4,471711.6,,,,199847,3.6,719449.2,,,,652091.2,1238359.8
2003-06-11,10,19,21,23,37,41,18,775902.3,JP,652091.2,0.0,,,,97,1440.5,139728.5,,,,5912,42.0,248304.0,,,,102071,3.8,387869.8,,,,,652091.2
2003-06-08,11,17,22,31,41,44,19,1972786.0,1,905419.7,905419.7,,,,158,1227.9,194008.2,,,,8706,39.6,344757.6,,,,142865,3.7,528600.5,,,,,905419.7
2003-06-04,3,23,24,26,39,43,32,1408652.5,3,214692.6,644077.8,,,,192,718.8,138009.6,,,,8947,27.4,245147.8,,,,115581,3.3,381417.3,,,,,214692.6
2003-06-01,1,15,29,32,37,42,31,3214886.9,2,920407.6,1840815.2,,,,259,962.3,249235.7,,,,10400,42.6,443040.0,,,,170449,4.0,681796.0,,,,677597.4,242810.2
2003-05-28,1,20,29,30,33,43,44,798943.2,JP,677597.4,0.0,,,,139,1044.6,145199.4,,,,6534,39.5,258093.0,,,,109903,3.6,395650.8,,,,,677597.4
2003-05-25,3,21,23,31,33,41,7,1867580.8,2,429707.3,859414.6,,,,243,757.8,184145.4,,,,10280,31.8,326904.0,,,,155349,3.2,497116.8,,,,,429707.3
2003-05-21,5,14,15,24,26,45,23,3375456.8,2,1009707.1,2019414.2,,,,234,1052.5,246285.0,,,,11049,39.6,437540.4,,,,186727,3.6,672217.2,,,,870024.6,139682.5
2003-05-18,2,8,9,16,29,31,7,1026541.0,JP,870024.6,0.0,,,,201,927.5,186427.5,,,,9994,33.1,330801.4,,,,154337,3.3,509312.1,,,,,870024.6
2003-05-14,4,5,8,9,28,38,35,1429159.7,1,658012.7,658012.7,,,,152,927.6,140995.2,,,,8875,28.2,250275.0,,,,130992,2.9,379876.8,,,,,658012.7
2003-05-11,21,22,23,34,40,41,39,1938976.0,1,885979.4,885979.4,,,,184,1031.8,189851.2,,,,8356,40.3,336746.8,,,,134974,3.9,526398.6,,,,,885979.4
2003-05-07,3,16,32,34,43,45,36,1448499.5,1,663756.1,663756.1,,,,149,954.5,142220.5,,,,6604,38.2,252272.8,,,,105473,3.7,390250.1,,,,,663756.1
2003-05-04,23,25,34,37,42,43,36,1958797.3,3,298683.3,896049.9,,,,145,1324.2,192009.0,,,,7198,47.4,341185.2,,,,120353,4.4,529553.2,,,,,298683.3
2003-04-30,11,17,26,36,38,44,20,1544784.9,1,706026.1,706026.1,,,,138,1096.3,151289.4,,,,6982,38.5,268807.0,,,,113152,3.7,418662.4,,,,,706026.1
2003-04-27,9,16,28,32,37,42,29,8436116.6,3,1904747.0,5714241.0,,,,512,970.0,496640.0,,,,23298,37.8,880664.4,,,,373492,3.6,1344571.2,,,,3396419.6,-1491672.6
2003-04-23,14,15,16,33,35,38,39,1672739.4,3JP,3396419.6,0.0,,,,290,1038.7,301223.0,,,,13120,40.8,535296.0,,,,220058,3.8,836220.4,,,,1990688.8,1405730.8
2003-04-20,7,9,11,31,34,38,40,1534737.0,DJP,1990688.8,0.0,,,,198,1399.9,277180.2,,,,11670,42.2,492474.0,,,,212523,3.6,765082.8,,,,697099.0,1293589.8
2003-04-16,3,6,20,30,41,43,40,828141.7,JP,697099.0,0.0,,,,118,1265.9,149376.2,,,,6069,43.7,265215.3,,,,108829,3.8,413550.2,,,,,697099.0
2003-04-13,7,12,17,20,24,38,9,3534270.6,1,1990955.6,1990955.6,,,,223,1246.6,277991.8,,,,13512,36.5,493188.0,,,,214482,3.6,772135.2,,,,693643.6,1297312.0
2003-04-09,6,16,18,19,23,33,36,821834.4,JP,693643.6,0.0,,,,103,1443.0,148629.0,,,,6839,38.6,263985.4,,,,116920,3.5,409220.0,,,,,693643.6
2003-04-06,10,14,17,27,31,38,37,1991502.5,4,228468.1,913872.4,,,,234,836.8,195811.2,,,,9966,34.9,347813.4,,,,152573,3.5,534005.5,,,,,228468.1
2003-04-02,6,14,22,23,25,44,5,1589545.1,1,728354.0,728354.0,,,,118,1322.6,156066.8,,,,6170,44.9,277033.0,,,,109767,3.9,428091.3,,,,,728354.0
2003-03-30,3,9,16,17,39,45,38,1932639.9,3,296296.5,888889.5,,,,164,1161.4,190469.6,,,,10282,32.9,338277.8,,,,166130,3.1,515003.0,,,,,296296.5
2003-03-26,17,26,29,36,37,43,44,3377702.9,1,2034237.5,2034237.5,,,,238,1020.5,242879.0,,,,10796,39.9,430760.4,,,,176270,3.8,669826.0,,,,900767.2,1133470.3
2003-03-23,6,20,27,37,38,42,43,1059171.5,JP,900767.2,0.0,,,,115,1678.4,193016.0,,,,7622,45.0,342990.0,,,,134145,3.9,523165.5,,,,,900767.2
2003-03-19,4,9,10,16,36,41,26,1514467.9,1,692697.6,692697.6,,,,136,1091.4,148430.4,,,,6408,41.1,263368.8,,,,110803,3.7,409971.1,,,,,692697.6
2003-03-16,6,11,13,15,16,26,35,3761559.9,2,1053117.3,2106234.6,,,,279,1077.5,300622.5,,,,18777,28.4,533266.8,,,,248920,3.3,821436.0,,,,703212.6,349904.7
2003-03-12,2,3,6,24,25,26,34,833348.8,JP,703212.6,0.0,,,,182,827.9,150677.8,,,,8111,33.0,267663.0,,,,125760,3.3,415008.0,,,,,703212.6
2003-03-09,21,24,30,31,35,40,36,2063702.1,1,948635.4,948635.4,,,,131,1551.7,203272.7,,,,8014,45.0,360630.0,,,,137791,4.0,551164.0,,,,,948635.4
2003-03-05,8,9,12,15,19,32,28,1573167.6,1,718530.2,718530.2,,,,142,1084.3,153970.6,,,,7861,34.8,273562.8,,,,133470,3.2,427104.0,,,,,718530.2
2003-03-02,10,18,19,29,35,44,28,3936746.6,3,739907.7,2219723.1,,,,252,1233.7,310892.4,,,,12245,45.1,552249.5,,,,218944,3.9,853881.6,,,,768784.6,-28876.9
2003-02-26,13,15,27,33,36,44,22,914116.8,JP,768784.6,0.0,,,,146,1128.3,164731.8,,,,7566,38.7,292804.2,,,,126828,3.6,456580.8,,,,,768784.6
2003-02-23,4,11,22,31,34,40,27,2053668.1,2,471967.2,943934.4,,,,187,1081.6,202259.2,,,,9737,36.9,359295.3,,,,152272,3.6,548179.2,,,,,471967.2
2003-02-19,2,5,19,29,40,44,11,10738994.2,1,7164511.4,7164511.4,,,,626,1031.5,645719.0,,,,30102,38.1,1146886.2,,,,494966,3.6,1781877.6,,,,4150901.3,3013610.1
2003-02-16,7,8,12,19,25,38,9,2207383.8,3JP,4150901.3,0.0,,,,421,949.6,399781.6,,,,20035,35.4,709239.0,,,,323048,3.4,1098363.2,,,,2285246.6,1865654.7
2003-02-12,4,11,24,33,34,41,39,1491693.1,DJP,2285246.6,0.0,,,,251,1071.0,268821.0,,,,12607,37.9,477805.3,,,,206963,3.6,745066.8,,,,1030734.2,1254512.4
2003-02-09,17,19,27,31,40,45,24,1219724.4,JP,1030734.2,0.0,,,,208,1061.8,220854.4,,,,9940,39.5,392630.0,,,,168400,3.6,606240.0,,,,,1030734.2
2003-02-05,3,9,14,18,28,30,7,1711898.2,1,782244.5,782244.5,,,,189,886.8,167605.2,,,,9208,32.3,297418.4,,,,140797,3.3,464630.1,,,,,782244.5
2003-02-02,2,3,13,15,30,36,37,3954468.2,1,2211374.7,2211374.7,,,,209,1503.4,314210.6,,,,12902,43.2,557366.4,,,,235545,3.7,871516.5,,,,745034.0,1466340.7
2003-01-29,6,7,12,18,30,43,24,879929.3,JP,745034.0,0.0,,,,128,1247.2,159641.6,,,,9460,30.0,283800.0,,,,132269,3.3,436487.7,,,,,745034.0
2003-01-26,17,18,29,38,40,44,2,4175657.1,1,2339567.0,2339567.0,,,,235,1411.9,331796.5,,,,13216,44.6,589433.6,,,,228715,4.0,914860.0,,,,791138.2,1548428.8
2003-01-22,8,10,20,23,38,41,18,937887.1,JP,791138.2,0.0,,,,189,896.9,169514.1,,,,7912,38.0,300656.0,,,,126410,3.7,467717.0,,,,,791138.2
2003-01-19,8,13,28,32,34,39,25,2174810.1,1,997941.0,997941.0,,,,202,1058.6,213837.2,,,,9617,39.5,379871.5,,,,161989,3.6,583160.4,,,,,997941.0
2003-01-15,12,14,16,24,31,34,1,3875440.4,4,572440.2,2289760.8,,,,226,1263.3,285505.8,,,,12133,41.8,507159.4,,,,208688,3.8,793014.4,,,,957312.2,-384872.0
2003-01-12,2,7,12,25,40,42,27,1125440.7,JP,957312.2,0.0,,,,191,1074.0,205134.0,,,,9009,40.4,363963.6,,,,150363,3.7,556343.1,,,,,957312.2
2003-01-08,7,10,12,22,34,43,13,1552569.8,4,177897.0,711588.0,,,,136,1121.1,152469.6,,,,7292,37.1,270533.2,,,,122935,3.4,417979.0,,,,,177897.0
2003-01-05,5,13,19,25,40,41,8,10786922.0,2,3482839.9,6965679.8,,,,620,1119.5,694090.0,,,,29901,41.2,1231921.2,,,,498745,3.8,1895231.0,,,,3726531.4,-243691.5
2003-01-01,6,7,13,15,23,33,42,1966162.9,3JP,3726531.4,0.0,,,,395,904.7,357356.5,,,,19696,32.2,634211.2,,,,304561,3.2,974595.2,,,,2058833.1,1667698.3
2002-12-29,6,12,14,17,21,33,24,1549351.5,JP,2058833.1,0.0,,,,339,832.5,282217.5,,,,15596,32.1,500631.6,,,,239532,3.2,766502.4,,,,741675.2,1317157.9
2002-12-25,4,23,39,40,41,42,34,880886.5,JP,741675.2,0.0,,,,109,1458.0,158922.0,,,,6253,45.1,282010.3,,,,104751,4.2,439954.2,,,,,741675.2
2002-12-22,1,4,19,28,34,45,13,3749352.6,3,702182.2,2106546.6,,,,250,1198.8,299700.0,,,,13332,39.9,531946.8,,,,225322,3.6,811159.2,,,,707914.1,-5731.9
2002-12-18,9,23,26,36,43,45,11,838363.8,JP,707914.1,0.0,,,,131,1157.9,151684.9,,,,6619,40.7,269393.3,,,,109812,3.8,417285.6,,,,,707914.1
2002-12-15,5,7,10,18,21,37,2,3765999.3,4,530348.9,2121395.6,,,,315,941.4,296541.0,,,,15081,34.9,526326.9,,,,241687,3.4,821735.8,,,,737468.2,-207119.3
2002-12-11,2,7,8,18,32,36,11,865511.0,JP,737468.2,0.0,,,,113,1398.4,158019.2,,,,6786,41.3,280261.8,,,,118675,3.6,427230.0,,,,,737468.2
2002-12-08,3,12,19,38,43,45,17,2061576.2,4,236755.1,947020.4,,,,156,1300.8,202924.8,,,,9158,39.3,359909.4,,,,153256,3.6,551721.6,,,,,236755.1
2002-12-04,1,5,12,19,20,35,25,1604870.8,2,366934.6,733869.2,,,,195,806.4,157248.0,,,,8253,33.8,278951.4,,,,127883,3.4,434802.2,,,,,366934.6
2002-12-01,2,12,13,20,22,23,9,3895547.0,1,2166351.4,2166351.4,,,,316,993.1,313819.6,,,,14724,37.8,556567.2,,,,238558,3.6,858808.8,,,,701801.4,1464550.0
2002-11-27,1,2,9,12,17,39,27,829800.0,JP,701801.4,0.0,,,,130,1156.8,150384.0,,,,7935,33.6,266616.0,,,,129000,3.2,412800.0,,,,,701801.4
2002-11-24,4,10,21,32,33,45,3,3803564.3,2,1061572.5,2123145.0,,,,315,962.0,303030.0,,,,15079,35.7,538320.3,,,,239734,3.5,839069.0,,,,708959.2,352613.3
2002-11-20,8,12,22,41,44,45,37,841290.1,JP,708959.2,0.0,,,,119,1276.6,151915.4,,,,6026,44.8,269964.8,,,,107541,3.9,419409.9,,,,,708959.2
2002-11-17,2,11,16,26,31,40,17,3751950.1,1,2112132.7,2112132.7,,,,373,799.2,298101.6,,,,19373,27.3,528882.9,,,,246313,3.3,812832.9,,,,720829.5,1391303.2
2002-11-13,1,14,29,36,41,44,3,853799.8,JP,720829.5,0.0,,,,110,1404.2,154462.0,,,,5465,50.2,274343.0,,,,98836,4.3,424994.8,,,,,720829.5
2002-11-10,1,4,10,17,19,20,18,3329446.0,2,1035944.7,2071889.4,,,,301,763.0,229663.0,,,,13420,30.4,407968.0,,,,199976,3.1,619925.6,,,,,1035944.7
2002-11-06,5,8,12,15,31,33,17,3704443.5,3,734450.7,2203352.1,,,,271,1004.7,272273.7,,,,13725,35.2,483120.0,,,,225969,3.3,745697.7,,,,932737.5,-198286.8
2002-11-03,1,12,13,19,32,42,26,1099776.2,JP,932737.5,0.0,,,,151,1323.6,199863.6,,,,8168,43.5,355308.0,,,,143317,3.8,544604.6,,,,,932737.5
2002-10-30,3,12,15,23,34,37,29,3536204.3,3,696190.2,2088570.6,,,,265,983.7,260680.5,,,,11881,39.0,463359.0,,,,195566,3.7,723594.2,,,,871978.9,-175788.7
2002-10-27,7,9,25,27,32,38,43,1035353.7,JP,871978.9,0.0,,,,154,1213.3,186848.2,,,,8034,41.3,331804.2,,,,139649,3.7,516701.3,,,,,871978.9
2002-10-23,3,12,15,25,38,43,44,3640371.2,2,1100337.5,2200675.0,,,,244,1066.9,260323.6,,,,11111,41.6,462217.6,,,,188725,3.8,717155.0,,,,985789.9,114547.6
2002-10-20,11,13,19,21,23,38,25,1157030.6,JP,985789.9,0.0,,,,202,1045.7,211231.4,,,,10463,35.8,374575.4,,,,168007,3.4,571223.8,,,,,985789.9
2002-10-16,3,7,17,19,36,42,35,1595808.2,1,732506.2,732506.2,,,,197,796.7,156949.9,,,,9187,30.3,278366.1,,,,138060,3.1,427986.0,,,,,732506.2
2002-10-13,12,22,23,28,32,44,20,1992446.0,1,915967.3,915967.3,,,,141,1392.0,196272.0,,,,8369,41.6,348150.4,,,,143799,3.7,532056.3,,,,,915967.3
2002-10-09,1,25,26,27,39,45,10,1505754.6,1,691380.3,691380.3,,,,168,881.8,148142.4,,,,7021,37.5,263287.5,,,,111929,3.6,402944.4,,,,,691380.3
2002-10-06,5,11,15,17,31,34,24,3728588.8,1,2089459.0,2089459.0,,,,269,1106.0,297514.0,,,,13839,38.2,528649.8,,,,232276,3.5,812966.0,,,,700941.0,1388518.0
2002-10-02,4,5,10,13,14,41,27,822924.3,JP,700941.0,0.0,,,,107,1403.7,150195.9,,,,6956,38.3,266414.8,,,,119504,3.4,406313.6,,,,,700941.0
2002-09-29,3,11,20,26,32,37,5,2127089.0,2,488218.5,976437.0,,,,191,1095.4,209221.4,,,,8975,41.4,371565.0,,,,158296,3.6,569865.6,,,,,488218.5
2002-09-25,9,23,27,28,33,41,32,3571943.7,2,1083964.5,2167929.0,,,,294,870.9,256044.6,,,,14314,31.8,455185.2,,,,223479,3.1,692784.9,,,,972987.5,110977.0
2002-09-22,3,6,17,27,31,38,30,1153858.4,JP,972987.5,0.0,,,,222,939.1,208480.2,,,,11238,32.9,369730.2,,,,179890,3.2,575648.0,,,,,972987.5
2002-09-18,6,22,25,34,41,43,31,1515987.1,1,696405.1,696405.1,,,,186,802.3,149227.8,,,,7391,35.8,264597.8,,,,106778,3.8,405756.4,,,,,696405.1
2002-09-15,14,31,35,36,39,45,40,3772343.4,2,1068432.9,2136865.8,,,,221,1339.4,296007.4,,,,11590,45.4,526186.0,,,,198362,4.1,813284.2,,,,755479.4,312953.5
2002-09-11,2,18,29,31,32,36,23,895336.6,JP,755479.4,0.0,,,,119,1360.4,161887.6,,,,7013,41.0,287533.0,,,,111479,4.0,445916.0,,,,,755479.4
2002-09-08,7,26,31,33,37,42,14,2047207.9,1,939673.6,939673.6,,,,177,1137.6,201355.2,,,,9371,38.1,357035.1,,,,152540,3.6,549144.0,,,,,939673.6
2002-09-04,1,3,12,15,18,21,20,3675308.1,4,550125.1,2200500.4,,,,314,857.6,269286.4,,,,13760,34.7,477472.0,,,,220621,3.3,728049.3,,,,943707.8,-393582.7
2002-09-01,4,9,11,13,14,35,45,1116227.8,JP,943707.8,0.0,,,,162,1248.2,202208.4,,,,9429,38.1,359244.9,,,,158507,3.5,554774.5,,,,,943707.8
2002-08-28,3,5,11,19,30,40,14,5695757.4,2,1855312.3,3710624.6,,,,462,781.5,361053.0,,,,20145,31.8,640611.0,,,,307334,3.2,983468.8,,,,2025557.0,-170244.7
2002-08-25,12,14,18,20,34,42,26,1557603.7,DJP,2025557.0,0.0,,,,215,1318.4,283456.0,,,,10682,47.1,503122.2,,,,188055,4.1,771025.5,,,,702761.9,1322795.1
2002-08-21,8,11,14,25,42,44,1,832718.4,JP,702761.9,0.0,,,,101,1491.0,150591.0,,,,5324,50.2,267264.8,,,,101186,4.1,414862.6,,,,,702761.9
2002-08-18,3,7,13,24,26,39,15,5575769.0,6,620786.3,3724717.8,,,,562,601.9,338267.8,,,,23541,25.5,600295.5,,,,314651,2.9,912487.9,,,,2145904.4,-1525118.1
2002-08-14,10,14,27,28,43,44,41,1402125.4,DJP,2145904.4,0.0,,,,215,1185.2,254818.0,,,,11265,40.2,452853.0,,,,192904,3.6,694454.4,,,,956694.7,1189209.7
2002-08-11,11,13,16,20,23,28,22,1126920.5,JP,956694.7,0.0,,,,239,857.7,204990.3,,,,10982,33.1,363504.2,,,,169220,3.3,558426.0,,,,,956694.7
2002-08-07,1,3,14,26,40,44,28,1508958.3,1,692937.9,692937.9,,,,121,1227.1,148479.1,,,,6385,41.3,263700.5,,,,112178,3.6,403840.8,,,,,692937.9
2002-08-04,1,14,15,19,39,45,5,3570314.8,1,2012655.6,2012655.6,,,,259,1092.2,282879.8,,,,11812,42.5,502010.0,,,,198146,3.9,772769.4,,,,692549.1,1320106.5
2002-07-31,1,8,18,22,23,40,24,820080.8,JP,692549.1,0.0,,,,116,1279.3,148398.8,,,,6338,41.6,263660.8,,,,110276,3.7,408021.2,,,,,692549.1
2002-07-28,5,8,17,18,40,43,33,3663200.1,2,1028100.4,2056200.8,,,,262,1111.2,291134.4,,,,13289,38.9,516942.1,,,,221923,3.6,798922.8,,,,697573.5,330526.9
2002-07-24,4,14,22,27,31,41,36,824948.4,JP,697573.5,0.0,,,,162,922.7,149477.4,,,,6864,38.7,265636.8,,,,110766,3.7,409834.2,,,,,697573.5
2002-07-21,7,20,22,36,38,39,15,3767431.6,2,1055932.9,2111865.8,,,,235,1282.2,301317.0,,,,12557,42.6,534928.2,,,,221438,3.7,819320.6,,,,705671.3,350261.6
2002-07-17,6,10,23,24,30,31,13,839113.5,JP,705671.3,0.0,,,,151,1001.4,151211.4,,,,7049,38.1,268566.9,,,,116482,3.6,419335.2,,,,,705671.3
2002-07-14,3,12,24,25,30,33,27,5976122.9,2,1941689.6,3883379.2,,,,348,1087.3,378380.4,,,,18241,36.8,671268.8,,,,298027,3.5,1043094.5,,,,2117479.7,-175790.1
2002-07-10,5,8,25,31,34,36,14,1425530.4,DJP,2117479.7,0.0,,,,191,1345.6,257009.6,,,,10109,45.2,456926.8,,,,182460,3.9,711594.0,,,,918040.0,1199439.7
2002-07-07,4,12,37,40,42,45,25,1090042.0,JP,918040.0,0.0,,,,114,1725.6,196718.4,,,,7090,49.3,349537.0,,,,129473,4.2,543786.6,,,,,918040.0
2002-07-03,2,9,10,15,38,45,35,3577379.9,1,2140382.4,2140382.4,,,,287,904.9,259706.3,,,,11179,41.3,461692.7,,,,193405,3.7,715598.5,,,,928384.1,1211998.3
2002-06-30,7,22,25,30,31,44,26,1098516.4,JP,928384.1,0.0,,,,152,1308.8,198937.6,,,,7954,44.4,353157.6,,,,140108,3.9,546421.2,,,,,928384.1
2002-06-26,1,10,15,25,29,43,3,3424562.1,1,2067956.5,2067956.5,,,,206,1193.6,245881.6,,,,11017,39.6,436273.2,,,,182284,3.7,674450.8,,,,920508.9,1147447.6
2002-06-23,2,3,4,18,26,35,23,1094443.3,JP,920508.9,0.0,,,,176,1120.7,197243.2,,,,8587,40.8,350349.6,,,,156243,3.5,546850.5,,,,,920508.9
2002-06-19,8,9,20,28,37,38,5,1560626.6,2,357902.0,715804.0,,,,138,1111.4,153373.2,,,,7691,35.4,272261.4,,,,119768,3.5,419188.0,,,,,357902.0
2002-06-16,2,4,10,24,36,39,44,8854449.7,3,2023988.6,6071965.8,,,,512,991.7,507750.4,,,,22845,39.5,902377.5,,,,381210,3.6,1372356.0,,,,3702411.3,-1678422.7
2002-06-12,3,10,14,19,25,43,21,1952307.8,3JP,3702411.3,0.0,,,,320,1099.2,351744.0,,,,15945,39.2,625044.0,,,,263654,3.7,975519.8,,,,2060850.1,1641561.2
2002-06-09,14,15,20,33,36,44,30,1627451.0,DJP,2060850.1,0.0,,,,222,1322.6,293617.2,,,,11381,45.8,521249.8,,,,203146,4.0,812584.0,,,,690594.5,1370255.6
2002-06-05,1,6,7,20,34,39,36,812517.0,JP,690594.5,0.0,,,,121,1223.0,147983.0,,,,6653,39.5,262793.5,,,,114783,3.5,401740.5,,,,,690594.5
2002-06-02,5,7,14,27,36,40,18,3609496.7,1,2073951.1,2073951.1,,,,264,1052.5,277860.0,,,,13978,35.3,493423.4,,,,224783,3.4,764262.2,,,,777185.1,1296766.0
2002-05-29,16,24,25,26,32,45,8,913201.0,JP,777185.1,0.0,,,,106,1571.1,166536.6,,,,6813,43.4,295684.2,,,,118679,3.8,450980.2,,,,,777185.1
2002-05-26,18,21,30,32,40,41,3,3665443.9,3,675861.5,2027584.5,,,,267,1107.3,295649.1,,,,12574,41.8,525593.2,,,,209389,3.9,816617.1,,,,647824.4,28037.1
2002-05-22,8,11,23,29,31,33,10,759715.5,JP,647824.4,0.0,,,,134,1035.9,138810.6,,,,6999,35.2,246364.8,,,,113497,3.3,374540.1,,,,,647824.4
2002-05-19,8,10,19,21,27,34,2,3713170.5,2,1036483.3,2072966.6,,,,350,844.4,295540.0,,,,16743,31.3,524055.9,,,,256440,3.2,820608.0,,,,693764.2,342719.1
2002-05-15,5,9,11,39,43,44,40,823543.7,JP,693764.2,0.0,,,,126,1179.8,148654.8,,,,7119,37.1,264114.9,,,,117364,3.5,410774.0,,,,,693764.2
2002-05-12,8,12,16,39,42,43,18,3513920.0,3,676401.3,2029203.9,,,,221,1215.4,268603.4,,,,12027,39.7,477471.9,,,,205178,3.6,738640.8,,,,775640.4,-99239.1
2002-05-08,3,5,27,31,39,42,15,919151.1,JP,775640.4,0.0,,,,195,852.3,166198.5,,,,8050,36.7,295435.0,,,,134564,3.4,457517.6,,,,,775640.4
2002-05-05,13,14,19,21,28,33,11,3576867.0,1,1993961.5,1993961.5,,,,259,1114.4,288629.6,,,,14655,35.0,512925.0,,,,236773,3.3,781350.9,,,,646964.3,1346997.2
2002-05-01,3,16,22,32,43,44,36,760701.1,JP,646964.3,0.0,,,,111,1248.9,138627.9,,,,6272,39.2,245862.4,,,,104503,3.6,376210.8,,,,,646964.3
2002-04-28,5,8,11,13,22,28,42,3672829.4,2,1031978.7,2063957.4,,,,423,692.0,292716.0,,,,18280,28.4,519152.0,,,,265668,3.0,797004.0,,,,697874.2,334104.5
2002-04-24,3,9,14,17,20,44,35,825372.6,JP,697874.2,0.0,,,,131,1141.5,149536.5,,,,7159,37.1,265598.9,,,,120658,3.4,410237.2,,,,,697874.2
2002-04-21,8,16,19,24,34,44,5,2083954.1,3,319171.3,957513.9,,,,255,804.6,205173.0,,,,10237,35.6,364437.2,,,,154675,3.6,556830.0,,,,,319171.3
2002-04-17,1,18,21,22,26,39,19,1779873.8,1,812714.3,812714.3,,,,115,1514.3,174144.5,,,,6848,45.2,309529.6,,,,127233,3.8,483485.4,,,,,812714.3
2002-04-14,2,4,5,13,20,23,10,2096241.9,1,962376.5,962376.5,,,,256,805.5,206208.0,,,,10817,33.8,365614.6,,,,170316,3.3,562042.8,,,,,962376.5
2002-04-10,3,8,15,26,33,44,30,5829511.0,2,1899886.5,3799773.0,,,,491,749.5,368004.5,,,,20343,32.1,653010.3,,,,315226,3.2,1008723.2,,,,2082331.3,-182444.8
2002-04-07,1,11,22,36,42,43,31,1677433.1,DJP,2082331.3,0.0,,,,236,1281.5,302434.0,,,,12407,43.3,537223.1,,,,209444,4.0,837776.0,,,,670884.8,1411446.5
2002-04-03,16,22,30,36,38,44,41,796114.9,JP,670884.8,0.0,,,,89,1615.2,143752.8,,,,5253,48.6,255295.8,,,,92341,4.3,397066.3,,,,,670884.8
2002-03-31,6,18,33,36,37,38,30,2141189.6,1,981320.6,981320.6,,,,159,1322.5,210277.5,,,,8699,42.9,373187.1,,,,147796,3.9,576404.4,,,,,981320.6
2002-03-27,4,8,20,23,34,39,7,1928339.0,1,882262.3,882262.3,,,,232,814.8,189033.6,,,,9191,36.5,335471.5,,,,144881,3.6,521571.6,,,,,882262.3
2002-03-24,1,3,13,32,34,37,36,3984044.7,2,1126166.7,2252333.4,,,,193,1630.2,314628.6,,,,12505,44.7,558973.5,,,,220028,3.9,858109.2,,,,783991.5,342175.2
2002-03-20,16,29,32,37,41,43,38,931777.2,JP,783991.5,0.0,,,,154,1090.8,167983.2,,,,7107,42.0,298494.0,,,,116325,4.0,465300.0,,,,,783991.5
2002-03-17,4,10,12,27,37,41,18,2101015.8,1,963291.5,963291.5,,,,178,1159.6,206408.8,,,,9388,39.0,366132.0,,,,161481,3.5,565183.5,,,,,963291.5
2002-03-13,5,8,22,32,34,43,29,4109386.6,1,2442145.5,2442145.5,,,,348,872.3,303560.4,,,,15023,35.9,539325.7,,,,235530,3.5,824355.0,,,,1025434.5,1416711.0
2002-03-10,9,21,25,28,37,44,5,1213066.8,JP,1025434.5,0.0,,,,192,1144.4,219724.8,,,,9123,42.8,390464.4,,,,158652,3.8,602877.6,,,,,1025434.5
2002-03-06,2,13,23,30,34,45,3,4024545.9,1,2394011.2,2394011.2,,,,218,1360.9,296676.2,,,,11329,46.5,526798.5,,,,201765,4.0,807060.0,,,,1009504.7,1384506.5
2002-03-03,2,3,7,14,41,42,37,1191101.7,JP,1009504.7,0.0,,,,155,1395.6,216318.0,,,,8949,42.9,383912.1,,,,164131,3.6,590871.6,,,,,1009504.7
2002-02-27,2,7,10,39,42,45,1,3913442.7,1,2338479.1,2338479.1,,,,216,1316.9,284450.4,,,,12060,41.9,505314.0,,,,212216,3.7,785199.2,,,,1010979.9,1327499.2
2002-02-24,10,12,17,27,42,45,34,1193913.8,JP,1010979.9,0.0,,,,187,1158.4,216620.8,,,,9960,38.6,384456.0,,,,169382,3.5,592837.0,,,,,1010979.9
2002-02-20,11,16,24,39,43,44,31,1648545.6,2,376822.0,753644.0,,,,110,1468.1,161491.0,,,,6253,45.9,287012.7,,,,114461,3.9,446397.9,,,,,376822.0
2002-02-17,1,6,14,18,25,37,39,2197938.2,3,335218.1,1005654.3,,,,179,1203.8,215480.2,,,,8403,45.5,382336.5,,,,144992,4.1,594467.2,,,,,335218.1
2002-02-13,1,19,27,30,39,45,13,4010308.5,2,1198370.5,2396741.0,,,,270,1085.1,292977.0,,,,13805,37.7,520448.5,,,,228612,3.5,800142.0,,,,1029504.8,168865.7
2002-02-10,8,24,25,32,36,43,14,1212153.2,JP,1029504.8,0.0,,,,167,1321.0,220607.0,,,,8631,45.4,391847.4,,,,146268,4.1,599698.8,,,,,1029504.8
2002-02-06,1,3,6,16,29,39,2,1729705.0,2,396484.6,792969.2,,,,217,783.0,169911.0,,,,9497,31.8,302004.6,,,,149942,3.1,464820.2,,,,,396484.6
2002-02-03,18,21,25,37,40,43,32,9752138.5,1,6621476.5,6621476.5,,,,389,1453.4,565372.6,,,,21146,47.5,1004435.0,,,,371632,4.2,1560854.4,,,,3982892.0,2638584.5
2002-01-30,1,14,24,26,32,39,25,2139738.0,3JP,3982892.0,0.0,,,,311,1241.1,385982.1,,,,15519,44.2,685939.8,,,,273799,3.9,1067816.1,,,,2181541.2,1801350.8
2002-01-27,3,6,13,36,38,39,30,1690320.3,DJP,2181541.2,0.0,,,,249,1233.3,307091.7,,,,12799,42.6,545237.4,,,,220524,3.8,837991.2,,,,748341.4,1433199.8
2002-01-23,6,14,20,21,26,37,15,884311.7,JP,748341.4,0.0,,,,88,1822.2,160353.6,,,,5833,48.8,284650.4,,,,112643,3.9,439307.7,,,,,748341.4
2002-01-20,3,4,29,34,36,42,20,2239287.5,1,1026237.5,1026237.5,,,,121,1817.4,219905.4,,,,7567,51.6,390457.2,,,,143497,4.2,602687.4,,,,,1026237.5
2002-01-16,4,21,26,35,39,43,28,1669136.5,1,767889.6,767889.6,,,,138,1192.3,164537.4,,,,8060,36.2,291772.0,,,,127125,3.5,444937.5,,,,,767889.6
2002-01-13,4,5,30,33,35,42,10,2169823.8,1,1000000.0,1000000.0,,,,191,1104.8,211016.8,,,,7890,47.5,374775.0,,,,146008,4.0,584032.0,,,,,1000000.0
2002-01-09,10,17,33,39,42,43,29,10584628.6,2,3417662.9,6835325.8,,,,544,1250.8,680435.2,,,,29448,41.0,1207368.0,,,,503108,3.7,1861499.6,,,,3659887.5,-242224.6
2002-01-06,13,20,28,30,39,43,25,1953912.5,3JP,3659887.5,0.0,,,,329,1082.9,356274.1,,,,16244,38.9,631891.6,,,,268263,3.6,965746.8,,,,1997245.2,1662642.3
2002-01-02,7,23,24,33,36,39,3,1036243.73,DJP,1997245.2,0.0,,,,170,1098.69,186777.3,,,,8685,38.23,332027.55,,,,145348,3.56,517438.88,,,,1125611.07,871634.13
2001-12-29,6,10,11,21,31,37,40,1397807.7,JP,1125611.07,0.0,,,,265,1035.95,274526.75,,,,15029,29.21,438997.09,,,,200083,3.42,684283.86,,,,,1125611.07
2001-12-26,1,14,17,19,25,31,29,1496320.92,1,726728.34,726728.34,,,,114,1333.69,152040.66,,,,6528,37.21,242906.88,,,,103208,3.63,374645.04,,,,,726728.34
2001-12-23,3,7,16,24,30,34,12,2381091.88,1,1061595.1,1061595.1,,,,234,1106.52,258925.68,,,,12483,33.14,413686.62,,,,197824,3.27,646884.48,,,,,1061595.1
2001-12-19,2,5,24,26,38,40,18,1685968.64,1,753085.4,753085.4,,,,138,1331.0,183678.0,,,,6895,42.59,293658.05,,,,122789,3.71,455547.19,,,,,753085.4
2001-12-16,3,5,8,19,24,44,2,2319990.57,2,519100.89,1038201.78,,,,329,769.61,253201.69,,,,13202,30.67,404905.34,,,,199898,3.12,623681.76,,,,,519100.89
2001-12-12,8,17,24,28,37,38,16,4092376.48,2,1167188.43,2334376.86,,,,277,1252.3,346887.1,,,,14468,38.3,554124.4,,,,240727,3.56,856988.12,,,,912070.38,255118.05
2001-12-09,3,6,7,23,32,35,40,1132130.33,JP,912070.38,0.0,,,,249,893.37,222449.13,,,,10163,34.96,355298.48,,,,169536,3.27,554382.72,,,,,912070.38
2001-12-05,8,17,18,32,33,42,11,1760647.92,2,392396.39,784792.78,,,,155,1234.86,191403.3,,,,7220,42.37,305911.4,,,,126598,3.78,478540.44,,,,,392396.39
2001-12-02,4,17,19,31,35,44,43,6649848.96,4,1054736.52,4218946.08,,,,462,1034.64,478003.68,,,,19327,39.53,763996.31,,,,320459,3.71,1188902.89,,,,2259122.04,-1204385.52
2001-11-28,2,8,20,22,30,31,27,1599415.74,DJP,2259122.04,0.0,,,,260,1212.4,315224.0,,,,13722,36.7,503597.4,,,,223666,3.49,780594.34,,,,966632.2,1292489.84
2001-11-25,5,10,13,21,36,37,15,1195597.15,JP,966632.2,0.0,,,,194,1215.24,235756.56,,,,9735,38.73,377036.55,,,,163709,3.56,582804.04,,,,,966632.2
2001-11-21,8,17,22,31,35,41,44,1695034.97,1,758616.45,758616.45,,,,169,1094.82,185024.58,,,,7469,39.61,295847.09,,,,125495,3.63,455546.85,,,,,758616.45
2001-11-18,7,11,24,25,26,30,44,3903612.61,2,1073031.69,2146063.38,,,,284,1227.95,348737.8,,,,16289,34.23,557572.47,,,,272833,3.12,851238.96,,,,716156.48,356875.21
2001-11-14,8,15,16,36,38,42,9,889056.35,JP,716156.48,0.0,,,,113,1545.75,174669.75,,,,6519,42.8,279013.2,,,,113084,3.85,435373.4,,,,,716156.48
2001-11-11,9,19,20,21,31,35,8,3970043.11,1,2197931.65,2197931.65,,,,295,1217.78,359245.1,,,,14737,35.95,529795.15,,,,253029,3.49,883071.21,,,,724946.04,1472985.61
2001-11-07,17,23,30,37,40,42,15,894928.26,JP,724946.04,0.0,,,,94,1880.99,176813.06,,,,5864,48.18,282527.52,,,,107024,4.07,435587.68,,,,,724946.04
2001-11-04,11,12,31,37,41,43,40,2211408.0,1,987568.95,987568.95,,,,137,1758.17,240869.29,,,,8182,47.09,385290.38,,,,144367,4.14,597679.38,,,,,987568.95
2001-10-31,2,10,14,21,31,34,26,1710686.31,1,762443.33,762443.33,,,,191,973.6,185957.6,,,,8452,35.17,297256.84,,,,133246,3.49,465028.54,,,,,762443.33
2001-10-28,14,18,31,33,36,37,39,2060252.36,3,306447.32,919341.96,,,,133,1685.94,224230.02,,,,7623,47.02,358433.46,,,,132286,4.22,558246.92,,,,,306447.32
2001-10-24,13,16,18,27,37,44,31,1639123.75,1,731632.38,731632.38,,,,118,1512.25,178445.5,,,,6573,43.39,285202.47,,,,115284,3.85,443843.4,,,,,731632.38
2001-10-21,7,12,20,29,41,42,9,4203450.84,3,762344.57,2287033.71,,,,339,1112.91,377276.49,,,,14834,40.62,602557.08,,,,258012,3.63,936583.56,,,,740144.98,22199.59
2001-10-17,3,11,12,25,26,44,27,913399.92,JP,740144.98,0.0,,,,189,955.14,180521.46,,,,8459,34.08,288282.72,,,,135962,3.27,444595.74,,,,,740144.98
2001-10-14,6,26,31,32,35,38,3,6764236.47,1,4299068.33,4299068.33,,,,312,1559.41,486535.92,,,,17888,43.46,777412.48,,,,317783,3.78,1201219.74,,,,2304201.65,1994866.68
2001-10-10,8,20,24,31,33,43,18,1640241.08,DJP,2304201.65,0.0,,,,266,1210.95,322112.7,,,,12731,40.48,515350.88,,,,212375,3.78,802777.5,,,,983507.05,1320694.6
2001-10-07,4,6,14,18,34,35,30,1213388.4,JP,983507.05,0.0,,,,162,1480.71,239875.02,,,,9137,42.0,383754.0,,,,156021,3.78,589759.38,,,,,983507.05
2001-10-03,9,11,13,17,23,24,1,1652367.93,2,370321.58,740643.16,,,,183,987.12,180642.96,,,,9507,30.38,288822.66,,,,145003,3.05,442259.15,,,,,370321.58
2001-09-30,2,4,5,13,28,36,17,6846533.83,1,4312664.84,4312664.84,,,,444,1123.59,498873.96,,,,21431,37.21,797447.51,,,,361856,3.42,1237547.52,,,,2267155.37,2045509.47
2001-09-26,18,27,34,35,36,43,7,1629873.35,DJP,2267155.37,0.0,,,,222,1448.51,321569.22,,,,11734,43.82,514183.88,,,,206265,3.85,794120.25,,,,948654.24,1318501.13
2001-09-23,5,7,15,33,35,40,13,1177638.66,JP,948654.24,0.0,,,,220,1051.72,231378.4,,,,11341,32.63,370056.83,,,,176209,3.27,576203.43,,,,,948654.24
2001-09-19,7,10,15,27,31,41,35,4024187.91,1,2335858.23,2335858.23,,,,338,986.68,333497.84,,,,15899,33.5,532616.5,,,,251442,3.27,822215.34,,,,968420.38,1367437.85
2001-09-16,11,15,18,21,23,27,13,1203719.16,JP,968420.38,0.0,,,,226,1045.11,236194.86,,,,11549,32.7,377652.3,,,,184335,3.2,589872.0,,,,,968420.38
2001-09-12,3,5,14,24,29,42,6,4065384.49,3,818726.63,2456179.89,,,,244,1294.01,315738.44,,,,12365,40.84,504986.6,,,,217212,3.63,788479.56,,,,1161603.82,-342877.19
2001-09-09,9,15,16,20,26,29,12,1428148.31,JP,1161603.82,0.0,,,,265,1069.09,283308.85,,,,14152,31.98,452580.96,,,,226970,3.05,692258.5,,,,,1161603.82
2001-09-05,4,9,25,38,42,43,20,4560796.88,1,2586878.34,2586878.34,,,,208,1875.69,390143.52,,,,13402,46.51,623327.02,,,,240112,4.0,960448.0,,,,987234.94,1599643.4
2001-09-02,15,26,28,40,41,45,5,1221646.17,JP,987234.94,0.0,,,,218,1104.48,240776.64,,,,10377,37.06,384571.62,,,,170859,3.49,596297.91,,,,,987234.94
2001-08-29,11,23,24,28,39,41,33,3927590.7,2,1141896.83,2283793.66,,,,252,1286.89,324296.28,,,,12664,40.91,518084.24,,,,225117,3.56,801416.52,,,,954103.91,187792.92
2001-08-26,2,8,20,21,39,43,45,1179694.59,JP,954103.91,0.0,,,,198,1175.27,232703.46,,,,9039,41.13,371774.07,,,,158462,3.63,575217.06,,,,,954103.91
2001-08-22,8,18,28,30,33,36,14,6145913.24,4,975134.63,3900538.52,,,,344,1289.65,443639.6,,,,18833,37.64,708874.12,,,,319550,3.42,1092861.0,,,,2081511.81,-1106377.18
2001-08-19,10,14,26,30,36,42,20,1761541.91,JP,2081511.81,0.0,,,,322,1079.34,347547.48,,,,15866,35.03,555785.98,,,,245905,3.49,858208.45,,,,656503.42,1425008.39
2001-08-15,6,14,27,29,31,41,2,813969.58,JP,656503.42,0.0,,,,146,1096.71,160119.66,,,,7125,35.9,255787.5,,,,114058,3.49,398062.42,,,,,656503.42
2001-08-12,6,20,31,32,33,43,16,3904021.96,2,1067953.17,2135906.34,,,,180,1942.76,349696.8,,,,11726,47.67,558978.42,,,,219245,3.92,859440.4,,,,702120.16,365833.01
2001-08-08,1,2,17,18,24,33,38,870901.78,JP,702120.16,0.0,,,,124,1381.0,171244.0,,,,6192,44.19,273624.48,,,,110658,3.85,426033.3,,,,,702120.16
2001-08-05,7,11,18,20,35,37,32,2124213.66,2,475615.14,951230.28,,,,174,1333.33,231999.42,,,,8736,42.44,370755.84,,,,150854,3.78,570228.12,,,,,475615.14
2001-08-01,6,11,18,32,35,45,25,1590608.25,1,711616.53,711616.53,,,,140,1239.73,173562.2,,,,6448,43.02,277392.96,,,,109193,3.92,428036.56,,,,,711616.53
2001-07-29,2,12,18,21,37,43,23,2147806.33,1,957492.71,957492.71,,,,192,1216.33,233535.36,,,,8642,43.17,373075.14,,,,143416,4.07,583703.12,,,,,957492.71
2001-07-25,13,21,23,38,42,45,33,3876875.54,1,2293192.01,2293192.01,,,,280,1113.13,311676.4,,,,11656,42.73,498060.88,,,,201025,3.85,773946.25,,,,1015270.31,1277921.7
2001-07-22,12,20,25,27,40,44,2,1255263.23,JP,1015270.31,0.0,,,,144,1719.58,247619.52,,,,8551,46.29,395825.79,,,,156076,3.92,611817.92,,,,,1015270.31
2001-07-18,7,16,20,33,36,43,37,1628847.41,1,726083.37,726083.37,,,,195,908.12,177083.4,,,,7911,35.76,282897.36,,,,126872,3.49,442783.28,,,,,726083.37
2001-07-15,2,5,6,8,11,36,27,2285718.01,2,510109.74,1020219.48,,,,336,740.54,248821.44,,,,14257,27.91,397912.87,,,,207639,2.98,618764.22,,,,,510109.74
2001-07-11,21,23,29,40,41,42,5,1654139.77,1,739389.18,739389.18,,,,139,1297.36,180333.04,,,,6525,44.19,288339.75,,,,118010,3.78,446077.8,,,,,739389.18
2001-07-08,13,18,23,24,39,44,36,11093137.16,2,3586445.5,7172891.0,,,,478,1609.12,769159.36,,,,26760,45.93,1229086.8,,,,480500,4.0,1922000.0,,,,4019276.61,-432831.11
2001-07-04,4,7,16,17,24,45,15,2316489.87,3JP,4019276.61,0.0,,,,335,1364.43,457084.05,,,,19854,36.77,730031.58,,,,338136,3.34,1129374.24,,,,2145215.08,1874061.53
2001-07-01,8,15,19,31,34,44,7,1794696.64,DJP,2145215.08,0.0,,,,293,1207.02,353656.86,,,,13430,42.08,565134.4,,,,231721,3.78,875905.38,,,,695166.02,1450049.06
2001-06-27,3,16,28,32,39,43,38,861102.56,JP,695166.02,0.0,,,,352,481.68,169551.36,,,,10508,25.8,271106.4,,,,131389,3.2,420444.8,,,,,695166.02
2001-06-24,4,23,27,31,38,41,17,4088560.46,3,751957.15,2255871.45,,,,324,1117.78,362160.72,,,,14427,40.12,578811.24,,,,240355,3.71,891717.05,,,,771000.27,-19043.12
2001-06-20,6,20,23,24,29,32,41,951917.35,JP,771000.27,0.0,,,,109,1725.18,188044.62,,,,6806,44.19,300757.14,,,,124829,3.71,463115.59,,,,,771000.27
2001-06-17,3,6,17,24,37,41,25,3704532.85,1,2073821.72,2073821.72,,,,260,1237.69,321799.4,,,,14067,36.55,514148.85,,,,223248,3.56,794762.88,,,,754433.99,1319387.73
2001-06-13,11,20,28,30,42,43,9,933422.44,JP,754433.99,0.0,,,,114,1614.06,184002.84,,,,6530,45.06,294241.8,,,,118228,3.85,455177.8,,,,,754433.99
2001-06-10,1,3,5,6,10,13,43,6571447.22,14,296805.23,4155273.22,,,,1097,433.42,475461.74,,,,37331,20.35,759685.85,,,,405851,2.91,1181026.41,,,,2205778.87,-1908973.64
2001-06-06,3,6,11,17,41,42,19,1473764.12,DJP,2205778.87,0.0,,,,186,1564.72,291037.92,,,,12652,36.77,465214.04,,,,214824,3.34,717512.16,,,,1012506.85,1193272.02
2001-06-03,1,6,15,19,32,38,29,1246630.28,JP,1012506.85,0.0,,,,189,1306.58,246943.62,,,,9652,40.91,394863.32,,,,166618,3.63,604823.34,,,,,1012506.85
2001-05-30,7,9,22,25,29,34,4,1546917.91,2,346234.09,692468.18,,,,163,1036.1,168884.3,,,,7668,35.17,269683.56,,,,127181,3.27,415881.87,,,,,346234.09
2001-05-27,22,23,32,35,36,45,3,3544807.95,2,994467.27,1988934.54,,,,267,1149.97,307041.99,,,,12422,39.53,491041.66,,,,204256,3.71,757789.76,,,,730007.49,264459.78
2001-05-23,6,16,20,31,40,41,23,906951.07,JP,730007.49,0.0,,,,131,1359.13,178046.03,,,,6285,45.28,284584.8,,,,113347,3.92,444320.24,,,,,730007.49
2001-05-20,2,23,33,37,40,43,31,3809485.21,1,2106562.65,2106562.65,,,,205,1634.41,335054.05,,,,12164,44.04,535702.56,,,,216147,3.85,832165.95,,,,732820.14,1373742.51
2001-05-16,6,8,10,27,29,37,45,905091.61,JP,732820.14,0.0,,,,189,945.69,178735.41,,,,8812,32.41,285596.92,,,,141269,3.12,440759.28,,,,,732820.14
2001-05-13,11,19,28,29,37,44,3,2176614.49,1,974914.86,974914.86,,,,197,1207.02,237782.94,,,,9338,40.7,380056.6,,,,160843,3.63,583860.09,,,,,974914.86
2001-05-09,9,10,11,30,32,39,35,3782911.41,3,746034.97,2238104.91,,,,232,1314.29,304915.28,,,,12346,39.46,487173.16,,,,220093,3.42,752718.06,,,,987908.69,-241873.72
2001-05-06,6,27,30,34,39,43,35,1224958.57,JP,987908.69,0.0,,,,182,1323.88,240946.16,,,,9545,40.33,384949.85,,,,168276,3.56,599062.56,,,,,987908.69
2001-05-02,10,18,19,33,39,45,27,1752602.79,1,783512.71,783512.71,,,,157,1217.2,191100.4,,,,7837,38.95,305251.15,,,,130231,3.63,472738.53,,,,,783512.71
2001-04-29,8,15,25,28,29,37,2,2357378.69,1,1052737.44,1052737.44,,,,196,1310.0,256760.0,,,,10599,38.73,410499.27,,,,186369,3.42,637381.98,,,,,1052737.44
2001-04-25,1,11,17,19,22,36,34,1680230.72,2,375051.63,750103.26,,,,154,1187.98,182948.92,,,,7926,36.92,292627.92,,,,136093,3.34,454550.62,,,,,375051.63
2001-04-22,4,18,19,22,41,44,14,3990701.78,3,720458.64,2161375.92,,,,251,1430.2,358980.2,,,,12971,44.26,574096.46,,,,228635,3.92,896249.2,,,,689525.88,30932.76
2001-04-18,2,10,15,18,21,37,44,851554.47,JP,689525.88,0.0,,,,120,1401.42,168170.4,,,,6457,41.64,268869.48,,,,111729,3.71,414514.59,,,,,689525.88
2001-04-15,9,14,34,40,42,45,11,2388953.09,3,356747.38,1070242.14,,,,295,884.79,261013.05,,,,11046,37.79,417428.34,,,,179851,3.56,640269.56,,,,,356747.38
2001-04-11,4,5,20,24,27,29,44,1700649.65,1,759843.54,759843.54,,,,181,1023.89,185324.09,,,,8563,34.59,296194.17,,,,140455,3.27,459287.85,,,,,759843.54
2001-04-08,1,4,7,8,26,27,12,2267700.56,2,507491.48,1014982.96,,,,484,511.47,247551.48,,,,16620,23.76,394891.2,,,,226868,2.69,610274.92,,,,,507491.48
2001-04-04,4,7,14,40,41,44,1,6461532.6,1,4131708.03,4131708.03,,,,393,1172.21,460678.53,,,,18686,39.39,736041.54,,,,312150,3.63,1133104.5,,,,2242905.1,1888802.93
2001-04-01,1,13,28,33,37,41,22,1864217.97,DJP,2242905.1,0.0,,,,326,1132.39,369159.14,,,,15433,38.23,590003.59,,,,254229,3.56,905055.24,,,,729330.17,1513574.93
2001-03-28,5,6,7,15,30,40,36,898708.83,JP,729330.17,0.0,,,,158,1125.85,177884.3,,,,8773,32.41,284332.93,,,,143112,3.05,436491.6,,,,,729330.17
2001-03-25,23,24,27,29,42,44,12,2349604.1,1,1051352.88,1051352.88,,,,150,1709.48,256422.0,,,,8571,47.82,409865.22,,,,157991,4.0,631964.0,,,,,1051352.88
2001-03-21,5,10,13,22,38,41,33,1694402.91,2,378807.37,757614.74,,,,170,1086.89,184771.3,,,,8184,36.12,295606.08,,,,125733,3.63,456410.79,,,,,378807.37
2001-03-18,13,20,30,33,37,38,2,4266795.31,1,2327717.42,2327717.42,,,,258,1477.37,381161.46,,,,14357,42.44,609311.08,,,,246391,3.85,948605.35,,,,764935.36,1562782.06
2001-03-14,5,18,25,27,29,30,20,949178.25,JP,764935.36,0.0,,,,160,1166.04,186566.4,,,,8446,35.32,298312.72,,,,133037,3.49,464299.13,,,,,764935.36
2001-03-11,1,2,7,25,28,38,32,2555256.05,1,1139743.25,1139743.25,,,,200,1389.87,277974.0,,,,11801,37.64,444189.64,,,,194761,3.56,693349.16,,,,,1139743.25
2001-03-07,8,15,24,30,32,44,38,1871576.96,1,835670.88,835670.88,,,,165,1235.22,203811.3,,,,7874,41.35,325589.9,,,,133996,3.78,506504.88,,,,,835670.88
2001-03-04,6,7,8,29,39,41,38,7155860.98,1,4529465.27,4529465.27,,,,354,1466.25,519052.5,,,,20295,40.91,830268.45,,,,365924,3.49,1277074.76,,,,2401328.1,2128137.17
2001-02-28,2,3,11,24,32,43,18,1669325.7,DJP,2401328.1,0.0,,,,232,1413.56,327945.92,,,,12728,41.21,524520.88,,,,225030,3.63,816858.9,,,,1056724.78,1344603.32
2001-02-25,13,20,22,29,38,41,4,1308643.54,JP,1056724.78,0.0,,,,188,1370.9,257729.2,,,,9816,42.0,412272.0,,,,168953,3.78,638642.34,,,,,1056724.78
2001-02-21,2,6,8,12,16,33,1,1690687.88,4,188762.16,755048.64,,,,217,848.6,184146.2,,,,11401,25.8,294145.8,,,,157164,2.91,457347.24,,,,,188762.16
2001-02-18,1,2,5,7,28,37,8,4202682.41,1,2308400.18,2308400.18,,,,330,1128.03,372249.9,,,,18499,32.19,595482.81,,,,296971,3.12,926549.52,,,,782116.31,1526283.87
2001-02-14,3,16,17,25,38,41,36,966076.8,JP,782116.31,0.0,,,,198,963.42,190757.16,,,,7869,38.73,304766.37,,,,129629,3.63,470553.27,,,,,782116.31
2001-02-11,6,8,10,11,12,35,23,2520144.57,1,1123203.64,1123203.64,,,,283,968.0,273944.0,,,,14213,30.81,437902.53,,,,214092,3.2,685094.4,,,,,1123203.64
2001-02-07,5,8,15,27,30,31,10,4216878.12,1,2478982.22,2478982.22,,,,374,913.79,341757.46,,,,17078,31.98,546154.44,,,,265620,3.2,849984.0,,,,1077720.11,1401262.11
2001-02-04,10,12,18,20,29,43,4,1327958.87,JP,1077720.11,0.0,,,,199,1320.83,262845.17,,,,10620,39.53,419808.6,,,,177770,3.63,645305.1,,,,,1077720.11
2001-01-31,1,26,30,32,37,39,42,1786865.75,1,799693.1,799693.1,,,,131,1488.85,195039.35,,,,7118,43.82,311910.76,,,,127043,3.78,480222.54,,,,,799693.1
2001-01-28,3,7,11,15,37,42,34,4420306.76,2,1228297.35,2456594.7,,,,314,1239.51,389206.14,,,,17392,35.76,621937.92,,,,285200,3.34,952568.0,,,,860785.16,367512.19
2001-01-24,15,20,24,38,39,41,35,1069639.0,JP,860785.16,0.0,,,,130,1614.94,209942.2,,,,6526,51.45,335762.7,,,,124155,4.22,523934.1,,,,,860785.16
2001-01-21,2,7,14,21,26,30,32,4478555.11,5,493611.33,2468056.65,,,,482,825.78,398025.96,,,,20998,30.3,636239.4,,,,327595,2.98,976233.1,,,,836077.99,-342466.66
2001-01-17,1,15,29,30,36,45,5,1033529.31,JP,836077.99,0.0,,,,156,1307.17,203918.52,,,,10371,31.39,325545.69,,,,130926,3.85,504065.1,,,,,836077.99
2001-01-14,19,24,27,32,38,44,30,4711714.89,3,867720.47,2603161.41,,,,278,1499.24,416788.72,,,,15596,42.73,666417.08,,,,271256,3.78,1025347.68,,,,894247.51,-26527.04
2001-01-10,9,16,18,20,23,29,26,1104866.87,JP,894247.51,0.0,,,,226,965.02,218094.52,,,,10358,33.65,348546.7,,,,164595,3.27,538225.65,,,,,894247.51
2001-01-07,29,31,35,37,40,41,8,11523724.44,2,3792790.71,7585581.42,,,,605,1283.26,776372.3,,,,28168,44.04,1240518.72,,,,480313,4.0,1921252.0,,,,4402422.04,-609631.33
2001-01-03,4,7,24,37,39,44,26,2387807.45,3JP,4402422.04,0.0,,,,315,1497.28,471643.2,,,,16919,44.55,753741.45,,,,301928,3.85,1162422.8,,,,2468664.41,1933757.63
2000-12-31,1,3,24,36,39,40,42,2084652.38,DJP,2468664.41,0.0,,,,260,1572.65,408889.0,,,,13801,47.38,653891.38,,,,255468,4.0,1021872.0,,,,792149.46,1676514.95
2000-12-27,6,13,24,34,37,38,33,983749.69,JP,792149.46,0.0,,,,129,1497.73,193207.17,,,,6829,45.2,308670.8,,,,118396,4.07,481871.72,,,,,792149.46
2000-12-23,7,31,37,40,42,43,12,2768958.95,2,618261.29,1236522.58,,,,189,1595.69,301585.41,,,,10317,46.73,482113.41,,,,183965,4.07,748737.55,,,,,618261.29
2000-12-20,7,26,30,36,37,41,38,4762488.71,2,1364676.89,2729353.78,,,,308,1301.07,400729.56,,,,16475,38.88,640548.0,,,,267347,3.71,991857.37,,,,1086331.88,278345.01
2000-12-17,4,9,16,31,35,37,15,1349405.05,JP,1086331.88,0.0,,,,154,1720.47,264952.38,,,,9037,46.87,423564.19,,,,168594,3.92,660888.48,,,,,1086331.88
2000-12-13,12,14,16,20,28,40,42,15007137.73,4,2272411.88,9089647.52,,,,1371,850.5,1166035.5,,,,59144,31.54,1865401.76,,,,882585,3.27,2886052.95,,,,4308798.85,-2036386.97
2000-12-10,1,5,32,35,37,44,22,2361539.01,3JP,4308798.85,0.0,,,,282,1649.39,465127.98,,,,15639,47.53,743321.67,,,,278524,4.14,1153089.36,,,,2401729.99,1907068.86
2000-12-06,1,13,18,32,37,42,38,1710966.48,DJP,2401729.99,0.0,,,,201,1678.46,337370.46,,,,10778,50.07,539654.46,,,,191271,4.36,833941.56,,,,1018481.34,1383248.65
2000-12-03,3,12,15,17,19,32,13,1263688.58,JP,1018481.34,0.0,,,,319,778.7,248405.3,,,,12988,30.6,397432.8,,,,198029,3.12,617850.48,,,,,1018481.34
2000-11-29,8,9,18,23,35,36,24,3995039.84,2,1168508.89,2337017.78,,,,316,1030.07,325502.12,,,,13039,39.9,520256.1,,,,228164,3.56,812263.84,,,,1002397.64,166111.25
2000-11-26,15,16,25,30,37,41,13,1238237.9,JP,1002397.64,0.0,,,,157,1557.17,244475.69,,,,7786,50.22,391012.92,,,,140501,4.29,602749.29,,,,,1002397.64
2000-11-22,2,6,14,16,18,42,10,6631039.11,2,2074625.88,4149251.76,,,,452,1078.98,487698.96,,,,19775,39.39,778937.25,,,,327534,3.71,1215151.14,,,,2149647.24,-75021.36
2000-11-19,4,15,19,23,25,28,31,1757637.78,DJP,2149647.24,0.0,,,,311,1119.39,348130.29,,,,16343,34.08,556969.44,,,,260715,3.27,852538.05,,,,722248.51,1427398.73
2000-11-15,8,14,16,17,21,32,37,890210.81,JP,722248.51,0.0,,,,147,1198.31,176151.57,,,,8516,33.07,281624.12,,,,138601,3.12,432435.12,,,,,722248.51
2000-11-12,5,14,26,34,40,43,31,3983094.77,1,2179071.09,2179071.09,,,,332,1071.64,355784.48,,,,15627,36.41,568979.07,,,,251937,3.49,879260.13,,,,720339.6,1458731.49
2000-11-08,2,21,22,28,40,41,24,890090.48,JP,720339.6,0.0,,,,167,1052.02,175687.34,,,,6903,40.7,280952.1,,,,119408,3.63,433451.04,,,,,720339.6
2000-11-05,1,2,12,16,27,37,28,2435801.52,2,544894.19,1089788.38,,,,224,1186.61,265800.64,,,,11114,38.23,424888.22,,,,187772,3.49,655324.28,,,,,544894.19
2000-11-01,3,19,20,28,39,45,14,1627581.03,1,725983.56,725983.56,,,,221,801.15,177054.15,,,,9033,31.32,282913.56,,,,141548,3.12,441629.76,,,,,725983.56
2000-10-29,9,15,16,29,37,44,32,3770201.75,2,1068601.84,2137203.68,,,,224,1432.68,320920.32,,,,11890,43.17,513291.3,,,,207477,3.85,798786.45,,,,821394.97,247206.87
2000-10-25,9,10,12,18,37,43,11,1012335.87,JP,821394.97,0.0,,,,119,1683.48,200334.12,,,,6825,46.95,320433.75,,,,125400,3.92,491568.0,,,,,821394.97
2000-10-22,10,26,28,32,33,43,3,4003203.05,1,2187663.77,2187663.77,,,,309,1152.82,356221.38,,,,16383,34.74,569145.42,,,,272224,3.27,890172.48,,,,727097.43,1460566.34
2000-10-18,5,6,14,16,22,40,28,895334.62,JP,727097.43,0.0,,,,108,1641.98,177333.84,,,,7397,38.3,283305.1,,,,127104,3.42,434695.68,,,,,727097.43
2000-10-15,12,13,14,23,32,36,1,4050251.71,1,2215333.64,2215333.64,,,,300,1202.89,360867.0,,,,13829,41.71,576807.59,,,,237366,3.78,897243.48,,,,735709.07,1479624.57
2000-10-11,4,21,26,33,37,41,27,912529.48,JP,735709.07,0.0,,,,147,1220.62,179431.14,,,,7881,36.41,286947.21,,,,127837,3.49,446151.13,,,,,735709.07
2000-10-08,5,14,29,31,34,38,43,2233792.82,1,998291.09,998291.09,,,,167,1457.97,243480.99,,,,9346,41.64,389167.44,,,,159485,3.78,602853.3,,,,,998291.09
2000-10-04,2,11,15,24,28,38,19,1694746.75,1,757687.24,757687.24,,,,235,786.33,184787.55,,,,8556,34.52,295353.12,,,,133602,3.42,456918.84,,,,,757687.24
2000-10-01,2,6,26,38,44,45,5,2274586.45,1,1014277.05,1014277.05,,,,191,1295.18,247379.38,,,,9594,41.21,395368.74,,,,163376,3.78,617561.28,,,,,1014277.05
2000-09-27,1,10,16,32,35,37,39,4145074.75,1,2402278.6,2402278.6,,,,224,1528.68,342424.32,,,,11367,48.18,547662.06,,,,209511,4.07,852709.77,,,,998304.09,1403974.51
2000-09-24,3,11,31,32,36,40,30,1231398.33,JP,998304.09,0.0,,,,165,1475.63,243478.95,,,,8907,43.68,389057.76,,,,158429,3.78,598861.62,,,,,998304.09
2000-09-20,2,12,17,27,41,45,26,1691727.74,2,378782.87,757565.74,,,,158,1169.39,184763.62,,,,7923,37.28,295369.44,,,,132757,3.42,454028.94,,,,,378782.87
2000-09-17,11,21,22,35,42,43,33,2406936.35,2,537540.44,1075080.88,,,,206,1272.87,262211.22,,,,10767,38.95,419374.65,,,,182660,3.56,650269.6,,,,,537540.44
2000-09-13,7,9,10,27,41,44,23,6841634.75,4,1085521.58,4342086.32,,,,409,1211.39,495458.51,,,,21790,36.34,791848.6,,,,370716,3.27,1212241.32,,,,2310609.51,-1225087.93
2000-09-10,6,11,17,19,32,44,2,1883208.96,DJP,2310609.51,0.0,,,,380,973.75,370025.0,,,,16738,35.32,591186.16,,,,269590,3.42,921997.8,,,,793427.28,1517182.23
2000-09-06,7,28,31,32,41,42,21,980474.51,JP,793427.28,0.0,,,,111,1743.36,193512.96,,,,6613,46.8,309488.4,,,,124019,3.85,477473.15,,,,,793427.28
2000-09-03,2,10,26,36,40,45,30,2284708.64,1,1023735.27,1023735.27,,,,212,1177.74,249680.88,,,,10275,38.88,399492.0,,,,175301,3.49,611800.49,,,,,1023735.27
2000-08-30,1,5,12,37,40,45,16,4219646.35,1,2451235.08,2451235.08,,,,225,1541.98,346945.5,,,,12317,45.06,555004.02,,,,225055,3.85,866461.75,,,,1028697.69,1422537.39
2000-08-27,3,16,29,41,42,43,7,1278780.22,JP,1028697.69,0.0,,,,186,1348.89,250893.54,,,,9351,42.88,400970.88,,,,168980,3.71,626915.8,,,,,1028697.69
2000-08-23,1,9,13,19,23,30,15,3745352.12,3,741971.92,2225915.76,,,,299,1002.38,299711.62,,,,14794,32.41,479473.54,,,,237260,3.12,740251.2,,,,997023.44,-255051.52
2000-08-20,25,27,28,31,36,39,17,1234596.56,JP,997023.44,0.0,,,,190,1279.85,243171.5,,,,8754,44.4,388677.6,,,,159457,3.78,602747.46,,,,,997023.44
2000-08-16,1,6,7,9,11,25,37,1573182.78,7,100566.63,703966.41,,,,404,424.99,171695.96,,,,13245,20.71,274303.95,,,,161533,2.62,423216.46,,,,,100566.63
2000-08-13,8,14,19,28,31,43,30,4248604.15,2,1180563.73,2361127.46,,,,298,1247.51,371757.98,,,,14829,40.04,593753.16,,,,253985,3.63,921965.55,,,,836850.77,343712.96
2000-08-09,22,33,34,39,40,45,41,1032874.85,JP,836850.77,0.0,,,,149,1369.82,204103.18,,,,9019,36.19,326397.61,,,,146893,3.42,502374.06,,,,,836850.77
2000-08-06,3,6,16,21,32,38,12,7074164.12,4,1102831.14,4411324.56,,,,498,1052.6,524194.8,,,,23345,35.9,838085.5,,,,389389,3.34,1300559.26,,,,2262090.38,-1159259.24
2000-08-02,12,16,19,36,44,45,20,1558755.47,DJP,2262090.38,0.0,,,,217,1414.59,306966.03,,,,11068,44.33,490644.44,,,,197700,3.85,761145.0,,,,1003528.87,1258561.51
2000-07-30,8,15,18,21,34,42,4,1236916.74,JP,1003528.87,0.0,,,,225,1087.77,244748.25,,,,9873,39.61,391069.53,,,,165592,3.63,601098.96,,,,,1003528.87
2000-07-26,1,2,11,16,26,32,30,4033321.97,1,2369475.66,2369475.66,,,,271,1206.96,327086.16,,,,14205,36.77,522317.85,,,,243845,3.34,814442.3,,,,1028419.35,1341056.31
2000-07-23,3,4,17,20,21,44,32,1271423.32,JP,1028419.35,0.0,,,,173,1449.91,250834.43,,,,11179,35.9,401326.1,,,,189377,3.27,619262.79,,,,,1028419.35
2000-07-19,5,7,14,32,35,41,3,1638775.71,1,730658.71,730658.71,,,,200,890.98,178196.0,,,,8484,33.58,284892.72,,,,133242,3.34,445028.28,,,,,730658.71
2000-07-16,1,3,8,11,28,35,9,4184046.28,3,771153.76,2313461.28,,,,355,1041.63,369778.65,,,,18830,31.39,591073.7,,,,298273,3.05,909732.65,,,,797311.67,-26157.91
2000-07-12,13,21,23,34,37,38,7,987089.27,JP,797311.67,0.0,,,,160,1215.39,194462.4,,,,7807,39.83,310952.81,,,,127427,3.78,481674.06,,,,,797311.67
2000-07-09,15,19,27,30,38,43,42,1908611.41,1,638789.55,638789.55,,,,205,1557.97,319383.85,,,,10203,41.71,425567.13,,,,180368,2.91,524870.88,,,,,638789.55
2000-07-05,7,9,14,28,29,40,30,1478937.69,2,246925.55,493851.1,,,,231,1068.88,246911.28,,,,10696,30.74,328795.04,,,,165741,2.47,409380.27,,,,,246925.55
2000-07-02,1,2,4,6,7,27,45,3153655.49,4,347316.9,1389267.6,,,,769,574.05,441444.45,,,,27898,21.08,588089.84,,,,306189,2.4,734853.6,,,,506295.26,-158978.36
2000-06-28,3,13,17,28,33,37,18,1004579.42,JP,506295.26,0.0,,,,322,786.11,253127.42,,,,12300,27.4,337020.0,,,,172680,2.4,414432.0,,,,,506295.26
2000-06-25,26,27,29,37,39,44,7,1860471.96,1,624543.97,624543.97,,,,296,1054.93,312259.28,,,,12124,34.3,415853.2,,,,188779,2.69,507815.51,,,,,624543.97
2000-06-21,8,9,11,17,24,43,5,1422533.63,1,475165.62,475165.62,,,,167,1422.58,237570.86,,,,8771,36.05,316194.55,,,,150230,2.62,393602.6,,,,,475165.62
2000-06-18,13,14,25,31,36,40,35,3077371.98,2,662863.98,1325727.96,,,,212,2072.86,439446.32,,,,11996,48.84,585884.64,,,,217459,3.34,726313.06,,,,446810.87,216053.11
2000-06-14,2,10,11,16,22,44,20,888211.46,JP,446810.87,0.0,,,,160,1396.27,223403.2,,,,8378,35.54,297754.12,,,,140097,2.62,367054.14,,,,,446810.87
2000-06-11,3,6,12,13,21,28,25,1949881.61,1,655438.87,655438.87,,,,412,795.41,327708.92,,,,17374,25.14,436782.36,,,,243097,2.18,529951.46,,,,,655438.87
2000-06-07,8,17,27,34,35,38,36,3433586.36,2,781186.47,1562372.94,,,,583,806.6,470247.8,,,,22887,27.33,625501.71,,,,313953,2.47,775463.91,,,,621817.34,159369.13
2000-06-04,6,7,39,40,43,45,34,1237553.54,JP,621817.34,0.0,,,,286,1087.05,310896.3,,,,9195,45.06,414326.7,,,,171923,2.98,512330.54,,,,,621817.34
2000-05-31,9,15,16,20,33,45,27,1488076.3,1,498216.81,498216.81,,,,224,1112.05,249099.2,,,,9693,34.23,331791.39,,,,156095,2.62,408968.9,,,,,498216.81
2000-05-28,11,21,32,35,44,45,1,2075456.97,2,347015.6,694031.2,,,,365,950.71,347009.15,,,,13127,35.25,462726.75,,,,196457,2.91,571689.87,,,,,347015.6
2000-05-24,11,14,16,20,25,26,38,1603626.62,1,537622.49,537622.49,,,,172,1562.84,268808.48,,,,8494,42.15,358022.1,,,,155185,2.83,439173.55,,,,,537622.49
2000-05-21,7,12,19,24,25,27,43,1995320.64,2,333262.45,666524.9,,,,318,1047.95,333248.1,,,,14996,29.58,443581.68,,,,223468,2.47,551965.96,,,,,333262.45
2000-05-17,2,27,28,37,38,45,29,3102312.32,2,745607.69,1491215.38,,,,280,1449.03,405728.4,,,,12444,43.46,540816.24,,,,217886,3.05,664552.3,,,,679749.93,65857.76
2000-05-14,1,11,29,30,41,43,23,1345879.27,JP,679749.93,0.0,,,,198,1716.47,339861.06,,,,10367,43.68,452830.56,,,,181373,3.05,553187.65,,,,,679749.93
2000-05-10,4,17,25,34,40,45,33,1448764.48,1,483008.68,483008.68,,,,132,1829.55,241500.6,,,,7250,44.4,321900.0,,,,125736,3.2,402355.2,,,,,483008.68
2000-05-07,4,6,24,30,31,32,22,2040279.98,1,681059.87,681059.87,,,,152,2240.3,340525.6,,,,9433,48.11,453821.63,,,,181049,3.12,564872.88,,,,,681059.87
2000-05-03,11,12,27,32,40,42,19,1422248.67,1,475468.09,475468.09,,,,128,1857.24,237726.72,,,,6786,46.66,316634.76,,,,128662,3.05,392419.1,,,,,475468.09
2000-04-30,7,11,30,31,38,41,24,5339147.48,1,2787813.91,2787813.91,,,,400,1598.31,639324.0,,,,20685,41.21,852428.85,,,,355564,2.98,1059580.72,,,,1509131.84,1278682.07
2000-04-26,1,10,12,20,38,45,44,1572340.72,DJP,1509131.84,0.0,,,,252,1568.36,395226.72,,,,15118,34.81,526257.58,,,,223662,2.91,650856.42,,,,718658.45,790473.39
2000-04-23,22,24,25,27,42,45,16,1426504.87,JP,718658.45,0.0,,,,202,1778.83,359323.66,,,,10196,46.95,478702.2,,,,179963,3.27,588479.01,,,,,718658.45
2000-04-19,18,21,23,27,43,45,24,3171261.2,1,1519362.0,1519362.0,,,,224,1849.46,414279.04,,,,12241,45.06,551579.46,,,,230215,2.98,686040.7,,,,690773.9,828588.1
2000-04-16,5,9,12,14,16,30,8,1366033.51,JP,690773.9,0.0,,,,364,948.82,345370.48,,,,14689,31.32,460059.48,,,,226965,2.47,560603.55,,,,,690773.9
2000-04-12,3,7,8,22,43,45,32,1451588.91,3,162269.59,486808.77,,,,171,1423.38,243397.98,,,,9455,34.3,324306.5,,,,156329,2.54,397075.66,,,,,162269.59
2000-04-09,4,15,16,19,23,45,28,2068131.22,1,691958.62,691958.62,,,,208,1663.35,345976.8,,,,11028,41.79,460860.12,,,,195648,2.91,569335.68,,,,,691958.62
2000-04-05,3,15,30,32,33,34,22,3273077.21,1,1560125.29,1560125.29,,,,275,1561.24,429341.0,,,,15934,35.9,572030.6,,,,264528,2.69,711580.32,,,,701418.29,858707.0
2000-04-02,2,3,4,21,28,36,45,1393746.98,JP,701418.29,0.0,,,,210,1670.03,350706.3,,,,12056,38.73,466928.88,,,,219890,2.62,576111.8,,,,,701418.29
2000-03-29,10,14,17,27,41,45,33,1455313.92,3,162496.98,487490.94,,,,185,1317.5,243737.5,,,,8732,37.21,324917.72,,,,144626,2.76,399167.76,,,,,162496.98
2000-03-26,9,16,24,28,35,36,39,3467315.26,1,1491136.18,1491136.18,,,,367,1353.11,496591.37,,,,18902,35.03,662137.06,,,,303885,2.69,817450.65,,,,497915.87,993220.31
2000-03-22,3,4,7,20,22,43,32,989105.56,JP,497915.87,0.0,,,,182,1367.86,248950.52,,,,9640,34.37,331326.8,,,,160956,2.54,408828.24,,,,,497915.87
2000-03-19,1,20,23,39,40,41,31,2150969.07,3,239634.89,718904.67,,,,204,1761.97,359441.88,,,,10879,44.04,479111.16,,,,190228,3.12,593511.36,,,,,239634.89
2000-03-15,5,14,19,24,25,40,8,1590339.09,1,533270.81,533270.81,,,,157,1698.3,266633.1,,,,8588,41.35,355113.8,,,,146081,2.98,435321.38,,,,,533270.81
2000-03-12,8,10,22,27,32,45,38,5772579.16,4,750999.99,3003999.96,,,,632,1101.58,696198.56,,,,31276,29.65,927333.4,,,,450806,2.54,1145047.24,,,,1611576.36,-860576.37
2000-03-08,3,4,7,9,14,34,11,1790293.16,DJP,1611576.36,0.0,,,,333,1355.21,451284.93,,,,18290,32.85,600826.5,,,,298859,2.47,738181.73,,,,708978.94,902597.42
2000-03-05,5,16,17,29,36,44,8,1417172.12,JP,708978.94,0.0,,,,329,1077.46,354484.34,,,,12930,36.55,472591.5,,,,213803,2.76,590096.28,,,,,708978.94
2000-03-01,3,9,11,15,16,22,8,1563762.46,1,524578.06,524578.06,,,,291,901.3,262278.3,,,,12744,27.4,349185.6,,,,190098,2.25,427720.5,,,,,524578.06
2000-02-27,7,10,12,21,39,42,17,2104355.25,1,705254.79,705254.79,,,,282,1250.42,352618.44,,,,13785,34.08,469792.8,,,,227043,2.54,576689.22,,,,,705254.79
2000-02-23,13,22,26,33,35,43,6,5056216.5,6,445479.93,2672879.58,,,,596,1000.64,596381.44,,,,25988,30.6,795232.8,,,,390442,2.54,991722.68,,,,1480083.07,-1034603.14
2000-02-20,21,27,28,35,39,40,37,1925472.69,DJP,1480083.07,0.0,,,,378,1280.0,483840.0,,,,18389,35.03,644166.67,,,,313963,2.54,797466.02,,,,512366.54,967716.53
2000-02-16,4,7,8,19,35,37,14,1016162.33,JP,512366.54,0.0,,,,141,1816.83,256173.03,,,,8645,39.46,341131.7,,,,151760,2.76,418857.6,,,,,512366.54
2000-02-13,9,13,21,23,31,34,8,2111726.09,6,118190.65,709143.9,,,,390,909.14,354564.6,,,,15597,30.3,472589.1,,,,232967,2.47,575428.49,,,,,118190.65
2000-02-09,7,8,11,25,32,36,20,3508975.53,3,551724.61,1655173.83,,,,279,1663.2,464032.8,,,,14628,42.3,618764.4,,,,264950,2.91,771004.5,,,,727089.07,-175364.46
2000-02-06,6,7,16,17,24,42,40,1453533.84,JP,727089.07,0.0,,,,290,1253.54,363526.6,,,,13129,36.92,484722.68,,,,219306,2.76,605284.56,,,,,727089.07
2000-02-02,10,22,29,35,38,45,31,3421368.0,2,819656.4,1639312.8,,,,372,1200.13,446448.36,,,,15204,39.1,594476.4,,,,254684,2.91,741130.44,,,,746411.17,73245.23
2000-01-30,14,24,33,34,37,42,35,1483658.06,JP,746411.17,0.0,,,,219,1704.12,373202.28,,,,11139,44.62,497022.18,,,,191698,3.2,613433.6,,,,,746411.17
2000-01-26,5,21,30,36,40,43,26,1555329.91,1,521245.69,521245.69,,,,157,1660.0,260620.0,,,,8458,41.06,347285.48,,,,143013,2.98,426178.74,,,,,521245.69
2000-01-23,3,9,19,24,40,43,17,5890710.5,1,3038454.89,3038454.89,,,,531,1348.09,715835.79,,,,27574,34.59,953784.66,,,,428491,2.76,1182635.16,,,,1606718.94,1431735.95
2000-01-19,8,17,20,26,35,36,32,1760034.85,DJP,1606718.94,0.0,,,,393,1130.87,444431.91,,,,17548,33.72,591718.56,,,,269102,2.69,723884.38,,,,717832.08,888886.86
2000-01-16,10,27,30,31,34,40,4,1434186.25,JP,717832.08,0.0,,,,255,1407.47,358904.85,,,,13783,34.67,477856.61,,,,222091,2.69,597424.79,,,,,717832.08
2000-01-12,2,6,17,20,29,37,39,5318398.35,1,2721672.07,2721672.07,,,,488,1345.69,656696.72,,,,23175,37.72,874161.0,,,,376632,2.83,1065868.56,,,,1408208.75,1313463.32
2000-01-09,3,8,25,35,42,43,36,1767136.6,DJP,1408208.75,0.0,,,,230,1935.66,445201.8,,,,12673,46.8,593096.4,,,,227762,3.2,728838.4,,,,517797.56,890411.19
2000-01-05,3,19,23,24,28,43,33,1026632.13,JP,517797.56,0.0,,,,195,1327.67,258895.65,,,,9179,37.57,344855.03,,,,157205,2.69,422881.45,,,,,517797.56
2000-01-02,3,9,21,38,39,42,41,3279010.03,1,1441573.6,1441573.6,,,,344,1343.0,461992.0,,,,18089,34.01,615206.89,,,,290167,2.62,760237.54,,,,517570.31,924003.29
1999-12-29,10,19,20,25,36,45,2,1027542.88,JP,517570.31,0.0,,,,145,1784.71,258782.95,,,,7701,44.77,344773.77,,,,135893,3.12,423986.16,,,,,517570.31
1999-12-26,2,6,16,23,33,42,37,1989329.71,1,667114.94,667114.94,,,,291,1146.2,333544.2,,,,12085,36.77,444365.45,,,,197212,2.76,544305.12,,,,,667114.94
1999-12-22,6,17,21,36,43,44,24,3403054.5,1,1635941.27,1635941.27,,,,269,1645.62,442671.78,,,,13789,42.8,590169.2,,,,240745,3.05,734272.25,,,,750573.39,885367.88
1999-12-19,4,18,22,23,40,45,39,1498924.24,JP,750573.39,0.0,,,,187,2006.87,375284.69,,,,11221,44.55,499895.55,,,,194920,3.2,623744.0,,,,,750573.39
1999-12-15,6,10,13,19,29,35,1,1552893.93,1,519918.75,519918.75,,,,230,1130.22,259950.6,,,,10093,34.3,346189.9,,,,162914,2.62,426834.68,,,,,519918.75
1999-12-12,21,25,29,33,37,42,16,3501946.53,3,497016.4,1491049.2,,,,404,1245.84,503319.36,,,,17899,37.43,669959.57,,,,281080,2.98,837618.4,,,,484373.56,12642.84
1999-12-08,1,22,24,29,31,38,10,962083.33,JP,484373.56,0.0,,,,105,2306.51,242183.55,,,,6381,50.58,322750.98,,,,124109,3.2,397148.8,,,,,484373.56
1999-12-05,17,28,29,31,39,43,1,3364256.26,4,362063.63,1448254.52,,,,429,1128.69,484208.01,,,,19641,32.85,645206.85,,,,300224,2.62,786586.88,,,,479805.89,-117742.26
1999-12-01,4,18,20,24,29,44,35,949020.2,JP,479805.89,0.0,,,,158,1518.36,239900.88,,,,8572,37.28,319564.16,,,,137652,2.83,389555.16,,,,,479805.89
1999-11-28,5,16,23,27,34,37,39,3138078.14,2,677943.63,1355887.26,,,,442,1014.96,448612.32,,,,19050,31.39,597979.5,,,,280763,2.62,735599.06,,,,458645.3,219298.33
1999-11-24,1,19,29,31,42,43,30,912531.04,JP,458645.3,0.0,,,,124,1849.32,229315.68,,,,6752,45.28,305730.56,,,,117964,3.2,377484.8,,,,,458645.3
1999-11-21,1,3,15,22,32,44,39,2010456.52,1,672720.24,672720.24,,,,285,1180.14,336339.9,,,,12062,37.14,447982.68,,,,205730,2.69,553413.7,,,,,672720.24
1999-11-17,7,14,28,32,33,40,4,1426286.62,2,238546.75,477093.5,,,,215,1109.5,238542.5,,,,9138,34.74,317454.12,,,,150075,2.62,393196.5,,,,,238546.75
1999-11-14,13,17,19,34,39,45,21,2106003.16,1,702693.93,702693.93,,,,219,1604.26,351332.94,,,,11818,39.61,468110.98,,,,200641,2.91,583865.31,,,,,702693.93
1999-11-10,6,11,17,32,35,45,7,1508170.17,3,167734.77,503204.31,,,,163,1543.51,251592.13,,,,8309,40.33,335101.97,,,,143736,2.91,418271.76,,,,,167734.77
1999-11-07,9,10,12,14,26,39,2,2145109.43,1,717777.58,717777.58,,,,266,1349.18,358881.88,,,,15019,31.83,478054.77,,,,245998,2.4,590395.2,,,,,717777.58
1999-11-03,8,21,22,27,29,32,25,4565106.71,1,2477639.71,2477639.71,,,,453,1164.59,527559.27,,,,23982,29.29,702432.78,,,,368015,2.33,857474.95,,,,1422476.64,1055163.07
1999-10-31,5,11,13,17,37,38,20,1903824.34,DJP,1422476.64,0.0,,,,316,1522.43,481087.88,,,,15971,40.12,640756.52,,,,276318,2.83,781979.94,,,,460292.66,962183.98
1999-10-27,1,11,32,35,38,42,23,913385.21,JP,460292.66,0.0,,,,120,1917.85,230142.0,,,,5897,52.03,306820.91,,,,110065,3.42,376422.3,,,,,460292.66
1999-10-24,13,14,18,40,41,42,2,3386877.39,14,104007.86,1456110.04,,,,236,2057.38,485541.68,,,,11967,54.07,647055.69,,,,228702,3.49,798169.98,,,,485022.67,-381014.81
1999-10-20,5,14,32,37,39,40,11,966604.12,JP,485022.67,0.0,,,,138,1757.31,242508.78,,,,8849,36.48,322811.52,,,,134659,2.98,401283.82,,,,,485022.67
1999-10-17,1,22,23,25,29,30,38,3415925.06,1,1468832.43,1468832.43,,,,308,1588.49,489254.92,,,,14764,44.19,652421.16,,,,264071,3.05,805416.55,,,,490293.75,978538.68
1999-10-13,16,20,27,28,33,36,34,976835.51,JP,490293.75,0.0,,,,207,1184.21,245131.47,,,,10276,31.76,326365.76,,,,159582,2.54,405338.28,,,,,490293.75
1999-10-10,3,13,23,32,35,43,25,3467435.16,6,248364.92,1490189.52,,,,673,736.91,495940.43,,,,22981,28.71,659784.51,,,,290290,2.83,821520.7,,,,498287.23,-249922.31
1999-10-06,7,8,10,26,35,44,19,993371.9,JP,498287.23,0.0,,,,230,1083.2,249136.0,,,,10717,30.96,331798.32,,,,162377,2.54,412437.58,,,,,498287.23
1999-10-03,5,15,20,28,30,42,43,3375196.66,1,1473900.74,1473900.74,,,,459,1037.7,476304.3,,,,20080,31.61,634728.8,,,,293778,2.69,790262.82,,,,521278.62,952622.12
1999-09-29,24,27,29,31,34,43,44,1037697.42,JP,521278.62,0.0,,,,126,2068.5,260631.0,,,,7709,45.06,347367.54,,,,137724,3.12,429698.88,,,,,521278.62
1999-09-26,4,7,11,15,27,42,26,2005568.56,1,671817.85,671817.85,,,,399,841.85,335898.15,,,,15478,28.92,447623.76,,,,229262,2.4,550228.8,,,,,671817.85
1999-09-22,4,6,12,19,22,28,35,1460267.43,3,162523.58,487570.74,,,,347,702.53,243777.91,,,,12260,26.45,324277.0,,,,173666,2.33,404641.78,,,,,162523.58
1999-09-19,3,5,7,20,38,42,37,2130034.29,1,714061.57,714061.57,,,,214,1668.36,357029.04,,,,11861,40.12,475863.32,,,,211261,2.76,583080.36,,,,,714061.57
1999-09-15,1,4,18,21,22,30,12,3110106.27,1,1504131.92,1504131.92,,,,274,1475.85,404382.9,,,,14136,38.08,538298.88,,,,234379,2.83,663292.57,,,,695332.34,808799.58
1999-09-12,4,17,20,30,32,43,7,1385159.37,JP,695332.34,0.0,,,,239,1454.63,347656.57,,,,11040,41.93,462907.2,,,,188392,3.05,574595.6,,,,,695332.34
1999-09-08,12,13,15,17,23,34,44,1542057.37,1,515856.96,515856.96,,,,152,1696.85,257921.2,,,,8667,39.68,343906.56,,,,149955,2.83,424372.65,,,,,515856.96
1999-09-05,3,5,25,28,37,39,44,2167599.24,1,726177.31,726177.31,,,,223,1628.17,363081.91,,,,11592,41.71,483502.32,,,,210190,2.83,594837.7,,,,,726177.31
1999-09-01,3,6,10,13,21,43,7,3351986.78,4,395561.04,1582244.16,,,,415,1071.64,444730.6,,,,19480,30.38,591802.4,,,,296846,2.47,733209.62,,,,692729.97,-297168.93
1999-08-29,2,3,24,26,43,44,27,1373259.62,JP,692729.97,0.0,,,,151,2293.79,346362.29,,,,11479,40.19,461341.01,,,,189784,2.98,565556.32,,,,,692729.97
1999-08-25,4,5,8,34,38,41,13,4992182.78,3,870581.82,2611745.46,,,,340,1763.49,599586.6,,,,18860,42.37,799098.2,,,,337372,2.91,981752.52,,,,1412551.05,-541969.23
1999-08-22,3,27,28,33,36,37,20,1864412.62,JP,1412551.05,0.0,,,,282,1667.49,470232.18,,,,16053,39.03,626548.59,,,,285365,2.69,767631.85,,,,472073.44,940477.61
1999-08-18,1,16,17,25,32,42,37,940231.23,JP,472073.44,0.0,,,,128,1844.01,236033.28,,,,6592,47.67,314240.64,,,,119253,3.27,389957.31,,,,,472073.44
1999-08-15,13,15,26,28,31,37,41,3267896.69,2,700317.87,1400635.74,,,,357,1317.2,470240.4,,,,19551,32.05,626609.55,,,,294050,2.62,770411.0,,,,460147.31,240170.56
1999-08-11,3,4,7,12,36,41,43,917706.24,JP,460147.31,0.0,,,,148,1554.48,230063.04,,,,7856,39.03,306619.68,,,,138052,2.76,381023.52,,,,,460147.31
1999-08-08,13,20,21,25,30,38,6,3101228.62,3,448152.86,1344458.58,,,,219,2016.9,441701.1,,,,12827,45.86,588246.22,,,,232956,3.12,726822.72,,,,461041.77,-12888.91
1999-08-04,8,9,19,21,24,41,16,917324.36,JP,461041.77,0.0,,,,192,1200.56,230507.52,,,,8787,34.96,307193.52,,,,149458,2.54,379623.32,,,,,461041.77
1999-08-01,21,25,31,34,38,45,2,2122214.56,2,354563.96,709127.92,,,,216,1641.47,354557.52,,,,10819,43.68,472573.92,,,,183111,3.2,585955.2,,,,,354563.96
1999-07-28,3,12,21,23,29,32,45,1370598.4,1,459955.38,459955.38,,,,221,1040.61,229974.81,,,,9838,31.1,305961.8,,,,151703,2.47,374706.41,,,,,459955.38
1999-07-25,7,14,18,22,33,36,26,3200375.47,4,342851.63,1371406.52,,,,459,997.22,457723.98,,,,17525,34.81,610045.25,,,,275797,2.76,761199.72,,,,455897.23,-113045.6
1999-07-21,16,22,23,29,40,44,28,905594.11,JP,455897.23,0.0,,,,131,1740.02,227942.62,,,,6613,45.93,303735.09,,,,119845,3.12,373916.4,,,,,455897.23
1999-07-18,8,13,19,29,34,39,21,3133669.8,3,453891.8,1361675.4,,,,339,1310.95,444412.05,,,,16365,36.19,592249.35,,,,266425,2.76,735333.0,,,,472804.03,-18912.23
1999-07-14,1,16,17,29,30,36,44,940677.94,JP,472804.03,0.0,,,,160,1477.45,236392.0,,,,7172,43.89,314779.08,,,,130707,2.98,389506.86,,,,,472804.03
1999-07-11,5,9,29,30,33,41,42,3312475.31,4,355658.78,1422635.12,,,,447,1068.44,477592.68,,,,20631,30.81,635641.11,,,,323586,2.4,776606.4,,,,467418.21,-111759.43
1999-07-07,3,10,16,18,23,27,4,932822.76,JP,467418.21,0.0,,,,243,961.76,233707.68,,,,11113,27.98,310941.74,,,,166598,2.33,388173.34,,,,,467418.21
1999-07-04,2,8,22,24,27,35,5,2126363.44,1,714492.38,714492.38,,,,312,1144.97,357230.64,,,,14346,33.14,475426.44,,,,228037,2.54,579213.98,,,,,714492.38
1999-06-30,1,13,22,25,29,34,26,1418519.08,2,237769.8,475539.6,,,,167,1423.74,237764.58,,,,7292,43.46,316910.32,,,,133438,2.91,388304.58,,,,,237769.8
1999-06-27,6,9,16,28,41,43,40,3801326.51,1,1905640.98,1905640.98,,,,367,1303.11,478241.37,,,,17185,37.06,636876.1,,,,290174,2.69,780568.06,,,,949133.81,956507.17
1999-06-23,10,11,21,31,39,43,17,943773.95,JP,949133.81,0.0,,,,164,1446.78,237271.92,,,,8965,35.25,316016.25,,,,145162,2.69,390485.78,,,,,949133.81
1999-06-20,10,19,21,24,28,43,13,2112543.63,1,707900.61,707900.61,,,,234,1512.55,353936.7,,,,12678,37.21,471748.38,,,,215226,2.69,578957.94,,,,,707900.61
1999-06-16,9,11,13,14,21,36,30,1465829.77,1,490510.6,490510.6,,,,177,1385.59,245249.43,,,,9630,33.94,326842.2,,,,158751,2.54,403227.54,,,,,490510.6
1999-06-13,4,10,16,35,40,43,24,2079692.6,1,697406.8,697406.8,,,,214,1629.41,348693.74,,,,11110,41.79,464286.9,,,,191042,2.98,569305.16,,,,,697406.8
1999-06-09,4,6,7,14,27,29,35,4483917.57,4,594991.28,2379965.12,,,,499,1061.39,529633.61,,,,22769,30.96,704928.24,,,,351980,2.47,869390.6,,,,1320682.4,-725691.12
1999-06-06,8,10,17,18,23,44,37,1640491.5,DJP,1320682.4,0.0,,,,193,2148.08,414579.44,,,,13198,41.86,552468.28,,,,237966,2.83,673443.78,,,,491502.09,829180.31
1999-06-02,7,14,16,33,44,45,9,982467.56,JP,491502.09,0.0,,,,149,1649.32,245748.68,,,,7436,44.04,327481.44,,,,137328,2.98,409237.44,,,,,491502.09
1999-05-30,3,6,16,17,18,31,33,3103423.39,2,666502.38,1333004.76,,,,324,1378.76,446718.24,,,,16441,36.19,594999.79,,,,278130,2.62,728700.6,,,,439565.78,226936.6
1999-05-26,4,5,29,31,33,37,44,871946.52,JP,439565.78,0.0,,,,104,2113.27,219780.08,,,,6548,44.69,292630.12,,,,123552,2.91,359536.32,,,,,439565.78
1999-05-23,14,15,25,26,34,45,3,2077607.69,3,232295.1,696885.3,,,,254,1371.78,348432.12,,,,11746,39.53,464319.38,,,,195179,2.91,567970.89,,,,,232295.1
1999-05-19,3,6,17,19,20,39,42,1421669.17,3,158743.33,476229.99,,,,205,1161.47,238101.35,,,,9963,31.83,317122.29,,,,157982,2.47,390215.54,,,,,158743.33
1999-05-16,2,5,12,14,25,26,42,2056475.35,5,137395.53,686977.65,,,,339,1013.21,343478.19,,,,14823,30.89,457882.47,,,,223676,2.54,568137.04,,,,,137395.53
1999-05-12,32,34,36,38,43,45,16,4089963.69,9,259313.16,2333818.44,,,,653,674.05,440154.65,,,,17028,34.45,586614.6,,,,227930,3.2,729376.0,,,,1453467.25,-1194154.09
1999-05-09,10,12,17,19,37,42,39,1586695.92,JP,1453467.25,0.0,,,,235,1707.46,401253.1,,,,13293,40.19,534245.67,,,,230105,2.83,651197.15,,,,,1453467.25
1999-05-05,8,15,24,26,27,40,37,1433089.26,1,479404.15,479404.15,,,,227,1055.94,239698.38,,,,9927,32.19,319550.13,,,,155290,2.54,394436.6,,,,,479404.15
1999-05-02,9,18,20,25,33,39,2,1955747.12,1,653947.47,653947.47,,,,218,1499.83,326962.94,,,,11889,36.63,435494.07,,,,195414,2.76,539342.64,,,,,653947.47
1999-04-28,3,7,15,23,24,43,39,1411682.16,2,236545.84,473091.68,,,,182,1299.69,236543.58,,,,9190,34.3,315217.0,,,,147645,2.62,386829.9,,,,,236545.84
1999-04-25,3,9,16,20,43,44,4,2116556.39,1,705746.94,705746.94,,,,187,1886.96,352861.52,,,,11184,42.01,469839.84,,,,202099,2.91,588108.09,,,,,705746.94
1999-04-21,1,16,23,36,39,42,6,1437564.48,1,482078.68,482078.68,,,,121,1992.05,241038.05,,,,6399,50.22,321357.78,,,,120211,3.27,393089.97,,,,,482078.68
1999-04-18,8,24,25,32,43,45,15,2159335.0,1,720396.94,720396.94,,,,171,2106.36,360187.56,,,,9965,48.18,480113.7,,,,175040,3.42,598636.8,,,,,720396.94
1999-04-14,3,13,16,25,31,36,20,1471769.45,1,492201.2,492201.2,,,,151,1629.77,246095.27,,,,8078,40.55,327562.9,,,,139488,2.91,405910.08,,,,,492201.2
1999-04-11,7,15,20,23,29,44,2,3346129.34,4,359412.51,1437650.04,,,,274,1758.26,481763.24,,,,15861,40.48,642053.28,,,,277266,2.83,784662.78,,,,474120.14,-114707.63
1999-04-07,4,5,11,37,38,43,39,947332.25,JP,474120.14,0.0,,,,110,2155.06,237056.6,,,,6424,49.2,316060.8,,,,120555,3.27,394214.85,,,,,474120.14
1999-04-04,16,26,31,38,44,45,21,2238789.53,1,749679.44,749679.44,,,,211,1776.43,374826.73,,,,12216,40.84,498901.44,,,,206504,2.98,615381.92,,,,,749679.44
1999-03-31,2,28,32,34,42,44,13,1486231.0,1,498007.88,498007.88,,,,126,1976.21,249002.46,,,,7183,46.22,331998.26,,,,127257,3.2,407222.4,,,,,498007.88
1999-03-28,13,14,19,29,31,43,27,3507599.67,1,1509995.57,1509995.57,,,,315,1591.69,501382.35,,,,16139,41.35,667347.65,,,,271762,3.05,828874.1,,,,507204.69,1002790.88
1999-03-24,2,18,21,22,30,38,16,1011959.36,JP,507204.69,0.0,,,,116,2186.16,253594.56,,,,7349,46.0,338054.0,,,,134715,3.12,420310.8,,,,,507204.69
1999-03-21,12,13,14,17,37,40,45,3500601.25,1,1529672.53,1529672.53,,,,185,2688.48,497368.8,,,,13026,50.87,662632.62,,,,247990,3.27,810927.3,,,,534910.61,994761.92
1999-03-17,1,7,18,39,40,42,28,1065627.16,JP,534910.61,0.0,,,,142,1883.48,267454.16,,,,7781,45.78,356214.18,,,,132323,3.34,441958.82,,,,,534910.61
1999-03-14,4,8,9,18,21,26,27,3471393.92,2,754428.71,1508857.42,,,,518,949.04,491602.72,,,,23047,28.42,654995.74,,,,350188,2.33,815938.04,,,,525604.93,228823.78
1999-03-10,1,7,12,19,32,45,15,1047739.73,JP,525604.93,0.0,,,,204,1288.21,262794.84,,,,10245,34.16,349969.2,,,,161701,2.69,434975.69,,,,,525604.93
1999-03-07,8,11,16,17,19,20,38,2253454.19,2,377111.23,754222.46,,,,360,1047.51,377103.6,,,,16167,31.03,501662.01,,,,244278,2.54,620466.12,,,,,377111.23
1999-03-03,4,17,30,31,36,44,21,1709589.85,2,286630.57,573261.14,,,,197,1454.92,286619.24,,,,8703,43.89,381974.67,,,,149915,3.12,467734.8,,,,,286630.57
1999-02-28,3,9,18,20,36,37,17,3518324.9,1,1533175.46,1533175.46,,,,320,1559.28,498969.6,,,,16769,39.61,664220.09,,,,269495,3.05,821959.75,,,,535222.16,997953.3
1999-02-24,6,7,24,26,31,38,20,1067789.66,JP,535222.16,0.0,,,,147,1820.47,267609.09,,,,9181,38.81,356314.61,,,,160821,2.76,443865.96,,,,,535222.16
1999-02-21,22,23,27,32,34,37,8,2247488.19,1,750799.41,750799.41,,,,321,1169.46,375396.66,,,,15433,32.41,500183.53,,,,219473,2.83,621108.59,,,,,750799.41
1999-02-17,6,11,25,29,34,39,4,3388420.81,2,818082.0,1636164.0,,,,314,1401.87,440187.18,,,,14786,39.68,586708.48,,,,249265,2.91,725361.15,,,,755784.51,62297.49
1999-02-14,9,21,29,30,31,32,16,1498457.21,JP,755784.51,0.0,,,,263,1436.83,377886.29,,,,14435,34.88,503492.8,,,,235526,2.62,617078.12,,,,,755784.51
1999-02-10,9,13,18,19,30,31,35,1652016.52,2,276603.9,553207.8,,,,244,1133.56,276588.64,,,,12498,29.51,368815.98,,,,173055,2.62,453404.1,,,,,276603.9
1999-02-07,10,13,18,19,28,30,44,3721352.56,5,324386.35,1621931.75,,,,489,1081.82,529009.98,,,,22307,31.61,705124.27,,,,340664,2.54,865286.56,,,,563853.43,-239467.08
1999-02-03,13,14,26,31,34,39,33,1118401.74,JP,563853.43,0.0,,,,154,1830.64,281918.56,,,,9778,38.37,375181.86,,,,163004,2.83,461301.32,,,,,563853.43
1999-01-31,8,11,15,17,20,25,32,2407963.97,3,268294.79,804884.37,,,,294,1368.8,402427.2,,,,15173,35.32,535910.36,,,,247116,2.69,664742.04,,,,,268294.79
1999-01-27,3,8,13,28,31,40,30,9042556.25,5,1003777.13,5018885.65,,,,867,1162.12,1007558.04,,,,37627,35.68,1342531.36,,,,606370,2.76,1673581.2,,,,3003695.0,-1999917.87
1999-01-24,1,7,18,27,40,44,21,2630196.74,3JP,3003695.0,0.0,,,,467,1420.98,663597.66,,,,22439,39.39,883872.21,,,,382589,2.83,1082726.87,,,,1676449.32,1327245.68
1999-01-20,3,20,31,38,39,45,13,1817256.75,DJP,1676449.32,0.0,,,,205,2233.83,457935.15,,,,13035,46.8,610038.0,,,,240155,3.12,749283.6,,,,760566.78,915882.54
1999-01-17,12,33,34,38,41,42,35,1512427.71,JP,760566.78,0.0,,,,175,2173.01,380276.75,,,,9528,53.2,506889.6,,,,187204,3.34,625261.36,,,,,760566.78
1999-01-13,1,11,15,28,34,36,25,1612220.39,1,541107.11,541107.11,,,,194,1394.6,270552.4,,,,9112,39.53,360197.36,,,,159552,2.76,440363.52,,,,,541107.11
1999-01-10,5,14,22,29,33,40,17,2300697.51,3,256751.86,770255.58,,,,446,863.5,385121.0,,,,16849,30.45,513052.05,,,,241324,2.62,632268.88,,,,,256751.86
1999-01-06,3,15,31,38,42,44,2,3109745.91,2,759875.0,1519750.0,,,,211,1899.17,400724.87,,,,12080,44.19,533815.2,,,,210082,3.12,655455.84,,,,718298.43,41576.57
1999-01-03,6,8,14,16,18,23,28,1423859.38,JP,718298.43,0.0,,,,295,1217.42,359138.9,,,,12967,36.92,478741.64,,,,217836,2.69,585978.84,,,,,718298.43
1998-12-30,1,17,24,26,33,36,9,1905587.74,1,639825.73,639825.73,,,,226,1415.53,319909.78,,,,11433,37.28,426222.24,,,,193171,2.69,519629.99,,,,,639825.73
1998-12-27,2,5,9,10,12,41,39,2528040.28,1,845655.44,845655.44,,,,398,1062.34,422811.32,,,,19167,29.36,562743.12,,,,290346,2.4,696830.4,,,,,845655.44
1998-12-20,12,20,22,23,28,36,13,2394500.03,1,802288.99,802288.99,,,,267,1502.38,401135.46,,,,14506,36.85,534546.1,,,,237873,2.76,656529.48,,,,,802288.99
1998-12-16,1,6,14,23,28,36,12,5071511.58,1,2745005.16,2745005.16,,,,384,1524.61,585450.24,,,,20511,38.01,779623.11,,,,339729,2.83,961433.07,,,,1574080.46,1170924.7
1998-12-13,3,6,8,18,32,33,35,2085441.01,DJP,1574080.46,0.0,,,,335,1572.51,526790.85,,,,18698,37.5,701175.0,,,,318764,2.69,857475.16,,,,520480.08,1053600.38
1998-12-09,5,6,14,16,24,37,19,1031635.22,JP,520480.08,0.0,,,,124,2098.66,260233.84,,,,7588,45.71,346847.48,,,,139198,3.05,424553.9,,,,,520480.08
1998-12-06,2,7,9,16,38,40,11,7647922.19,1,4279896.73,4279896.73,,,,480,1773.38,851222.4,,,,28993,39.1,1133626.3,,,,501151,2.76,1383176.76,,,,2577428.67,1702468.06
1998-12-02,3,13,17,35,38,42,12,2229465.46,3JP,2577428.67,0.0,,,,478,1168.81,558691.18,,,,21288,34.96,744228.48,,,,335705,2.76,926545.8,,,,1460007.63,1117421.04
1998-11-29,3,19,30,31,33,43,37,1890172.8,DJP,1460007.63,0.0,,,,295,1612.04,475551.8,,,,17642,35.9,633347.8,,,,283070,2.76,781273.2,,,,508887.01,951120.62
1998-11-25,4,8,21,25,29,37,43,1012577.27,JP,508887.01,0.0,,,,202,1259.57,254433.14,,,,9245,36.63,338644.35,,,,144158,2.91,419499.78,,,,,508887.01
1998-11-22,9,15,16,19,25,37,2,2205309.13,1,738742.53,738742.53,,,,200,1846.85,369370.0,,,,10888,45.2,492137.6,,,,198380,3.05,605059.0,,,,,738742.53
1998-11-18,14,15,31,34,39,45,6,1617096.37,1,540271.14,540271.14,,,,151,1788.93,270128.43,,,,7686,46.8,359704.8,,,,139685,3.2,446992.0,,,,,540271.14
1998-11-15,21,24,26,30,34,41,23,2287208.66,1,764072.32,764072.32,,,,258,1480.72,382025.76,,,,12625,40.33,509166.25,,,,217163,2.91,631944.33,,,,,764072.32
1998-11-11,4,12,30,36,37,44,9,3159744.85,1,1557522.71,1557522.71,,,,193,2082.82,401984.26,,,,10548,50.8,535838.4,,,,198922,3.34,664399.48,,,,753542.17,803980.54
1998-11-08,2,5,11,27,43,44,26,1500683.12,JP,753542.17,0.0,,,,235,1603.25,376763.75,,,,13815,36.34,502037.1,,,,231183,2.69,621882.27,,,,,753542.17
1998-11-04,9,11,19,35,38,43,6,1509711.58,1,504367.6,504367.6,,,,163,1547.07,252172.41,,,,8349,40.26,336130.74,,,,143313,2.91,417040.83,,,,,504367.6
1998-11-01,5,14,19,37,39,43,23,2319878.08,1,776169.31,776169.31,,,,227,1709.57,388072.39,,,,11218,46.07,516813.26,,,,204751,3.12,638823.12,,,,,776169.31
1998-10-28,26,28,30,32,34,39,5,2964495.25,2,745833.85,1491667.7,,,,589,630.95,371629.55,,,,16448,30.09,494920.32,,,,238692,2.54,606277.68,,,,748324.88,-2491.03
1998-10-25,8,12,16,20,25,38,26,1493091.15,JP,748324.88,0.0,,,,585,639.53,374125.05,,,,17595,28.34,498642.3,,,,224755,2.76,620323.8,,,,,748324.88
1998-10-21,7,9,16,28,34,45,43,1465608.22,2,245292.87,490585.74,,,,188,1304.7,245283.6,,,,9621,33.94,326536.74,,,,158741,2.54,403202.14,,,,,245292.87
1998-10-18,1,7,15,22,35,39,19,2413850.4,1,804824.28,804824.28,,,,327,1230.58,402399.66,,,,15035,35.68,536448.8,,,,255793,2.62,670177.66,,,,,804824.28
1998-10-14,11,19,30,35,36,40,45,1642171.2,1,549670.64,549670.64,,,,148,1856.95,274828.6,,,,8237,44.48,366381.76,,,,147964,3.05,451290.2,,,,,549670.64
1998-10-11,5,7,10,13,37,41,25,2331442.11,1,781509.57,781509.57,,,,270,1447.22,390749.4,,,,14189,36.7,520736.3,,,,243682,2.62,638446.84,,,,,781509.57
1998-10-07,3,24,26,27,33,39,17,1563266.03,1,521124.69,521124.69,,,,230,1132.83,260550.9,,,,11699,29.65,346875.35,,,,186573,2.33,434715.09,,,,,521124.69
1998-10-04,9,16,23,28,30,36,34,2352840.57,1,784825.66,784825.66,,,,488,804.06,392381.28,,,,16475,31.69,522092.75,,,,242952,2.69,653540.88,,,,,784825.66
1998-09-30,4,10,21,27,28,32,26,4752060.24,3,866194.97,2598584.91,,,,509,1057.54,538287.86,,,,24317,29.51,717594.67,,,,373997,2.4,897592.8,,,,1521994.23,-655799.26
1998-09-27,16,29,30,35,41,44,1,1981442.89,DJP,1521994.23,0.0,,,,265,1878.97,497927.05,,,,14568,45.57,663863.76,,,,262709,3.12,819652.08,,,,526120.62,995873.61
1998-09-23,2,6,10,18,21,26,25,1045357.49,JP,526120.62,0.0,,,,324,811.91,263058.84,,,,12229,28.63,350116.27,,,,185486,2.33,432182.38,,,,,526120.62
1998-09-20,3,14,21,41,44,45,20,3487755.51,4,377899.81,1511599.24,,,,262,1896.85,496974.7,,,,14935,44.33,662068.55,,,,274199,2.98,817113.02,,,,517629.83,-139730.02
1998-09-16,7,10,18,28,31,34,42,1032238.54,JP,517629.83,0.0,,,,218,1187.19,258807.42,,,,9016,38.23,344681.68,,,,155344,2.76,428749.44,,,,,517629.83
1998-09-13,8,18,19,24,27,44,4,7786354.23,3,1444203.06,4332609.18,,,,605,1438.42,870244.1,,,,30262,38.3,1159034.6,,,,503345,2.83,1424466.35,,,,2592105.64,-1147902.58
1998-09-09,4,8,10,12,39,43,18,2229246.56,3JP,2592105.64,0.0,,,,394,1420.98,559866.12,,,,20209,36.92,746116.28,,,,334516,2.76,923264.16,,,,1472357.38,1119748.26
1998-09-06,2,26,33,37,39,41,11,1911248.29,DJP,1472357.38,0.0,,,,293,1639.73,480440.89,,,,15834,40.41,639851.94,,,,271806,2.91,790955.46,,,,511437.99,960919.39
1998-09-02,8,32,35,37,39,45,40,1018697.79,JP,511437.99,0.0,,,,157,1628.76,255715.32,,,,7806,43.68,340966.08,,,,129057,3.27,422016.39,,,,,511437.99
1998-08-30,9,10,13,17,33,39,2,3242754.71,2,700350.58,1400701.16,,,,355,1310.81,465337.55,,,,18920,32.78,620197.6,,,,315216,2.4,756518.4,,,,470015.19,230335.39
1998-08-26,3,9,25,34,38,39,32,939468.1,JP,470015.19,0.0,,,,134,1753.75,235002.5,,,,7403,42.3,313146.9,,,,131315,2.98,391318.7,,,,,470015.19
1998-08-23,9,10,18,20,31,44,40,2135561.08,1,714468.9,714468.9,,,,234,1526.58,357219.72,,,,11253,42.3,476001.9,,,,197272,2.98,587870.56,,,,,714468.9
1998-08-19,1,6,17,19,20,34,21,1503152.51,2,252342.77,504685.54,,,,250,1009.36,252340.0,,,,9715,34.59,336041.85,,,,152448,2.69,410085.12,,,,,252342.77
1998-08-16,4,15,29,31,42,45,39,1974715.55,3,219752.98,659258.94,,,,197,1673.23,329626.31,,,,10042,43.75,439337.5,,,,170779,3.2,546492.8,,,,,219752.98
1998-08-12,7,17,24,29,39,43,14,1426724.98,9,53222.7,479004.3,,,,213,1124.4,239497.2,,,,9216,34.59,318781.44,,,,148642,2.62,389442.04,,,,,53222.7
1998-08-09,1,4,10,11,13,40,45,3354772.94,2,724987.28,1449974.56,,,,401,1192.93,478364.93,,,,18833,33.87,637873.71,,,,300977,2.62,788559.74,,,,493193.99,231793.29
1998-08-05,18,21,25,26,43,45,4,980565.63,JP,493193.99,0.0,,,,119,2072.21,246592.99,,,,6836,48.04,328401.44,,,,126741,3.2,405571.2,,,,,493193.99
1998-08-02,9,10,17,28,37,43,12,3463168.99,3,496175.64,1488526.92,,,,309,1607.75,496794.75,,,,16675,39.68,661664.0,,,,288404,2.83,816183.32,,,,494907.78,1267.86
1998-07-29,6,8,11,30,38,39,18,981001.43,JP,494907.78,0.0,,,,125,1979.62,247452.5,,,,7763,42.44,329461.72,,,,142787,2.83,404087.21,,,,,494907.78
1998-07-26,1,22,28,30,31,41,43,2170838.88,2,362007.46,724014.92,,,,160,2262.54,362006.4,,,,10468,46.07,482260.76,,,,188299,3.2,602556.8,,,,,362007.46
1998-07-22,10,21,26,38,39,44,27,4341814.12,3,808433.96,2425301.88,,,,457,1057.47,483263.79,,,,18438,34.88,643117.44,,,,293729,2.69,790131.01,,,,1458771.6,-650337.64
1998-07-19,7,17,29,34,36,44,27,1913915.42,DJP,1458771.6,0.0,,,,312,1540.68,480692.16,,,,17030,37.57,639817.1,,,,287466,2.76,793406.16,,,,497346.48,961425.12
1998-07-15,3,10,11,14,16,39,8,989669.71,JP,497346.48,0.0,,,,183,1358.85,248669.55,,,,9146,36.19,330993.74,,,,156491,2.62,410006.42,,,,,497346.48
1998-07-12,8,11,12,23,30,32,14,2259711.61,1,754601.46,754601.46,,,,261,1445.55,377288.55,,,,14742,34.08,502407.36,,,,232496,2.69,625414.24,,,,,754601.46
1998-07-08,4,14,18,20,37,45,7,1556336.39,1,519315.05,519315.05,,,,101,2570.82,259652.82,,,,6552,52.83,346142.16,,,,121131,3.56,431226.36,,,,,519315.05
1998-07-05,3,9,11,15,26,32,31,2313954.71,3,259139.26,777417.78,,,,507,766.63,388681.41,,,,20577,25.14,517305.78,,,,289243,2.18,630549.74,,,,,259139.26
1998-07-01,5,14,16,17,36,44,7,4516375.43,4,621825.7,2487302.8,,,,291,1759.49,512011.59,,,,15368,44.4,682339.2,,,,280108,2.98,834721.84,,,,1463247.41,-841421.71
1998-06-28,1,7,12,38,44,45,3,1892738.32,DJP,1463247.41,0.0,,,,244,1948.66,475473.04,,,,13376,47.38,633754.88,,,,244847,3.2,783510.4,,,,512295.97,950951.44
1998-06-24,5,15,22,37,41,43,23,1022995.43,JP,512295.97,0.0,,,,207,1237.41,256143.87,,,,7846,43.46,340987.16,,,,136495,3.12,425864.4,,,,,512295.97
1998-06-21,23,29,35,40,44,45,22,2362321.05,1,791953.02,791953.02,,,,229,1729.12,395968.48,,,,11306,46.66,527537.96,,,,197817,3.27,646861.59,,,,,791953.02
1998-06-17,1,31,33,35,38,39,37,7732756.45,3,1473253.08,4419759.24,,,,800,1037.63,830104.0,,,,27805,39.75,1105248.75,,,,421298,3.27,1377644.46,,,,2759491.58,-1286238.5
1998-06-14,2,6,11,12,36,39,19,2293850.05,3JP,2759491.58,0.0,,,,329,1759.71,578944.59,,,,19389,39.75,770712.75,,,,333637,2.83,944192.71,,,,1601593.44,1157898.14
1998-06-10,9,17,19,20,26,44,35,1701579.67,DJP,1601593.44,0.0,,,,290,1471.56,426752.4,,,,16383,34.67,567998.61,,,,278279,2.54,706828.66,,,,748046.98,853546.46
1998-06-07,22,23,27,36,42,43,25,1494619.81,JP,748046.98,0.0,,,,209,1789.58,374022.22,,,,11185,44.55,498291.75,,,,199457,3.12,622305.84,,,,,748046.98
1998-06-03,16,28,33,39,41,45,23,1348490.2,1,449789.17,449789.17,,,,173,1299.91,224884.43,,,,8448,35.46,299566.08,,,,132244,2.83,374250.52,,,,,449789.17
1998-05-31,7,11,20,29,42,44,17,2367379.55,2,397085.51,794171.02,,,,278,1428.32,397072.96,,,,13206,40.04,528768.24,,,,222463,2.91,647367.33,,,,,397085.51
1998-05-27,5,12,13,26,42,43,27,1430908.91,1,479587.36,479587.36,,,,157,1527.3,239786.1,,,,9491,33.65,319372.15,,,,154395,2.54,392163.3,,,,,479587.36
1998-05-24,8,13,18,19,24,28,42,3342558.72,1,1452530.41,1452530.41,,,,361,1309.72,472808.92,,,,18707,33.65,629490.55,,,,292836,2.69,787728.84,,,,506908.98,945621.43
1998-05-20,4,10,15,18,38,45,42,1012956.07,JP,506908.98,0.0,,,,139,1823.37,253448.43,,,,8359,40.41,337787.19,,,,138269,3.05,421720.45,,,,,506908.98
1998-05-17,22,24,27,30,32,45,25,2248343.25,1,754554.51,754554.51,,,,218,1730.57,377264.26,,,,10431,48.18,502565.58,,,,201298,3.05,613958.9,,,,,754554.51
1998-05-13,2,13,18,31,33,41,1,1439057.44,1,481281.3,481281.3,,,,136,1769.38,240635.68,,,,7158,44.77,320463.66,,,,127140,3.12,396676.8,,,,,481281.3
1998-05-10,11,16,24,25,39,44,13,5261414.24,2,1368835.12,2737670.24,,,,341,1859.49,634086.09,,,,19109,44.19,844426.71,,,,335010,3.12,1045231.2,,,,1469473.99,-100638.87
1998-05-06,3,16,22,24,29,44,17,1499300.53,DJP,1469473.99,0.0,,,,174,2157.74,375446.76,,,,11789,42.44,500325.16,,,,214271,2.91,623528.61,,,,718557.94,750916.05
1998-05-03,13,18,19,20,36,38,16,1433474.32,JP,718557.94,0.0,,,,143,2512.39,359271.77,,,,8829,54.21,478620.09,,,,170654,3.49,595582.46,,,,,718557.94
1998-04-29,1,10,21,27,44,45,39,1432450.81,1,479438.89,479438.89,,,,160,1498.23,239716.8,,,,8596,37.14,319255.44,,,,142768,2.76,394039.68,,,,,479438.89
1998-04-26,3,6,16,19,27,32,23,2258388.9,2,376763.13,753526.26,,,,389,968.52,376754.28,,,,16982,29.58,502327.56,,,,260742,2.4,625780.8,,,,,376763.13
1998-04-22,3,4,10,11,15,18,34,1430788.68,2,240192.22,480384.44,,,,245,980.36,240188.2,,,,10146,31.54,320004.84,,,,162588,2.4,390211.2,,,,,240192.22
1998-04-19,4,8,23,26,43,45,22,3391532.77,1,1453042.03,1453042.03,,,,314,1545.76,485368.64,,,,16761,38.59,646806.99,,,,284917,2.83,806315.11,,,,482287.61,970754.42
1998-04-15,1,2,4,24,32,36,17,954748.03,JP,482287.61,0.0,,,,105,2296.55,241137.75,,,,6589,48.76,321279.64,,,,125747,3.12,392330.64,,,,,482287.61
1998-04-12,12,15,16,21,28,42,30,2407627.82,2,401599.83,803199.66,,,,242,1659.5,401599.0,,,,14181,37.72,534907.32,,,,254932,2.62,667921.84,,,,,401599.83
1998-04-08,5,10,26,29,30,45,34,1575228.91,2,264371.38,528742.76,,,,290,911.61,264366.9,,,,12136,29.0,351944.0,,,,191189,2.25,430175.25,,,,,264371.38
1998-04-05,2,9,10,11,19,32,43,2348270.61,2,392978.81,785957.62,,,,308,1275.85,392961.8,,,,17313,30.23,523371.99,,,,269158,2.4,645979.2,,,,,392978.81
1998-04-01,4,9,17,29,31,40,36,1504674.85,4,125681.31,502725.24,,,,225,1117.13,251354.25,,,,10290,32.56,335042.4,,,,158608,2.62,415552.96,,,,,125681.31
1998-03-29,3,8,13,19,21,40,45,3620315.75,1,1559475.15,1559475.15,,,,555,936.76,519901.8,,,,23902,29.0,693158.0,,,,353242,2.4,847780.8,,,,519617.3,1039857.85
1998-03-25,2,4,7,27,30,31,39,1036742.37,JP,519617.3,0.0,,,,251,1035.09,259807.59,,,,12021,28.78,345964.38,,,,179571,2.4,430970.4,,,,,519617.3
1998-03-22,15,17,26,32,34,45,43,3658082.19,2,789362.36,1578724.72,,,,381,1371.56,522564.36,,,,19710,35.32,696157.2,,,,319939,2.69,860635.91,,,,533580.83,255781.53
1998-03-18,9,12,14,30,41,45,16,1059976.07,JP,533580.83,0.0,,,,126,2117.34,266784.84,,,,7273,48.91,355722.43,,,,136709,3.2,437468.8,,,,,533580.83
1998-03-15,1,5,13,16,20,24,2,3729699.63,1,1611859.06,1611859.06,,,,387,1371.13,530627.31,,,,18548,38.08,706307.84,,,,311274,2.83,880905.42,,,,550596.94,1061262.12
1998-03-11,15,17,20,26,28,42,5,1099815.14,JP,550596.94,0.0,,,,184,1515.75,278898.0,,,,10756,34.08,366564.48,,,,178879,2.54,454352.66,,,,,550596.94
1998-03-08,6,11,20,21,29,38,7,2452023.11,1,820382.33,820382.33,,,,376,1090.9,410178.4,,,,16682,32.78,546835.96,,,,257491,2.62,674626.42,,,,,820382.33
1998-03-04,6,19,22,38,39,42,40,3365504.88,2,836053.69,1672107.38,,,,244,1750.05,427012.2,,,,12685,44.84,568795.4,,,,228718,3.05,697589.9,,,,818066.02,17987.67
1998-03-01,5,11,12,16,38,41,20,1630258.35,JP,818066.02,0.0,,,,210,1947.72,409021.2,,,,12753,42.73,544935.69,,,,232406,2.91,676301.46,,,,,818066.02
1998-02-25,7,9,19,26,32,43,37,1595004.44,1,533498.79,533498.79,,,,230,1159.72,266735.6,,,,11214,31.69,355371.66,,,,188583,2.33,439398.39,,,,,533498.79
1998-02-22,5,10,15,26,28,37,23,2435263.43,1,812786.08,812786.08,,,,438,927.82,406385.16,,,,19710,27.47,541433.7,,,,289553,2.33,674658.49,,,,,812786.08
1998-02-18,1,10,25,26,34,44,36,3412465.14,3,567598.65,1702795.95,,,,357,1207.69,431145.33,,,,14461,39.75,574824.75,,,,241821,2.91,703699.11,,,,840487.86,-272889.21
1998-02-15,11,13,16,29,30,34,32,1671351.87,JP,840487.86,0.0,,,,222,1892.92,420228.24,,,,13527,41.35,559341.45,,,,244446,2.83,691782.18,,,,,840487.86
1998-02-11,8,23,29,39,40,45,10,4988552.27,1,2729903.78,2729903.78,,,,339,1676.14,568211.46,,,,16816,44.98,756383.68,,,,306247,3.05,934053.35,,,,1593433.53,1136470.25
1998-02-08,11,17,18,20,27,44,28,2103928.23,DJP,1593433.53,0.0,,,,262,2021.77,529703.74,,,,17043,41.42,705921.06,,,,306821,2.83,868303.43,,,,534000.74,1059432.79
1998-02-04,5,12,29,32,34,41,42,1058816.25,JP,534000.74,0.0,,,,135,1977.73,266993.55,,,,8345,42.66,355997.7,,,,146250,2.98,435825.0,,,,,534000.74
1998-02-01,6,12,25,27,32,40,19,3718395.41,1,1598432.58,1598432.58,,,,322,1657.32,533657.04,,,,16586,42.88,711207.68,,,,300721,2.91,875098.11,,,,531102.31,1067330.27
1998-01-28,9,11,20,25,39,40,8,1057907.16,JP,531102.31,0.0,,,,168,1580.65,265549.2,,,,8521,41.5,353621.5,,,,147227,2.98,438736.46,,,,,531102.31
1998-01-25,1,15,22,29,36,41,10,3721013.66,8,201018.74,1608149.92,,,,6110,86.99,531508.9,,,,18421,38.44,708103.24,,,,286312,3.05,873251.6,,,,544708.87,-343690.13
1998-01-21,15,20,27,28,33,45,11,1082706.27,JP,544708.87,0.0,,,,199,1368.58,272347.42,,,,11315,32.05,362645.75,,,,176265,2.54,447713.1,,,,,544708.87
1998-01-18,2,4,10,35,36,39,44,3910566.77,3,562934.77,1688804.31,,,,261,2134.27,557044.47,,,,15949,46.51,741787.99,,,,302600,3.05,922930.0,,,,574705.96,-11771.19
1998-01-14,18,23,27,28,35,44,12,1144794.43,JP,574705.96,0.0,,,,128,2244.88,287344.64,,,,8933,42.88,383047.04,,,,163025,2.91,474402.75,,,,,574705.96
1998-01-11,1,9,14,33,37,43,10,2512706.87,3,279841.57,839524.71,,,,197,2130.71,419749.87,,,,11189,50.0,559450.0,,,,212227,3.27,693982.29,,,,,279841.57
1998-01-07,1,4,5,6,10,31,36,3477683.11,3,564182.79,1692548.37,,,,587,760.74,446554.38,,,,26160,22.75,595140.0,,,,300988,2.47,743440.36,,,,799399.72,-235216.93
1998-01-04,4,7,15,17,28,43,18,1595190.24,JP,799399.72,0.0,,,,351,1138.72,399690.72,,,,18132,29.36,532355.52,,,,276310,2.4,663144.0,,,,,799399.72
1997-12-31,3,9,18,25,41,43,20,2052025.5,2,343476.69,686953.38,,,,227,1513.06,343464.62,,,,11180,40.92,457485.6,,,,184958,3.05,564121.9,,,,,343476.69
1997-12-28,7,9,21,23,24,29,10,3702097.13,3,575098.84,1725296.52,,,,471,1060.01,499264.71,,,,22231,29.94,665596.14,,,,348472,2.33,811939.76,,,,,575098.84
1997-12-21,3,14,20,26,28,34,11,3577578.94,3,523374.3,1570122.9,,,,423,1194.1,505104.3,,,,19560,34.37,672277.2,,,,326801,2.54,830074.54,,,,559893.82,-36519.52
1997-12-17,6,7,16,18,28,34,3,1119325.68,JP,559893.82,0.0,,,,212,1320.47,279939.64,,,,10022,37.21,372918.62,,,,178041,2.62,466467.42,,,,,559893.82
1997-12-14,2,22,35,40,41,44,27,2547736.12,2,426890.6,853781.2,,,,209,2042.48,426878.32,,,,12090,47.02,568471.8,,,,218314,3.2,698604.8,,,,,426890.6
1997-12-10,8,11,19,26,32,34,33,3390753.24,2,857965.87,1715931.74,,,,370,1132.03,418851.1,,,,16842,33.14,558143.88,,,,266346,2.62,697826.52,,,,878190.94,-20225.07
1997-12-07,6,21,26,30,38,43,41,1741155.2,JP,878190.94,0.0,,,,254,1728.68,439084.72,,,,14461,40.48,585381.28,,,,259670,2.76,716689.2,,,,,878190.94
1997-12-03,13,16,17,19,21,43,41,4860241.77,3,898645.3,2695935.9,,,,345,1583.19,546200.55,,,,17195,42.3,727348.5,,,,306102,2.91,890756.82,,,,1603506.85,-704861.55
1997-11-30,6,26,29,37,38,41,30,2112365.43,DJP,1603506.85,0.0,,,,284,1871.63,531542.92,,,,16703,42.37,707706.11,,,,279845,3.12,873116.4,,,,540409.44,1063097.41
1997-11-26,15,21,22,26,37,39,8,1069589.24,JP,540409.44,0.0,,,,151,1789.36,270193.36,,,,9051,39.75,359777.25,,,,163427,2.69,439618.63,,,,,540409.44
1997-11-23,2,9,10,18,19,33,23,2522320.7,4,210341.64,841366.56,,,,369,1140.03,420671.07,,,,17991,31.18,560959.38,,,,283127,2.47,699323.69,,,,,210341.64
1997-11-19,10,14,23,26,31,44,5,3635737.02,5,359861.63,1799308.15,,,,440,1048.6,461384.0,,,,17276,35.61,615198.36,,,,268497,2.83,759846.51,,,,876494.09,-516632.46
1997-11-16,9,15,24,25,28,40,31,1733324.95,JP,876494.09,0.0,,,,336,1304.27,438234.72,,,,16518,35.32,583415.76,,,,264563,2.69,711674.47,,,,,876494.09
1997-11-12,1,2,15,17,23,43,7,3428192.22,2,862322.79,1724645.58,,,,213,2003.1,426660.3,,,,11981,47.46,568618.26,,,,227009,3.12,708268.08,,,,871303.54,-8980.75
1997-11-09,19,24,25,36,39,45,20,1742956.94,JP,871303.54,0.0,,,,188,2317.26,435644.88,,,,11540,50.29,580346.6,,,,212563,3.42,726965.46,,,,,871303.54
1997-11-05,1,2,32,34,41,45,38,3487786.16,1,1712320.1,1712320.1,,,,238,1878.61,447109.18,,,,12464,47.82,596028.48,,,,219260,3.34,732328.4,,,,818083.46,894236.64
1997-11-02,6,7,8,17,24,25,38,1617073.12,JP,818083.46,0.0,,,,324,1262.41,409020.84,,,,16104,33.87,545442.48,,,,260870,2.54,662609.8,,,,,818083.46
1997-10-29,5,6,10,13,15,16,31,4595629.16,2,1295065.84,2590131.68,,,,453,1113.65,504483.45,,,,19047,35.25,671406.75,,,,316644,2.62,829607.28,,,,1581138.43,-286072.59
1997-10-26,6,9,20,27,42,45,44,2088594.65,DJP,1581138.43,0.0,,,,366,1431.01,523749.66,,,,17937,38.88,697390.56,,,,306521,2.83,867454.43,,,,533599.0,1047539.43
1997-10-22,5,7,16,17,20,31,25,1057469.48,JP,533599.0,0.0,,,,217,1229.49,266799.33,,,,10768,32.99,355236.32,,,,176289,2.47,435433.83,,,,,533599.0
1997-10-19,6,13,20,23,33,45,26,2604379.36,3,289739.54,869218.62,,,,364,1193.95,434597.8,,,,17707,32.7,579018.9,,,,261429,2.76,721544.04,,,,,289739.54
1997-10-15,10,12,30,34,40,44,21,3430646.37,1,1742380.78,1742380.78,,,,267,1582.17,422439.39,,,,13641,41.28,563100.48,,,,235814,2.98,702725.72,,,,897481.5,844899.28
1997-10-12,1,15,16,31,35,38,37,1790965.97,JP,897481.5,0.0,,,,215,2087.11,448728.65,,,,11682,51.16,597651.12,,,,222930,3.34,744586.2,,,,,897481.5
1997-10-08,1,10,15,29,31,41,28,3430456.15,2,878509.76,1757019.52,,,,319,1321.78,421647.82,,,,14459,38.88,562165.92,,,,243683,2.83,689622.89,,,,913719.86,-35210.1
1997-10-05,15,16,18,22,33,43,25,1826446.31,JP,913719.86,0.0,,,,224,2039.51,456850.24,,,,14129,43.1,608959.9,,,,261387,2.91,760636.17,,,,,913719.86
1997-10-01,11,24,27,33,38,41,4,6956076.45,1,4117658.46,4117658.46,,,,522,1368.0,714096.0,,,,27529,34.52,950301.08,,,,436439,2.69,1174020.91,,,,2689439.11,1428219.35
1997-09-28,12,16,23,25,27,28,14,2355649.76,3JP,2689439.11,0.0,,,,407,1449.18,589816.26,,,,22240,35.32,785516.8,,,,364430,2.69,980316.7,,,,1509803.78,1179635.33
1997-09-24,2,13,18,19,24,44,23,1277734.45,DJP,1509803.78,0.0,,,,187,1716.47,320979.89,,,,9968,42.88,427427.84,,,,169656,3.12,529326.72,,,,867837.97,641965.81
1997-09-21,3,9,16,23,38,41,27,1731406.91,JP,867837.97,0.0,,,,384,1129.93,433893.12,,,,17367,33.28,577973.76,,,,267487,2.69,719540.03,,,,,867837.97
1997-09-17,2,12,14,20,43,45,4,1668057.32,1,726733.62,726733.62,,,,138,1710.0,235980.0,,,,6850,45.93,314620.5,,,,122101,3.2,390723.2,,,,,726733.62
1997-09-14,5,7,11,16,21,28,32,2672912.93,3,298739.34,896218.02,,,,791,566.49,448093.59,,,,26496,22.53,596954.88,,,,373289,1.96,731646.44,,,,,298739.34
1997-09-10,3,6,9,11,26,44,39,1716970.46,3,242244.52,726733.56,,,,279,889.3,248114.7,,,,11815,27.98,330583.7,,,,182906,2.25,411538.5,,,,,242244.52
1997-09-07,3,17,24,30,42,44,37,4268274.31,3,715738.8,2147216.4,,,,309,1718.73,531087.57,,,,18341,38.59,707779.19,,,,289243,3.05,882191.15,,,,1085026.67,-369287.87
1997-09-03,13,15,18,22,30,31,5,1082903.92,JP,1085026.67,0.0,,,,176,1541.18,271247.68,,,,8922,40.48,361162.56,,,,144389,3.12,450493.68,,,,,1085026.67
1997-08-31,1,4,14,15,29,33,35,3142797.31,3,350599.12,1051797.36,,,,393,1338.13,525885.09,,,,19924,35.17,700727.08,,,,329919,2.62,864387.78,,,,,350599.12
1997-08-24,18,21,22,28,30,31,44,3090475.63,3,344192.09,1032576.27,,,,282,1830.79,516282.78,,,,15082,45.64,688342.48,,,,279762,3.05,853274.1,,,,,344192.09
1997-08-17,3,16,19,28,31,42,13,3204558.94,4,268069.0,1072276.0,,,,482,1112.27,536114.14,,,,19622,36.41,714437.02,,,,311566,2.83,881731.78,,,,,268069.0
1997-08-10,30,32,34,35,38,43,44,5564462.3,6,427435.65,2564613.9,,,,778,969.03,753905.34,,,,23956,41.93,1004475.08,,,,371697,3.34,1241467.98,,,,1056699.54,-629263.89
1997-08-03,1,3,6,10,33,39,42,2109499.86,JP,1056699.54,0.0,,,,354,1492.49,528341.46,,,,20348,34.59,703837.32,,,,345402,2.54,877321.08,,,,,1056699.54
1997-07-27,6,15,24,41,43,45,1,3165149.52,1,1059033.66,1059033.66,,,,275,1925.48,529507.0,,,,14360,49.13,705506.8,,,,260809,3.34,871102.06,,,,,1059033.66
1997-07-20,1,11,21,24,38,42,23,5733732.65,5,526678.03,2633390.15,,,,590,1321.93,779938.7,,,,25634,40.55,1039458.7,,,,419982,3.05,1280945.1,,,,1073467.83,-546789.8
1997-07-13,6,33,35,37,42,43,3,2135865.96,JP,1073467.83,0.0,,,,259,2072.28,536720.52,,,,16152,44.26,714887.52,,,,283416,3.12,884257.92,,,,,1073467.83
1997-07-06,2,4,10,13,25,44,17,5500462.19,2,1278645.88,2557291.76,,,,464,1588.57,737096.48,,,,24229,40.55,982485.95,,,,410600,2.98,1223588.0,,,,1083083.89,195561.99
1997-06-29,3,5,8,15,28,41,20,2155404.52,JP,1083083.89,0.0,,,,589,919.39,541520.71,,,,26027,27.69,720687.63,,,,383346,2.33,893196.18,,,,,1083083.89
1997-06-22,4,10,18,23,24,31,26,7241628.75,4,959399.21,3837596.84,,,,484,1762.77,853180.68,,,,27168,41.86,1137252.48,,,,463475,3.05,1413598.75,,,,1065613.29,-106214.08
1997-06-15,11,18,22,23,42,45,26,2124790.89,JP,1065613.29,0.0,,,,225,2367.99,532797.75,,,,13902,51.09,710253.18,,,,263994,3.34,881739.96,,,,,1065613.29
1997-06-08,3,4,9,26,32,33,39,3241942.01,2,540995.84,1081991.68,,,,320,1690.6,540992.0,,,,20504,35.17,721125.68,,,,363495,2.47,897832.65,,,,,540995.84
1997-06-01,3,10,13,18,30,35,23,8219551.73,1,4290863.87,4290863.87,,,,682,1455.65,992753.3,,,,34705,38.08,1321566.4,,,,584916,2.76,1614368.16,,,,2305336.4,1985527.47
1997-05-25,2,14,21,23,41,42,35,2570762.39,DJP,2305336.4,0.0,,,,361,1792.71,647168.31,,,,19181,44.98,862761.38,,,,347814,3.05,1060832.7,,,,1011001.15,1294335.25
1997-05-18,5,22,26,28,36,45,25,2012435.23,JP,1011001.15,0.0,,,,415,1218.01,505474.15,,,,21232,31.69,672842.08,,,,337700,2.47,834119.0,,,,,1011001.15
1997-05-11,3,28,34,35,39,40,29,3097972.9,2,516576.07,1033152.14,,,,193,2676.56,516576.08,,,,15199,45.28,688210.72,,,,288602,2.98,860033.96,,,,,516576.07
1997-05-04,5,19,22,25,41,45,3,3112345.42,2,520219.26,1040438.52,,,,282,1844.74,520216.68,,,,15869,43.68,693157.92,,,,281486,3.05,858532.3,,,,,520219.26
1997-04-27,7,9,11,13,35,43,8,3126171.56,1,1043286.07,1043286.07,,,,387,1347.87,521625.69,,,,19991,34.74,694487.34,,,,341249,2.54,866772.46,,,,,1043286.07
1997-04-20,14,15,19,26,33,45,38,3205030.36,3,356815.31,1070445.93,,,,322,1662.11,535199.42,,,,17906,39.83,713195.98,,,,313141,2.83,886189.03,,,,,356815.31
1997-04-13,17,22,23,40,41,42,11,3274379.25,1,1096773.81,1096773.81,,,,268,2046.55,548475.4,,,,13556,53.92,730939.52,,,,274676,3.27,898190.52,,,,,1096773.81
1997-04-06,7,12,25,27,28,30,5,5354403.77,5,509679.66,2548398.3,,,,561,1261.25,707561.25,,,,31840,29.58,941827.2,,,,468266,2.47,1156617.02,,,,1133211.73,-623532.07
1997-03-30,14,17,26,27,36,44,3,2238648.72,JP,1133211.73,0.0,,,,367,1543.87,566600.29,,,,22315,33.79,754023.85,,,,361427,2.54,918024.58,,,,,1133211.73
1997-03-23,4,15,31,36,38,44,42,3569691.34,2,597622.13,1195244.26,,,,350,1707.46,597611.0,,,,17443,45.64,796098.52,,,,293634,3.34,980737.56,,,,,597622.13
1997-03-16,5,7,12,17,35,41,19,5906695.11,1,2725303.19,2725303.19,,,,650,1237.85,804602.5,,,,33326,32.12,1070431.12,,,,528890,2.47,1306358.3,,,,1116048.68,1609254.51
1997-03-09,3,6,10,27,31,36,35,2207047.48,JP,1116048.68,0.0,,,,489,1141.12,558007.68,,,,23364,31.83,743676.12,,,,366544,2.47,905363.68,,,,,1116048.68
1997-03-02,16,17,24,30,38,44,14,7424776.07,1,3908135.86,3908135.86,,,,403,2189.87,882517.61,,,,22380,52.54,1175845.2,,,,436610,3.34,1458277.4,,,,1071529.12,2836606.74
1997-02-23,12,21,24,29,33,35,28,2140861.7,JP,1071529.12,0.0,,,,454,1180.07,535751.78,,,,22445,31.76,712853.2,,,,340556,2.62,892256.72,,,,,1071529.12
1997-02-16,5,11,19,30,33,44,20,5245420.55,3,847855.85,2543567.55,,,,787,860.6,677292.2,,,,33450,26.96,901812.0,,,,467812,2.4,1122748.8,,,,,847855.85
1997-02-09,1,5,10,20,26,45,27,3202813.96,3,356218.15,1068654.45,,,,548,974.99,534294.52,,,,25875,27.47,710786.25,,,,350031,2.54,889078.74,,,,,356218.15
1997-02-02,4,8,20,28,37,39,13,3219273.08,1,1077907.08,1077907.08,,,,505,1067.21,538941.05,,,,20554,34.96,718567.84,,,,312317,2.83,883857.11,,,,,1077907.08
1997-01-26,2,7,32,39,42,43,8,3314730.82,3,368893.98,1106681.94,,,,283,1955.2,553321.6,,,,16040,45.93,736717.2,,,,294234,3.12,918010.08,,,,,368893.98
1997-01-19,3,7,26,28,31,40,38,3214916.11,2,538150.54,1076301.08,,,,466,1154.78,538127.48,,,,23085,31.03,716327.55,,,,368400,2.4,884160.0,,,,,538150.54
1997-01-12,4,5,6,8,21,35,3,3196851.5,1,1069253.64,1069253.64,,,,336,1591.11,534612.96,,,,21407,33.28,712424.96,,,,356502,2.47,880559.94,,,,,1069253.64
1997-01-05,3,8,9,25,26,35,34,3210008.7,3,358727.27,1076181.81,,,,389,1383.26,538088.14,,,,20495,34.96,716505.2,,,,355965,2.47,879233.55,,,,,358727.27
1996-12-29,1,9,23,24,26,35,42,7261172.77,1,4126072.0,4126072.0,,,,667,1186.25,791228.75,,,,28879,36.48,1053505.92,,,,479690,2.69,1290366.1,,,,2543567.68,1582504.32
1996-12-22,6,26,31,34,38,39,35,2621956.89,JP,2543567.68,0.0,,,,308,2142.05,659751.4,,,,19079,46.07,878969.53,,,,363502,2.98,1083235.96,,,,,2543567.68
1996-12-15,5,15,17,38,41,45,44,3201336.31,4,267242.12,1068968.48,,,,324,1649.61,534473.64,,,,17890,39.83,712558.7,,,,304239,2.91,885335.49,,,,,267242.12
1996-12-08,11,26,27,31,39,43,9,3157970.58,2,529973.55,1059947.1,,,,360,1472.14,529970.4,,,,19764,35.68,705179.52,,,,339714,2.54,862873.56,,,,,529973.55
1996-12-01,1,23,24,27,29,40,45,3161598.48,1,1057096.92,1057096.92,,,,233,2268.43,528544.19,,,,15698,44.84,703898.32,,,,285921,3.05,872059.05,,,,,1057096.92
1996-11-24,2,8,13,20,24,34,1,3157116.74,2,527678.52,1055357.04,,,,408,1293.3,527666.4,,,,20477,34.3,702361.1,,,,315845,2.76,871732.2,,,,,527678.52
1996-11-17,3,11,18,22,27,32,44,3206716.27,5,214554.15,1072770.75,,,,528,1015.83,536358.24,,,,25556,27.98,715056.88,,,,367721,2.4,882530.4,,,,,214554.15
1996-11-10,7,14,18,35,37,44,19,3237222.99,1,1084319.85,1084319.85,,,,274,1978.68,542158.32,,,,14322,50.44,722401.68,,,,265971,3.34,888343.14,,,,,1084319.85
1996-11-03,4,5,11,22,26,44,41,3186403.47,1,1070421.0,1070421.0,,,,423,1265.24,535196.52,,,,22665,31.47,713267.55,,,,361466,2.4,867518.4,,,,,1070421.0
1996-10-27,7,12,15,28,35,41,39,6840659.95,6,619077.85,3714467.1,,,,676,1156.89,782057.64,,,,30374,34.3,1041828.2,,,,484129,2.69,1302307.01,,,,1075131.97,-456054.12
1996-10-20,14,17,29,31,35,42,36,2130445.93,JP,1075131.97,0.0,,,,367,1464.73,537555.91,,,,16328,43.89,716635.92,,,,294045,2.98,876254.1,,,,,1075131.97
1996-10-13,6,16,22,25,42,44,33,3230842.1,1,1079148.7,1079148.7,,,,280,1927.01,539562.8,,,,15941,45.13,719417.33,,,,273001,3.27,892713.27,,,,,1079148.7
1996-10-06,6,18,34,35,41,44,45,5060466.16,2,1271783.84,2543567.68,,,,312,2033.04,634308.48,,,,18312,46.15,845098.8,,,,303360,3.42,1037491.2,,,,,1271783.84
1996-09-29,16,17,26,31,38,42,15,3212983.3,2,536790.74,1073581.48,,,,324,1656.73,536780.52,,,,16954,42.15,714611.1,,,,297990,2.98,888010.2,,,,,536790.74
1996-09-22,1,2,4,27,31,34,11,3293886.97,4,275490.4,1101961.6,,,,281,1960.73,550965.13,,,,18338,40.04,734253.52,,,,304264,2.98,906706.72,,,,,275490.4
1996-09-15,1,4,8,21,27,34,22,9083287.33,1,3034797.17,3034797.17,,,,679,2234.71,1517368.09,,,,31454,64.32,2023121.28,,,,492731,5.09,2508000.79,,,,,3034797.17
1996-09-08,5,7,18,29,42,45,33,3570028.59,3,398458.09,1195374.27,,,,346,1727.37,597670.02,,,,18442,43.17,796141.14,,,,329142,2.98,980843.16,,,,,398458.09
1996-09-01,4,6,15,25,29,38,17,3321021.7,2,553456.64,1106913.28,,,,450,1229.85,553432.5,,,,20097,36.7,737559.9,,,,317222,2.91,923116.02,,,,,553456.64
1996-08-25,8,15,24,35,42,44,6,8321979.97,1,4375946.93,4375946.93,,,,662,1497.87,991589.94,,,,32395,40.77,1320744.15,,,,535639,3.05,1633698.95,,,,2392689.57,1983257.36
1996-08-18,7,21,26,28,41,44,11,2741911.12,DJP,2392689.57,0.0,,,,443,1549.76,686543.68,,,,25453,35.9,913762.7,,,,435727,2.62,1141604.74,,,,1019580.89,1373108.68
1996-08-11,1,3,22,27,32,40,5,2021089.78,JP,1019580.89,0.0,,,,353,1444.17,509792.01,,,,18630,36.48,679622.4,,,,309173,2.69,831675.37,,,,,1019580.89
1996-08-04,3,7,16,23,26,27,45,3091151.91,2,518701.84,1037403.68,,,,667,777.6,518659.2,,,,28802,23.98,690671.96,,,,415969,2.03,844417.07,,,,,518701.84
1996-07-28,10,13,19,25,36,40,44,5283023.19,1,2458634.9,2458634.9,,,,442,1606.95,710271.9,,,,22525,42.01,946275.25,,,,391893,2.98,1167841.14,,,,1038034.04,1420600.86
1996-07-21,1,16,26,37,41,45,22,2075062.2,JP,1038034.04,0.0,,,,289,1795.9,519015.1,,,,14288,48.4,691539.2,,,,247710,3.49,864507.9,,,,,1038034.04
1996-07-14,4,30,32,34,36,40,41,5193438.91,1,2426624.25,2426624.25,,,,489,1419.46,694115.94,,,,21116,43.82,925303.12,,,,367755,3.12,1147395.6,,,,1038354.89,1388269.36
1996-07-07,6,16,17,33,34,43,13,2059561.07,JP,1038354.89,0.0,,,,356,1458.34,519169.04,,,,18297,37.79,691443.63,,,,307590,2.76,848948.4,,,,,1038354.89
1996-06-30,3,4,6,14,31,33,40,6893830.1,2,1819280.17,3638560.34,,,,480,1709.5,820560.0,,,,26468,41.28,1092599.04,,,,486272,2.76,1342110.72,,,,998700.67,820579.5
1996-06-23,1,8,13,15,28,42,7,1993113.21,JP,998700.67,0.0,,,,401,1245.26,499349.26,,,,18079,36.77,664764.83,,,,300362,2.76,828999.12,,,,,998700.67
1996-06-16,4,21,28,37,38,39,8,4823897.18,1,2543567.68,2543567.68,,,,338,1692.56,572085.28,,,,20286,37.57,762145.02,,,,325120,2.91,946099.2,,,,,2543567.68
1996-06-09,9,12,19,28,31,43,29,2896970.04,4,242677.8,970711.2,,,,421,1152.82,485337.22,,,,18160,35.61,646677.6,,,,295258,2.69,794244.02,,,,,242677.8
1996-06-02,7,12,16,21,39,41,3,2937679.15,1,984982.2,984982.2,,,,364,1352.96,492477.44,,,,17873,36.7,655939.1,,,,298989,2.69,804280.41,,,,,984982.2
1996-05-26,9,16,27,29,40,41,26,2991864.46,5,200117.66,1000588.3,,,,626,799.19,500292.94,,,,23057,28.92,666808.44,,,,333674,2.47,824174.78,,,,,200117.66
1996-05-19,6,10,12,14,33,45,4,2954962.22,1,991318.44,991318.44,,,,324,1529.77,495645.48,,,,17458,37.79,659737.82,,,,292848,2.76,808260.48,,,,,991318.44
1996-05-12,1,16,30,33,43,45,7,3061962.5,2,512496.98,1024993.96,,,,380,1348.67,512494.6,,,,18471,36.99,683242.29,,,,297255,2.83,841231.65,,,,,512496.98
1996-05-05,22,23,26,31,36,39,14,3076869.55,1,1028102.79,1028102.79,,,,326,1576.79,514033.54,,,,18897,36.26,685205.22,,,,307800,2.76,849528.0,,,,,1028102.79
1996-04-28,5,11,16,17,26,40,36,3065600.43,2,511635.08,1023270.16,,,,461,1109.79,511613.19,,,,23207,29.36,681357.52,,,,364532,2.33,849359.56,,,,,511635.08
1996-04-21,3,20,27,32,39,44,24,3140220.12,2,526958.11,1053916.22,,,,549,959.8,526930.2,,,,19367,36.26,702247.42,,,,310553,2.76,857126.28,,,,,526958.11
1996-04-14,16,21,25,35,37,38,30,3133045.75,1,1046166.33,1046166.33,,,,252,2075.7,523076.4,,,,14348,48.55,696595.4,,,,259643,3.34,867207.62,,,,,1046166.33
1996-04-07,3,13,25,27,31,37,1,3323006.68,1,1115688.07,1115688.07,,,,397,1405.14,557840.58,,,,21263,34.96,743354.48,,,,320185,2.83,906123.55,,,,,1115688.07
1996-03-31,8,13,29,34,35,41,2,3255620.11,3,362839.71,1088519.13,,,,251,2168.36,544258.36,,,,14639,49.56,725508.84,,,,274414,3.27,897333.78,,,,,362839.71
1996-03-24,10,21,23,29,34,39,38,3274069.28,6,182757.52,1096545.12,,,,757,724.26,548264.82,,,,28202,25.87,729585.74,,,,374864,2.4,899673.6,,,,,182757.52
1996-03-17,3,8,17,22,33,40,34,3381266.89,5,227089.8,1135449.0,,,,832,682.33,567698.56,,,,28641,26.38,755549.58,,,,410031,2.25,922569.75,,,,,227089.8
1996-03-10,17,22,25,29,34,39,14,3645395.41,5,244257.13,1221285.65,,,,535,1141.34,610616.9,,,,25803,31.54,813826.62,,,,381552,2.62,999666.24,,,,,244257.13
1996-03-03,14,22,25,31,33,40,28,3482095.64,2,580735.75,1161471.5,,,,427,1360.01,580724.27,,,,20195,38.3,773468.5,,,,332107,2.91,966431.37,,,,,580735.75
1996-02-25,5,34,36,37,42,43,25,3480146.95,2,581428.61,1162857.22,,,,288,2018.79,581411.52,,,,15513,49.93,774564.09,,,,281086,3.42,961314.12,,,,,581428.61
1996-02-18,13,23,24,30,33,43,11,8017666.49,4,1055936.54,4223746.16,,,,1944,489.09,950790.96,,,,41138,30.81,1267461.78,,,,556773,2.83,1575667.59,,,,1160939.52,-105002.98
1996-02-11,5,12,15,20,21,41,3,2301268.98,JP,1160939.52,0.0,,,,328,1769.67,580451.76,,,,18219,42.44,773214.36,,,,334842,2.83,947602.86,,,,,1160939.52
1996-02-04,15,19,23,28,30,45,16,3585748.14,1,1202852.43,1202852.43,,,,351,1713.42,601410.42,,,,19396,41.28,800666.88,,,,337051,2.91,980818.41,,,,,1202852.43
1996-01-28,6,22,30,33,35,45,18,9995007.65,5,1019033.88,5095169.4,,,,827,1488.28,1230807.56,,,,42771,38.3,1638129.3,,,,717633,2.83,2030901.39,,,,2633525.82,-1614491.94
1996-01-21,16,18,22,25,31,32,23,3009818.57,DJP,2633525.82,0.0,,,,312,2422.64,755863.68,,,,21191,47.53,1007208.23,,,,357234,3.49,1246746.66,,,,1121772.79,1511753.03
1996-01-14,17,18,20,30,32,44,25,2235117.04,JP,1121772.79,0.0,,,,263,2132.6,560873.8,,,,15687,47.6,746701.2,,,,283652,3.27,927542.04,,,,,1121772.79
1996-01-07,14,25,27,37,38,43,1,3018689.29,1,1011210.01,1011210.01,,,,254,1990.52,505592.08,,,,13324,50.58,673927.92,,,,247892,3.34,827959.28,,,,,1011210.01
1995-12-31,13,24,25,29,32,33,35,5249773.99,1,2527838.69,2527838.69,,,,397,1728.46,686198.62,,,,21266,43.02,914863.32,,,,376132,2.98,1120873.36,,,,1155400.36,1372438.33
1995-12-23,5,8,18,31,36,45,27,2299756.49,JP,1155400.36,0.0,,,,295,1958.26,577686.7,,,,17129,44.91,769263.39,,,,297752,3.2,952806.4,,,,,1155400.36
1995-12-17,5,6,12,14,16,27,41,3290988.85,4,274333.15,1097332.6,,,,601,912.85,548622.85,,,,26852,27.18,729837.36,,,,392788,2.33,915196.04,,,,,274333.15
1995-12-10,11,13,17,19,25,44,43,3164449.29,3,353318.85,1059956.55,,,,382,1387.33,529960.06,,,,19046,37.06,705844.76,,,,314742,2.76,868687.92,,,,,353318.85
1995-12-03,13,15,24,25,28,44,2,7119266.2,1,3771870.98,3771870.98,,,,481,1750.56,842019.36,,,,24271,46.22,1121805.62,,,,443452,3.12,1383570.24,,,,1043912.52,2727958.46
1995-11-26,7,16,18,21,22,32,29,2079863.41,JP,1043912.52,0.0,,,,306,1705.72,521950.32,,,,18088,38.44,695302.72,,,,320673,2.69,862610.37,,,,,1043912.52
1995-11-19,1,2,8,12,19,23,18,3156554.56,2,528217.54,1056435.08,,,,714,739.74,528174.36,,,,26092,26.96,703440.32,,,,361877,2.4,868504.8,,,,,528217.54
1995-11-12,7,9,10,25,26,32,11,3136784.9,1,1046106.82,1046106.82,,,,341,1533.84,523039.44,,,,18857,36.92,696200.44,,,,332610,2.62,871438.2,,,,,1046106.82
1995-11-05,1,12,19,24,28,44,4,3056696.78,1,1025359.66,1025359.66,,,,384,1335.08,512670.72,,,,17435,39.17,682928.95,,,,287195,2.91,835737.45,,,,,1025359.66
1995-10-29,4,9,15,34,35,39,26,3071056.77,2,512100.26,1024200.52,,,,335,1528.61,512084.35,,,,18205,37.5,682687.5,,,,316760,2.69,852084.4,,,,,512100.26
1995-10-22,1,17,26,30,33,44,24,3176119.26,3,353858.45,1061575.35,,,,418,1269.82,530784.76,,,,20519,34.45,706879.55,,,,317710,2.76,876879.6,,,,,353858.45
1995-10-15,8,25,26,29,40,42,30,3206238.35,1,1071655.43,1071655.43,,,,285,1880.06,535817.1,,,,16651,42.88,713994.88,,,,296903,2.98,884770.94,,,,,1071655.43
1995-10-08,1,5,30,33,35,42,29,3236528.17,2,540575.14,1081150.28,,,,305,1772.36,540569.8,,,,16641,43.24,719556.84,,,,293525,3.05,895251.25,,,,,540575.14
1995-10-01,1,2,4,5,17,44,26,3194124.72,1,1065364.89,1065364.89,,,,354,1504.7,532663.8,,,,23312,30.45,709850.4,,,,313161,2.83,886245.63,,,,,1065364.89
1995-09-24,2,3,7,10,12,44,31,4154759.17,1,1870645.41,1870645.41,,,,448,1276.65,571939.2,,,,24328,31.32,761952.96,,,,362680,2.62,950221.6,,,,,1870645.41
1995-09-17,2,23,26,29,37,40,34,3139571.89,1,1048375.17,1048375.17,,,,295,1776.86,524173.7,,,,15350,45.49,698271.5,,,,278446,3.12,868751.52,,,,,1048375.17
1995-09-10,12,14,20,31,35,44,19,3167118.47,6,176942.92,1061657.52,,,,270,1966.03,530828.1,,,,13235,53.41,706881.35,,,,239050,3.63,867751.5,,,,,176942.92
1995-09-03,7,15,23,36,42,43,30,3223592.46,3,360696.94,1082090.82,,,,441,1226.8,541018.8,,,,21416,33.65,720648.4,,,,327076,2.69,879834.44,,,,,360696.94
1995-08-27,1,17,19,26,35,44,3,5464108.68,3,841909.86,2525729.58,,,,526,1409.5,741397.0,,,,24278,40.7,988114.6,,,,396350,3.05,1208867.5,,,,1042893.85,-200983.99
1995-08-20,4,18,19,32,37,38,5,2075679.55,JP,1042893.85,0.0,,,,232,2247.57,521436.24,,,,12447,55.81,694667.07,,,,241454,3.56,859576.24,,,,,1042893.85
1995-08-13,6,9,22,25,26,45,5,5128678.92,3,803566.08,2410698.24,,,,540,1262.63,681820.2,,,,24915,36.48,908899.2,,,,408428,2.76,1127261.28,,,,1046986.45,-243420.37
1995-08-06,5,18,19,23,30,45,12,2090577.84,JP,1046986.45,0.0,,,,284,1843.21,523471.64,,,,15914,43.82,697351.48,,,,291864,2.98,869754.72,,,,,1046986.45
1995-07-30,7,19,20,21,29,31,32,5215880.81,3,809734.16,2429202.48,,,,511,1378.98,704658.78,,,,28200,33.28,938496.0,,,,462965,2.47,1143523.55,,,,1019866.35,-210132.19
1995-07-23,1,11,19,26,32,39,15,2037185.28,JP,1019866.35,0.0,,,,302,1688.49,509923.98,,,,16533,41.06,678844.98,,,,291552,2.91,848416.32,,,,,1019866.35
1995-07-16,1,2,22,26,31,33,16,5035769.37,3,788731.34,2366194.02,,,,332,2013.78,668574.96,,,,19977,44.62,891373.74,,,,381315,2.91,1109626.65,,,,1029041.07,-240309.73
1995-07-09,4,9,11,32,42,44,35,2044964.58,JP,1029041.07,0.0,,,,255,2017.7,514513.5,,,,15078,45.49,685898.22,,,,283407,2.98,844552.86,,,,,1029041.07
1995-07-02,4,15,18,23,24,29,40,3112466.71,1,1040623.03,1040623.03,,,,385,1351.43,520300.55,,,,16627,41.71,693512.17,,,,294856,2.91,858030.96,,,,,1040623.03
1995-06-25,10,12,27,28,40,43,38,3324963.09,1,1109189.26,1109189.26,,,,403,1376.14,554584.42,,,,20057,36.85,739100.45,,,,342784,2.69,922088.96,,,,,1109189.26
1995-06-18,4,9,27,28,40,42,45,3217463.58,5,215704.42,1078522.1,,,,471,1144.9,539247.9,,,,23434,30.67,718720.78,,,,367072,2.4,880972.8,,,,,215704.42
1995-06-11,13,23,38,41,42,45,4,5083549.57,1,2411623.01,2411623.01,,,,247,2724.16,672867.52,,,,16145,55.52,896370.4,,,,309744,3.56,1102688.64,,,,1065879.64,1345743.37
1995-06-04,9,22,30,37,38,44,23,2125744.86,JP,1065879.64,0.0,,,,272,1959.27,532921.44,,,,14146,50.22,710412.12,,,,264195,3.34,882411.3,,,,,1065879.64
1995-05-28,1,3,28,36,38,43,6,5113742.7,3,803875.23,2411625.69,,,,314,2164.5,679653.0,,,,19295,46.95,905900.25,,,,357873,3.12,1116563.76,,,,1052287.32,-248412.09
1995-05-21,8,15,25,33,35,45,42,2101809.79,JP,1052287.32,0.0,,,,637,825.93,526117.41,,,,22498,31.18,701487.64,,,,300414,2.91,874204.74,,,,,1052287.32
1995-05-14,7,9,13,15,16,30,20,3211850.11,1,1079290.42,1079290.42,,,,402,1342.35,539624.7,,,,22208,32.34,718206.72,,,,354141,2.47,874728.27,,,,,1079290.42
1995-05-07,1,10,15,28,38,42,31,6640557.91,5,729742.66,3648713.3,,,,614,1226.73,753212.22,,,,26007,38.59,1003610.13,,,,414437,2.98,1235022.26,,,,1071129.34,-341386.68
1995-04-30,21,24,26,38,39,41,25,2122925.4,JP,1071129.34,0.0,,,,248,2159.49,535553.52,,,,14637,48.76,713700.12,,,,280023,3.12,873671.76,,,,,1071129.34
1995-04-23,12,26,30,38,43,44,17,3152125.99,1,1053854.23,1053854.23,,,,194,2716.09,526921.46,,,,12859,54.58,701844.22,,,,265904,3.27,869506.08,,,,,1053854.23
1995-04-16,6,8,10,16,22,35,23,3393234.78,2,566426.07,1132852.14,,,,565,1002.46,566389.9,,,,27640,27.25,753190.0,,,,403778,2.33,940802.74,,,,,566426.07
1995-04-09,3,7,21,28,40,41,34,5426965.01,6,427998.21,2567989.26,,,,656,1090.46,715341.76,,,,30676,31.03,951876.28,,,,482493,2.47,1191757.71,,,,1137287.76,-709289.55
1995-04-02,3,7,11,15,17,35,5,2251265.45,JP,1137287.76,0.0,,,,555,1024.55,568625.25,,,,28670,26.38,756314.6,,,,424920,2.18,926325.6,,,,,1137287.76
1995-03-26,3,14,17,31,39,43,38,5368994.13,4,630880.87,2523523.48,,,,577,1233.12,711510.24,,,,25139,37.72,948243.08,,,,407463,2.91,1185717.33,,,,1100461.77,-469580.9
1995-03-19,4,5,30,35,38,42,36,2191427.22,JP,1100461.77,0.0,,,,194,2836.22,550226.68,,,,14688,49.93,733371.84,,,,271805,3.34,907828.7,,,,,1100461.77
1995-03-12,1,7,14,19,31,40,22,3425876.57,2,571192.72,1142385.44,,,,392,1457.1,571183.2,,,,22093,34.45,761103.85,,,,319196,2.98,951204.08,,,,,571192.72
1995-03-05,4,5,13,21,42,45,31,3532778.1,1,1185487.42,1185487.42,,,,299,1982.38,592731.62,,,,17686,44.62,789149.32,,,,323963,2.98,965409.74,,,,,1185487.42
1995-02-26,17,23,27,28,29,43,44,7434005.54,3,1336562.04,4009686.12,,,,526,1640.82,863071.32,,,,30315,37.94,1150151.1,,,,555550,2.54,1411097.0,,,,1141736.53,194825.51
1995-02-19,9,15,25,26,40,43,36,2278887.89,JP,1141736.53,0.0,,,,324,1761.89,570852.36,,,,17857,42.59,760529.63,,,,317955,2.98,947505.9,,,,,1141736.53
1995-02-12,2,4,9,21,22,42,28,3453972.74,3,385037.72,1155113.16,,,,414,1395.04,577546.56,,,,23367,32.92,769241.64,,,,385454,2.47,952071.38,,,,,385037.72
1995-02-05,1,12,20,22,37,42,7,3425208.27,1,1142022.72,1142022.72,,,,312,1830.13,571000.56,,,,15717,48.4,760702.8,,,,272631,3.49,951482.19,,,,,1142022.72
1995-01-29,2,11,20,28,30,35,8,4117488.4,4,454350.88,1817403.52,,,,533,1091.26,581641.58,,,,23822,32.48,773738.56,,,,371931,2.54,944704.74,,,,,454350.88
1995-01-22,9,17,27,36,38,42,23,3406603.01,7,162916.02,1140412.14,,,,849,671.57,570162.93,,,,26939,28.2,759679.8,,,,368641,2.54,936348.14,,,,,162916.02
1995-01-15,6,7,9,30,33,40,5,3648838.53,1,1218424.3,1218424.3,,,,486,1253.47,609186.42,,,,24233,33.5,811805.5,,,,408673,2.47,1009422.31,,,,,1218424.3
1995-01-08,7,9,13,16,22,27,23,3135837.58,3,351232.47,1053697.41,,,,589,894.46,526836.94,,,,27744,25.29,701645.76,,,,404577,2.11,853657.47,,,,,351232.47
1995-01-03,1,26,33,34,39,40,45,4792268.32,2,1090100.43,2180200.86,,,,487,1353.54,659173.98,,,,28829,30.45,877843.05,,,,399647,2.69,1075050.43,,,,,1090100.43
1994-12-25,2,5,24,39,41,43,45,3575246.54,1,1195000.44,1195000.44,,,,339,1762.47,597477.33,,,,17644,45.13,796273.72,,,,323441,3.05,986495.05,,,,,1195000.44
1994-12-18,5,11,22,23,27,43,37,5201304.17,1,2613886.06,2613886.06,,,,550,1188.06,653433.0,,,,28320,30.74,870556.8,,,,456407,2.33,1063428.31,,,,,2613886.06
1994-12-11,6,9,14,18,37,42,8,3463211.68,3,387060.94,1161182.82,,,,349,1663.57,580585.93,,,,17313,44.69,773717.97,,,,303758,3.12,947724.96,,,,,387060.94
1994-12-04,1,5,11,20,35,40,45,7573155.76,8,510956.24,4087649.92,,,,649,1345.91,873495.59,,,,30365,38.3,1162979.5,,,,512025,2.83,1449030.75,,,,1170307.41,-659351.17
1994-11-27,4,26,30,35,36,38,28,2321905.8,JP,1170307.41,0.0,,,,240,2438.12,585148.8,,,,18797,41.5,780075.5,,,,338050,2.83,956681.5,,,,,1170307.41
1994-11-20,4,14,21,25,35,40,36,3379930.77,4,282672.85,1130691.4,,,,391,1445.84,565323.44,,,,18621,40.48,753778.08,,,,319635,2.91,930137.85,,,,,282672.85
1994-11-13,4,7,8,13,15,29,5,5178075.49,5,508713.54,2543567.7,,,,593,1110.89,658757.77,,,,28533,30.74,877104.42,,,,457769,2.4,1098645.6,,,,,508713.54
1994-11-06,1,6,15,18,26,30,11,3205757.63,2,537725.54,1075451.08,,,,493,1090.68,537705.24,,,,21687,32.99,715454.13,,,,334789,2.62,877147.18,,,,,537725.54
1994-10-30,3,15,27,28,37,41,20,3212263.73,5,215361.48,1076807.4,,,,623,864.16,538371.68,,,,24963,28.71,716687.73,,,,356436,2.47,880396.92,,,,,215361.48
1994-10-23,10,21,29,39,43,45,30,3260762.41,4,273373.86,1093495.44,,,,548,997.66,546717.68,,,,22053,32.99,727528.47,,,,331978,2.69,893020.82,,,,,273373.86
1994-10-16,17,25,29,33,39,42,18,3263460.13,1,1089483.51,1089483.51,,,,506,1076.51,544714.06,,,,22934,31.61,724943.74,,,,336178,2.69,904318.82,,,,,1089483.51
1994-10-09,4,10,13,18,19,21,14,3287234.97,6,183431.71,1100590.26,,,,455,1209.43,550290.65,,,,22470,32.63,733196.1,,,,355574,2.54,903157.96,,,,,183431.71
1994-10-02,6,7,18,25,33,42,38,3326045.47,3,370995.48,1112986.44,,,,475,1171.49,556457.75,,,,20198,36.7,741266.6,,,,314548,2.91,915334.68,,,,,370995.48
1994-09-25,8,10,11,13,27,36,7,3354099.65,6,187151.71,1122910.26,,,,611,918.88,561435.68,,,,24117,31.03,748350.51,,,,383918,2.4,921403.2,,,,,187151.71
1994-09-18,17,19,23,39,42,43,16,3412038.71,1,1143694.79,1143694.79,,,,312,1832.82,571839.84,,,,16833,45.28,762198.24,,,,299457,3.12,934305.84,,,,,1143694.79
1994-09-11,8,10,15,18,23,38,11,3480349.3,1,1164122.4,1164122.4,,,,437,1331.88,582031.56,,,,21681,35.76,775312.56,,,,356462,2.69,958882.78,,,,,1164122.4
1994-09-04,4,8,14,40,41,45,12,6094462.27,1,2754912.07,2754912.07,,,,400,2092.92,837168.0,,,,24435,45.64,1115213.4,,,,415320,3.34,1387168.8,,,,1080531.31,1674380.76
1994-08-28,2,5,10,32,41,44,34,2152697.79,JP,1080531.31,0.0,,,,301,1794.89,540261.89,,,,16695,43.1,719554.5,,,,292748,3.05,892881.4,,,,,1080531.31
1994-08-21,3,4,9,16,19,32,2,3186331.65,2,532678.23,1065356.46,,,,457,1165.54,532651.78,,,,24216,29.29,709286.64,,,,377269,2.33,879036.77,,,,,532678.23
1994-08-14,12,24,25,36,43,45,15,3219892.83,1,1074171.81,1074171.81,,,,330,1627.52,537081.6,,,,15046,47.53,715136.38,,,,250984,3.56,893503.04,,,,,1074171.81
1994-08-07,1,16,17,21,25,29,36,3193521.76,1,1072225.26,1072225.26,,,,292,1835.95,536097.4,,,,17012,42.01,714674.12,,,,307606,2.83,870524.98,,,,,1072225.26
1994-07-31,4,7,9,13,18,22,14,3159076.04,3,352165.74,1056497.22,,,,644,820.19,528202.36,,,,26692,26.38,704134.96,,,,386774,2.25,870241.5,,,,,352165.74
1994-07-24,16,32,33,36,43,45,17,3164643.39,1,1060015.19,1060015.19,,,,376,1409.57,529998.32,,,,16892,41.79,705916.68,,,,284824,3.05,868713.2,,,,,1060015.19
1994-07-17,17,20,21,30,31,39,29,3206482.93,2,537688.99,1075377.98,,,,461,1166.33,537678.13,,,,21517,33.28,716085.76,,,,334863,2.62,877341.06,,,,,537688.99
1994-07-10,11,22,24,33,37,43,19,3277561.02,2,548772.11,1097544.22,,,,392,1399.91,548764.72,,,,18256,40.04,730970.24,,,,302108,2.98,900281.84,,,,,548772.11
1994-07-03,3,10,28,34,41,43,15,3285583.66,1,1098254.46,1098254.46,,,,325,1689.58,549113.5,,,,18966,38.59,731897.94,,,,328376,2.76,906317.76,,,,,1098254.46
1994-06-26,7,14,19,22,24,40,36,3359889.6,3,374179.95,1122539.85,,,,322,1743.07,561268.54,,,,18903,39.53,747235.59,,,,328214,2.83,928845.62,,,,,374179.95
1994-06-19,5,7,21,23,25,26,20,7294889.91,1,3923061.66,3923061.66,,,,745,1145.84,853650.8,,,,38323,29.65,1136276.95,,,,614178,2.25,1381900.5,,,,1107863.48,2815198.18
1994-06-12,1,19,26,29,36,37,31,2206299.42,JP,1107863.48,0.0,,,,224,2472.86,553920.64,,,,14029,52.62,738205.98,,,,285679,3.2,914172.8,,,,,1107863.48
1994-06-05,3,5,9,21,29,39,45,3254975.95,9,121324.69,1091922.21,,,,934,584.51,545932.34,,,,35636,20.42,727687.12,,,,453793,1.96,889434.28,,,,,121324.69
1994-05-29,1,3,16,20,26,37,17,3315519.04,1,1110165.77,1110165.77,,,,225,2466.97,555068.25,,,,15490,47.75,739647.5,,,,291871,3.12,910637.52,,,,,1110165.77
1994-05-22,2,9,11,16,23,45,35,3447948.62,2,576898.81,1153797.62,,,,480,1201.87,576897.6,,,,23769,32.34,768689.46,,,,352626,2.69,948563.94,,,,,576898.81
1994-05-15,1,9,12,23,28,45,27,3524450.84,1,1177528.38,1177528.38,,,,480,1226.58,588758.4,,,,22308,35.17,784572.36,,,,361930,2.69,973591.7,,,,,1177528.38
1994-05-08,3,5,11,25,42,44,30,5962304.09,4,702747.34,2810989.36,,,,368,2152.95,792285.6,,,,21439,49.27,1056299.53,,,,407103,3.2,1302729.6,,,,1226384.5,-523637.16
1994-05-01,12,16,30,39,40,42,3,2451522.66,JP,1226384.5,0.0,,,,281,2182.16,613186.96,,,,17050,47.89,816524.5,,,,319316,3.2,1021811.2,,,,,1226384.5
1994-04-24,2,7,12,14,25,40,18,6199656.1,3,965516.56,2896549.68,,,,450,1841.47,828661.5,,,,25525,43.24,1103701.0,,,,439341,3.12,1370743.92,,,,1239226.32,-273709.76
1994-04-17,13,19,23,24,25,32,10,2475332.44,JP,1239226.32,0.0,,,,288,2151.42,619608.96,,,,17993,45.86,825158.98,,,,337890,3.05,1030564.5,,,,,1239226.32
1994-04-10,2,3,13,17,26,39,45,8952199.16,4,1213085.49,4852341.96,,,,1036,992.72,1028457.92,,,,46276,29.58,1368844.08,,,,709398,2.4,1702555.2,,,,2795426.81,-1582341.32
1994-04-03,1,11,13,32,38,43,19,3199021.19,DJP,2795426.81,0.0,,,,299,2685.21,802877.79,,,,17941,59.66,1070360.06,,,,357354,3.71,1325783.34,,,,1189664.32,1605762.49
1994-03-27,19,24,32,33,36,40,2,2372777.95,JP,1189664.32,0.0,,,,301,1976.13,594815.13,,,,19058,41.57,792241.06,,,,338736,2.91,985721.76,,,,,1189664.32
1994-03-20,5,23,27,31,37,42,10,7831851.22,1,4190670.99,4190670.99,,,,630,1452.96,915364.8,,,,28613,42.59,1218627.67,,,,483073,3.12,1507187.76,,,,1179947.38,3010723.61
1994-03-13,7,18,27,31,38,39,14,2335290.09,JP,1179947.38,0.0,,,,354,1666.55,589958.7,,,,18541,42.37,785582.17,,,,339134,2.83,959749.22,,,,,1179947.38
1994-03-06,5,29,30,31,32,37,11,3580133.96,1,1199421.3,1199421.3,,,,265,2263.05,599708.25,,,,15929,50.14,798680.06,,,,300405,3.27,982324.35,,,,,1199421.3
1994-02-27,15,18,27,37,41,43,2,5967808.4,6,464750.8,2788504.8,,,,399,1997.14,796858.86,,,,22820,46.51,1061358.2,,,,404002,3.27,1321086.54,,,,1194785.83,-730035.03
1994-02-20,19,24,25,34,41,43,37,2388135.05,JP,1194785.83,0.0,,,,257,2324.46,597386.22,,,,14809,53.78,796428.02,,,,268011,3.71,994320.81,,,,,1194785.83
1994-02-13,1,15,20,32,36,42,8,3731961.15,1,1245345.71,1245345.71,,,,256,2432.3,622668.8,,,,14024,59.16,829659.84,,,,290530,3.56,1034286.8,,,,,1245345.71
1994-02-06,1,4,6,12,17,23,15,9271495.03,6,809215.49,4855292.94,,,,1043,1060.01,1105590.43,,,,43446,33.87,1471516.02,,,,666339,2.76,1839095.64,,,,2644007.65,-1834792.16
1994-01-30,14,30,31,34,37,44,21,3019333.56,DJP,2644007.65,0.0,,,,268,2820.02,755765.36,,,,17785,56.61,1006808.85,,,,326431,3.85,1256759.35,,,,1132471.48,1511536.17
1994-01-23,5,19,20,30,32,39,16,2254024.7,JP,1132471.48,0.0,,,,363,1559.86,566229.18,,,,20252,37.21,753576.92,,,,338485,2.76,934218.6,,,,,1132471.48
1994-01-16,5,8,11,12,39,45,43,3444406.02,2,575920.92,1151841.84,,,,338,1703.9,575918.2,,,,19010,40.33,766673.3,,,,344193,2.76,949972.68,,,,,575920.92
1994-01-09,15,23,26,28,32,33,40,3032777.01,5,202463.41,1012317.05,,,,533,949.62,506147.46,,,,23676,28.49,674529.24,,,,360422,2.33,839783.26,,,,,202463.41
1994-01-02,6,7,15,25,26,37,4,5750050.5,2,1348723.71,2697447.42,,,,532,1445.26,768878.32,,,,26056,39.32,1024521.92,,,,444948,2.83,1259202.84,,,,1159627.99,189095.72
1993-12-26,1,2,5,7,33,41,37,2316375.87,JP,1159627.99,0.0,,,,310,1870.32,579799.2,,,,19972,38.66,772117.52,,,,358535,2.69,964459.15,,,,,1159627.99
1993-12-19,4,5,7,8,20,30,16,8681745.96,4,1165471.29,4661885.16,,,,946,1063.72,1006279.12,,,,44978,29.8,1340344.4,,,,677424,2.47,1673237.28,,,,2649197.47,-1483726.18
1993-12-12,7,8,27,36,40,43,26,3029311.26,DJP,2649197.47,0.0,,,,451,1683.7,759348.7,,,,27687,36.55,1011959.85,,,,467659,2.69,1258002.71,,,,1130474.34,1518723.13
1993-12-05,2,17,41,42,44,45,14,2258540.38,JP,1130474.34,0.0,,,,199,2840.37,565233.63,,,,14434,52.18,753166.12,,,,219147,4.29,940140.63,,,,,1130474.34
1993-11-28,4,9,14,16,36,42,33,3357160.72,3,375416.78,1126250.34,,,,304,1852.37,563120.48,,,,16590,45.2,749868.0,,,,300958,3.05,917921.9,,,,,375416.78
1993-11-21,2,19,21,26,34,42,44,3521974.0,2,589302.05,1178604.1,,,,376,1567.27,589293.52,,,,19392,40.48,784988.16,,,,342434,2.83,969088.22,,,,,589302.05
1993-11-14,22,27,29,36,38,43,7,8676089.29,8,583029.97,4664239.76,,,,850,1188.28,1010038.0,,,,36903,36.48,1346221.44,,,,615461,2.69,1655590.09,,,,2644149.29,-2061119.32
1993-11-07,11,15,21,27,29,30,44,2993926.18,DJP,2644149.29,0.0,,,,819,920.55,753930.45,,,,39428,25.44,1003048.32,,,,586231,2.11,1236947.41,,,,1136253.11,1507896.18
1993-10-31,6,25,33,38,42,43,45,2270505.96,JP,1136253.11,0.0,,,,196,2898.58,568121.68,,,,13510,56.03,756965.3,,,,260446,3.63,945418.98,,,,,1136253.11
1993-10-24,6,10,16,27,29,35,38,12887294.58,6,1146574.76,6879448.56,,,,1472,1031.82,1518839.04,,,,67338,30.01,2020813.38,,,,1028414,2.4,2468193.6,,,,3841607.17,-2695032.41
1993-10-17,5,6,10,17,34,39,24,3541722.74,DJP,3841607.17,0.0,,,,570,1562.99,890904.3,,,,34295,34.59,1186264.05,,,,592937,2.47,1464554.39,,,,1029879.43,2811727.74
1993-10-10,7,14,15,23,36,41,44,2050242.89,JP,1029879.43,0.0,,,,296,1739.65,514936.4,,,,15621,43.89,685605.69,,,,272340,3.12,849700.8,,,,,1029879.43
1993-10-03,3,10,15,31,36,37,45,3094961.13,1,1034781.83,1034781.83,,,,300,1724.61,517383.0,,,,15225,45.28,689388.0,,,,279806,3.05,853408.3,,,,,1034781.83
1993-09-26,15,25,29,33,34,37,13,2961885.52,1,1049693.03,1049693.03,,,,278,1887.91,524838.98,,,,17197,40.62,698542.14,,,,278871,2.47,688811.37,,,,,1049693.03
1993-09-19,2,6,8,14,22,29,30,3062456.07,2,511148.75,1022297.5,,,,536,953.62,511140.32,,,,23395,29.07,680092.65,,,,353719,2.4,848925.6,,,,,511148.75
1993-09-12,4,5,6,15,38,44,37,5065509.41,1,2360606.24,2360606.24,,,,259,2620.96,678828.64,,,,15955,56.69,904488.95,,,,327949,3.42,1121585.58,,,,1002912.17,1357694.07
1993-09-05,3,29,30,37,38,41,23,1989965.33,JP,1002912.17,0.0,,,,239,2098.08,501441.12,,,,12637,52.91,668623.67,,,,239737,3.42,819900.54,,,,,1002912.17
1993-08-29,13,17,23,27,30,35,41,2987439.32,3,332559.27,997677.81,,,,449,1110.96,498821.04,,,,21449,30.96,664061.04,,,,334769,2.47,826879.43,,,,,332559.27
1993-08-22,2,7,20,27,33,43,22,2977528.14,7,142554.69,997882.83,,,,1117,446.65,498908.05,,,,22097,30.09,664898.73,,,,330299,2.47,815838.53,,,,,142554.69
1993-08-15,4,11,13,17,34,40,37,5014124.58,3,772780.12,2318340.36,,,,519,1307.9,678800.1,,,,25866,34.96,904275.36,,,,424698,2.62,1112708.76,,,,960677.75,-187897.63
1993-08-08,2,7,17,18,32,35,15,1920943.93,JP,960677.75,0.0,,,,293,1639.37,480335.41,,,,15751,40.62,639805.62,,,,275190,2.91,800802.9,,,,,960677.75
1993-08-01,2,4,6,26,29,42,32,2877363.82,3,321776.72,965330.16,,,,386,1250.42,482662.12,,,,16318,39.39,642766.02,,,,285002,2.76,786605.52,,,,,321776.72
1993-07-25,9,11,13,25,37,44,38,2899958.52,1,969939.54,969939.54,,,,280,1732.02,484965.6,,,,13336,48.47,646395.92,,,,239119,3.34,798657.46,,,,,969939.54
1993-07-18,8,11,12,16,19,37,33,2936653.54,1,980635.17,980635.17,,,,325,1508.63,490304.75,,,,16773,38.95,653308.35,,,,287069,2.83,812405.27,,,,,980635.17
1993-07-11,2,8,19,20,24,44,34,2950686.25,4,246960.22,987840.88,,,,320,1543.44,493900.8,,,,15961,41.21,657752.81,,,,272212,2.98,811191.76,,,,,246960.22
1993-07-04,1,6,12,33,40,45,13,2965196.95,2,497165.01,994330.02,,,,335,1484.06,497160.1,,,,16665,39.75,662433.75,,,,278788,2.91,811273.08,,,,,497165.01
1993-06-27,13,16,26,34,41,44,35,2998568.91,2,501394.46,1002788.92,,,,375,1337.04,501390.0,,,,17021,39.24,667904.04,,,,270979,3.05,826485.95,,,,,501394.46
1993-06-20,8,12,13,18,24,30,23,3035814.1,3,339661.85,1018985.55,,,,498,1023.02,509463.96,,,,25487,26.6,677954.2,,,,308331,2.69,829410.39,,,,,339661.85
1993-06-13,11,15,27,30,36,42,10,4903380.81,1,2302623.0,2302623.0,,,,465,1409.57,655450.05,,,,23209,37.64,873586.76,,,,378700,2.83,1071721.0,,,,991672.65,1310950.35
1993-06-06,9,30,36,40,43,45,16,1973472.88,JP,991672.65,0.0,,,,216,2295.53,495834.48,,,,12286,53.78,660741.08,,,,234068,3.49,816897.32,,,,,991672.65
1993-05-30,13,20,21,30,33,35,26,3011745.87,2,503864.33,1007728.66,,,,451,1117.21,503861.71,,,,21240,31.61,671396.4,,,,335530,2.47,828759.1,,,,,503864.33
1993-05-23,5,15,17,24,34,43,45,2944872.25,2,492754.9,985509.8,,,,327,1506.88,492749.76,,,,15665,41.93,656833.45,,,,271738,2.98,809779.24,,,,,492754.9
1993-05-16,5,11,24,25,33,38,10,3101701.28,1,1037818.2,1037818.2,,,,433,1198.38,518898.54,,,,22348,30.96,691894.08,,,,317134,2.69,853090.46,,,,,1037818.2
1993-05-09,6,9,15,16,27,37,32,3135173.9,3,349228.28,1047684.84,,,,544,962.92,523828.48,,,,25026,27.91,698475.66,,,,371324,2.33,865184.92,,,,,349228.28
1993-05-02,7,10,13,26,28,36,2,2920117.57,2,488603.51,977207.02,,,,2732,178.78,488426.96,,,,38287,17.01,651261.87,,,,409807,1.96,803221.72,,,,,488603.51
1993-04-25,5,21,34,40,41,43,28,5122697.5,1,2391092.43,2391092.43,,,,273,2512.1,685803.3,,,,17535,52.11,913748.85,,,,338938,3.34,1132052.92,,,,1019459.31,1371633.12
1993-04-18,5,11,25,31,36,38,1,2038921.71,JP,1019459.31,0.0,,,,232,2197.06,509717.92,,,,13357,50.87,679470.59,,,,248460,3.42,849733.2,,,,,1019459.31
1993-04-11,3,20,33,34,42,45,11,3193082.32,2,534111.2,1068222.4,,,,262,2038.56,534102.72,,,,14701,48.4,711528.4,,,,274759,3.2,879228.8,,,,,534111.2
1993-04-04,9,18,21,33,36,43,6,3194679.34,8,133767.02,1070136.16,,,,695,769.83,535031.85,,,,23895,29.8,712071.0,,,,355239,2.47,877440.33,,,,,133767.02
1993-03-28,5,7,17,28,32,45,43,3217214.88,4,270051.09,1080204.36,,,,622,868.3,540082.6,,,,26138,27.54,719840.52,,,,345310,2.54,877087.4,,,,,270051.09
1993-03-21,6,19,25,39,40,42,20,3274173.43,2,548223.94,1096447.88,,,,267,2053.24,548215.08,,,,14527,50.29,730562.83,,,,269146,3.34,898947.64,,,,,548223.94
1993-03-14,5,7,11,20,23,37,34,7773298.22,3,1370398.9,4111196.7,,,,590,1560.15,920488.5,,,,34026,36.05,1226637.3,,,,563188,2.69,1514975.72,,,,1135107.85,235291.05
1993-03-07,5,17,28,32,37,40,25,2250494.93,JP,1135107.85,0.0,,,,449,1264.01,567540.49,,,,20340,37.14,755427.6,,,,327748,2.83,927526.84,,,,,1135107.85
1993-02-28,3,4,10,17,20,34,16,3346833.9,4,280926.08,1123704.32,,,,646,869.68,561813.28,,,,27865,26.82,747339.3,,,,406212,2.25,913977.0,,,,,280926.08
1993-02-21,13,21,28,32,38,39,2,3440841.92,1,1153612.16,1153612.16,,,,480,1201.65,576792.0,,,,24270,31.69,769116.3,,,,370599,2.54,941321.46,,,,,1153612.16
1993-02-14,6,12,22,28,30,33,10,9276620.57,5,973350.53,4866752.65,,,,1196,931.09,1113583.64,,,,55704,26.6,1481726.4,,,,832366,2.18,1814557.88,,,,2639521.3,-1666170.77
1993-02-07,8,14,15,24,26,42,39,3048895.74,DJP,2639521.3,0.0,,,,398,1931.73,768828.54,,,,23697,43.24,1024658.28,,,,431412,2.91,1255408.92,,,,1101830.06,1537691.24
1993-01-31,4,24,29,36,39,40,18,2188492.96,JP,1101830.06,0.0,,,,238,2314.72,550903.36,,,,15169,48.4,734179.6,,,,296200,3.05,903410.0,,,,,1101830.06
1993-01-24,11,20,26,28,36,40,34,5718307.81,5,529151.76,2645758.8,,,,670,1147.37,768737.9,,,,33111,30.89,1022798.79,,,,488936,2.62,1281012.32,,,,1108275.1,-579123.34
1993-01-17,1,2,4,24,26,28,40,2203157.61,JP,1108275.1,0.0,,,,381,1454.41,554130.21,,,,18600,39.68,738048.0,,,,330065,2.76,910979.4,,,,,1108275.1
1993-01-10,8,11,18,26,38,44,2,5223038.22,2,1227481.07,2454962.14,,,,424,1640.24,695461.76,,,,23983,38.66,927182.78,,,,384373,2.98,1145431.54,,,,1064026.03,163455.04
1993-01-03,1,26,33,34,39,40,45,2120167.62,JP,1064026.03,0.0,,,,202,2633.68,532003.36,,,,12918,54.87,708810.66,,,,274798,3.2,879353.6,,,,,1064026.03
1992-12-27,1,10,12,26,36,45,13,3022682.68,1,1009484.31,1009484.31,,,,332,1520.25,504723.0,,,,17347,38.73,671849.31,,,,280747,2.98,836626.06,,,,,1009484.31
1992-12-20,8,12,16,33,36,44,34,3329304.54,4,278402.64,1113610.56,,,,466,1194.82,556786.12,,,,20729,35.76,741269.04,,,,324254,2.83,917638.82,,,,,278402.64
1992-12-13,12,21,22,30,31,38,32,5444924.58,1,2563100.54,2563100.54,,,,529,1369.09,724248.61,,,,26221,36.77,964146.17,,,,443654,2.69,1193429.26,,,,1114545.86,1448554.68
1992-12-06,16,17,20,26,34,43,44,2207225.54,JP,1114545.86,0.0,,,,324,1719.96,557267.04,,,,19603,37.86,742169.58,,,,337468,2.69,907788.92,,,,,1114545.86
1992-11-29,1,5,23,24,40,42,19,3416441.76,1,1139514.03,1139514.03,,,,255,2234.27,569738.85,,,,14523,52.25,758826.75,,,,271737,3.49,948362.13,,,,,1139514.03
1992-11-22,3,10,13,19,21,43,16,3381478.73,3,377747.71,1133243.13,,,,500,1133.2,566600.0,,,,24638,30.6,753922.8,,,,386547,2.4,927712.8,,,,,377747.71
1992-11-15,7,12,15,22,26,30,21,5458254.56,2,1275104.07,2550208.14,,,,995,740.03,736329.85,,,,46061,21.29,980638.69,,,,546366,2.18,1191077.88,,,,1077446.84,197657.23
1992-11-08,4,8,18,21,28,37,26,2150703.46,JP,1077446.84,0.0,,,,538,1001.29,538694.02,,,,22762,31.54,717913.48,,,,341258,2.62,894095.96,,,,,1077446.84
1992-11-01,5,22,23,31,33,45,37,5081561.13,1,2400454.94,2400454.94,,,,436,1544.53,673415.08,,,,22981,39.03,896948.43,,,,402443,2.76,1110742.68,,,,1053605.98,1346848.96
1992-10-25,10,23,25,31,36,45,38,2103816.07,JP,1053605.98,0.0,,,,218,2416.46,526788.28,,,,12495,56.18,701969.1,,,,241063,3.63,875058.69,,,,,1053605.98
1992-10-18,10,21,28,37,38,44,7,5351855.9,4,622649.53,2490598.12,,,,547,1314.44,718998.68,,,,25040,38.23,957279.2,,,,388518,3.05,1184979.9,,,,1052584.99,-429935.46
1992-10-11,1,12,13,36,43,44,25,2096406.28,JP,1052584.99,0.0,,,,188,2799.38,526283.44,,,,11102,63.15,701091.3,,,,209911,4.14,869031.54,,,,,1052584.99
1992-10-04,3,7,10,24,36,39,35,3114490.01,1,1045930.07,1045930.07,,,,447,1169.9,522945.3,,,,21702,32.12,697068.24,,,,353561,2.4,848546.4,,,,,1045930.07
1992-09-27,12,19,21,22,25,27,28,3085265.56,1,1034581.04,1034581.04,,,,380,1361.24,517271.2,,,,19102,36.05,688627.1,,,,332593,2.54,844786.22,,,,,1034581.04
1992-09-20,3,12,13,18,20,40,7,3154985.89,2,526217.21,1052434.42,,,,312,1686.53,526197.36,,,,17113,40.99,701461.87,,,,293588,2.98,874892.24,,,,,526217.21
1992-09-13,4,9,20,26,27,30,31,5314573.49,3,821551.79,2464655.37,,,,867,823.32,713818.44,,,,38934,24.42,950768.28,,,,543730,2.18,1185331.4,,,,1036913.85,-215362.06
1992-09-06,18,37,39,40,43,45,24,2062347.26,JP,1036913.85,0.0,,,,342,1515.89,518434.38,,,,12057,57.27,690504.39,,,,192643,4.43,853408.49,,,,,1036913.85
1992-08-30,3,4,11,27,32,39,15,5057677.07,3,784634.82,2353904.46,,,,589,1155.14,680377.46,,,,30423,29.8,906605.4,,,,496351,2.25,1116789.75,,,,993135.93,-208501.11
1992-08-23,4,11,31,34,39,41,6,1971456.25,JP,993135.93,0.0,,,,220,2257.09,496559.8,,,,13627,48.55,661590.85,,,,254158,3.2,813305.6,,,,,993135.93
1992-08-16,2,5,12,16,31,33,30,2911046.72,1,975461.04,975461.04,,,,612,796.94,487727.28,,,,19308,33.65,649714.2,,,,314230,2.54,798144.2,,,,,975461.04
1992-08-09,4,7,21,26,27,29,38,3044262.32,7,146224.55,1023571.85,,,,810,631.82,511774.2,,,,32853,20.71,680385.63,,,,438376,1.89,828530.64,,,,,146224.55
1992-08-02,2,11,27,30,35,43,14,3113713.99,2,521563.06,1043126.12,,,,325,1604.77,521550.25,,,,16660,41.71,694888.6,,,,293522,2.91,854149.02,,,,,521563.06
1992-07-26,9,12,16,18,22,45,25,7936414.47,1,4257916.45,4257916.45,,,,481,1915.31,921264.11,,,,31920,38.44,1227004.8,,,,540717,2.83,1530229.11,,,,2415341.71,1842574.74
1992-07-19,1,2,11,25,28,45,7,2767203.88,DJP,2415341.71,0.0,,,,332,2101.5,697698.0,,,,20812,44.69,930088.28,,,,356068,3.2,1139417.6,,,,1019943.46,1395398.25
1992-07-12,8,13,27,35,36,40,34,2022262.96,JP,1019943.46,0.0,,,,340,1499.91,509969.4,,,,18395,36.92,679143.4,,,,301866,2.76,833150.16,,,,,1019943.46
1992-07-05,7,13,20,26,28,36,5,4879626.28,1,2289721.44,2289721.44,,,,522,1249.62,652301.64,,,,25748,33.72,868222.56,,,,421016,2.54,1069380.64,,,,985067.66,1304653.78
1992-06-28,3,7,20,34,35,43,45,1957762.28,JP,985067.66,0.0,,,,342,1440.1,492514.2,,,,15841,41.42,656134.22,,,,278046,2.91,809113.86,,,,,985067.66
1992-06-21,21,26,28,38,39,44,10,2941075.27,1,986540.17,986540.17,,,,355,1389.44,493251.2,,,,17402,37.79,657621.58,,,,291182,2.76,803662.32,,,,,986540.17
1992-06-14,1,7,13,16,22,41,27,3041703.27,1,1014628.06,1014628.06,,,,334,1518.87,507302.58,,,,17138,39.46,676265.48,,,,289865,2.91,843507.15,,,,,1014628.06
1992-06-07,11,20,29,30,31,40,17,3055510.79,1,1026177.67,1026177.67,,,,494,1038.58,513058.52,,,,20527,33.28,683138.56,,,,309716,2.69,833136.04,,,,,1026177.67
1992-05-31,17,21,22,30,39,45,3,4816907.68,1,2288767.17,2288767.17,,,,298,2144.3,639001.4,,,,19169,44.4,851103.6,,,,366797,2.83,1038035.51,,,,1010748.24,1278018.93
1992-05-24,2,8,17,27,29,36,7,1999474.87,JP,1010748.24,0.0,,,,554,912.2,505358.8,,,,24204,27.83,673597.32,,,,364675,2.25,820518.75,,,,,1010748.24
1992-05-17,4,5,22,26,33,36,43,2984435.58,1,1000297.09,1000297.09,,,,469,1066.41,500146.29,,,,25610,26.02,666372.2,,,,340675,2.4,817620.0,,,,,1000297.09
1992-05-10,4,7,21,27,39,42,25,3083412.22,5,206770.03,1033850.15,,,,493,1048.46,516890.78,,,,21223,32.41,687837.43,,,,342038,2.47,844833.86,,,,,206770.03
1992-05-03,4,5,20,26,27,33,2,3015936.35,4,251343.88,1005375.52,,,,356,1412.04,502686.24,,,,21145,31.69,670085.05,,,,319767,2.62,837789.54,,,,,251343.88
1992-04-26,4,5,14,23,26,27,6,3068185.72,2,514575.81,1029151.62,,,,450,1143.44,514548.0,,,,25342,27.03,684994.26,,,,385088,2.18,839491.84,,,,,514575.81
1992-04-19,4,16,17,20,22,39,13,3264603.38,1,1096784.2,1096784.2,,,,343,1598.74,548367.82,,,,20226,36.12,730563.12,,,,349956,2.54,888888.24,,,,,1096784.2
1992-04-12,21,30,34,36,38,39,24,3274512.6,1,1096089.23,1096089.23,,,,429,1277.45,548026.05,,,,18581,39.32,730604.92,,,,288395,3.12,899792.4,,,,,1096089.23
1992-04-05,7,20,21,30,35,36,2,3385783.16,1,1135288.51,1135288.51,,,,333,1704.63,567641.79,,,,17284,43.75,756175.0,,,,318446,2.91,926677.86,,,,,1135288.51
1992-03-29,4,8,33,35,36,44,34,3530356.69,2,589448.63,1178897.26,,,,279,2112.69,589440.51,,,,18059,43.46,784844.14,,,,327911,2.98,977174.78,,,,,589448.63
1992-03-22,6,13,24,28,31,42,2,3744113.82,10,125339.31,1253393.1,,,,711,881.38,626661.18,,,,24092,34.67,835269.64,,,,363530,2.83,1028789.9,,,,,125339.31
1992-03-15,1,4,8,27,32,37,40,13271335.03,2,3704410.33,7408820.66,,,,829,1783.26,1478322.54,,,,45886,42.95,1970803.7,,,,829343,2.91,2413388.13,,,,4452121.41,-747711.08
1992-03-08,12,24,25,29,40,45,35,3835956.32,3JP,4452121.41,0.0,,,,374,2585.43,966950.82,,,,21857,58.94,1288251.58,,,,444032,3.56,1580753.92,,,,2518196.25,1933925.16
1992-03-01,1,7,11,35,38,41,34,2866883.9,DJP,2518196.25,0.0,,,,287,2508.9,720054.3,,,,18226,52.62,959052.12,,,,355622,3.34,1187777.48,,,,1078081.5,1440114.75
1992-02-23,7,20,22,25,30,34,15,2139215.32,JP,1078081.5,0.0,,,,327,1648.38,539020.26,,,,16621,43.24,718692.04,,,,302922,2.91,881503.02,,,,,1078081.5
1992-02-16,7,17,19,21,25,29,1,3345933.06,6,186853.53,1121121.18,,,,684,819.46,560510.64,,,,30926,24.13,746244.38,,,,421127,2.18,918056.86,,,,,186853.53
1992-02-09,5,8,14,24,25,33,42,3511351.88,1,1177718.49,1177718.49,,,,491,1199.26,588836.66,,,,23167,33.87,784666.29,,,,366462,2.62,960130.44,,,,,1177718.49
1992-02-02,1,12,14,27,31,43,26,3806527.81,4,317885.86,1271543.44,,,,404,1573.67,635762.68,,,,18824,44.98,846703.52,,,,321871,3.27,1052518.17,,,,,317885.86
1992-01-26,27,30,31,32,34,39,44,14715711.55,7,1100778.99,7705452.93,,,,1610,1090.03,1754948.3,,,,57200,40.84,2336048.0,,,,935661,3.12,2919262.32,,,,4195378.19,-3094599.2
1992-01-19,15,29,30,33,34,42,16,3889380.54,3JP,4195378.19,0.0,,,,487,2006.08,976960.96,,,,30046,43.31,1301292.26,,,,553652,2.91,1611127.32,,,,2241406.52,1953971.67
1992-01-12,9,16,18,24,35,45,8,2536322.56,DJP,2241406.52,0.0,,,,287,2216.25,636063.75,,,,17423,48.62,847106.26,,,,322065,3.27,1053152.55,,,,969265.56,1272140.96
1992-01-05,7,17,18,19,25,40,14,1917422.3,JP,969265.56,0.0,,,,294,1648.38,484623.72,,,,17985,35.9,645661.5,,,,300434,2.62,787137.08,,,,,969265.56
1991-12-29,6,8,9,16,26,42,25,2809323.01,2,470296.58,940593.16,,,,477,985.89,470269.53,,,,23392,26.74,625502.08,,,,354568,2.18,772958.24,,,,,470296.58
1991-12-22,8,14,17,23,38,45,29,3182081.24,1,1065081.25,1065081.25,,,,256,2080.2,532531.2,,,,15401,46.07,709524.07,,,,280431,3.12,874944.72,,,,,1065081.25
1991-12-15,10,11,12,19,33,35,30,6738518.89,4,891948.74,3567794.96,,,,709,1124.77,797461.93,,,,33316,31.9,1062780.4,,,,546034,2.4,1310481.6,,,,986396.85,-94448.11
1991-12-08,13,14,22,32,37,38,35,1970811.56,JP,986396.85,0.0,,,,242,2037.98,493191.16,,,,13579,48.4,657223.6,,,,256374,3.2,820396.8,,,,,986396.85
1991-12-01,15,19,21,22,26,45,16,3014075.96,2,503482.22,1006964.44,,,,134,3757.29,503476.86,,,,12117,55.38,671039.46,,,,260186,3.2,832595.2,,,,,503482.22
1991-11-24,10,11,15,22,24,28,8,2995888.44,1,1009200.67,1009200.67,,,,494,1021.42,504581.48,,,,25162,26.67,671070.54,,,,399525,2.03,811035.75,,,,,1009200.67
1991-11-17,1,4,8,9,26,33,36,5114123.44,1,2386583.7,2386583.7,,,,553,1247.58,689911.74,,,,30725,29.87,917755.75,,,,497721,2.25,1119872.25,,,,1006740.67,1379843.03
1991-11-10,2,27,31,35,36,40,21,2002164.52,JP,1006740.67,0.0,,,,255,1973.95,503357.25,,,,12049,55.67,670767.83,,,,247916,3.34,828039.44,,,,,1006740.67
1991-11-03,1,7,9,10,39,40,43,2862729.33,5,191549.69,957748.45,,,,394,1215.39,478863.66,,,,18160,35.1,637416.0,,,,301031,2.62,788701.22,,,,,191549.69
1991-10-27,5,10,17,23,29,31,2,2892644.93,1,966712.62,966712.62,,,,669,722.45,483319.05,,,,28178,22.82,643021.96,,,,366785,2.18,799591.3,,,,,966712.62
1991-10-20,3,6,18,32,37,40,35,7959646.09,1,4104799.28,4104799.28,,,,397,2434.56,966520.32,,,,24203,53.2,1287599.6,,,,458661,3.49,1600726.89,,,,2171715.09,1933084.19
1991-10-13,21,22,26,28,36,40,1,2427409.59,DJP,2171715.09,0.0,,,,286,2139.72,611959.92,,,,18062,45.13,815138.06,,,,353467,2.83,1000311.61,,,,947752.72,1223962.37
1991-10-06,6,9,31,32,34,41,14,1891905.36,JP,947752.72,0.0,,,,233,2033.76,473866.08,,,,14151,44.62,631417.62,,,,263967,2.98,786621.66,,,,,947752.72
1991-09-29,12,14,20,30,36,42,31,2881087.29,3,320160.24,960480.72,,,,303,1584.93,480233.79,,,,14986,42.66,639302.76,,,,234231,3.42,801070.02,,,,,320160.24
1991-09-22,7,9,38,40,41,45,8,4651785.01,1,2216761.02,2216761.02,,,,259,2356.87,610429.33,,,,15114,53.85,813888.9,,,,295528,3.42,1010705.76,,,,995901.22,1220859.8
1991-09-15,11,13,14,19,23,29,17,1990747.59,JP,995901.22,0.0,,,,440,1131.74,497965.6,,,,22315,29.72,663201.8,,,,356043,2.33,829580.19,,,,,995901.22
1991-09-08,3,4,12,17,25,44,37,3244703.08,4,271762.69,1087050.76,,,,454,1197.15,543506.1,,,,22934,31.54,723338.36,,,,340003,2.62,890807.86,,,,,271762.69
1991-09-01,5,7,15,18,26,28,25,2780959.92,2,467730.63,935461.26,,,,595,786.04,467693.8,,,,24496,25.44,623178.24,,,,346159,2.18,754626.62,,,,,467730.63
1991-08-25,6,10,16,21,22,42,14,2685538.62,1,895728.77,895728.77,,,,335,1336.9,447861.5,,,,17840,33.43,596391.2,,,,301845,2.47,745557.15,,,,,895728.77
1991-08-18,6,7,22,23,33,41,43,2633545.58,1,882605.99,882605.99,,,,462,955.15,441279.3,,,,20969,28.05,588180.45,,,,309648,2.33,721479.84,,,,,882605.99
1991-08-11,5,8,9,28,34,40,7,2713101.4,8,114046.45,912371.6,,,,1390,328.12,456086.8,,,,21162,28.71,607561.02,,,,338111,2.18,737081.98,,,,,114046.45
1991-08-04,13,22,24,27,30,38,32,4431147.61,1,2098866.37,2098866.37,,,,338,1740.45,588272.1,,,,19222,40.77,783680.94,,,,347945,2.76,960328.2,,,,922288.48,1176577.89
1991-07-28,12,14,29,35,44,45,20,1836477.68,JP,922288.48,0.0,,,,134,3441.37,461143.58,,,,10017,61.34,614442.78,,,,205092,3.71,760891.32,,,,,922288.48
1991-07-21,2,4,6,22,27,36,7,2442989.72,1,815486.04,815486.04,,,,398,1024.48,407743.04,,,,21928,24.78,543375.84,,,,371640,1.82,676384.8,,,,,815486.04
1991-07-14,1,8,11,16,31,35,12,3807417.77,1,1819482.2,1819482.2,,,,365,1379.12,503378.8,,,,21184,31.61,669626.24,,,,386223,2.11,814930.53,,,,812718.86,1006763.34
1991-07-07,1,9,14,25,26,29,3,1601262.42,JP,812718.86,0.0,,,,322,1261.97,406354.34,,,,18304,29.58,541432.32,,,,333406,1.96,653475.76,,,,,812718.86
1991-06-30,5,6,13,17,34,41,38,2503910.39,1,855096.44,855096.44,,,,303,1374.47,416464.41,,,,19246,28.85,555247.1,,,,333548,2.03,677102.44,,,,,855096.44
1991-06-23,7,8,18,21,26,36,24,2592718.5,1,864805.02,864805.02,,,,447,967.28,432374.16,,,,23735,24.27,576048.45,,,,380683,1.89,719490.87,,,,,864805.02
1991-06-16,6,12,17,19,20,21,42,2529714.9,5,170018.75,850093.75,,,,581,731.53,425018.93,,,,25776,21.95,565783.2,,,,395873,1.74,688819.02,,,,,170018.75
1991-06-09,1,2,13,23,27,39,41,4217201.25,5,389899.35,1949496.75,,,,601,954.86,573870.86,,,,29693,25.73,764000.89,,,,491975,1.89,929832.75,,,,801712.11,-411812.76
1991-06-02,5,17,37,42,43,44,13,1603971.44,JP,801712.11,0.0,,,,272,1473.67,400838.24,,,,14088,37.94,534498.72,,,,255204,2.62,668634.48,,,,,801712.11
1991-05-26,3,7,9,23,24,35,21,2414644.33,1,812216.03,812216.03,,,,476,853.11,406080.36,,,,23900,22.6,540140.0,,,,377131,1.74,656207.94,,,,,812216.03
1991-05-19,19,24,25,29,31,41,42,2518194.51,3,280778.48,842335.44,,,,271,1554.12,421166.52,,,,14554,38.52,560620.08,,,,281001,2.47,694072.47,,,,,280778.48
1991-05-12,14,15,27,28,40,42,32,2512433.46,9,93547.48,841927.32,,,,531,792.72,420934.32,,,,19581,28.63,560604.03,,,,339393,2.03,688967.79,,,,,93547.48
1991-05-05,5,11,15,16,17,19,41,2520036.27,2,424191.29,848382.58,,,,427,993.37,424168.99,,,,22588,25.0,564700.0,,,,392405,1.74,682784.7,,,,,424191.29
1991-04-28,2,6,9,10,31,38,5,2562975.39,1,857648.87,857648.87,,,,254,1688.27,428820.58,,,,17370,32.85,570604.5,,,,323808,2.18,705901.44,,,,,857648.87
1991-04-21,2,9,10,23,25,45,39,2605605.8,2,435245.05,870490.1,,,,442,984.65,435215.3,,,,22108,26.24,580113.92,,,,367238,1.96,719786.48,,,,,435245.05
1991-04-14,8,21,22,24,30,40,6,2604256.26,3,290160.32,870480.96,,,,320,1360.08,435225.6,,,,20258,28.63,579986.54,,,,353972,2.03,718563.16,,,,,290160.32
1991-04-07,7,11,19,26,32,42,25,4197587.29,1,2003356.35,2003356.35,,,,600,926.73,556038.0,,,,28342,26.09,739442.78,,,,458546,1.96,898750.16,,,,891242.5,1112113.85
1991-03-31,3,6,24,31,34,44,23,1764367.78,JP,891242.5,0.0,,,,338,1318.37,445609.06,,,,17399,34.08,592957.92,,,,302417,2.4,725800.8,,,,,891242.5
1991-03-24,9,24,26,29,31,37,15,2609074.61,1,871409.5,871409.5,,,,389,1120.04,435695.56,,,,20058,28.92,580077.36,,,,342129,2.11,721892.19,,,,,871409.5
1991-03-17,7,11,18,20,36,40,25,2690812.22,2,450002.4,900004.8,,,,395,1139.23,449995.85,,,,19031,31.47,598905.57,,,,329736,2.25,741906.0,,,,,450002.4
1991-03-10,2,8,19,28,33,39,21,4597395.19,5,431336.03,2156680.15,,,,966,637.05,615390.3,,,,41699,19.62,818134.38,,,,603108,1.67,1007190.36,,,,925821.28,-494485.25
1991-03-03,8,15,20,25,26,44,35,1830091.86,JP,925821.28,0.0,,,,303,1527.74,462905.22,,,,17229,35.76,616109.04,,,,312949,2.4,751077.6,,,,,925821.28
1991-02-24,5,11,16,18,43,44,12,4619994.34,1,2148511.94,2148511.94,,,,340,1817.92,618092.8,,,,21231,38.81,823975.11,,,,416767,2.47,1029414.49,,,,912277.8,1236234.14
1991-02-17,1,6,12,14,26,43,29,1812544.57,JP,912277.8,0.0,,,,316,1443.44,456127.04,,,,16456,36.92,607555.52,,,,303183,2.47,748862.01,,,,,912277.8
1991-02-10,6,16,18,39,42,43,27,2758680.65,2,461646.71,923293.42,,,,381,1211.61,461623.41,,,,20605,29.87,615471.35,,,,307001,2.47,758292.47,,,,,461646.71
1991-02-03,8,10,19,30,37,39,34,2936871.06,2,492962.17,985924.34,,,,592,832.69,492952.48,,,,25918,25.29,655466.22,,,,424618,1.89,802528.02,,,,,492962.17
1991-01-27,1,5,27,28,36,42,43,3024706.1,3,338327.71,1014983.13,,,,322,1575.99,507468.78,,,,19133,35.32,675777.56,,,,354711,2.33,826476.63,,,,,338327.71
1991-01-20,2,15,18,27,32,39,14,12927377.77,6,1162597.71,6975586.26,,,,1771,853.77,1512026.67,,,,87622,22.96,2011801.12,,,,1334046,1.82,2427963.72,,,,3951327.82,-2788730.11
1991-01-13,8,12,30,32,33,43,23,3810938.2,3JP,3951327.82,0.0,,,,604,1587.48,958837.92,,,,37612,33.94,1276551.28,,,,700244,2.25,1575549.0,,,,2033593.7,1917734.12
1991-01-06,6,16,17,31,42,43,9,2423481.17,DJP,2033593.7,0.0,,,,342,1790.96,612508.32,,,,19517,41.79,815615.43,,,,391873,2.54,995357.42,,,,808534.91,1225058.79
1990-12-30,3,4,13,32,35,44,31,1603845.28,JP,808534.91,0.0,,,,277,1459.43,404262.11,,,,15516,34.74,539025.84,,,,283501,2.33,660557.33,,,,,808534.91
1990-12-23,5,22,32,34,42,43,45,4226377.7,2,1090100.43,2180200.86,,,,422,1224.98,516941.56,,,,21977,31.32,688319.64,,,,360908,2.33,840915.64,,,,,1090100.43
1990-12-16,6,18,20,23,34,36,24,2560534.73,1,859198.41,859198.41,,,,319,1346.64,429578.16,,,,18477,30.96,572047.92,,,,320968,2.18,699710.24,,,,,859198.41
1990-12-09,9,10,12,39,41,44,31,2611866.6,1,870926.37,870926.37,,,,328,1327.6,435452.8,,,,17511,33.14,580314.54,,,,311233,2.33,725172.89,,,,,870926.37
1990-12-02,7,9,23,25,29,45,42,2692408.05,1,901373.53,901373.53,,,,300,1502.23,450669.0,,,,17572,34.16,600259.52,,,,328936,2.25,740106.0,,,,,901373.53
1990-11-25,7,30,35,37,40,43,44,4514338.37,1,2074836.99,2074836.99,,,,240,2565.3,615672.0,,,,16267,50.44,820507.48,,,,328958,3.05,1003321.9,,,,843470.95,1231366.04
1990-11-18,5,7,26,31,35,42,11,1666362.49,JP,843470.95,0.0,,,,273,1544.82,421735.86,,,,16816,33.43,562158.88,,,,303319,2.25,682467.75,,,,,843470.95
1990-11-11,2,6,17,21,30,43,45,6231763.88,4,784917.08,3139668.32,,,,643,1207.83,776634.69,,,,32958,31.39,1034551.62,,,,569293,2.25,1280909.25,,,,793193.63,-8276.55
1990-11-04,9,10,11,12,17,44,4,1568216.88,JP,793193.63,0.0,,,,212,1870.69,396586.28,,,,16590,31.83,528059.7,,,,317030,2.03,643570.9,,,,,793193.63
1990-10-28,4,6,26,35,42,45,21,2191054.23,1,736019.24,736019.24,,,,178,2067.41,367998.98,,,,11677,42.01,490550.77,,,,241492,2.47,596485.24,,,,,736019.24
1990-10-21,10,23,37,41,43,44,15,2474451.4,1,829332.64,829332.64,,,,151,2746.11,414662.61,,,,11647,47.46,552766.62,,,,232883,2.91,677689.53,,,,,829332.64
1990-10-14,1,3,4,13,15,39,21,2397298.29,4,201653.25,806613.0,,,,485,831.53,403292.05,,,,22602,23.76,537023.52,,,,357346,1.82,650369.72,,,,,201653.25
1990-10-07,5,6,29,31,32,43,38,4112957.74,1,1892307.31,1892307.31,,,,241,2307.74,556165.34,,,,15656,47.31,740685.36,,,,326431,2.83,923799.73,,,,779958.07,1112349.24
1990-09-30,5,18,25,37,38,44,3,1546509.56,JP,779958.07,0.0,,,,128,3046.69,389976.32,,,,8909,58.36,519929.24,,,,190600,3.34,636604.0,,,,,779958.07
1990-09-23,16,18,25,29,30,33,6,2375627.36,1,792570.24,792570.24,,,,321,1234.5,396274.5,,,,17841,29.58,527736.78,,,,312344,2.11,659045.84,,,,,792570.24
1990-09-16,8,11,16,26,32,37,19,2352491.9,2,392858.9,785717.8,,,,399,984.58,392847.42,,,,21314,24.56,523471.84,,,,344156,1.89,650454.84,,,,,392858.9
1990-09-09,11,22,27,34,42,44,39,2481762.02,1,832380.92,832380.92,,,,358,1162.48,416167.84,,,,19015,29.14,554097.1,,,,321856,2.11,679116.16,,,,,832380.92
1990-09-02,18,28,30,35,36,43,37,2428661.3,2,406742.05,813484.1,,,,180,2259.63,406733.4,,,,11667,46.44,541815.48,,,,241532,2.76,666628.32,,,,,406742.05
1990-08-26,2,6,7,11,20,35,12,4086082.49,4,464399.86,1857599.44,,,,577,969.97,559672.69,,,,30499,24.42,744785.58,,,,488902,1.89,924024.78,,,,738228.88,-273829.02
1990-08-19,10,12,19,22,31,44,29,1474561.53,JP,738228.88,0.0,,,,286,1290.53,369091.58,,,,15580,31.54,491393.2,,,,272923,2.25,614076.75,,,,,738228.88
1990-08-12,8,12,17,18,21,44,29,2245139.21,3,251553.47,754660.41,,,,272,1387.19,377315.68,,,,18120,27.76,503011.2,,,,311302,1.96,610151.92,,,,,251553.47
1990-08-05,10,11,19,23,26,29,2,2236059.62,1,746511.24,746511.24,,,,436,856.02,373224.72,,,,21403,23.18,496121.54,,,,356438,1.74,620202.12,,,,,746511.24
1990-07-29,1,9,22,23,39,41,7,3788015.72,2,889206.19,1778412.38,,,,528,965.17,509609.76,,,,24538,27.69,679457.22,,,,418641,1.96,820536.36,,,,759180.24,130025.95
1990-07-22,6,10,11,13,32,43,39,1506749.39,JP,759180.24,0.0,,,,258,1471.27,379587.66,,,,16268,31.1,505934.8,,,,266621,2.33,621226.93,,,,,759180.24
1990-07-15,10,17,18,19,34,39,31,2322371.13,2,390866.48,781732.96,,,,309,1264.88,390847.92,,,,17056,30.52,520549.12,,,,309971,2.03,629241.13,,,,,390866.48
1990-07-08,3,5,7,19,25,42,4,2396362.06,4,201321.13,805284.52,,,,453,888.8,402626.4,,,,22287,24.05,536002.35,,,,345211,1.89,652448.79,,,,,201321.13
1990-07-01,7,8,21,26,28,33,3,3732718.76,2,883111.07,1766222.14,,,,775,638.07,494504.25,,,,37277,17.66,658311.82,,,,561159,1.45,813680.55,,,,777157.96,105953.11
1990-06-24,6,10,11,16,22,43,38,1551579.31,JP,777157.96,0.0,,,,267,1455.28,388559.76,,,,17051,30.38,518009.38,,,,317739,2.03,645010.17,,,,,777157.96
1990-06-17,5,15,18,23,24,29,35,2374575.36,1,794829.73,794829.73,,,,329,1207.9,397399.1,,,,17763,29.8,529337.4,,,,309483,2.11,653009.13,,,,,794829.73
1990-06-10,3,8,18,37,40,43,31,2392354.76,1,799477.7,799477.7,,,,217,1842.05,399724.85,,,,13069,40.77,532823.13,,,,252034,2.62,660329.08,,,,,799477.7
1990-06-03,10,12,20,23,33,39,41,3811907.7,7,255045.86,1785321.02,,,,977,521.36,509368.72,,,,35856,18.9,677678.4,,,,482494,1.74,839539.56,,,,766471.05,-511425.19
1990-05-27,2,16,23,26,31,44,41,1529692.78,JP,766471.05,0.0,,,,338,1133.78,383217.64,,,,17049,29.94,510447.06,,,,291756,2.18,636028.08,,,,,766471.05
1990-05-20,4,10,21,31,34,39,29,3243361.48,6,242244.52,1453467.12,,,,694,645.56,448018.64,,,,27878,21.37,595752.86,,,,394774,1.89,746122.86,,,,,242244.52
1990-05-13,3,11,19,22,29,42,13,2380080.22,4,198388.1,793552.4,,,,612,648.32,396771.84,,,,25144,21.0,528024.0,,,,363589,1.82,661731.98,,,,,198388.1
1990-05-06,4,15,24,30,37,39,9,2367479.39,1,792450.47,792450.47,,,,270,1467.49,396222.3,,,,14898,35.39,527240.22,,,,271486,2.4,651566.4,,,,,792450.47
1990-04-29,10,19,24,26,37,42,43,2473328.67,2,415443.96,830887.92,,,,422,984.43,415429.46,,,,18533,29.87,553580.71,,,,289026,2.33,673430.58,,,,,415443.96
1990-04-22,7,8,20,30,31,33,28,2479624.76,2,414444.05,828888.1,,,,402,1030.94,414437.88,,,,20950,26.31,551194.5,,,,349543,1.96,685104.28,,,,,414444.05
1990-04-15,2,3,14,25,28,29,32,2590414.77,2,433768.7,867537.4,,,,327,1326.51,433768.77,,,,19455,29.72,578202.6,,,,350200,2.03,710906.0,,,,,433768.7
1990-04-08,7,9,14,18,24,35,20,4231192.34,2,1001639.44,2003278.88,,,,531,1054.13,559743.03,,,,28314,26.31,744941.34,,,,488481,1.89,923229.09,,,,883783.3,117856.14
1990-04-01,1,10,12,29,32,42,45,1758564.42,JP,883783.3,0.0,,,,350,1262.48,441868.0,,,,17191,34.23,588447.93,,,,312553,2.33,728248.49,,,,,883783.3
1990-03-25,3,9,18,26,28,44,22,4285232.11,3,666428.39,1999285.17,,,,790,723.46,571533.4,,,,33344,22.82,760910.08,,,,523903,1.82,953503.46,,,,856210.16,-189781.77
1990-03-18,1,2,20,33,36,41,29,1704786.09,JP,856210.16,0.0,,,,167,2563.48,428101.16,,,,14111,40.41,570225.51,,,,269641,2.62,706459.42,,,,,856210.16
1990-03-11,3,11,23,27,30,33,21,2639292.29,8,111413.86,891310.88,,,,814,547.45,445624.3,,,,36143,16.42,593468.06,,,,488889,1.45,708889.05,,,,,111413.86
1990-03-04,2,5,6,23,27,33,35,2701600.99,2,453377.86,906755.72,,,,456,994.24,453373.44,,,,25691,23.47,602967.77,,,,442218,1.67,738504.06,,,,,453377.86
1990-02-25,8,9,11,16,34,36,40,2770312.08,2,465174.34,930348.68,,,,593,784.44,465172.92,,,,25024,24.78,620094.72,,,,414668,1.82,754695.76,,,,,465174.34
1990-02-18,1,13,18,23,28,42,4,2739854.99,1,916577.81,916577.81,,,,298,1537.84,458276.32,,,,15682,38.95,610813.9,,,,296924,2.54,754186.96,,,,,916577.81
1990-02-11,11,22,23,25,32,39,16,8381975.94,1,4313929.38,4313929.38,,,,1003,1020.92,1023982.76,,,,52888,25.8,1364510.4,,,,856915,1.96,1679553.4,,,,2265964.45,2047964.93
1990-02-04,15,16,20,24,25,43,30,2433656.92,DJP,2265964.45,0.0,,,,379,1614.37,611846.23,,,,22869,35.61,814365.09,,,,419769,2.4,1007445.6,,,,1042228.67,1223735.78
1990-01-28,8,26,27,36,38,40,35,2053103.31,JP,1042228.67,0.0,,,,467,1115.83,521092.61,,,,27186,25.51,693514.86,,,,427804,1.96,838495.84,,,,,1042228.67
1990-01-21,9,15,28,31,39,41,1,2517588.93,2,420000.07,840000.14,,,,506,830.0,419980.0,,,,23427,23.84,558499.68,,,,369899,1.89,699109.11,,,,,420000.07
1990-01-14,5,11,13,19,22,40,42,4115371.13,4,480315.04,1921260.16,,,,689,807.62,556450.18,,,,32689,22.67,741059.63,,,,492638,1.82,896601.16,,,,808270.45,-327955.41
1990-01-07,1,2,12,32,39,40,31,1604170.15,JP,808270.45,0.0,,,,158,2557.81,404133.98,,,,12603,42.73,538526.19,,,,260437,2.54,661509.98,,,,,808270.45
1989-12-31,3,13,21,22,29,39,5,2499137.9,4,208776.4,835105.6,,,,764,546.5,417526.0,,,,32179,17.3,556696.7,,,,431131,1.6,689809.6,,,,,208776.4
1989-12-25,2,36,37,38,41,42,30,4152081.14,2,968526.4,1937052.8,,,,261,2123.73,554293.53,,,,13392,55.16,738702.72,,,,281967,3.27,922032.09,,,,828459.4,140067.0
1989-12-17,3,5,23,29,35,45,13,1640637.24,JP,828459.4,0.0,,,,282,1468.87,414221.34,,,,19030,29.0,551870.0,,,,319690,2.11,674545.9,,,,,828459.4
1989-12-10,8,19,21,28,30,40,38,2312764.95,1,773455.4,773455.4,,,,431,897.23,386706.13,,,,21583,23.84,514538.72,,,,350585,1.82,638064.7,,,,,773455.4
1989-12-03,6,19,28,33,42,44,23,2506058.46,1,838501.91,838501.91,,,,361,1161.32,419236.52,,,,18209,30.67,558470.03,,,,306600,2.25,689850.0,,,,,838501.91
1989-11-26,3,16,21,29,36,37,45,2503538.96,3,280831.46,842494.38,,,,588,716.34,421207.92,,,,23384,23.98,560748.32,,,,359306,1.89,679088.34,,,,,280831.46
1989-11-19,2,17,19,27,33,38,28,2666273.11,4,223415.21,893660.84,,,,651,686.33,446800.83,,,,30578,19.48,595659.44,,,,456345,1.6,730152.0,,,,,223415.21
1989-11-12,4,11,22,25,34,43,6,4497914.01,2,1042175.04,2084350.08,,,,676,905.44,612077.44,,,,29627,27.54,815927.58,,,,485497,2.03,985558.91,,,,860109.01,182066.03
1989-11-05,2,3,7,24,29,38,14,1701395.46,JP,860109.01,0.0,,,,298,1443.07,430034.86,,,,16765,34.16,572692.4,,,,320490,2.18,698668.2,,,,,860109.01
1989-10-29,2,13,32,34,41,44,16,6881365.52,2,1774287.73,3548575.46,,,,512,1632.97,836080.64,,,,29272,38.08,1114677.76,,,,527493,2.62,1382031.66,,,,1876411.83,-102124.1
1989-10-22,4,21,22,27,29,41,1,2133359.58,DJP,1876411.83,0.0,,,,398,1347.95,536484.1,,,,24674,28.92,713572.08,,,,450665,1.96,883303.4,,,,803401.69,1073010.14
1989-10-15,7,20,29,33,34,41,13,1588882.7,JP,803401.69,0.0,,,,345,1164.3,401683.5,,,,19370,27.62,534999.4,,,,332755,1.96,652199.8,,,,,803401.69
1989-10-08,2,4,21,36,38,44,39,4016248.81,2,936469.96,1872939.92,,,,274,1958.04,536502.96,,,,17363,41.13,714140.19,,,,331846,2.69,892665.74,,,,799929.51,136540.45
1989-10-01,2,5,14,41,43,45,31,1595637.3,JP,799929.51,0.0,,,,246,1625.85,399959.1,,,,10768,49.49,532908.32,,,,222406,2.98,662769.88,,,,,799929.51
1989-09-24,5,14,20,21,34,41,1,3835461.98,4,449683.51,1798734.04,,,,475,1074.11,510202.25,,,,24006,28.27,678649.62,,,,401837,2.11,847876.07,,,,778300.1,-328616.59
1989-09-17,5,23,24,28,31,39,12,1540122.12,JP,778300.1,0.0,,,,283,1375.05,389139.15,,,,16525,31.39,518719.75,,,,290029,2.18,632263.22,,,,,778300.1
1989-09-10,4,7,10,11,17,34,8,2561855.22,3,285288.08,855864.24,,,,524,816.63,427914.12,,,,27466,20.71,568820.86,,,,443285,1.6,709256.0,,,,,285288.08
1989-09-03,12,15,20,22,28,32,11,2395715.77,2,403587.45,807174.9,,,,564,715.54,403564.56,,,,26930,19.91,536176.3,,,,388503,1.67,648800.01,,,,,403587.45
1989-08-27,2,5,7,15,20,30,34,2279896.45,2,383559.4,767118.8,,,,552,694.83,383546.16,,,,24574,20.78,510647.72,,,,327293,1.89,618583.77,,,,,383559.4
1989-08-20,2,13,14,29,30,42,40,3586508.4,1,1686072.22,1686072.22,,,,435,1095.26,476438.1,,,,16620,38.15,634053.0,,,,311002,2.54,789945.08,,,,733145.01,952927.21
1989-08-13,13,20,28,30,31,45,44,1465954.44,JP,733145.01,0.0,,,,187,1960.22,366561.14,,,,11694,41.79,488692.26,,,,233092,2.62,610701.04,,,,,733145.01
1989-08-06,6,7,10,28,32,43,31,2235941.82,1,746593.29,746593.29,,,,273,1367.35,373286.55,,,,16214,30.67,497283.38,,,,293260,2.11,618778.6,,,,,746593.29
1989-07-30,7,14,17,27,38,41,1,2221975.08,4,186312.19,745248.76,,,,1016,366.71,372577.36,,,,31124,15.92,495494.08,,,,364464,1.67,608654.88,,,,,186312.19
1989-07-23,5,13,18,24,36,44,10,2194742.43,1,735869.25,735869.25,,,,232,1585.88,367924.16,,,,13122,37.35,490106.7,,,,243256,2.47,600842.32,,,,,735869.25
1989-07-16,1,5,13,16,27,45,26,2291890.75,3,257265.81,771797.43,,,,414,932.11,385893.54,,,,18984,27.03,513137.52,,,,305942,2.03,621062.26,,,,,257265.81
1989-07-09,3,8,17,19,27,35,12,3761172.61,7,255658.49,1789609.43,,,,1402,357.92,501803.84,,,,47514,14.03,666621.42,,,,581984,1.38,803137.92,,,,785874.84,-530216.35
1989-07-02,7,9,14,31,39,40,8,1568684.27,JP,785874.84,0.0,,,,254,1546.93,392920.22,,,,13995,37.43,523832.85,,,,271638,2.4,651931.2,,,,,785874.84
1989-06-25,7,17,23,30,37,38,19,2378360.3,2,399603.57,799207.14,,,,361,1106.89,399587.29,,,,20019,26.6,532505.4,,,,318749,2.03,647060.47,,,,,399603.57
1989-06-18,12,18,21,32,33,45,9,3868330.82,2,915711.69,1831423.38,,,,322,1585.95,510675.9,,,,19801,34.37,680560.37,,,,362949,2.33,845671.17,,,,810048.47,105663.22
1989-06-11,4,18,21,25,31,40,39,1598620.2,JP,810048.47,0.0,,,,359,1128.18,405016.62,,,,17172,31.39,539029.08,,,,290922,2.25,654574.5,,,,,810048.47
1989-06-04,14,16,22,26,33,39,31,2497887.87,6,139530.53,837183.18,,,,846,494.76,418566.96,,,,34662,16.06,556671.72,,,,448017,1.53,685466.01,,,,,139530.53
1989-05-28,2,4,6,12,16,28,17,2381398.54,10,80157.34,801573.4,,,,1334,300.43,400773.62,,,,37085,14.39,533653.15,,,,421829,1.53,645398.37,,,,,80157.34
1989-05-21,2,14,16,26,28,40,12,2539739.46,23,37079.26,852822.98,,,,1269,335.97,426345.93,,,,29007,19.55,567086.85,,,,381035,1.82,693483.7,,,,,37079.26
1989-05-14,2,5,9,12,16,31,4,9665978.76,6,854165.42,5124992.52,,,,1702,676.37,1151181.74,,,,65809,23.26,1530717.34,,,,983644,1.89,1859087.16,,,,2822459.92,-1968294.5
1989-05-07,9,13,17,20,22,44,6,2417293.32,DJP,2822459.92,0.0,,,,527,1147.66,604816.82,,,,27586,29.21,805787.06,,,,477104,2.11,1006689.44,,,,806387.41,2016072.51
1989-04-30,13,28,35,36,38,45,33,1599403.08,JP,806387.41,0.0,,,,213,1892.92,403191.96,,,,14352,37.43,537195.36,,,,266808,2.47,659015.76,,,,,806387.41
1989-04-23,10,20,24,33,44,45,15,2394948.69,3,267319.81,801959.43,,,,700,572.81,400967.0,,,,26494,20.13,533324.22,,,,361922,1.82,658698.04,,,,,267319.81
1989-04-16,6,12,14,15,16,27,43,2445021.83,2,410893.74,821787.48,,,,501,820.12,410880.12,,,,24493,22.31,546438.83,,,,382710,1.74,665915.4,,,,,410893.74
1989-04-09,6,9,22,23,38,43,8,2426685.96,2,404945.79,809891.58,,,,327,1238.35,404940.45,,,,16968,31.76,538903.68,,,,299089,2.25,672950.25,,,,,404945.79
1989-04-02,4,8,9,29,30,34,3,2356401.63,3,263941.08,791823.24,,,,364,1087.63,395897.32,,,,20021,26.31,526752.51,,,,352708,1.82,641928.56,,,,,263941.08
1989-03-26,7,13,17,23,28,43,36,4074444.19,5,383974.0,1919870.0,,,,636,857.69,545490.84,,,,27418,26.53,727399.54,,,,434327,2.03,881683.81,,,,828825.6,-444851.6
1989-03-19,18,26,28,36,38,42,13,1639159.8,JP,828825.6,0.0,,,,522,793.88,414405.36,,,,21036,26.24,551984.64,,,,308610,2.18,672769.8,,,,,828825.6
1989-03-12,4,13,26,33,35,41,8,2556441.87,14,61424.03,859936.42,,,,1147,374.85,429952.95,,,,33995,16.86,573155.7,,,,433373,1.6,693396.8,,,,,61424.03
1989-03-05,3,17,18,34,37,39,20,2600824.65,3,289846.3,869538.9,,,,339,1282.47,434757.33,,,,18803,30.81,579320.43,,,,339909,2.11,717207.99,,,,,289846.3
1989-02-26,2,5,8,11,28,44,40,4196461.35,3,655904.71,1967714.13,,,,483,1161.76,561130.08,,,,28406,26.31,747361.86,,,,469518,1.96,920255.28,,,,845432.7,-189527.99
1989-02-19,1,3,5,12,23,40,27,1681070.35,JP,845432.7,0.0,,,,347,1218.15,422698.05,,,,21574,26.09,562865.66,,,,329624,2.11,695506.64,,,,,845432.7
1989-02-12,16,20,27,32,36,37,4,4132724.01,3,647791.89,1943375.67,,,,555,992.14,550637.7,,,,27993,26.16,732296.88,,,,462456,1.96,906413.76,,,,842056.22,-194264.33
1989-02-05,13,15,16,19,30,44,26,1664881.76,JP,842056.22,0.0,,,,161,2615.08,421027.88,,,,12245,45.78,560576.1,,,,269007,2.54,683277.78,,,,,842056.22
1989-01-29,1,6,16,20,37,38,28,2602254.74,1,872194.37,872194.37,,,,189,2307.38,436094.82,,,,13415,43.31,581003.65,,,,251930,2.83,712961.9,,,,,872194.37
1989-01-22,6,14,18,21,38,43,45,2483825.18,1,828606.71,828606.71,,,,235,1762.98,414300.3,,,,13403,41.21,552337.63,,,,262817,2.62,688580.54,,,,,828606.71
1989-01-15,9,10,19,23,27,43,30,2678280.41,3,297725.47,893176.41,,,,424,1053.26,446582.24,,,,22558,26.38,595080.04,,,,379307,1.96,743441.72,,,,,297725.47
1989-01-08,10,16,17,27,30,36,39,2450333.39,1,822384.99,822384.99,,,,495,830.66,411176.7,,,,25048,21.87,547799.76,,,,400582,1.67,668971.94,,,,,822384.99
1989-01-01,7,11,18,22,23,24,40,3946272.15,1,1814655.67,1814655.67,,,,485,1102.16,534547.6,,,,24257,29.36,712185.52,,,,419376,2.11,884883.36,,,,745537.06,1069118.61
1988-12-25,10,25,33,36,39,42,35,1471742.71,JP,745537.06,0.0,,,,302,1234.28,372752.56,,,,17910,27.69,495927.9,,,,297075,2.03,603062.25,,,,,745537.06
1988-12-18,5,27,31,36,38,41,2,2464944.63,1,825163.88,825163.88,,,,251,1643.73,412576.23,,,,15161,36.26,549737.86,,,,274278,2.47,677466.66,,,,,825163.88
1988-12-11,21,24,35,41,43,44,2,2441816.49,1,816145.48,816145.48,,,,141,2894.07,408063.87,,,,10430,51.67,538918.1,,,,227748,2.98,678689.04,,,,,816145.48
1988-12-04,7,15,24,26,32,40,37,4198981.41,2,977363.34,1954726.68,,,,693,818.37,567130.41,,,,28886,26.16,755657.76,,,,470136,1.96,921466.56,,,,820452.9,156910.44
1988-11-27,1,2,5,21,37,39,6,1638279.38,JP,820452.9,0.0,,,,198,2071.84,410224.32,,,,12041,45.42,546902.22,,,,259982,2.62,681152.84,,,,,820452.9
1988-11-20,2,18,24,26,31,42,32,4083002.77,2,961775.34,1923550.68,,,,332,1632.39,541953.48,,,,17893,40.33,721624.69,,,,324592,2.76,895873.92,,,,839622.39,122152.95
1988-11-13,2,3,23,32,34,35,9,1659301.01,JP,839622.39,0.0,,,,305,1376.36,419789.8,,,,18613,30.01,558576.13,,,,335436,2.03,680935.08,,,,,839622.39
1988-11-06,8,16,22,37,38,42,32,5911200.25,6,523513.76,3141082.56,,,,455,1529.27,695817.85,,,,26583,34.88,927215.04,,,,477952,2.4,1147084.8,,,,1749443.9,-1225930.14
1988-10-30,8,16,31,32,34,43,37,1933223.42,DJP,1749443.9,0.0,,,,392,1247.0,488824.0,,,,19564,33.28,651089.92,,,,352582,2.25,793309.5,,,,771758.48,977685.42
1988-10-23,15,19,26,43,44,45,39,1536662.55,JP,771758.48,0.0,,,,149,2589.79,385878.71,,,,8960,57.41,514393.6,,,,190536,3.34,636390.24,,,,,771758.48
1988-10-16,7,9,11,19,21,22,30,2343965.36,3,261438.57,784315.71,,,,857,457.55,392120.35,,,,33300,15.7,522810.0,,,,444634,1.45,644719.3,,,,,261438.57
1988-10-09,2,3,12,25,26,36,32,2426246.91,3,270533.06,811599.18,,,,309,1313.21,405781.89,,,,17094,31.61,540341.34,,,,297122,2.25,668524.5,,,,,270533.06
1988-10-02,2,6,8,12,24,30,25,2458307.06,2,414431.99,828863.98,,,,772,536.77,414386.44,,,,34470,15.99,551175.3,,,,381541,1.74,663881.34,,,,,414431.99
1988-09-25,4,9,15,23,26,32,35,2450145.57,4,205706.6,822826.4,,,,705,583.49,411360.45,,,,30063,18.24,548349.12,,,,417256,1.6,667609.6,,,,,205706.6
1988-09-18,1,25,27,36,39,43,9,2600827.13,1,873102.5,873102.5,,,,683,639.16,436546.28,,,,13117,44.33,581476.61,,,,250778,2.83,709701.74,,,,,873102.5
1988-09-11,3,9,12,16,22,41,2,4706983.63,3,709255.53,2127766.59,,,,644,1011.47,651386.68,,,,34662,25.0,866550.0,,,,561524,1.89,1061280.36,,,,824979.14,-115723.61
1988-09-04,3,22,38,39,42,43,6,1639258.06,JP,824979.14,0.0,,,,149,2768.35,412484.15,,,,12523,43.89,549634.47,,,,227228,2.98,677139.44,,,,,824979.14
1988-08-28,3,22,23,28,35,45,34,6941233.31,1,3467572.49,3467572.49,,,,567,1552.74,880403.58,,,,36360,32.27,1173337.2,,,,699468,2.03,1419920.04,,,,1706691.11,1760881.38
1988-08-21,12,24,26,37,42,43,17,1929810.42,DJP,1706691.11,0.0,,,,223,2184.34,487107.82,,,,13390,48.47,649013.3,,,,260226,3.05,793689.3,,,,732465.37,974225.74
1988-08-14,4,9,10,16,18,32,39,1443210.32,JP,732465.37,0.0,,,,288,1271.64,366232.32,,,,17500,27.83,487025.0,,,,324150,1.82,589953.0,,,,,732465.37
1988-08-07,1,4,11,33,34,42,32,2255542.36,2,377410.21,754820.42,,,,157,2403.82,377399.74,,,,15833,31.76,502856.08,,,,244278,2.54,620466.12,,,,,377410.21
1988-07-31,9,11,23,34,42,43,21,2192844.51,3,245193.82,735581.46,,,,595,618.09,367763.55,,,,23165,21.15,489939.75,,,,266471,2.25,599559.75,,,,,245193.82
1988-07-24,2,12,14,27,35,41,43,2195853.34,2,369079.59,738159.18,,,,414,891.48,369072.72,,,,17319,28.34,490820.46,,,,283318,2.11,597800.98,,,,,369079.59
1988-07-17,5,10,14,20,29,34,37,2321277.91,6,129948.55,779691.3,,,,679,574.12,389827.48,,,,28190,18.39,518414.1,,,,413951,1.53,633345.03,,,,,129948.55
1988-07-10,2,7,11,27,32,43,10,2359534.96,1,791119.1,791119.1,,,,295,1340.82,395541.9,,,,16544,31.83,526595.52,,,,296458,2.18,646278.44,,,,,791119.1
1988-07-03,10,16,18,28,37,40,15,2398492.97,1,805338.59,805338.59,,,,421,956.45,402665.45,,,,22431,23.91,536325.21,,,,333757,1.96,654163.72,,,,,805338.59
1988-06-26,15,25,34,41,44,45,9,2458553.19,1,820220.93,820220.93,,,,178,2303.96,410104.88,,,,10574,51.67,546358.58,,,,213084,3.2,681868.8,,,,,820220.93
1988-06-19,2,4,7,10,27,28,21,2514662.16,3,281367.64,844102.92,,,,590,715.32,422038.8,,,,25884,21.73,562459.32,,,,394288,1.74,686061.12,,,,,281367.64
1988-06-12,2,14,15,25,26,39,32,4099765.71,5,386488.42,1932442.1,,,,640,854.28,546739.2,,,,31055,23.47,728860.85,,,,454961,1.96,891723.56,,,,838929.3,-452440.88
1988-06-05,4,7,10,20,31,43,19,1666372.81,JP,838929.3,0.0,,,,279,1503.39,419445.81,,,,15342,36.41,558602.22,,,,278674,2.47,688324.78,,,,,838929.3
1988-05-29,8,12,20,30,33,38,15,2505318.63,5,167312.25,836561.25,,,,610,685.67,418258.7,,,,26674,20.86,556419.64,,,,398896,1.74,694079.04,,,,,167312.25
1988-05-22,7,16,17,26,29,36,41,4315170.93,4,500432.84,2001731.36,,,,847,691.63,585810.61,,,,37809,20.64,780377.76,,,,592032,1.6,947251.2,,,,830005.31,-329572.47
1988-05-15,4,24,27,32,33,35,41,1632621.19,JP,830005.31,0.0,,,,289,1435.95,414989.55,,,,20480,26.96,552140.8,,,,382466,1.74,665490.84,,,,,830005.31
1988-05-08,13,16,20,31,32,40,42,6459443.1,2,1646423.31,3292846.62,,,,479,1656.15,793295.85,,,,33759,31.32,1057331.88,,,,584875,2.25,1315968.75,,,,853125.03,793298.28
1988-05-01,12,22,26,35,37,45,30,1695083.73,JP,853125.03,0.0,,,,350,1218.73,426555.5,,,,15787,35.97,567858.39,,,,283672,2.47,700669.84,,,,,853125.03
1988-04-24,4,15,22,26,28,30,35,2544884.91,1,857606.14,857606.14,,,,726,590.62,428790.12,,,,31055,18.39,571101.45,,,,429617,1.6,687387.2,,,,,857606.14
1988-04-17,3,20,26,27,41,42,28,2687635.08,3,300591.63,901774.89,,,,304,1483.12,450868.48,,,,17107,35.1,600455.7,,,,297383,2.47,734536.01,,,,,300591.63
1988-04-10,2,8,13,15,21,23,1,4247541.49,3,669709.31,2009127.93,,,,588,965.32,567608.16,,,,29665,25.51,756754.15,,,,483625,1.89,914051.25,,,,873901.61,-204192.3
1988-04-03,3,4,12,14,31,44,9,1740855.12,JP,873901.61,0.0,,,,263,1661.39,436945.57,,,,15742,36.99,582296.58,,,,292151,2.47,721612.97,,,,,873901.61
1988-03-27,2,8,23,29,30,31,22,2684558.16,1,899508.8,899508.8,,,,368,1222.15,449751.2,,,,18404,32.56,599234.24,,,,337644,2.18,736063.92,,,,,899508.8
1988-03-20,3,19,21,29,31,44,1,2833510.14,1,950515.54,950515.54,,,,429,1107.76,475229.04,,,,21258,29.8,633488.4,,,,366956,2.11,774277.16,,,,,950515.54
1988-03-13,3,20,26,35,36,37,33,5013453.29,3,769044.85,2307134.55,,,,366,1867.34,683446.44,,,,24821,36.7,910930.7,,,,463309,2.4,1111941.6,,,,940228.19,-171183.34
1988-03-06,12,24,25,31,36,37,4,1865750.36,JP,940228.19,0.0,,,,724,649.26,470064.24,,,,18073,34.67,626590.91,,,,285909,2.69,769095.21,,,,,940228.19
1988-02-28,4,7,17,18,31,37,28,4754710.19,1,2184259.46,2184259.46,,,,391,1651.28,645650.48,,,,23050,37.28,859304.0,,,,431375,2.47,1065496.25,,,,892945.45,1291314.01
1988-02-21,13,17,20,36,38,42,30,1780613.69,JP,892945.45,0.0,,,,269,1659.71,446461.99,,,,17945,33.14,594697.3,,,,308106,2.4,739454.4,,,,,892945.45
1988-02-14,1,10,18,28,35,45,19,2778131.69,1,930192.0,930192.0,,,,326,1426.65,465087.9,,,,15557,39.83,619635.31,,,,291304,2.62,763216.48,,,,,930192.0
1988-02-07,9,18,29,35,37,41,31,2808990.87,4,235235.97,940943.88,,,,301,1562.99,470459.99,,,,17140,36.55,626467.0,,,,342720,2.25,771120.0,,,,,235235.97
1988-01-31,5,12,25,36,40,41,20,4826935.58,1,2225106.39,2225106.39,,,,279,2338.85,652539.15,,,,18061,48.11,868914.71,,,,371263,2.91,1080375.33,,,,920008.94,1305097.45
1988-01-24,1,14,16,24,29,34,21,1828563.81,JP,920008.94,0.0,,,,256,1796.85,459993.6,,,,16559,36.99,612517.41,,,,315022,2.4,756052.8,,,,,920008.94
1988-01-17,1,3,5,22,23,37,42,2746943.84,1,919587.58,919587.58,,,,209,2199.97,459793.73,,,,13814,44.33,612374.62,,,,280739,2.69,755187.91,,,,,919587.58
1988-01-10,7,18,22,30,34,40,12,4622832.92,7,300766.12,2105362.84,,,,628,1009.72,634104.16,,,,29768,28.34,843625.12,,,,530480,1.96,1039740.8,,,,837129.77,-536363.65
1988-01-03,8,21,27,28,42,45,10,1652581.83,JP,837129.77,0.0,,,,204,2051.79,418565.16,,,,14887,37.43,557220.41,,,,310457,2.18,676796.26,,,,,837129.77
1987-12-27,9,17,26,32,33,35,34,2191375.19,3,245683.71,737051.13,,,,781,471.8,368475.8,,,,32827,14.9,489122.3,,,,455516,1.31,596725.96,,,,,245683.71
1987-12-20,3,15,19,24,25,27,29,4964873.37,5,452034.13,2260170.65,,,,1294,527.68,682817.92,,,,42177,21.58,910179.66,,,,638911,1.74,1111705.14,,,,894437.65,-442403.52
1987-12-13,4,18,19,23,26,31,15,1768023.96,JP,894437.65,0.0,,,,237,1886.96,447209.52,,,,15575,38.23,595432.25,,,,293677,2.47,725382.19,,,,,894437.65
1987-12-06,10,13,17,26,31,38,25,2886301.32,2,482528.89,965057.78,,,,367,1314.73,482505.91,,,,20081,31.98,642190.38,,,,354021,2.25,796547.25,,,,,482528.89
1987-11-29,5,14,17,33,37,39,4,2838403.38,3,316549.76,949649.28,,,,892,532.26,474775.92,,,,40074,15.77,631966.98,,,,488757,1.6,782011.2,,,,,316549.76
1987-11-22,7,16,17,20,39,45,29,4318162.69,1,2003744.57,2003744.57,,,,310,1887.33,585072.3,,,,20512,38.01,779661.12,,,,407590,2.33,949684.7,,,,833574.22,1170170.35
1987-11-15,14,25,29,30,37,41,28,1655887.14,JP,833574.22,0.0,,,,255,1634.42,416777.1,,,,14728,37.72,555540.16,,,,269122,2.54,683569.88,,,,,833574.22
1987-11-08,5,13,16,23,39,41,22,2518830.39,3,282090.09,846270.27,,,,313,1351.8,423113.4,,,,15248,36.99,564023.52,,,,285593,2.4,685423.2,,,,,282090.09
1987-11-01,15,25,26,28,39,44,18,2543532.84,2,424395.14,848790.28,,,,729,582.11,424358.19,,,,28921,19.55,565405.55,,,,387351,1.82,704978.82,,,,,424395.14
1987-10-25,20,21,32,33,35,43,29,2546770.69,3,284458.95,853376.85,,,,696,613.0,426648.0,,,,31502,18.02,567666.04,,,,401770,1.74,699079.8,,,,,284458.95
1987-10-18,21,22,29,30,34,35,42,4181463.2,7,280074.56,1960521.92,,,,475,1170.04,555769.0,,,,23128,31.98,739633.44,,,,438644,2.11,925538.84,,,,848977.63,-568903.07
1987-10-11,5,14,20,22,23,31,2,1686642.09,JP,848977.63,0.0,,,,351,1209.36,424485.36,,,,20800,27.18,565344.0,,,,330243,2.11,696812.73,,,,,848977.63
1987-10-04,7,10,33,35,36,41,11,2551667.81,1,854763.01,854763.01,,,,254,1682.53,427362.62,,,,16349,34.81,569108.69,,,,331959,2.11,700433.49,,,,,854763.01
1987-09-27,4,6,10,11,24,36,3,2580121.49,2,432516.53,865033.06,,,,322,1343.15,432494.3,,,,18877,30.52,576126.04,,,,334819,2.11,706468.09,,,,,432516.53
1987-09-20,4,17,22,26,37,39,36,2620948.17,2,437015.23,874030.46,,,,430,1016.26,436991.8,,,,31467,18.46,580880.82,,,,345519,2.11,729045.09,,,,,437015.23
1987-09-13,9,24,25,26,37,45,38,7691014.82,3,1267367.84,3802103.52,,,,422,2316.39,977516.58,,,,26128,49.85,1302480.8,,,,539904,2.98,1608913.92,,,,1847011.74,-579643.9
1987-09-06,8,17,26,33,37,39,38,2107198.37,DJP,1847011.74,0.0,,,,613,868.08,532133.04,,,,30388,23.33,708952.04,,,,458261,1.89,866113.29,,,,782682.66,1064329.08
1987-08-30,8,10,24,30,35,39,43,1555762.32,JP,782682.66,0.0,,,,355,1102.31,391320.05,,,,19366,26.89,520751.74,,,,340577,1.89,643690.53,,,,,782682.66
1987-08-23,5,10,22,30,39,43,7,2367809.41,1,792645.31,792645.31,,,,415,954.93,396295.95,,,,18334,28.78,527652.52,,,,308633,2.11,651215.63,,,,,792645.31
1987-08-16,3,5,10,12,16,28,37,7040922.49,3,1140547.01,3421641.03,,,,1318,689.16,908312.88,,,,58100,20.78,1207318.0,,,,864167,1.74,1503650.58,,,,1604846.8,-464299.79
1987-08-09,3,10,14,27,29,45,20,1840591.83,DJP,1604846.8,0.0,,,,727,639.16,464669.32,,,,29825,20.71,617675.75,,,,435774,1.74,758246.76,,,,675404.65,929442.15
1987-08-02,4,20,28,29,38,43,7,1346782.6,JP,675404.65,0.0,,,,300,1125.64,337692.0,,,,14828,30.3,449288.4,,,,256790,2.18,559802.2,,,,,675404.65
1987-07-26,8,15,20,25,33,41,26,1956852.53,1,657073.01,657073.01,,,,507,647.96,328515.72,,,,20234,21.58,436649.72,,,,293744,1.82,534614.08,,,,,657073.01
1987-07-19,1,22,27,36,39,43,28,2040763.82,1,682017.49,682017.49,,,,246,1386.17,340997.82,,,,12210,37.21,454334.1,,,,228103,2.47,563414.41,,,,,682017.49
1987-07-12,3,8,17,27,29,44,2,2122392.79,3,238426.33,715278.99,,,,580,616.56,357604.8,,,,25455,18.68,475499.4,,,,358756,1.6,574009.6,,,,,238426.33
1987-07-05,5,8,15,22,33,36,13,2165620.35,2,362404.62,724809.24,,,,835,434.01,362398.35,,,,39866,12.06,480783.96,,,,373518,1.6,597628.8,,,,,362404.62
1987-06-28,10,17,30,37,40,45,27,2336140.49,2,390249.49,780498.98,,,,323,1208.19,390245.37,,,,18766,27.69,519630.54,,,,269069,2.4,645765.6,,,,,390249.49
1987-06-21,3,11,12,16,19,42,34,4259790.09,1,1926368.37,1926368.37,,,,462,1278.76,590787.12,,,,27628,28.49,787121.72,,,,470696,2.03,955512.88,,,,744773.77,1181594.6
1987-06-14,1,15,30,37,40,43,18,1474147.25,JP,744773.77,0.0,,,,179,2080.35,372382.65,,,,11062,44.84,496020.08,,,,214044,2.83,605744.52,,,,,744773.77
1987-06-07,8,23,24,25,28,32,11,3713987.24,1,1722643.93,1722643.93,,,,231,2176.57,502787.67,,,,20967,31.9,668847.3,,,,376013,2.18,819708.34,,,,717052.3,1005591.63
1987-05-31,8,10,14,26,30,41,35,1428908.62,JP,717052.3,0.0,,,,318,1127.38,358506.84,,,,15938,29.94,477183.72,,,,281146,2.11,593218.06,,,,,717052.3
1987-05-24,3,15,16,36,39,42,17,2337444.68,1,781496.13,781496.13,,,,254,1538.35,390740.9,,,,15735,33.07,520356.45,,,,268688,2.4,644851.2,,,,,781496.13
1987-05-17,32,33,35,41,43,45,39,3827555.96,6,297632.3,1785793.8,,,,535,960.02,513610.7,,,,16878,40.55,684402.9,,,,305706,2.76,843748.56,,,,758547.99,-460915.69
1987-05-10,12,13,14,19,35,40,10,1514490.99,JP,758547.99,0.0,,,,157,2415.74,379271.18,,,,10012,50.51,505706.12,,,,222443,2.83,629513.69,,,,,758547.99
1987-05-03,21,29,32,35,39,43,24,2054625.21,5,138165.07,690825.35,,,,509,678.55,345381.95,,,,21365,21.51,459561.15,,,,285131,1.96,558856.76,,,,,138165.07
1987-04-26,5,25,28,30,35,36,16,2133139.85,1,716542.2,716542.2,,,,193,1856.3,358265.9,,,,15135,31.54,477357.9,,,,249345,2.33,580973.85,,,,,716542.2
1987-04-19,3,6,18,20,40,42,4,2213322.91,1,742604.61,742604.61,,,,254,1461.75,371284.5,,,,13270,37.28,494705.6,,,,259540,2.33,604728.2,,,,,742604.61
1987-04-12,3,20,23,26,27,40,31,2284740.76,1,769110.84,769110.84,,,,233,1650.41,384545.53,,,,16656,30.74,512005.44,,,,304965,2.03,619078.95,,,,,769110.84
1987-04-05,6,9,14,21,24,44,5,2499469.15,2,416992.27,833984.54,,,,344,1212.12,416969.28,,,,19272,28.78,554648.16,,,,328847,2.11,693867.17,,,,,416992.27
1987-03-29,3,4,10,21,28,44,33,2488519.49,1,832578.67,832578.67,,,,407,1022.8,416279.6,,,,20753,26.74,554935.22,,,,349350,1.96,684726.0,,,,,832578.67
1987-03-22,3,7,13,24,31,44,6,2592425.48,1,870164.53,870164.53,,,,530,820.85,435050.5,,,,32404,17.88,579383.52,,,,335463,2.11,707826.93,,,,,870164.53
1987-03-15,4,19,23,27,29,34,14,2742931.12,3,307807.37,923422.11,,,,467,988.65,461699.55,,,,23555,26.09,614549.95,,,,393259,1.89,743259.51,,,,,307807.37
1987-03-08,1,5,24,36,38,42,18,4090189.42,1,1904449.35,1904449.35,,,,194,2822.27,547520.38,,,,13390,54.51,729888.9,,,,277777,3.27,908330.79,,,,809396.3,1095053.05
1987-03-01,18,19,24,26,30,42,11,1601489.74,JP,809396.3,0.0,,,,208,1945.61,404686.88,,,,15871,33.94,538661.74,,,,282464,2.33,658141.12,,,,,809396.3
1987-02-22,3,7,12,17,36,44,16,4358829.29,6,330415.84,1982495.04,,,,2364,253.41,599061.24,,,,27989,28.49,797406.61,,,,449480,2.18,979866.4,,,,784209.17,-453793.33
1987-02-15,2,6,10,23,31,41,28,1558590.5,JP,784209.17,0.0,,,,337,1163.5,392099.5,,,,16265,32.12,522431.8,,,,268358,2.4,644059.2,,,,,784209.17
1987-02-08,12,17,28,29,30,33,24,2224930.73,1,750011.99,750011.99,,,,369,1016.26,374999.94,,,,20504,24.35,499272.4,,,,375404,1.6,600646.4,,,,,750011.99
1987-02-01,4,16,21,35,38,45,39,2282793.12,3,254171.67,762515.01,,,,621,613.87,381213.27,,,,26263,19.33,507663.79,,,,311035,2.03,631401.05,,,,,254171.67
1987-01-25,1,5,10,16,33,43,41,3604196.88,4,419900.0,1679600.0,,,,336,1446.85,486141.6,,,,17224,37.57,647105.68,,,,329729,2.4,791349.6,,,,707291.46,-287391.46
1987-01-18,2,19,28,29,33,42,15,1409176.42,JP,707291.46,0.0,,,,219,1614.8,353641.2,,,,15876,29.65,470723.4,,,,277162,2.11,584811.82,,,,,707291.46
1987-01-11,7,11,26,28,29,33,19,2339020.09,1,781873.66,781873.66,,,,357,1095.04,390929.28,,,,19194,27.11,520349.34,,,,341729,1.89,645867.81,,,,,781873.66
1987-01-01,1,13,14,32,34,44,7,3476490.76,3,546457.75,1639373.25,,,,240,1926.28,462307.2,,,,15980,38.52,615549.6,,,,307393,2.47,759260.71,,,,714742.23,-168284.48
1986-12-21,2,13,30,33,39,41,37,1424779.62,JP,714742.23,0.0,,,,161,2219.66,357365.26,,,,11903,39.97,475762.91,,,,239535,2.47,591651.45,,,,,714742.23
1986-12-14,17,20,27,33,36,38,39,2238796.25,5,149906.18,749530.9,,,,531,705.73,374742.63,,,,22930,21.73,498268.9,,,,338601,1.82,616253.82,,,,,149906.18
1986-12-07,7,17,19,29,38,41,2,2384041.07,6,133436.29,800617.74,,,,553,723.83,400277.99,,,,22376,23.84,533443.84,,,,320050,2.03,649701.5,,,,,133436.29
1986-11-30,4,19,21,31,35,45,36,2491908.91,1,836882.89,836882.89,,,,288,1452.89,418432.32,,,,15810,35.25,557302.5,,,,283038,2.4,679291.2,,,,,836882.89
1986-11-23,27,29,35,38,39,44,8,2534708.66,1,844844.7,844844.7,,,,244,1731.22,422417.68,,,,15133,37.21,563098.93,,,,302295,2.33,704347.35,,,,,844844.7
1986-11-16,5,14,20,22,33,39,34,4492111.17,2,1005515.76,2011031.52,,,,700,895.92,627144.0,,,,34524,24.2,835480.8,,,,538865,1.89,1018454.85,,,,756651.07,248864.69
1986-11-09,5,25,30,33,35,38,14,1505076.46,JP,756651.07,0.0,,,,176,2149.53,378317.28,,,,12918,39.03,504189.54,,,,237622,2.62,622569.64,,,,,756651.07
1986-11-02,6,12,14,16,28,31,45,2238264.78,1,747315.16,747315.16,,,,490,762.56,373654.4,,,,23169,21.44,496743.36,,,,356639,1.74,620551.86,,,,,747315.16
1986-10-26,1,2,8,11,26,30,41,4012397.47,3,586122.73,1758368.19,,,,598,954.27,570653.46,,,,28580,26.6,760228.0,,,,488438,1.89,923147.82,,,,617002.08,-30879.35
1986-10-19,14,15,17,38,43,45,22,1232796.16,JP,617002.08,0.0,,,,120,2570.82,308498.4,,,,8344,49.27,411108.88,,,,185938,2.76,513188.88,,,,,617002.08
1986-10-12,4,9,13,25,30,39,22,1850022.84,1,622045.39,622045.39,,,,280,1110.74,311007.2,,,,13245,31.25,413906.25,,,,223584,2.25,503064.0,,,,,622045.39
1986-10-05,13,14,15,28,31,35,27,1816295.16,4,151686.75,606747.0,,,,412,736.33,303367.96,,,,15884,25.44,404088.96,,,,256169,1.96,502091.24,,,,,151686.75
1986-09-28,1,10,11,36,40,41,38,1733447.05,1,581944.09,581944.09,,,,113,2574.96,290970.48,,,,7992,48.47,387372.24,,,,175896,2.69,473160.24,,,,,581944.09
1986-09-21,6,7,8,16,24,30,33,1597228.65,1,535983.56,535983.56,,,,324,827.1,267980.4,,,,17381,20.49,356136.69,,,,273205,1.6,437128.0,,,,,535983.56
1986-09-14,9,10,20,30,32,36,25,1497694.74,3,166441.91,499325.73,,,,179,1394.75,249660.25,,,,12351,26.96,332982.96,,,,212105,1.96,415725.8,,,,,166441.91
1986-09-07,1,20,22,24,27,40,12,1421736.31,1,475440.69,475440.69,,,,125,1901.72,237715.0,,,,8400,37.64,316176.0,,,,168414,2.33,392404.62,,,,,475440.69
