year,gender,class,rank,total_points,100m,100m_points,long_jump,long_jump_points,shot_put,shot_put_points,high_jump,high_jump_points,400m,400m_points,hurdles,hurdles_points,discus,discus_points,pole_vault,pole_vault_points,javelin,javelin_points,1500m,1500m_points
1995,Female,W,1,2008.0,14.63,229.0,4.05,214.0,7.32,326.0,1.2,188.0,69.16,156.0,22.01,208.0,16.68,211.0,1.6,70.0,26.38,249.0,389.23,157.0
1995,Female,W,2,1968.0,14.14,293.0,4.22,242.0,6.65,287.0,1.28,237.0,69.57,147.0,21.21,260.0,14.46,170.0,1.6,70.0,14.6,90.0,384.9,172.0
1995,Female,W,3,1509.0,15.14,170.0,3.67,155.0,7.66,346.0,1.28,237.0,,,,,18.53,245.0,1.8,103.0,25.1,231.0,448.46,22.0
1995,Female,W,4,1339.0,15.76,109.0,3.4,116.0,5.91,244.0,1.2,188.0,76.37,35.0,23.5,126.0,16.38,205.0,1.6,70.0,15.24,98.0,392.11,148.0
1995,Female,W,5,1209.0,15.8,105.0,3.59,143.0,5.48,219.0,1.24,212.0,76.8,30.0,24.08,99.0,15.1,182.0,1.6,70.0,16.56,116.0,440.45,33.0
1995,Female,W,6,1200.0,15.76,109.0,3.21,91.0,7.28,324.0,1.24,212.0,80.1,4.0,25.63,43.0,19.78,268.0,,,17.68,130.0,450.78,19.0
1995,Female,W,7,1115.0,17.02,24.0,3.34,108.0,6.62,285.0,1.24,212.0,90.56,0.0,25.7,41.0,16.28,203.0,1.6,70.0,20.22,164.0,461.24,8.0
1995,Female,W,8,794.0,18.14,0.0,2.54,20.0,6.53,280.0,1.12,142.0,92.16,0.0,28.62,0.0,17.56,227.0,1.4,40.0,14.2,85.0,484.59,0.0
1995,Female,W,9,773.0,17.54,6.0,2.99,65.0,5.33,210.0,1.14,153.0,81.4,0.0,27.75,3.0,9.88,90.0,1.6,70.0,14.3,86.0,412.9,90.0
1995,Female,W,10,770.0,16.52,51.0,3.1,78.0,5.57,224.0,1.08,121.0,85.18,0.0,24.73,73.0,12.88,142.0,,,13.22,73.0,460.85,8.0
1995,Female,W,11,651.0,17.74,2.0,2.13,0.0,6.05,252.0,1.0,81.0,85.76,0.0,,,14.7,175.0,,,15.84,106.0,439.44,35.0
1995,Female,W,12,637.0,16.69,41.0,2.75,39.0,5.37,212.0,1.12,142.0,,,,,14.02,162.0,,,10.38,37.0,467.55,4.0
1995,Female,W,13,479.0,16.6,46.0,1.94,0.0,4.5,162.0,1.04,100.0,82.58,0.0,30.45,0.0,11.0,109.0,,,11.84,55.0,462.13,7.0
1995,Female,W,14,419.0,14.97,189.0,4.15,230.0,,,,,,,,,,,,,,,,
1995,Female,W,15,327.0,17.91,0.0,3.1,78.0,,,0.96,63.0,,,,,15.34,186.0,,,,,,
1995,Female,W40,1,626.0,18.48,0.0,2.76,40.0,5.92,244.0,1.1,131.0,93.7,0.0,,,12.94,143.0,,,12.9,68.0,481.3,0.0
1995,Male,M,1,5162.0,12.18,616.0,5.65,512.0,7.88,359.0,1.6,464.0,53.87,645.0,17.41,582.0,24.46,357.0,3.2,406.0,43.22,489.0,271.92,732.0
1995,Male,M,2,5135.0,12.22,608.0,5.79,542.0,9.85,477.0,1.7,544.0,56.4,544.0,15.79,757.0,23.22,333.0,3.0,357.0,39.22,431.0,303.1,542.0
1995,Male,M,3,4407.0,12.79,504.0,5.16,413.0,9.66,465.0,1.66,512.0,59.44,432.0,17.99,525.0,24.26,353.0,3.0,357.0,36.2,387.0,318.38,459.0
1995,Male,M,4,4165.0,12.73,515.0,5.09,400.0,8.81,414.0,1.44,345.0,57.62,498.0,20.27,328.0,22.18,313.0,3.2,406.0,31.57,321.0,288.94,625.0
1995,Male,M,5,4015.0,12.89,487.0,5.05,392.0,8.45,393.0,1.48,374.0,61.9,351.0,17.9,534.0,23.44,337.0,2.8,309.0,38.6,422.0,326.57,416.0
1995,Male,M,6,4004.0,12.34,586.0,4.5,290.0,9.34,446.0,1.64,496.0,57.7,495.0,19.12,422.0,25.78,382.0,2.4,220.0,28.67,281.0,332.75,386.0
1995,Male,M,7,3975.0,13.02,464.0,5.29,439.0,7.18,318.0,1.56,434.0,58.42,469.0,18.05,519.0,15.06,181.0,2.8,309.0,24.92,228.0,290.85,614.0
1995,Male,M,8,3961.0,12.9,485.0,5.34,449.0,9.0,426.0,1.6,464.0,59.72,423.0,19.78,367.0,18.72,248.0,2.4,220.0,26.5,250.0,288.31,629.0
1995,Male,M,9,3944.0,12.56,545.0,5.33,447.0,7.17,317.0,1.56,434.0,59.73,422.0,18.11,514.0,23.78,344.0,2.6,264.0,30.6,308.0,340.46,349.0
1995,Male,M,10,3915.0,12.61,536.0,4.99,380.0,9.53,457.0,1.6,464.0,59.52,430.0,20.14,338.0,22.08,311.0,2.8,309.0,33.6,350.0,342.54,340.0
1995,Male,M,11,3812.0,12.79,504.0,5.61,504.0,8.01,367.0,1.62,480.0,62.15,343.0,20.02,348.0,22.44,318.0,2.8,309.0,30.8,310.0,344.98,329.0
1995,Male,M,12,3800.0,13.02,464.0,4.94,371.0,9.12,433.0,1.48,374.0,60.28,404.0,19.44,395.0,21.44,299.0,2.4,220.0,34.48,363.0,314.81,477.0
1995,Male,M,13,3721.0,12.71,518.0,4.89,361.0,8.3,384.0,1.6,464.0,57.77,492.0,20.49,311.0,23.74,343.0,2.4,220.0,24.42,222.0,328.74,406.0
1995,Male,M,14,3680.0,13.09,453.0,5.06,394.0,8.27,382.0,1.52,404.0,58.47,467.0,20.89,282.0,15.38,187.0,2.8,309.0,27.6,266.0,304.11,536.0
1995,Male,M,15,3665.0,13.11,449.0,5.07,396.0,8.12,373.0,1.6,464.0,58.65,460.0,20.24,330.0,25.1,369.0,2.4,220.0,26.18,246.0,338.69,358.0
1995,Male,M,16,3628.0,12.59,540.0,5.11,404.0,6.5,278.0,1.44,345.0,57.17,514.0,20.24,330.0,16.38,205.0,2.0,140.0,24.75,226.0,285.47,646.0
1995,Male,M,17,3523.0,13.2,434.0,4.97,377.0,8.81,414.0,1.68,528.0,65.02,258.0,20.38,320.0,19.24,258.0,2.6,264.0,28.24,275.0,330.81,395.0
1995,Male,M,18,3493.0,12.81,501.0,5.19,419.0,8.01,367.0,1.56,434.0,64.26,280.0,19.15,419.0,22.12,312.0,2.4,220.0,29.18,288.0,362.79,253.0
1995,Male,M,19,3462.0,13.04,461.0,4.96,375.0,7.39,330.0,1.56,434.0,60.55,395.0,18.95,437.0,21.16,294.0,2.4,220.0,30.44,305.0,373.56,211.0
1995,Male,M,20,3429.0,12.31,591.0,5.52,485.0,9.56,459.0,1.56,434.0,64.61,270.0,19.74,370.0,23.04,330.0,1.4,40.0,36.28,388.0,424.93,62.0
1995,Male,M,21,3291.0,12.7,520.0,4.52,294.0,8.18,377.0,1.48,374.0,60.82,386.0,19.18,417.0,22.8,325.0,2.4,220.0,27.76,268.0,405.25,110.0
1995,Male,M,22,3236.0,13.71,354.0,4.75,335.0,7.19,318.0,1.48,374.0,59.94,415.0,22.14,200.0,15.92,197.0,2.0,140.0,23.91,214.0,278.58,689.0
1995,Male,M,23,3182.0,13.55,379.0,5.0,382.0,9.24,440.0,1.6,464.0,63.72,295.0,19.23,413.0,18.36,241.0,2.0,140.0,35.72,380.0,432.03,48.0
1995,Male,M,24,3169.0,13.98,315.0,4.86,356.0,7.21,320.0,1.42,331.0,60.18,407.0,21.73,225.0,18.06,236.0,1.8,103.0,22.82,200.0,280.74,676.0
1995,Male,M,25,3143.0,14.23,280.0,4.79,343.0,8.34,386.0,1.44,345.0,67.56,193.0,20.08,343.0,23.32,335.0,2.4,220.0,31.22,316.0,333.59,382.0
1995,Male,M,26,3142.0,12.86,492.0,4.46,283.0,8.49,395.0,1.32,263.0,63.98,288.0,19.82,364.0,21.3,297.0,2.6,264.0,34.88,368.0,398.66,128.0
1995,Male,M,27,3137.0,13.51,385.0,5.12,405.0,6.38,271.0,1.54,419.0,61.94,350.0,20.9,282.0,17.22,220.0,1.6,70.0,17.84,133.0,292.75,602.0
1995,Male,M,28,3126.0,12.77,508.0,4.61,310.0,7.08,312.0,1.52,404.0,61.16,375.0,20.58,305.0,15.4,187.0,2.4,220.0,18.5,141.0,337.25,364.0
1995,Male,M,29,3081.0,12.65,529.0,4.89,361.0,6.61,284.0,1.4,317.0,62.05,346.0,20.8,289.0,16.44,206.0,2.2,179.0,26.42,249.0,346.57,321.0
1995,Male,M,30,3022.0,13.78,344.0,4.74,333.0,7.06,311.0,1.4,317.0,61.53,363.0,22.82,161.0,17.78,231.0,1.8,103.0,26.26,247.0,291.17,612.0
1995,Male,M,31,2977.0,13.61,370.0,4.08,219.0,6.3,266.0,1.44,345.0,60.91,383.0,24.54,80.0,14.69,174.0,2.6,264.0,26.34,248.0,288.52,628.0
1995,Male,M,32,2953.0,13.08,454.0,4.58,304.0,8.33,386.0,1.44,345.0,63.5,302.0,22.28,191.0,23.64,341.0,1.8,103.0,36.3,389.0,395.28,138.0
1995,Male,M,33,2861.0,13.1,451.0,4.62,312.0,7.42,332.0,1.44,345.0,64.58,271.0,21.92,213.0,20.46,281.0,1.8,103.0,22.58,196.0,338.89,357.0
1995,Male,M,34,2800.0,12.91,483.0,4.69,324.0,8.97,424.0,1.4,317.0,68.87,162.0,22.72,166.0,25.04,368.0,2.2,179.0,25.0,230.0,392.39,147.0
1995,Male,M,35,2799.0,13.78,344.0,4.46,283.0,8.95,423.0,1.52,404.0,68.38,173.0,21.31,253.0,20.23,276.0,1.8,103.0,29.18,288.0,362.9,252.0
1995,Male,M,36,2764.0,13.57,376.0,4.68,323.0,7.16,317.0,1.42,331.0,66.84,210.0,22.95,154.0,20.42,280.0,2.4,220.0,32.72,338.0,372.47,215.0
1995,Male,M,37,2741.0,13.51,385.0,4.85,354.0,8.76,411.0,1.4,317.0,66.48,219.0,21.27,256.0,21.18,294.0,1.6,70.0,27.78,268.0,386.37,167.0
1995,Male,M,38,2692.0,13.57,376.0,4.24,245.0,8.44,392.0,1.4,317.0,65.36,249.0,23.45,128.0,20.08,274.0,2.6,264.0,30.85,311.0,396.19,136.0
1995,Male,M,39,2662.0,14.02,309.0,4.64,315.0,8.28,383.0,1.38,303.0,66.88,209.0,21.58,235.0,20.75,286.0,2.0,140.0,28.48,278.0,375.49,204.0
1995,Male,M,40,2586.0,13.27,423.0,4.5,290.0,8.55,399.0,1.52,404.0,67.6,192.0,21.79,222.0,20.02,272.0,1.6,70.0,30.22,302.0,457.35,12.0
1995,Male,M,41,2574.0,14.77,212.0,4.45,281.0,6.55,281.0,1.4,317.0,65.72,239.0,22.55,176.0,15.88,196.0,2.4,220.0,27.06,258.0,331.01,394.0
1995,Male,M,42,2567.0,13.18,438.0,4.28,252.0,8.88,419.0,1.36,290.0,69.5,148.0,20.93,279.0,19.45,262.0,2.4,220.0,21.88,187.0,420.37,72.0
1995,Male,M,43,2480.0,14.21,283.0,4.7,326.0,8.09,372.0,1.32,263.0,72.02,98.0,20.93,279.0,20.42,280.0,2.0,140.0,26.62,252.0,380.39,187.0
1995,Male,M,44,2478.0,13.86,332.0,4.02,209.0,6.29,266.0,1.4,317.0,65.92,234.0,21.64,231.0,19.76,268.0,1.8,103.0,25.0,230.0,354.15,288.0
1995,Male,M,45,2474.0,13.28,421.0,3.98,203.0,6.2,260.0,1.4,317.0,63.82,292.0,20.93,279.0,17.64,228.0,1.4,40.0,20.2,164.0,358.49,270.0
1995,Male,M,46,2460.0,14.37,262.0,4.2,239.0,6.54,280.0,1.44,345.0,68.85,162.0,20.65,300.0,20.02,272.0,2.0,140.0,28.0,271.0,379.95,189.0
1995,Male,M,47,2278.0,14.99,186.0,4.11,224.0,8.51,397.0,1.52,404.0,74.12,64.0,24.25,92.0,19.28,259.0,2.2,179.0,33.32,346.0,399.05,127.0
1995,Male,M,48,2264.0,14.02,309.0,4.11,224.0,7.96,364.0,1.32,263.0,72.4,92.0,23.88,108.0,20.94,290.0,2.4,220.0,23.35,207.0,380.29,187.0
1995,Male,M,49,2193.0,13.74,350.0,4.64,315.0,7.73,350.0,1.34,276.0,68.98,160.0,,,20.88,289.0,,,25.68,239.0,372.96,214.0
1995,Male,M,50,2171.0,14.76,213.0,4.38,269.0,8.77,412.0,1.44,345.0,75.56,44.0,24.29,90.0,22.22,314.0,2.0,140.0,29.06,286.0,426.99,58.0
1995,Male,M,51,2165.0,14.35,264.0,4.18,235.0,9.0,426.0,1.32,263.0,79.64,7.0,25.77,39.0,24.18,351.0,1.8,103.0,36.26,388.0,413.1,89.0
1995,Male,M,52,2144.0,13.77,346.0,4.13,227.0,7.58,341.0,1.36,290.0,72.07,98.0,23.14,144.0,22.16,313.0,2.0,140.0,24.46,222.0,447.81,23.0
1995,Male,M,53,2143.0,14.29,272.0,4.16,232.0,6.89,301.0,1.46,360.0,74.6,57.0,22.45,182.0,17.72,230.0,1.8,103.0,23.46,208.0,377.18,198.0
1995,Male,M,54,2138.0,13.72,353.0,4.01,207.0,10.05,489.0,1.6,464.0,,,,,23.07,330.0,1.4,40.0,22.95,201.0,429.07,54.0
1995,Male,M,55,2036.0,14.34,266.0,4.08,219.0,7.25,322.0,1.32,263.0,74.35,61.0,23.2,141.0,16.32,204.0,2.0,140.0,22.68,198.0,370.84,222.0
1995,Male,M,56,1997.0,14.18,287.0,4.33,261.0,6.85,298.0,1.32,263.0,65.96,233.0,,,14.9,178.0,1.4,40.0,22.58,196.0,365.78,241.0
1995,Male,M,57,1949.0,14.0,312.0,3.68,156.0,6.98,306.0,1.32,263.0,66.65,215.0,23.94,105.0,16.4,205.0,1.6,70.0,21.42,181.0,396.05,136.0
1995,Male,M,58,1907.0,14.59,234.0,3.82,177.0,5.79,237.0,1.48,374.0,68.7,166.0,22.86,159.0,14.98,180.0,1.4,40.0,17.94,134.0,375.07,206.0
1995,Male,M,59,1810.0,14.9,197.0,3.85,182.0,6.95,304.0,1.44,345.0,73.2,78.0,25.42,49.0,20.78,287.0,1.6,70.0,23.84,214.0,415.41,84.0
1995,Male,M,60,1802.0,12.79,504.0,5.12,405.0,,,1.28,237.0,60.66,391.0,,,,,,,27.54,265.0,,
1995,Male,M,61,1795.0,14.05,305.0,3.32,106.0,6.31,267.0,1.16,165.0,65.64,242.0,,,13.94,161.0,,,17.54,129.0,325.76,420.0
1995,Male,M,62,1681.0,13.21,433.0,4.68,323.0,,,1.4,317.0,61.74,356.0,,,,,,,26.59,252.0,,
1995,Male,M,63,1521.0,13.68,359.0,4.66,319.0,,,1.52,404.0,65.5,245.0,,,15.78,194.0,,,,,,
1995,Male,M,64,1502.0,13.33,413.0,4.85,354.0,8.18,377.0,,,66.54,218.0,,,,,2.0,140.0,,,,
1995,Male,M,65,1370.0,15.33,150.0,3.85,182.0,4.8,180.0,1.22,200.0,71.2,114.0,,,10.9,108.0,,,15.14,97.0,342.61,339.0
1995,Male,M,66,1267.0,12.61,536.0,5.36,453.0,,,,,,,,,,,,,28.5,278.0,,
1995,Male,M,67,1239.0,14.11,297.0,,,7.52,338.0,1.32,263.0,64.56,271.0,,,,,1.6,70.0,,,,
1995,Male,M,68,874.0,15.37,146.0,4.02,209.0,,,1.32,263.0,,,,,19.12,256.0,,,,,,
1995,Male,M,69,805.0,15.0,185.0,4.07,217.0,,,1.36,290.0,71.22,113.0,,,,,,,,,,
1995,Male,M,70,660.0,15.67,117.0,3.26,98.0,,,1.32,263.0,,,,,,,,,21.52,182.0,,
1995,Male,M,71,563.0,12.46,563.0,,,,,,,,,,,,,,,,,,
1995,Male,M40,1,3841.0,13.43,397.0,5.21,423.0,10.0,486.0,1.62,480.0,65.46,246.0,18.91,440.0,29.7,459.0,2.8,309.0,40.28,446.0,389.82,155.0
1995,Male,M40,2,2923.0,13.68,359.0,4.96,375.0,7.47,335.0,1.4,317.0,67.22,201.0,20.54,308.0,17.03,217.0,2.6,264.0,24.12,217.0,344.63,330.0
1995,Male,M40,3,2212.0,14.03,308.0,4.37,267.0,6.81,296.0,1.34,276.0,72.73,86.0,22.2,196.0,19.89,270.0,2.0,140.0,25.64,238.0,396.42,135.0
1995,Male,M40,4,2161.0,15.22,161.0,4.08,219.0,6.47,276.0,1.32,263.0,68.84,163.0,21.21,260.0,18.18,238.0,1.6,70.0,27.61,266.0,364.78,245.0
1995,Male,M40,5,2155.0,15.79,106.0,3.97,201.0,7.89,360.0,1.32,263.0,74.56,58.0,22.23,194.0,20.88,289.0,2.4,220.0,28.56,279.0,381.1,185.0
1995,Male,M40,6,1999.0,14.93,193.0,4.26,249.0,6.6,284.0,1.32,263.0,69.97,138.0,23.24,139.0,15.22,184.0,2.0,140.0,21.36,180.0,368.85,229.0
1995,Male,M40,7,1968.0,14.94,192.0,4.04,212.0,6.98,306.0,1.28,237.0,71.86,101.0,21.66,230.0,19.74,267.0,1.8,103.0,22.16,191.0,398.57,129.0
1995,Male,M40,8,1737.0,15.32,151.0,4.23,244.0,6.21,261.0,1.3,250.0,72.09,97.0,22.52,178.0,14.2,166.0,2.0,140.0,18.66,143.0,406.11,107.0
1995,Male,M40,9,1729.0,15.04,181.0,3.66,153.0,7.02,308.0,1.16,165.0,74.98,52.0,22.04,206.0,19.38,260.0,1.6,70.0,23.72,212.0,400.76,122.0
1995,Male,M50,1,1215.0,16.01,88.0,3.69,158.0,6.87,300.0,1.24,212.0,83.04,0.0,27.28,8.0,17.09,218.0,1.6,70.0,16.36,113.0,431.97,48.0
1995,Male,M60,1,1561.0,15.88,99.0,3.42,119.0,7.08,312.0,1.2,188.0,73.23,78.0,24.76,72.0,15.99,198.0,1.6,70.0,22.16,191.0,367.48,234.0
1996,Female,W,1,2143.0,14.0,312.0,4.52,294.0,6.87,300.0,1.32,263.0,71.02,117.0,21.39,248.0,16.86,214.0,1.6,70.0,17.8,132.0,378.72,193.0
1996,Female,W,2,1815.0,14.38,261.0,4.16,232.0,7.03,309.0,1.36,290.0,74.07,65.0,21.84,218.0,17.0,216.0,,,13.92,81.0,393.84,143.0
1996,Female,W,3,1655.0,15.86,100.0,3.65,152.0,7.26,323.0,1.16,165.0,72.55,89.0,22.24,194.0,14.3,167.0,1.4,40.0,17.36,126.0,351.71,299.0
1996,Female,W,4,1558.0,16.67,42.0,3.22,93.0,7.63,344.0,1.28,237.0,75.28,48.0,23.31,135.0,14.92,179.0,1.6,70.0,17.38,126.0,355.18,284.0
1996,Female,W,5,1470.0,15.12,172.0,3.97,201.0,6.82,297.0,1.28,237.0,95.44,0.0,27.19,9.0,17.19,220.0,1.6,70.0,27.48,264.0,,
1996,Female,W,6,1275.0,15.53,130.0,3.84,181.0,6.94,304.0,1.24,212.0,74.9,53.0,,,17.1,218.0,,,21.15,177.0,,
1996,Female,W,7,961.0,16.23,71.0,3.58,142.0,5.59,225.0,,,80.19,4.0,24.49,82.0,14.52,171.0,1.8,103.0,15.44,101.0,424.92,62.0
1996,Female,W,8,923.0,16.99,25.0,3.34,108.0,6.08,253.0,1.2,188.0,,,25.07,61.0,12.95,143.0,1.6,70.0,13.42,75.0,,
1996,Female,W,9,819.0,17.13,19.0,3.26,98.0,5.64,228.0,1.2,188.0,88.84,0.0,28.52,0.0,10.94,108.0,1.4,40.0,13.91,81.0,427.53,57.0
1996,Female,W,10,781.0,18.19,0.0,2.83,47.0,6.27,265.0,1.08,121.0,96.07,0.0,31.4,0.0,15.78,194.0,,,19.1,149.0,465.63,5.0
1996,Female,W,11,754.0,17.41,9.0,2.98,63.0,5.68,230.0,1.08,121.0,86.0,0.0,,,13.12,146.0,,,17.8,132.0,429.52,53.0
1996,Female,W,12,723.0,17.18,17.0,3.1,78.0,5.97,247.0,1.04,100.0,87.24,0.0,25.78,39.0,12.54,136.0,1.4,40.0,12.26,60.0,463.84,6.0
1996,Female,W,13,653.0,18.45,0.0,2.89,53.0,6.33,268.0,1.08,121.0,,,30.17,0.0,14.19,165.0,,,11.11,46.0,,
1996,Female,W,14,565.0,15.61,123.0,3.59,143.0,6.86,299.0,,,,,,,,,,,,,,
1996,Female,W,15,517.0,17.0,25.0,3.33,107.0,6.57,282.0,,,104.28,0.0,,,,,1.8,103.0,,,,
1996,Female,W,16,500.0,15.52,131.0,3.58,142.0,5.62,227.0,,,89.93,0.0,,,,,,,,,,
1996,Female,W,17,494.0,15.91,96.0,,,6.48,277.0,1.08,121.0,107.24,0.0,,,,,,,,,,
1996,Female,W,18,489.0,20.29,0.0,2.92,57.0,5.08,196.0,1.0,81.0,,,,,12.33,132.0,,,9.16,23.0,,
1996,Female,W,19,332.0,17.35,11.0,3.12,80.0,5.86,241.0,,,,,,,,,,,,,,
1996,Male,M,1,4506.0,12.25,603.0,5.55,492.0,10.23,499.0,1.68,528.0,60.55,395.0,16.32,697.0,25.08,369.0,,,36.26,388.0,304.33,535.0
1996,Male,M,2,4245.0,12.81,501.0,5.52,485.0,8.77,412.0,1.64,496.0,59.28,438.0,18.6,468.0,26.08,388.0,2.4,220.0,35.36,375.0,317.69,462.0
1996,Male,M,3,4189.0,12.66,527.0,5.17,415.0,8.8,414.0,1.64,496.0,60.52,396.0,17.26,597.0,26.4,394.0,2.2,179.0,24.78,226.0,302.52,545.0
1996,Male,M,4,4112.0,13.1,451.0,5.13,407.0,7.88,359.0,1.48,374.0,58.26,474.0,19.18,417.0,25.08,369.0,3.0,357.0,31.32,318.0,295.45,586.0
1996,Male,M,5,4104.0,12.48,560.0,5.06,394.0,9.74,470.0,1.56,434.0,58.92,451.0,19.21,414.0,27.8,421.0,2.4,220.0,32.7,337.0,329.2,403.0
1996,Male,M,6,3951.0,12.41,573.0,5.06,394.0,6.93,303.0,1.44,345.0,57.24,512.0,18.43,484.0,22.25,315.0,2.2,179.0,34.3,360.0,313.15,486.0
1996,Male,M,7,3898.0,12.61,536.0,5.41,463.0,8.21,379.0,1.64,496.0,58.73,457.0,19.79,366.0,20.83,288.0,1.8,103.0,32.9,340.0,316.26,470.0
1996,Male,M,8,3859.0,12.82,499.0,4.9,363.0,8.75,411.0,1.52,404.0,60.93,382.0,18.83,447.0,24.12,350.0,2.4,220.0,35.26,374.0,328.14,409.0
1996,Male,M,9,3856.0,12.85,494.0,5.1,402.0,7.68,347.0,1.6,464.0,60.0,413.0,18.47,480.0,21.64,303.0,2.4,220.0,26.1,245.0,312.88,488.0
1996,Male,M,10,3810.0,12.84,495.0,5.3,441.0,9.17,436.0,1.64,496.0,62.27,339.0,19.65,377.0,27.54,416.0,2.0,140.0,33.52,349.0,346.57,321.0
1996,Male,M,11,3682.0,13.05,459.0,5.32,445.0,8.54,398.0,1.52,404.0,63.2,311.0,19.43,396.0,20.76,286.0,2.4,220.0,35.8,382.0,333.79,381.0
1996,Male,M,12,3653.0,12.87,490.0,4.8,345.0,7.2,319.0,1.6,464.0,59.19,441.0,19.23,413.0,15.08,181.0,2.4,220.0,25.56,237.0,302.9,543.0
1996,Male,M,13,3591.0,13.31,417.0,5.1,402.0,8.46,394.0,1.52,404.0,62.46,333.0,19.65,377.0,22.04,311.0,2.6,264.0,31.0,313.0,334.85,376.0
1996,Male,M,14,3467.0,13.43,397.0,4.74,333.0,7.96,364.0,1.52,404.0,63.1,314.0,19.8,365.0,20.97,290.0,2.4,220.0,32.0,327.0,319.41,453.0
1996,Male,M,15,3456.0,13.23,430.0,4.79,343.0,9.13,434.0,1.52,404.0,63.15,312.0,20.27,328.0,20.79,287.0,2.0,140.0,30.61,308.0,316.19,470.0
1996,Male,M,16,3413.0,13.57,376.0,5.03,388.0,7.78,353.0,1.52,404.0,60.63,392.0,20.29,327.0,20.0,272.0,1.8,103.0,26.8,254.0,302.74,544.0
1996,Male,M,17,3374.0,13.48,390.0,5.23,427.0,10.12,493.0,1.44,345.0,63.41,304.0,22.72,166.0,24.22,352.0,2.0,140.0,37.28,403.0,339.41,354.0
1996,Male,M,18,3353.0,12.6,538.0,5.51,483.0,9.77,472.0,1.44,345.0,68.86,162.0,19.72,372.0,28.78,440.0,2.4,220.0,31.56,321.0,,
1996,Male,M,19,3280.0,12.69,522.0,5.26,433.0,8.04,369.0,1.6,464.0,67.24,200.0,20.57,306.0,24.48,357.0,2.2,179.0,22.68,198.0,363.07,252.0
1996,Male,M,20,3123.0,13.99,314.0,4.91,365.0,6.74,292.0,1.48,374.0,63.05,315.0,20.06,344.0,19.46,262.0,2.2,179.0,26.58,251.0,324.39,427.0
1996,Male,M,21,3036.0,13.41,401.0,5.25,431.0,7.68,347.0,1.48,374.0,64.27,279.0,20.83,287.0,17.98,234.0,1.8,103.0,27.9,270.0,349.22,310.0
1996,Male,M,22,2942.0,14.02,309.0,4.77,339.0,9.08,431.0,1.56,434.0,65.89,235.0,20.25,330.0,18.58,246.0,2.2,179.0,32.04,328.0,404.95,111.0
1996,Male,M,23,2867.0,13.61,370.0,4.93,369.0,8.31,385.0,1.48,374.0,66.35,223.0,21.42,246.0,20.68,285.0,2.0,140.0,28.76,282.0,378.7,193.0
1996,Male,M,24,2851.0,12.98,471.0,4.52,294.0,6.8,296.0,1.36,290.0,62.37,336.0,20.2,334.0,18.93,252.0,1.8,103.0,19.23,151.0,345.97,324.0
1996,Male,M,25,2834.0,13.01,466.0,4.76,337.0,7.15,316.0,1.36,290.0,66.77,212.0,20.24,330.0,18.52,244.0,1.6,70.0,25.66,239.0,344.75,330.0
1996,Male,M,26,2813.0,14.17,289.0,4.92,367.0,10.09,491.0,1.4,317.0,,,20.15,337.0,21.45,299.0,2.0,140.0,31.94,327.0,364.49,246.0
1996,Male,M,27,2766.0,13.74,350.0,4.41,274.0,8.93,422.0,1.48,374.0,66.94,208.0,21.38,248.0,20.28,277.0,2.0,140.0,27.24,261.0,373.3,212.0
1996,Male,M,28,2716.0,13.31,417.0,4.6,308.0,8.6,402.0,1.36,290.0,67.34,198.0,21.02,273.0,20.37,279.0,1.8,103.0,33.02,342.0,407.54,104.0
1996,Male,M,29,2692.0,13.79,343.0,4.52,294.0,7.35,328.0,1.48,374.0,68.91,161.0,20.53,309.0,22.6,321.0,2.2,179.0,26.4,249.0,396.79,134.0
1996,Male,M,30,2658.0,13.73,351.0,4.45,281.0,7.04,310.0,1.36,290.0,65.48,246.0,22.49,179.0,17.55,227.0,1.8,103.0,26.42,249.0,325.54,422.0
1996,Male,M,31,2637.0,13.21,433.0,4.7,326.0,8.39,389.0,1.48,374.0,65.25,252.0,23.56,123.0,25.28,372.0,1.6,70.0,28.44,277.0,448.8,21.0
1996,Male,M,32,2578.0,13.72,353.0,4.63,313.0,7.42,332.0,1.4,317.0,67.11,204.0,22.54,176.0,17.73,230.0,2.0,140.0,21.42,181.0,344.14,332.0
1996,Male,M,33,2575.0,12.73,515.0,4.36,266.0,6.35,269.0,1.48,374.0,67.6,192.0,21.61,233.0,14.06,163.0,2.0,140.0,20.82,172.0,363.36,251.0
1996,Male,M,34,2553.0,14.34,266.0,4.22,242.0,6.39,272.0,1.48,374.0,69.16,156.0,22.71,167.0,16.4,205.0,2.0,140.0,23.58,210.0,306.87,521.0
1996,Male,M,35,2539.0,14.69,221.0,4.38,269.0,8.04,369.0,1.44,345.0,69.39,151.0,21.07,270.0,24.12,350.0,1.6,70.0,28.96,285.0,374.26,209.0
1996,Male,M,36,2538.0,14.24,279.0,4.52,294.0,8.72,409.0,1.4,317.0,68.64,167.0,21.67,229.0,19.16,256.0,1.6,70.0,27.2,260.0,361.86,257.0
1996,Male,M,37,2485.0,13.89,328.0,4.0,206.0,7.72,350.0,1.36,290.0,66.43,221.0,21.5,240.0,19.54,263.0,1.8,103.0,26.72,253.0,368.37,231.0
1996,Male,M,38,2470.0,14.06,304.0,4.68,323.0,7.43,333.0,1.4,317.0,71.84,102.0,20.88,283.0,18.99,253.0,2.0,140.0,27.63,266.0,391.9,149.0
1996,Male,M,39,2430.0,13.89,328.0,4.21,240.0,6.71,290.0,1.52,404.0,69.37,151.0,21.42,246.0,19.32,259.0,1.6,70.0,25.5,236.0,374.95,206.0
1996,Male,M,40,2404.0,12.96,475.0,4.78,341.0,8.07,370.0,1.56,434.0,69.67,145.0,22.23,194.0,14.5,171.0,1.4,40.0,21.24,178.0,427.81,56.0
1996,Male,M,41,2368.0,13.82,338.0,4.65,317.0,8.03,368.0,1.48,374.0,71.26,112.0,27.32,7.0,19.92,271.0,1.4,40.0,30.0,299.0,365.57,242.0
1996,Male,M,42,2363.0,14.14,293.0,4.1,222.0,6.67,288.0,1.52,404.0,67.77,188.0,22.66,170.0,15.56,190.0,2.2,179.0,24.11,217.0,373.33,212.0
1996,Male,M,43,2315.0,13.58,374.0,3.94,196.0,9.84,476.0,1.36,290.0,80.18,4.0,24.92,66.0,28.5,435.0,2.0,140.0,32.45,334.0,,
1996,Male,M,44,2312.0,13.9,327.0,4.7,326.0,7.64,345.0,1.56,434.0,75.84,41.0,22.42,183.0,21.7,304.0,2.2,179.0,20.84,173.0,,
1996,Male,M,45,2252.0,13.95,319.0,4.43,278.0,8.61,403.0,1.4,317.0,71.32,111.0,23.3,136.0,21.82,306.0,2.0,140.0,22.46,195.0,432.59,47.0
1996,Male,M,46,2234.0,15.36,147.0,4.7,326.0,9.04,428.0,1.48,374.0,80.54,3.0,24.73,73.0,22.18,313.0,2.0,140.0,32.2,330.0,408.97,100.0
1996,Male,M,47,2227.0,14.39,259.0,4.46,283.0,8.3,384.0,1.4,317.0,70.63,125.0,24.84,69.0,19.72,267.0,2.0,140.0,23.42,208.0,383.89,175.0
1996,Male,M,48,2204.0,14.63,229.0,4.22,242.0,6.49,277.0,1.4,317.0,72.18,96.0,23.19,141.0,18.98,253.0,1.8,103.0,31.08,314.0,368.07,232.0
1996,Male,M,49,2120.0,13.07,456.0,5.03,388.0,,,1.56,434.0,58.65,460.0,,,25.78,382.0,,,,,,
1996,Male,M,50,2061.0,14.41,257.0,4.14,229.0,6.66,287.0,1.44,345.0,72.73,86.0,23.34,134.0,17.23,221.0,2.0,140.0,23.9,214.0,392.17,148.0
1996,Male,M,51,2010.0,13.91,325.0,4.55,299.0,8.07,370.0,1.04,100.0,,,22.48,180.0,24.02,348.0,1.6,70.0,23.62,211.0,406.24,107.0
1996,Male,M,52,2007.0,15.38,145.0,3.68,156.0,8.26,382.0,1.4,317.0,72.15,96.0,25.07,61.0,22.4,317.0,2.0,140.0,23.25,205.0,380.07,188.0
1996,Male,M,53,1982.0,15.2,163.0,4.05,214.0,7.93,362.0,1.32,263.0,72.21,95.0,23.95,105.0,17.38,223.0,1.2,15.0,23.96,215.0,345.35,327.0
1996,Male,M,54,1972.0,14.53,241.0,3.81,176.0,6.01,249.0,1.36,290.0,70.14,135.0,23.72,115.0,14.66,174.0,1.8,103.0,17.39,127.0,337.68,362.0
1996,Male,M,55,1898.0,14.79,209.0,4.23,244.0,7.82,356.0,1.36,290.0,81.32,0.0,24.88,67.0,19.9,270.0,1.8,103.0,28.14,273.0,414.26,86.0
1996,Male,M,56,1865.0,14.86,201.0,4.17,234.0,8.6,402.0,1.36,290.0,81.11,1.0,24.66,76.0,19.35,260.0,2.0,140.0,27.27,261.0,,
1996,Male,M,57,1824.0,14.24,279.0,4.24,245.0,7.83,356.0,1.32,263.0,79.79,6.0,23.22,140.0,21.75,305.0,1.8,103.0,15.98,108.0,451.03,19.0
1996,Male,M,58,1811.0,14.83,205.0,4.34,262.0,5.0,191.0,1.36,290.0,69.24,154.0,23.73,115.0,10.55,102.0,1.6,70.0,17.7,131.0,353.49,291.0
1996,Male,M,59,1810.0,15.22,161.0,4.59,306.0,6.65,287.0,1.36,290.0,77.19,26.0,25.79,38.0,19.72,267.0,1.8,103.0,30.91,312.0,449.96,20.0
1996,Male,M,60,1806.0,13.36,409.0,5.0,382.0,,,1.52,404.0,66.9,209.0,,,,,,,37.2,402.0,,
1996,Male,M,61,1804.0,15.7,114.0,4.06,215.0,6.78,294.0,1.36,290.0,76.36,35.0,22.9,156.0,16.38,205.0,2.0,140.0,18.71,144.0,373.75,211.0
1996,Male,M,62,1800.0,14.72,218.0,3.72,162.0,9.42,451.0,1.4,317.0,76.66,31.0,26.35,24.0,23.81,344.0,,,24.68,225.0,444.12,28.0
1996,Male,M,63,1791.0,14.55,239.0,4.05,214.0,5.65,228.0,1.2,188.0,70.24,133.0,23.96,104.0,13.77,158.0,,,19.68,157.0,336.15,370.0
1996,Male,M,64,1791.0,14.45,251.0,4.02,209.0,6.4,272.0,1.24,212.0,70.58,126.0,24.52,81.0,15.7,193.0,,,18.18,137.0,349.05,310.0
1996,Male,M,65,1787.0,14.23,280.0,4.34,262.0,7.18,318.0,1.24,212.0,,,24.82,70.0,18.91,252.0,2.0,140.0,26.71,253.0,,
1996,Male,M,66,1783.0,13.88,329.0,4.77,339.0,6.36,270.0,1.36,290.0,73.83,68.0,,,17.64,228.0,1.4,40.0,24.23,219.0,,
1996,Male,M,67,1755.0,14.75,214.0,4.33,261.0,6.58,283.0,1.4,317.0,75.01,51.0,24.14,97.0,16.7,211.0,,,23.18,204.0,402.56,117.0
1996,Male,M,68,1744.0,13.96,318.0,4.27,250.0,7.4,331.0,1.48,374.0,73.91,67.0,24.51,81.0,18.1,237.0,,,14.3,86.0,,
1996,Male,M,69,1710.0,15.14,170.0,3.78,171.0,7.04,310.0,1.4,317.0,77.04,27.0,26.26,27.0,18.3,240.0,1.8,103.0,27.58,265.0,417.07,80.0
1996,Male,M,70,1675.0,13.4,402.0,4.88,360.0,,,1.52,404.0,70.99,118.0,,,26.22,391.0,,,,,,
1996,Male,M,71,1631.0,12.94,478.0,5.37,455.0,,,,,61.03,379.0,,,,,,,31.42,319.0,,
1996,Male,M,72,1551.0,14.98,188.0,4.04,212.0,5.48,219.0,1.32,263.0,73.08,80.0,,,14.95,179.0,1.8,103.0,11.64,53.0,362.55,254.0
1996,Male,M,73,1533.0,14.02,309.0,4.4,273.0,6.7,290.0,1.24,212.0,79.83,6.0,25.64,43.0,17.1,218.0,1.6,70.0,16.3,112.0,,
1996,Male,M,74,1512.0,13.69,357.0,4.48,287.0,,,1.52,404.0,67.79,187.0,,,,,,,28.44,277.0,,
1996,Male,M,75,1452.0,14.96,190.0,3.99,204.0,6.52,279.0,1.28,237.0,74.84,54.0,,,15.41,187.0,,,23.98,215.0,414.3,86.0
1996,Male,M,76,1438.0,13.87,331.0,4.39,271.0,,,1.44,345.0,60.24,405.0,,,,,,,14.24,86.0,,
1996,Male,M,77,1413.0,15.1,174.0,4.25,247.0,6.21,261.0,1.16,165.0,75.43,46.0,30.42,0.0,15.52,189.0,1.6,70.0,17.46,127.0,396.79,134.0
1996,Male,M,78,1331.0,13.43,397.0,4.79,343.0,8.24,381.0,,,73.74,70.0,,,,,2.0,140.0,,,,
1996,Male,M,79,1305.0,13.45,394.0,,,6.73,291.0,1.4,317.0,67.24,200.0,,,,,1.8,103.0,,,,
1996,Male,M,80,1287.0,14.03,308.0,,,7.44,333.0,1.24,212.0,,,,,17.31,222.0,1.6,70.0,18.55,142.0,,
1996,Male,M,81,1284.0,16.28,67.0,3.98,203.0,5.46,218.0,1.36,290.0,89.81,0.0,25.7,41.0,13.78,158.0,1.6,70.0,25.54,237.0,,
1996,Male,M,82,1274.0,13.27,423.0,4.64,315.0,6.97,306.0,,,66.09,230.0,,,,,,,,,,
1996,Male,M,83,1272.0,13.93,322.0,4.72,330.0,7.63,344.0,,,70.06,136.0,,,,,2.0,140.0,,,,
1996,Male,M,84,1265.0,14.06,304.0,4.73,332.0,7.92,362.0,,,70.5,127.0,,,,,2.0,140.0,,,,
1996,Male,M,85,1258.0,13.7,356.0,4.67,321.0,,,1.28,237.0,,,,,23.82,344.0,,,,,,
1996,Male,M,86,1169.0,13.51,385.0,5.14,409.0,8.14,375.0,,,,,,,,,,,,,,
1996,Male,M,87,1094.0,17.22,16.0,3.77,170.0,7.44,333.0,,,,,,,18.94,252.0,1.8,103.0,24.32,220.0,,
1996,Male,M,88,1062.0,14.1,298.0,4.21,240.0,7.89,360.0,,,68.79,164.0,,,,,,,,,,
1996,Male,M,89,1046.0,14.23,280.0,4.78,341.0,6.46,276.0,,,69.48,149.0,,,,,,,,,,
1996,Male,M,90,993.0,15.73,112.0,3.79,173.0,6.38,271.0,,,87.12,0.0,29.07,0.0,14.96,179.0,1.2,15.0,24.76,226.0,452.2,17.0
1996,Male,M,91,900.0,14.2,284.0,4.64,315.0,,,,,,,,,21.55,301.0,,,,,,
1996,Male,M,92,896.0,13.84,335.0,,,6.6,284.0,1.28,237.0,,,,,,,1.4,40.0,,,,
1996,Male,M,93,893.0,16.48,54.0,,,6.22,262.0,1.24,212.0,,,,,15.2,184.0,,,21.45,181.0,,
1996,Male,M,94,856.0,13.06,458.0,5.08,398.0,,,,,,,,,,,,,,,,
1996,Male,M,95,834.0,17.37,11.0,2.78,42.0,5.93,245.0,1.2,188.0,91.67,0.0,30.45,0.0,13.36,151.0,1.4,40.0,19.67,157.0,,
1996,Male,M,96,803.0,15.45,138.0,,,6.31,267.0,1.24,212.0,67.83,186.0,,,,,,,,,,
1996,Male,M,97,717.0,14.56,238.0,3.94,196.0,6.58,283.0,,,,,,,,,,,,,,
1996,Male,M,98,668.0,13.88,329.0,,,,,,,,,,,23.53,339.0,,,,,,
1996,Male,M40,1,3525.0,13.67,360.0,5.05,392.0,10.05,489.0,1.56,434.0,72.03,98.0,18.66,463.0,29.06,446.0,2.8,309.0,36.36,390.0,393.6,144.0
1996,Male,M40,2,2641.0,14.23,280.0,4.4,273.0,7.45,334.0,1.48,374.0,68.86,162.0,20.37,321.0,18.34,241.0,2.0,140.0,27.03,258.0,361.46,258.0
1996,Male,M40,3,2553.0,13.76,347.0,4.02,209.0,7.28,324.0,1.4,317.0,67.22,201.0,21.71,227.0,20.04,273.0,1.8,103.0,26.9,256.0,352.32,296.0
1996,Male,M40,4,2481.0,14.17,289.0,4.59,306.0,8.73,410.0,1.32,263.0,69.95,139.0,21.56,236.0,23.36,336.0,1.8,103.0,27.67,267.0,397.33,132.0
1996,Male,M40,5,2299.0,14.32,268.0,4.38,269.0,6.26,264.0,1.32,263.0,71.49,108.0,19.94,354.0,17.18,220.0,1.6,70.0,28.33,276.0,374.82,207.0
1996,Male,M40,6,2099.0,14.58,235.0,4.1,222.0,7.37,329.0,1.12,142.0,70.22,133.0,21.72,226.0,21.6,302.0,1.8,103.0,26.4,249.0,389.09,158.0
1996,Male,M40,7,2066.0,14.93,193.0,3.96,199.0,7.89,360.0,1.28,237.0,72.95,82.0,23.26,138.0,20.83,288.0,2.2,179.0,26.06,244.0,392.93,146.0
1996,Male,M40,8,1952.0,15.28,155.0,3.58,142.0,9.05,429.0,1.28,237.0,83.64,0.0,23.64,119.0,23.48,338.0,2.0,140.0,36.55,392.0,,
1996,Male,M40,9,1939.0,14.77,212.0,3.96,199.0,7.91,361.0,1.24,212.0,,,21.73,225.0,20.33,278.0,1.8,103.0,25.82,241.0,405.75,108.0
1996,Male,M40,10,1805.0,15.4,143.0,3.8,174.0,7.3,325.0,1.24,212.0,71.39,110.0,23.62,120.0,15.62,191.0,1.8,103.0,25.53,237.0,379.49,190.0
1996,Male,M40,11,1750.0,15.7,114.0,4.08,219.0,5.75,234.0,1.28,237.0,73.79,69.0,23.16,143.0,15.14,183.0,2.0,140.0,22.44,194.0,372.08,217.0
1996,Male,M40,12,1593.0,15.46,137.0,4.18,235.0,6.79,295.0,1.28,237.0,83.88,0.0,22.58,174.0,16.92,215.0,,,25.59,238.0,425.04,62.0
1996,Male,M50,1,2291.0,14.52,243.0,4.38,269.0,7.41,331.0,1.44,345.0,74.95,52.0,21.65,231.0,18.44,243.0,2.0,140.0,23.52,209.0,369.25,228.0
1996,Male,M50,2,915.0,18.23,0.0,3.01,67.0,6.45,275.0,1.08,121.0,89.04,0.0,30.02,0.0,14.16,165.0,1.8,103.0,17.99,134.0,431.22,50.0
1996,Male,M60,1,1560.0,16.66,43.0,3.4,116.0,6.91,302.0,1.28,237.0,80.11,4.0,24.2,94.0,16.99,216.0,2.0,140.0,23.45,208.0,376.71,200.0
1996,Male,M60,2,1120.0,16.28,67.0,3.52,133.0,6.46,276.0,1.2,188.0,85.97,0.0,27.03,12.0,16.8,213.0,1.4,40.0,17.54,129.0,425.02,62.0
1997,Female,W,1,2859.0,13.83,337.0,4.53,295.0,9.23,440.0,1.4,317.0,69.67,145.0,18.98,434.0,21.2,295.0,1.8,103.0,26.4,249.0,365.1,244.0
1997,Female,W,2,1844.0,14.59,234.0,3.97,201.0,7.31,326.0,1.24,212.0,70.79,122.0,22.13,200.0,16.49,207.0,1.8,103.0,20.53,168.0,421.06,71.0
1997,Female,W,3,1835.0,15.66,118.0,3.85,182.0,8.9,420.0,1.28,237.0,72.46,91.0,22.46,181.0,15.16,183.0,1.6,70.0,19.32,152.0,376.47,201.0
1997,Female,W,4,1806.0,16.18,75.0,3.71,161.0,7.75,352.0,1.36,290.0,73.56,73.0,23.56,123.0,16.95,215.0,1.8,103.0,17.88,133.0,355.9,281.0
1997,Female,W,5,1796.0,14.54,240.0,3.97,201.0,7.48,336.0,1.28,237.0,,,23.44,129.0,19.87,270.0,1.8,103.0,25.32,234.0,432.85,46.0
1997,Female,W,6,1784.0,14.83,205.0,3.9,190.0,6.77,294.0,1.32,263.0,74.95,52.0,21.89,215.0,15.9,196.0,1.8,103.0,18.52,142.0,400.03,124.0
1997,Female,W,7,1728.0,15.92,95.0,3.66,153.0,6.64,286.0,1.28,237.0,72.8,85.0,23.86,109.0,16.7,211.0,1.6,70.0,16.6,116.0,336.79,366.0
1997,Female,W,8,1612.0,14.49,246.0,3.91,191.0,6.1,255.0,1.28,237.0,73.33,76.0,21.0,274.0,13.49,153.0,,,15.62,103.0,418.15,77.0
1997,Female,W,9,1592.0,15.2,163.0,3.63,149.0,6.97,306.0,1.24,212.0,74.81,54.0,22.09,203.0,17.3,222.0,1.6,70.0,16.12,110.0,407.74,103.0
1997,Female,W,10,1397.0,15.69,115.0,3.71,161.0,7.74,351.0,1.2,188.0,82.09,0.0,24.2,94.0,17.61,228.0,1.4,40.0,18.45,141.0,417.46,79.0
1997,Female,W,11,1223.0,14.79,209.0,,,6.86,299.0,1.16,165.0,78.08,18.0,23.44,129.0,20.2,276.0,,,13.14,71.0,428.07,56.0
1997,Female,W,12,1111.0,15.7,114.0,3.76,168.0,5.82,238.0,1.24,212.0,84.53,0.0,26.11,30.0,11.75,122.0,1.6,70.0,18.8,145.0,457.42,12.0
1997,Female,W,13,965.0,16.39,60.0,3.64,150.0,6.45,275.0,1.16,165.0,85.49,0.0,24.83,69.0,14.61,173.0,,,13.28,73.0,,
1997,Female,W,14,880.0,17.29,13.0,3.01,67.0,6.12,256.0,1.2,188.0,79.14,10.0,27.85,2.0,14.82,177.0,,,,,386.3,167.0
1997,Female,W,15,794.0,16.99,25.0,3.04,70.0,5.62,227.0,1.2,188.0,84.14,0.0,27.81,2.0,11.13,112.0,,,15.08,96.0,419.56,74.0
1997,Female,W,16,782.0,,,3.24,95.0,5.92,244.0,1.08,121.0,,,,,19.52,263.0,,,12.14,59.0,501.76,0.0
1997,Female,W,17,739.0,17.39,10.0,2.93,58.0,6.24,263.0,1.08,121.0,84.37,0.0,26.6,19.0,12.15,129.0,,,13.3,74.0,423.59,65.0
1997,Female,W,18,732.0,18.05,0.0,3.29,102.0,6.27,265.0,1.16,165.0,96.52,0.0,31.12,0.0,11.4,116.0,,,14.11,84.0,,
1997,Male,M,1,4822.0,12.49,558.0,5.49,479.0,8.71,408.0,1.64,496.0,56.64,535.0,16.62,665.0,24.84,364.0,3.2,406.0,30.1,301.0,291.45,610.0
1997,Male,M,2,4571.0,12.61,536.0,5.5,481.0,9.84,476.0,1.52,404.0,56.83,527.0,18.74,455.0,26.27,392.0,3.0,357.0,33.74,352.0,294.62,591.0
1997,Male,M,3,4524.0,12.56,545.0,5.15,411.0,9.65,465.0,1.68,528.0,58.84,454.0,17.24,599.0,24.6,359.0,2.6,264.0,46.46,536.0,337.51,363.0
1997,Male,M,4,4334.0,12.61,536.0,5.28,437.0,7.98,365.0,1.64,496.0,58.25,475.0,17.93,531.0,22.24,314.0,3.2,406.0,28.85,283.0,312.29,491.0
1997,Male,M,5,4098.0,12.94,478.0,5.34,449.0,8.94,422.0,1.68,528.0,58.22,476.0,18.66,463.0,18.36,241.0,2.6,264.0,38.26,417.0,338.14,360.0
1997,Male,M,6,4069.0,12.61,536.0,5.3,441.0,9.26,441.0,1.64,496.0,60.23,405.0,19.6,381.0,30.5,474.0,2.4,220.0,36.38,390.0,354.86,285.0
1997,Male,M,7,3896.0,12.79,504.0,4.68,323.0,9.15,435.0,1.56,434.0,60.47,397.0,19.45,394.0,22.57,321.0,2.6,264.0,32.26,331.0,311.97,493.0
1997,Male,M,8,3876.0,12.93,480.0,4.98,378.0,7.56,340.0,1.6,464.0,60.32,402.0,18.74,455.0,22.13,312.0,2.6,264.0,30.48,306.0,315.26,475.0
1997,Male,M,9,3719.0,12.86,492.0,5.2,421.0,8.4,390.0,1.6,464.0,58.76,456.0,18.96,436.0,24.5,357.0,2.0,140.0,29.25,289.0,357.51,274.0
1997,Male,M,10,3697.0,12.4,574.0,5.17,415.0,6.51,279.0,1.6,464.0,58.1,480.0,19.25,411.0,17.68,229.0,2.2,179.0,23.18,204.0,317.74,462.0
1997,Male,M,11,3662.0,12.91,483.0,5.17,415.0,7.11,314.0,1.64,496.0,60.88,384.0,19.4,398.0,17.9,233.0,2.2,179.0,24.7,225.0,304.31,535.0
1997,Male,M,12,3569.0,12.99,470.0,5.36,453.0,8.41,391.0,1.56,434.0,61.52,363.0,19.21,414.0,21.22,295.0,2.2,179.0,30.56,307.0,360.23,263.0
1997,Male,M,13,3548.0,12.94,478.0,4.95,373.0,9.01,426.0,1.52,404.0,62.84,322.0,18.85,446.0,22.12,312.0,2.4,220.0,36.26,388.0,382.74,179.0
1997,Male,M,14,3541.0,13.21,433.0,4.35,264.0,9.27,442.0,1.68,528.0,61.18,374.0,20.81,288.0,21.78,306.0,2.4,220.0,33.78,353.0,343.96,333.0
1997,Male,M,15,3510.0,12.75,511.0,4.76,337.0,9.85,477.0,1.48,374.0,64.78,265.0,19.57,384.0,22.78,325.0,2.4,220.0,30.56,307.0,349.23,310.0
1997,Male,M,16,3467.0,13.18,438.0,5.05,392.0,8.94,422.0,1.52,404.0,63.03,316.0,21.03,272.0,23.68,342.0,2.0,140.0,34.42,362.0,334.24,379.0
1997,Male,M,17,3411.0,12.94,478.0,5.3,441.0,8.53,398.0,1.52,404.0,65.31,250.0,19.48,391.0,20.2,276.0,2.4,220.0,33.78,353.0,376.78,200.0
1997,Male,M,18,3399.0,12.93,480.0,4.96,375.0,7.2,319.0,1.52,404.0,66.3,224.0,19.92,356.0,24.0,348.0,2.6,264.0,33.32,346.0,355.38,283.0
1997,Male,M,19,3343.0,13.34,412.0,5.01,384.0,9.43,451.0,1.68,528.0,69.76,143.0,20.98,276.0,21.25,296.0,2.0,140.0,46.72,540.0,384.5,173.0
1997,Male,M,20,3338.0,12.95,476.0,5.15,411.0,8.83,416.0,1.6,464.0,65.27,252.0,21.33,252.0,19.64,265.0,2.6,264.0,32.94,341.0,377.43,197.0
1997,Male,M,21,3300.0,13.97,316.0,4.79,343.0,9.56,459.0,1.4,317.0,66.95,208.0,23.19,141.0,23.92,346.0,2.8,309.0,43.18,488.0,335.44,373.0
1997,Male,M,22,3268.0,12.95,476.0,5.14,409.0,8.41,391.0,1.64,496.0,63.68,297.0,20.54,308.0,18.68,247.0,2.0,140.0,31.32,318.0,380.57,186.0
1997,Male,M,23,3199.0,13.02,464.0,5.42,465.0,7.77,353.0,1.56,434.0,66.11,229.0,22.59,174.0,19.5,263.0,2.6,264.0,30.1,301.0,363.06,252.0
1997,Male,M,24,3179.0,12.86,492.0,4.66,319.0,9.09,431.0,1.4,317.0,63.32,307.0,19.53,387.0,22.8,325.0,2.2,179.0,38.58,422.0,,
1997,Male,M,25,3116.0,13.36,409.0,4.95,373.0,8.55,399.0,1.36,290.0,67.52,194.0,21.16,263.0,21.03,291.0,2.0,140.0,41.2,460.0,352.26,297.0
1997,Male,M,26,3080.0,13.21,433.0,5.18,417.0,7.64,345.0,1.48,374.0,66.21,226.0,21.05,271.0,20.34,278.0,1.8,103.0,32.64,337.0,352.38,296.0
1997,Male,M,27,3078.0,13.58,374.0,4.68,323.0,7.63,344.0,1.48,374.0,65.19,254.0,21.26,256.0,18.67,247.0,2.2,179.0,34.44,362.0,337.01,365.0
1997,Male,M,28,3072.0,13.35,410.0,4.77,339.0,7.52,338.0,1.52,404.0,63.9,290.0,21.16,263.0,21.06,292.0,2.4,220.0,24.3,220.0,352.3,296.0
1997,Male,M,29,3025.0,13.67,360.0,4.32,259.0,7.05,310.0,1.32,263.0,59.9,417.0,20.52,309.0,17.4,224.0,2.0,140.0,20.94,174.0,298.31,569.0
1997,Male,M,30,3012.0,14.09,300.0,4.24,245.0,7.2,319.0,1.44,345.0,60.8,386.0,22.24,194.0,17.15,219.0,2.0,140.0,18.71,144.0,273.73,720.0
1997,Male,M,31,2993.0,13.27,423.0,4.7,326.0,7.41,331.0,1.56,434.0,69.4,150.0,20.63,301.0,20.58,283.0,2.4,220.0,27.12,259.0,359.55,266.0
1997,Male,M,32,2988.0,13.34,412.0,5.34,449.0,7.57,341.0,1.52,404.0,65.11,256.0,23.1,146.0,20.16,275.0,2.2,179.0,24.54,223.0,350.81,303.0
1997,Male,M,33,2980.0,13.01,466.0,4.82,348.0,8.13,374.0,1.44,345.0,63.95,289.0,21.19,261.0,17.26,221.0,2.2,179.0,33.06,342.0,390.09,155.0
1997,Male,M,34,2972.0,13.01,466.0,4.91,365.0,7.2,319.0,1.56,434.0,64.27,279.0,21.94,212.0,19.14,256.0,2.0,140.0,23.44,208.0,353.05,293.0
1997,Male,M,35,2957.0,13.98,315.0,4.36,266.0,7.93,362.0,1.48,374.0,65.58,243.0,20.07,344.0,20.1,274.0,2.4,220.0,29.14,287.0,358.17,272.0
1997,Male,M,36,2944.0,13.13,446.0,4.68,323.0,8.55,399.0,1.48,374.0,64.0,287.0,21.72,226.0,19.1,255.0,1.8,103.0,30.18,302.0,368.8,229.0
1997,Male,M,37,2929.0,12.9,485.0,5.02,386.0,6.46,276.0,1.48,374.0,60.39,400.0,21.75,224.0,16.16,201.0,1.8,103.0,,,314.36,480.0
1997,Male,M,38,2864.0,13.73,351.0,4.55,299.0,7.43,333.0,1.52,404.0,67.94,183.0,21.82,220.0,20.84,288.0,2.4,220.0,28.36,276.0,353.85,290.0
1997,Male,M,39,2857.0,12.7,520.0,5.21,423.0,9.9,480.0,1.56,434.0,66.32,224.0,19.9,357.0,,,2.2,179.0,25.73,240.0,,
1997,Male,M,40,2798.0,13.27,423.0,4.71,328.0,8.52,397.0,1.44,345.0,66.88,209.0,21.97,210.0,21.86,307.0,2.2,179.0,28.7,281.0,401.87,119.0
1997,Male,M,41,2794.0,14.46,250.0,4.83,350.0,8.9,420.0,1.48,374.0,72.95,82.0,22.56,175.0,26.18,390.0,2.4,220.0,36.36,390.0,393.93,143.0
1997,Male,M,42,2759.0,13.67,360.0,4.44,280.0,7.65,346.0,1.48,374.0,68.26,176.0,22.25,193.0,17.96,234.0,2.4,220.0,29.84,297.0,356.39,279.0
1997,Male,M,43,2759.0,13.05,459.0,4.75,335.0,8.94,422.0,,,63.1,314.0,22.23,194.0,24.44,356.0,1.8,103.0,32.2,330.0,364.57,246.0
1997,Male,M,44,2733.0,13.67,360.0,4.5,290.0,6.84,298.0,1.44,345.0,63.94,289.0,21.29,254.0,15.05,181.0,1.4,40.0,31.42,319.0,338.74,357.0
1997,Male,M,45,2721.0,13.57,376.0,4.68,323.0,8.54,398.0,1.52,404.0,67.75,188.0,22.84,160.0,22.99,329.0,1.8,103.0,32.81,339.0,408.49,101.0
1997,Male,M,46,2680.0,13.36,409.0,4.25,247.0,8.87,418.0,1.52,404.0,68.64,167.0,21.71,227.0,24.72,362.0,2.2,179.0,23.48,209.0,426.69,58.0
1997,Male,M,47,2650.0,13.36,409.0,4.64,315.0,6.68,289.0,1.48,374.0,66.57,217.0,22.75,165.0,19.9,270.0,1.8,103.0,23.1,203.0,350.42,305.0
1997,Male,M,48,2612.0,13.18,438.0,4.52,294.0,7.56,340.0,1.4,317.0,64.49,273.0,22.1,202.0,13.56,154.0,1.4,40.0,20.44,167.0,332.59,387.0
1997,Male,M,49,2598.0,13.78,344.0,4.47,285.0,6.13,256.0,1.36,290.0,64.78,265.0,24.79,71.0,18.65,247.0,2.4,220.0,32.11,329.0,353.49,291.0
1997,Male,M,50,2567.0,14.51,244.0,4.22,242.0,7.87,359.0,1.44,345.0,66.49,219.0,22.3,190.0,18.28,240.0,2.4,220.0,27.16,259.0,363.77,249.0
1997,Male,M,51,2512.0,13.77,346.0,4.41,274.0,6.27,265.0,1.44,345.0,61.55,362.0,22.53,177.0,14.9,178.0,,,18.06,135.0,323.82,430.0
1997,Male,M,52,2501.0,14.03,308.0,4.39,271.0,7.19,318.0,1.52,404.0,67.13,203.0,21.78,222.0,21.01,291.0,1.8,103.0,19.15,150.0,368.43,231.0
1997,Male,M,53,2487.0,13.42,399.0,4.55,299.0,8.04,369.0,1.44,345.0,71.14,115.0,21.25,257.0,22.44,318.0,2.2,179.0,21.85,186.0,450.15,20.0
1997,Male,M,54,2482.0,14.19,286.0,4.3,255.0,7.1,313.0,1.48,374.0,66.5,219.0,22.44,182.0,17.94,234.0,1.8,103.0,22.5,195.0,346.72,321.0
1997,Male,M,55,2480.0,14.3,271.0,5.05,392.0,7.93,362.0,1.44,345.0,74.94,52.0,22.84,160.0,20.95,290.0,2.4,220.0,27.79,268.0,401.66,120.0
1997,Male,M,56,2450.0,14.61,231.0,4.4,273.0,6.47,276.0,1.32,263.0,65.89,235.0,22.97,153.0,16.62,209.0,2.2,179.0,27.1,259.0,335.73,372.0
1997,Male,M,57,2441.0,13.69,357.0,4.58,304.0,7.75,352.0,1.44,345.0,68.2,177.0,23.23,139.0,20.3,278.0,2.2,179.0,21.18,177.0,397.21,133.0
1997,Male,M,58,2383.0,13.75,348.0,4.31,257.0,7.97,365.0,1.44,345.0,74.95,52.0,21.05,271.0,20.96,290.0,2.2,179.0,28.32,276.0,,
1997,Male,M,59,2375.0,13.31,417.0,4.42,276.0,8.93,422.0,1.32,263.0,71.56,107.0,20.89,282.0,19.16,256.0,1.8,103.0,26.4,249.0,,
1997,Male,M,60,2369.0,13.55,379.0,4.02,209.0,7.29,324.0,1.4,317.0,68.01,182.0,22.33,189.0,19.48,262.0,,,31.8,325.0,381.92,182.0
1997,Male,M,61,2341.0,14.22,282.0,4.1,222.0,6.21,261.0,1.4,317.0,66.39,222.0,27.24,8.0,16.72,211.0,2.0,140.0,21.82,186.0,312.06,492.0
1997,Male,M,62,2319.0,13.89,328.0,4.19,237.0,7.12,314.0,1.36,290.0,68.34,174.0,22.39,185.0,14.62,173.0,1.6,70.0,23.7,212.0,343.38,336.0
1997,Male,M,63,2210.0,14.84,204.0,4.56,301.0,7.68,347.0,1.44,345.0,72.69,87.0,23.27,137.0,19.55,264.0,2.2,179.0,33.28,346.0,,
1997,Male,M,64,2198.0,14.19,286.0,4.2,239.0,7.57,341.0,1.44,345.0,71.55,107.0,24.01,102.0,20.53,282.0,1.6,70.0,26.06,244.0,381.83,182.0
1997,Male,M,65,2176.0,13.97,316.0,3.9,190.0,8.6,402.0,1.44,345.0,71.57,107.0,22.27,192.0,22.27,315.0,1.4,40.0,23.6,210.0,426.25,59.0
1997,Male,M,66,2150.0,13.85,334.0,4.3,255.0,8.2,378.0,1.36,290.0,72.56,89.0,22.76,164.0,15.37,187.0,1.8,103.0,25.08,231.0,402.01,119.0
1997,Male,M,67,2137.0,14.52,243.0,3.93,195.0,7.73,350.0,1.4,317.0,70.92,119.0,22.76,164.0,20.27,277.0,1.6,70.0,26.78,254.0,392.3,148.0
1997,Male,M,68,1931.0,14.36,263.0,4.47,285.0,6.59,283.0,1.4,317.0,74.78,55.0,25.94,34.0,15.64,192.0,1.8,103.0,21.06,176.0,370.56,223.0
1997,Male,M,69,1748.0,14.66,225.0,3.77,170.0,6.57,282.0,1.28,237.0,71.43,109.0,26.41,23.0,12.92,143.0,1.6,70.0,20.74,171.0,347.33,318.0
1997,Male,M,70,1642.0,13.17,439.0,5.22,425.0,7.71,349.0,1.12,142.0,88.6,0.0,,,16.42,206.0,,,13.92,81.0,,
1997,Male,M,71,1621.0,15.0,185.0,3.36,111.0,7.83,356.0,1.28,237.0,85.66,0.0,,,18.54,245.0,1.6,70.0,24.86,228.0,379.88,189.0
1997,Male,M,72,1613.0,13.06,458.0,,,8.22,379.0,1.48,374.0,66.34,223.0,,,,,2.2,179.0,,,,
1997,Male,M,73,1606.0,14.34,266.0,3.81,176.0,5.8,237.0,1.24,212.0,67.11,204.0,23.25,138.0,14.27,167.0,1.8,103.0,15.61,103.0,,
1997,Male,M,74,1549.0,14.78,211.0,4.17,234.0,6.19,260.0,1.28,237.0,78.72,13.0,25.58,44.0,15.78,194.0,1.8,103.0,13.9,81.0,384.86,172.0
1997,Male,M,75,1489.0,15.16,168.0,4.03,211.0,6.02,250.0,1.24,212.0,75.57,44.0,26.41,23.0,17.18,220.0,1.2,15.0,17.24,125.0,371.05,221.0
1997,Male,M,76,1347.0,16.01,88.0,3.72,162.0,5.98,248.0,1.36,290.0,83.74,0.0,28.3,0.0,12.98,144.0,1.8,103.0,19.05,149.0,387.54,163.0
1997,Male,M,77,1252.0,13.66,362.0,4.2,239.0,,,1.44,345.0,71.01,117.0,,,15.5,189.0,,,,,,
1997,Male,M,78,1181.0,12.47,562.0,6.15,619.0,,,,,,,,,,,,,,,,
1997,Male,M,79,914.0,14.02,309.0,4.36,266.0,,,1.12,142.0,,,,,,,,,22.64,197.0,,
1997,Male,M,80,735.0,14.88,199.0,,,8.5,396.0,,,,,,,,,2.0,140.0,,,,
1997,Male,M,81,681.0,16.78,36.0,3.74,165.0,,,1.28,237.0,85.04,0.0,,,18.46,243.0,,,,,,
1997,Male,M,82,603.0,16.84,33.0,2.89,53.0,4.52,164.0,1.12,142.0,90.09,0.0,,,10.94,108.0,,,15.6,103.0,519.18,0.0
1997,Male,M,83,530.0,18.52,0.0,2.63,27.0,5.48,219.0,1.0,81.0,96.67,0.0,,,15.04,181.0,,,9.1,22.0,497.73,0.0
1997,Male,M40,1,3768.0,13.19,436.0,5.08,398.0,9.61,462.0,1.52,404.0,62.73,325.0,19.48,391.0,27.42,414.0,3.0,357.0,38.64,422.0,388.59,159.0
1997,Male,M40,2,3209.0,13.15,443.0,4.71,328.0,7.75,352.0,1.56,434.0,64.51,273.0,19.84,362.0,18.46,243.0,2.4,220.0,24.83,227.0,345.4,327.0
1997,Male,M40,3,2818.0,13.47,391.0,4.45,281.0,7.12,314.0,1.24,212.0,63.84,292.0,20.08,343.0,20.9,289.0,2.0,140.0,23.46,208.0,340.73,348.0
1997,Male,M40,4,2680.0,13.84,335.0,3.93,195.0,6.95,304.0,1.36,290.0,68.06,181.0,20.6,303.0,21.72,304.0,2.4,220.0,27.64,266.0,355.73,282.0
1997,Male,M40,5,2652.0,13.99,314.0,4.62,312.0,6.66,287.0,1.6,464.0,69.67,145.0,20.65,300.0,18.23,239.0,1.6,70.0,24.52,223.0,351.85,298.0
1997,Male,M40,6,2648.0,13.46,393.0,4.88,360.0,7.09,313.0,1.4,317.0,65.84,236.0,20.08,343.0,17.54,226.0,,,27.02,257.0,375.97,203.0
1997,Male,M40,7,2639.0,13.79,343.0,4.68,323.0,7.28,324.0,1.36,290.0,70.74,123.0,19.66,377.0,19.58,264.0,1.8,103.0,26.66,252.0,365.96,240.0
1997,Male,M40,8,2620.0,13.92,324.0,4.67,321.0,6.68,289.0,1.32,263.0,64.9,262.0,20.94,279.0,12.94,143.0,2.2,179.0,18.48,141.0,326.0,419.0
1997,Male,M40,9,2607.0,14.45,251.0,4.47,285.0,7.38,330.0,1.44,345.0,68.42,172.0,21.59,234.0,20.24,277.0,1.6,70.0,27.18,260.0,333.44,383.0
1997,Male,M40,10,2535.0,14.13,294.0,3.97,201.0,9.09,431.0,1.32,263.0,76.87,29.0,20.75,292.0,23.5,338.0,2.0,140.0,38.84,425.0,400.89,122.0
1997,Male,M40,11,2446.0,14.35,264.0,3.97,201.0,7.92,362.0,1.36,290.0,67.73,188.0,20.3,326.0,19.24,258.0,1.8,103.0,28.9,284.0,385.31,170.0
1997,Male,M40,12,2017.0,14.27,275.0,3.97,201.0,7.19,318.0,1.2,188.0,68.59,168.0,24.0,103.0,18.04,236.0,1.8,103.0,26.94,256.0,385.57,169.0
1997,Male,M40,13,1988.0,15.13,171.0,4.2,239.0,7.0,307.0,1.2,188.0,70.23,133.0,22.52,178.0,15.22,184.0,1.4,40.0,19.46,154.0,331.15,394.0
1997,Male,M40,14,1848.0,14.44,253.0,4.42,276.0,7.06,311.0,1.28,237.0,75.22,49.0,22.98,152.0,17.32,222.0,1.8,103.0,26.12,245.0,,
1997,Male,M40,15,1805.0,14.97,189.0,3.85,182.0,5.85,240.0,1.36,290.0,74.73,55.0,23.19,141.0,16.07,199.0,2.0,140.0,19.38,153.0,372.43,216.0
1997,Male,M40,16,1578.0,15.14,170.0,3.7,159.0,6.87,300.0,1.28,237.0,76.91,29.0,22.72,166.0,16.7,211.0,1.4,40.0,15.65,104.0,387.73,162.0
1997,Male,M40,17,1447.0,14.36,263.0,3.58,142.0,7.04,310.0,1.28,237.0,76.58,32.0,,,17.76,230.0,1.2,15.0,24.18,218.0,,
1997,Male,M40,18,803.0,16.49,53.0,3.73,164.0,5.19,202.0,1.12,142.0,83.32,0.0,31.16,0.0,12.1,128.0,,,15.74,105.0,460.0,9.0
1997,Male,M50,1,1962.0,15.4,143.0,3.61,146.0,7.42,332.0,1.28,237.0,76.2,37.0,21.7,227.0,20.64,284.0,2.0,140.0,30.66,309.0,406.12,107.0
1997,Male,M50,2,1097.0,15.97,91.0,3.67,155.0,6.15,258.0,1.16,165.0,,,,,12.74,140.0,1.6,70.0,24.14,218.0,,
1997,Male,M50,3,826.0,17.37,11.0,2.89,53.0,6.23,262.0,1.08,121.0,84.8,0.0,30.64,0.0,13.6,155.0,1.2,15.0,15.05,96.0,404.19,113.0
1997,Male,M60,1,1717.0,15.46,137.0,3.32,106.0,6.54,280.0,1.24,212.0,75.11,50.0,23.38,132.0,17.27,221.0,2.0,140.0,21.18,177.0,360.63,262.0
1997,Male,M60,2,834.0,15.55,128.0,,,6.45,275.0,1.24,212.0,96.14,0.0,,,14.92,179.0,1.4,40.0,,,,
1998,Female,W,1,2744.0,13.24,428.0,4.43,278.0,6.86,299.0,1.28,237.0,63.7,296.0,20.17,336.0,15.15,183.0,1.4,40.0,24.53,223.0,325.13,424.0
1998,Female,W,2,2045.0,14.32,268.0,4.07,217.0,6.97,306.0,1.32,263.0,71.52,108.0,21.45,244.0,19.14,256.0,2.0,140.0,17.8,132.0,404.82,111.0
1998,Female,W,3,1964.0,15.2,163.0,3.95,198.0,6.96,305.0,1.24,212.0,71.49,108.0,21.27,256.0,16.36,205.0,1.6,70.0,17.54,129.0,347.38,318.0
1998,Female,W,4,1784.0,14.99,186.0,3.72,162.0,6.89,301.0,1.28,237.0,73.35,76.0,20.87,284.0,13.48,153.0,1.4,40.0,16.92,120.0,369.85,225.0
1998,Female,W,5,1666.0,14.8,208.0,3.33,107.0,6.3,266.0,1.32,263.0,77.27,25.0,21.96,211.0,16.65,210.0,1.8,103.0,19.33,152.0,401.15,121.0
1998,Female,W,6,1561.0,15.64,120.0,3.43,121.0,6.02,250.0,1.28,237.0,75.91,40.0,23.21,140.0,16.08,200.0,1.6,70.0,14.56,90.0,353.19,293.0
1998,Female,W,7,1547.0,15.62,122.0,3.06,73.0,7.9,360.0,1.24,212.0,74.61,57.0,22.54,176.0,18.8,250.0,1.2,15.0,17.2,124.0,389.17,158.0
1998,Female,W,8,1355.0,14.61,231.0,3.4,116.0,6.89,301.0,1.08,121.0,80.18,4.0,21.94,212.0,16.95,215.0,,,14.48,89.0,423.13,66.0
1998,Female,W,9,876.0,16.93,28.0,2.68,32.0,6.79,295.0,1.16,165.0,81.33,0.0,27.96,1.0,13.25,149.0,,,10.7,41.0,387.0,165.0
1998,Female,W,10,872.0,15.9,97.0,3.58,142.0,6.71,290.0,,,86.21,0.0,26.24,27.0,13.61,155.0,,,20.0,161.0,,
1998,Female,W,11,674.0,16.24,70.0,2.96,61.0,5.52,221.0,1.08,121.0,88.32,0.0,27.86,2.0,12.2,130.0,1.2,15.0,11.77,54.0,476.13,0.0
1998,Female,W,12,548.0,18.44,0.0,2.24,0.0,5.59,225.0,1.0,81.0,,,,,13.58,155.0,,,14.34,87.0,,
1998,Female,W,13,409.0,17.65,3.0,,,5.57,224.0,1.12,142.0,,,,,,,1.4,40.0,,,,
1998,Female,W,14,279.0,,,,,6.52,279.0,,,,,,,,,,,,,,
1998,Female,W,15,184.0,17.61,4.0,2.68,32.0,,,1.0,81.0,95.48,0.0,,,,,,,12.75,67.0,,
1998,Male,M,1,5012.0,12.15,622.0,5.61,504.0,9.58,460.0,1.6,464.0,55.57,576.0,16.72,654.0,28.98,444.0,3.0,357.0,37.12,401.0,305.3,530.0
1998,Male,M,2,4567.0,12.56,545.0,5.31,443.0,9.6,462.0,1.56,434.0,56.77,530.0,18.58,470.0,26.74,401.0,3.2,406.0,30.36,304.0,297.96,572.0
1998,Male,M,3,4503.0,12.1,631.0,5.37,455.0,7.15,316.0,1.56,434.0,53.64,655.0,18.37,489.0,19.64,265.0,2.6,264.0,32.02,328.0,282.25,666.0
1998,Male,M,4,4244.0,12.13,626.0,4.9,363.0,7.66,346.0,1.56,434.0,59.24,439.0,17.73,550.0,24.03,348.0,3.2,406.0,27.65,266.0,316.91,466.0
1998,Male,M,5,4240.0,12.17,618.0,5.15,411.0,9.14,434.0,1.48,374.0,54.98,600.0,18.68,461.0,26.61,398.0,2.8,309.0,22.44,194.0,321.81,441.0
1998,Male,M,6,4058.0,12.88,488.0,5.07,396.0,8.99,425.0,1.56,434.0,61.72,357.0,18.32,494.0,26.22,391.0,2.6,264.0,37.38,404.0,328.79,405.0
1998,Male,M,7,3957.0,12.45,565.0,5.27,435.0,9.34,446.0,1.56,434.0,60.81,386.0,21.4,247.0,22.54,320.0,3.4,457.0,40.5,449.0,371.85,218.0
1998,Male,M,8,3932.0,13.21,433.0,5.1,402.0,8.9,420.0,1.48,374.0,60.35,401.0,17.75,548.0,21.48,300.0,2.4,220.0,33.46,348.0,313.28,486.0
1998,Male,M,9,3897.0,12.86,492.0,5.28,437.0,9.03,428.0,1.6,464.0,61.0,380.0,20.1,341.0,25.39,375.0,2.4,220.0,32.17,330.0,323.97,430.0
1998,Male,M,10,3838.0,12.82,499.0,4.87,358.0,8.26,382.0,1.56,434.0,60.64,392.0,20.09,342.0,22.5,319.0,2.0,140.0,34.1,357.0,290.66,615.0
1998,Male,M,11,3833.0,11.99,653.0,5.84,552.0,8.19,378.0,1.52,404.0,58.61,462.0,21.32,252.0,23.47,338.0,,,26.7,253.0,303.19,541.0
1998,Male,M,12,3795.0,12.26,601.0,4.9,363.0,8.45,393.0,1.6,464.0,56.72,532.0,21.24,258.0,19.54,263.0,2.0,140.0,28.98,285.0,311.46,496.0
1998,Male,M,13,3789.0,12.68,523.0,5.01,384.0,9.7,468.0,1.64,496.0,61.54,362.0,19.84,362.0,21.92,308.0,2.2,179.0,33.2,344.0,337.58,363.0
1998,Male,M,14,3765.0,12.62,534.0,5.07,396.0,8.25,381.0,1.52,404.0,61.9,351.0,20.23,331.0,20.28,277.0,2.4,220.0,40.44,448.0,325.32,423.0
1998,Male,M,15,3723.0,12.57,543.0,4.82,348.0,7.17,317.0,1.48,374.0,57.78,492.0,19.64,378.0,16.88,214.0,2.0,140.0,30.68,309.0,291.83,608.0
1998,Male,M,16,3636.0,13.15,443.0,5.12,405.0,8.39,389.0,1.68,528.0,62.36,336.0,18.63,465.0,20.4,280.0,2.4,220.0,29.08,286.0,355.3,284.0
1998,Male,M,17,3591.0,12.15,622.0,5.22,425.0,7.7,349.0,1.44,345.0,57.38,507.0,20.37,321.0,18.97,253.0,,,27.36,262.0,309.34,507.0
1998,Male,M,18,3554.0,13.05,459.0,4.74,333.0,7.48,336.0,1.56,434.0,60.79,387.0,19.93,355.0,20.66,284.0,2.6,264.0,30.55,307.0,330.93,395.0
1998,Male,M,19,3554.0,12.24,605.0,5.36,453.0,9.65,465.0,1.44,345.0,66.59,217.0,18.41,486.0,26.7,400.0,2.2,179.0,37.38,404.0,,
1998,Male,M,20,3517.0,13.39,404.0,5.11,404.0,7.48,336.0,1.48,374.0,63.67,297.0,19.61,381.0,22.47,319.0,3.0,357.0,25.31,234.0,327.61,411.0
1998,Male,M,21,3507.0,12.7,520.0,4.85,354.0,9.06,429.0,1.52,404.0,61.36,368.0,20.37,321.0,22.84,326.0,2.2,179.0,28.44,277.0,344.98,329.0
1998,Male,M,22,3410.0,13.15,443.0,4.35,264.0,8.58,401.0,1.64,496.0,64.37,277.0,20.02,348.0,21.51,300.0,2.8,309.0,28.92,284.0,354.29,288.0
1998,Male,M,23,3407.0,13.5,387.0,4.87,358.0,8.3,384.0,1.48,374.0,64.62,270.0,19.5,390.0,22.47,319.0,2.2,179.0,35.91,383.0,337.48,363.0
1998,Male,M,24,3391.0,12.87,490.0,4.63,313.0,7.53,339.0,1.52,404.0,62.72,325.0,20.23,331.0,22.89,327.0,2.2,179.0,26.78,254.0,324.07,429.0
1998,Male,M,25,3344.0,12.65,529.0,5.06,394.0,7.58,341.0,1.52,404.0,63.18,311.0,19.77,368.0,18.89,251.0,1.8,103.0,35.49,377.0,359.47,266.0
1998,Male,M,26,3315.0,13.26,425.0,5.34,449.0,9.38,448.0,1.44,345.0,69.31,152.0,21.63,232.0,20.82,287.0,3.4,457.0,31.91,326.0,378.33,194.0
1998,Male,M,27,3310.0,13.1,451.0,4.99,380.0,7.45,334.0,1.36,290.0,60.94,382.0,19.89,358.0,19.15,256.0,2.0,140.0,31.1,315.0,328.97,404.0
1998,Male,M,28,3276.0,12.97,473.0,5.33,447.0,8.12,373.0,1.48,374.0,62.69,326.0,18.55,473.0,21.38,298.0,2.4,220.0,29.46,292.0,,
1998,Male,M,29,3269.0,13.59,373.0,4.95,373.0,8.46,394.0,1.36,290.0,66.1,229.0,19.73,371.0,20.59,283.0,2.6,264.0,36.08,386.0,350.14,306.0
1998,Male,M,30,3214.0,13.4,402.0,4.63,313.0,9.13,434.0,1.48,374.0,68.12,179.0,20.14,338.0,24.1,350.0,2.2,179.0,33.4,347.0,351.86,298.0
1998,Male,M,31,3202.0,12.96,475.0,4.45,281.0,8.1,372.0,1.44,345.0,62.1,344.0,19.16,419.0,21.88,307.0,2.8,309.0,28.25,275.0,419.27,75.0
1998,Male,M,32,3193.0,13.0,468.0,4.85,354.0,8.21,379.0,1.56,434.0,65.24,252.0,20.08,343.0,23.22,333.0,2.4,220.0,33.14,344.0,423.19,66.0
1998,Male,M,33,3182.0,12.85,494.0,4.97,377.0,7.33,327.0,1.48,374.0,60.75,388.0,19.46,393.0,16.25,203.0,1.8,103.0,,,306.43,523.0
1998,Male,M,34,3139.0,12.57,543.0,4.85,354.0,7.57,341.0,1.52,404.0,63.89,290.0,21.05,271.0,18.85,251.0,2.2,179.0,20.13,163.0,341.8,343.0
1998,Male,M,35,3087.0,13.17,439.0,4.92,367.0,7.3,325.0,1.4,317.0,61.99,348.0,21.29,254.0,17.65,228.0,1.8,103.0,20.22,164.0,303.04,542.0
1998,Male,M,36,3078.0,12.99,470.0,4.59,306.0,7.71,349.0,1.56,434.0,63.98,288.0,21.44,244.0,14.84,177.0,2.0,140.0,26.0,243.0,324.4,427.0
1998,Male,M,37,3022.0,13.5,387.0,4.75,335.0,7.55,340.0,1.48,374.0,65.39,248.0,22.43,183.0,18.62,246.0,2.6,264.0,29.68,295.0,340.32,350.0
1998,Male,M,38,2996.0,13.11,449.0,4.54,297.0,7.25,322.0,1.52,404.0,66.7,214.0,21.1,267.0,21.62,303.0,2.4,220.0,27.34,262.0,361.57,258.0
1998,Male,M,39,2992.0,13.1,451.0,4.95,373.0,8.73,410.0,1.6,464.0,68.74,165.0,20.41,318.0,20.2,276.0,1.8,103.0,24.93,229.0,376.01,203.0
1998,Male,M,40,2972.0,12.7,520.0,4.85,354.0,6.63,286.0,1.64,496.0,61.14,375.0,19.19,416.0,14.37,169.0,2.0,140.0,24.05,216.0,,
1998,Male,M,41,2958.0,12.71,518.0,4.87,358.0,6.69,289.0,1.4,317.0,66.1,229.0,19.84,362.0,16.83,213.0,2.0,140.0,25.47,236.0,352.44,296.0
1998,Male,M,42,2954.0,12.22,608.0,3.98,203.0,10.19,497.0,1.4,317.0,,,,,27.0,406.0,2.6,264.0,31.82,325.0,343.73,334.0
1998,Male,M,43,2906.0,12.86,492.0,5.01,384.0,7.92,362.0,1.4,317.0,63.86,291.0,22.49,179.0,19.1,255.0,1.6,70.0,17.5,128.0,324.31,428.0
1998,Male,M,44,2899.0,13.22,431.0,4.33,261.0,7.78,353.0,1.4,317.0,63.04,316.0,20.39,319.0,22.34,316.0,1.6,70.0,32.11,329.0,380.29,187.0
1998,Male,M,45,2892.0,13.04,461.0,4.2,239.0,7.59,342.0,1.36,290.0,65.39,248.0,21.22,259.0,18.01,235.0,2.0,140.0,31.56,321.0,338.9,357.0
1998,Male,M,46,2858.0,,,,,8.45,393.0,1.6,464.0,60.54,395.0,19.94,354.0,20.2,276.0,2.2,179.0,34.84,368.0,324.01,429.0
1998,Male,M,47,2813.0,12.79,504.0,4.75,335.0,8.48,395.0,1.48,374.0,67.48,195.0,21.83,219.0,18.73,248.0,1.4,40.0,31.75,324.0,382.66,179.0
1998,Male,M,48,2670.0,13.8,341.0,3.88,187.0,6.1,255.0,1.44,345.0,65.19,254.0,21.76,223.0,17.3,222.0,2.2,179.0,21.52,182.0,313.88,482.0
1998,Male,M,49,2610.0,13.68,359.0,3.52,133.0,8.48,395.0,1.32,263.0,65.08,257.0,23.14,144.0,20.38,279.0,2.0,140.0,29.53,293.0,340.87,347.0
1998,Male,M,50,2603.0,13.06,458.0,4.73,332.0,7.55,340.0,1.48,374.0,66.94,208.0,22.35,187.0,17.39,224.0,2.0,140.0,23.13,204.0,396.03,136.0
1998,Male,M,51,2591.0,13.6,371.0,4.82,348.0,8.4,390.0,1.4,317.0,71.44,109.0,21.98,210.0,20.08,274.0,2.2,179.0,25.21,232.0,388.07,161.0
1998,Male,M,52,2586.0,13.33,413.0,4.65,317.0,8.0,366.0,1.4,317.0,65.01,259.0,,,17.17,220.0,1.8,103.0,23.95,215.0,334.81,376.0
1998,Male,M,53,2548.0,13.84,335.0,4.97,377.0,7.95,363.0,1.4,317.0,72.95,82.0,22.97,153.0,21.96,309.0,2.4,220.0,28.14,273.0,401.8,119.0
1998,Male,M,54,2547.0,13.47,391.0,4.17,234.0,8.9,420.0,1.44,345.0,72.21,95.0,22.56,175.0,22.65,322.0,2.0,140.0,30.05,300.0,399.72,125.0
1998,Male,M,55,2536.0,13.28,421.0,4.75,335.0,7.95,363.0,1.44,345.0,70.98,118.0,21.44,244.0,15.7,193.0,1.6,70.0,34.48,363.0,415.43,84.0
1998,Male,M,56,2510.0,13.42,399.0,4.49,288.0,7.04,310.0,1.32,263.0,68.25,176.0,21.64,231.0,15.25,185.0,1.4,40.0,29.72,295.0,346.16,323.0
1998,Male,M,57,2496.0,12.94,478.0,4.48,287.0,7.86,358.0,1.44,345.0,70.84,121.0,21.33,252.0,20.29,277.0,2.2,179.0,22.76,199.0,,
1998,Male,M,58,2490.0,13.2,434.0,4.52,294.0,7.37,329.0,1.56,434.0,70.29,132.0,21.08,269.0,21.92,308.0,1.6,70.0,24.28,220.0,503.87,0.0
1998,Male,M,59,2483.0,13.92,324.0,4.67,321.0,8.29,384.0,1.36,290.0,69.12,156.0,24.07,100.0,19.69,266.0,2.4,220.0,28.71,281.0,394.35,141.0
1998,Male,M,60,2372.0,13.61,370.0,4.4,273.0,7.36,328.0,1.36,290.0,66.84,210.0,21.63,232.0,19.47,262.0,1.4,40.0,,,336.61,367.0
1998,Male,M,61,2366.0,13.66,362.0,4.16,232.0,8.0,366.0,1.44,345.0,69.98,138.0,22.23,194.0,18.31,241.0,,,26.68,253.0,367.29,235.0
1998,Male,M,62,2349.0,13.8,341.0,4.21,240.0,8.2,378.0,1.28,237.0,68.29,175.0,22.91,156.0,19.86,269.0,,,26.91,256.0,352.16,297.0
1998,Male,M,63,2273.0,11.75,701.0,5.33,447.0,10.0,486.0,,,54.01,639.0,,,,,,,,,,
1998,Male,M,64,2253.0,12.81,501.0,3.59,143.0,8.5,396.0,1.4,317.0,,,,,22.31,316.0,2.4,220.0,34.31,360.0,,
1998,Male,M,65,2169.0,15.41,142.0,3.92,193.0,7.59,342.0,1.28,237.0,70.56,126.0,21.08,269.0,21.42,299.0,1.8,103.0,18.5,141.0,347.49,317.0
1998,Male,M,66,2132.0,13.63,367.0,4.17,234.0,6.7,290.0,1.32,263.0,70.87,120.0,22.59,174.0,14.5,171.0,1.4,40.0,21.8,186.0,354.42,287.0
1998,Male,M,67,2116.0,13.85,334.0,3.46,125.0,6.51,279.0,1.36,290.0,68.81,163.0,23.38,132.0,17.81,231.0,2.0,140.0,21.74,185.0,366.86,237.0
1998,Male,M,68,2097.0,14.25,278.0,4.21,240.0,7.5,337.0,1.24,212.0,75.53,45.0,21.62,232.0,15.55,190.0,1.6,70.0,28.56,279.0,372.97,214.0
1998,Male,M,69,2037.0,13.85,334.0,4.41,274.0,5.5,220.0,1.28,237.0,66.73,213.0,23.65,119.0,15.04,181.0,1.6,70.0,13.58,77.0,348.64,312.0
1998,Male,M,70,2006.0,13.93,322.0,3.63,149.0,6.77,294.0,1.32,263.0,71.31,112.0,24.61,77.0,18.84,250.0,2.0,140.0,22.57,196.0,375.81,203.0
1998,Male,M,71,2006.0,14.32,268.0,3.97,201.0,7.71,349.0,1.48,374.0,85.68,0.0,22.52,178.0,20.64,284.0,2.0,140.0,23.7,212.0,517.65,0.0
1998,Male,M,72,1948.0,14.21,283.0,4.38,269.0,6.88,300.0,1.36,290.0,73.44,74.0,23.69,117.0,16.92,215.0,1.2,15.0,25.92,242.0,393.78,143.0
1998,Male,M,73,1947.0,12.73,515.0,4.73,332.0,,,1.48,374.0,60.58,394.0,,,,,,,32.29,332.0,,
1998,Male,M,74,1947.0,14.39,259.0,4.17,234.0,7.0,307.0,1.28,237.0,74.46,59.0,22.55,176.0,21.39,298.0,2.0,140.0,21.79,186.0,430.51,51.0
1998,Male,M,75,1911.0,13.58,374.0,4.04,212.0,6.8,296.0,1.2,188.0,65.81,237.0,24.51,81.0,13.1,146.0,,,22.0,188.0,379.9,189.0
1998,Male,M,76,1897.0,14.64,228.0,4.21,240.0,7.03,309.0,1.28,237.0,76.0,39.0,22.48,180.0,20.4,280.0,1.6,70.0,27.28,261.0,429.65,53.0
1998,Male,M,77,1860.0,14.32,268.0,3.64,150.0,6.21,261.0,1.28,237.0,69.26,153.0,23.45,128.0,13.73,157.0,2.0,140.0,22.48,195.0,385.16,171.0
1998,Male,M,78,1799.0,13.76,347.0,3.9,190.0,7.56,340.0,1.28,237.0,71.43,109.0,24.35,88.0,17.84,232.0,1.6,70.0,21.79,186.0,,
1998,Male,M,79,1756.0,14.2,284.0,3.74,165.0,5.7,231.0,1.24,212.0,68.04,181.0,25.56,45.0,13.59,155.0,1.8,103.0,17.91,133.0,364.15,247.0
1998,Male,M,80,1749.0,15.57,126.0,4.15,230.0,5.67,230.0,1.28,237.0,74.74,55.0,23.74,114.0,14.66,174.0,1.8,103.0,24.14,218.0,360.58,262.0
1998,Male,M,81,1729.0,13.35,410.0,3.97,201.0,6.88,300.0,0.8,8.0,65.36,249.0,23.79,112.0,14.65,174.0,,,17.55,129.0,392.93,146.0
1998,Male,M,82,1708.0,13.9,327.0,4.51,292.0,7.19,318.0,1.32,263.0,77.47,23.0,26.37,24.0,17.29,222.0,,,21.3,179.0,425.96,60.0
1998,Male,M,83,1666.0,14.48,248.0,3.98,203.0,5.28,207.0,1.28,237.0,73.82,69.0,24.93,66.0,13.65,156.0,1.8,103.0,18.02,135.0,365.57,242.0
1998,Male,M,84,1615.0,14.47,249.0,3.88,187.0,5.84,240.0,1.24,212.0,72.6,88.0,,,14.27,167.0,1.6,70.0,22.98,202.0,376.77,200.0
1998,Male,M,85,1614.0,,,,,8.41,391.0,1.4,317.0,,,,,24.78,363.0,2.2,179.0,34.59,364.0,,
1998,Male,M,86,1566.0,12.37,580.0,4.84,352.0,,,1.52,404.0,,,,,,,,,25.04,230.0,,
1998,Male,M,87,1558.0,11.85,681.0,5.02,386.0,,,,,57.81,491.0,,,,,,,,,,
1998,Male,M,88,1543.0,15.82,104.0,3.6,145.0,7.86,358.0,1.32,263.0,87.36,0.0,26.04,32.0,19.66,266.0,1.8,103.0,25.45,236.0,438.71,36.0
1998,Male,M,89,1482.0,13.19,436.0,4.69,324.0,,,1.56,434.0,,,,,20.84,288.0,,,,,,
1998,Male,M,90,1359.0,12.83,497.0,5.29,439.0,7.59,342.0,,,73.03,81.0,,,,,,,,,,
1998,Male,M,91,1354.0,14.3,271.0,4.18,235.0,5.82,238.0,1.32,263.0,78.74,13.0,23.55,123.0,13.41,152.0,1.2,15.0,,,434.25,44.0
1998,Male,M,92,1316.0,14.7,220.0,3.52,133.0,5.44,216.0,1.28,237.0,73.43,75.0,25.73,40.0,14.66,174.0,1.4,40.0,13.9,81.0,408.83,100.0
1998,Male,M,93,1305.0,14.24,279.0,3.64,150.0,6.65,287.0,,,71.43,109.0,26.0,33.0,14.87,178.0,,,20.69,171.0,409.69,98.0
1998,Male,M,94,1293.0,13.41,401.0,4.49,288.0,8.14,375.0,,,68.99,159.0,,,,,1.6,70.0,,,,
1998,Male,M,95,1214.0,14.32,268.0,3.98,203.0,6.36,270.0,1.32,263.0,95.26,0.0,25.13,59.0,12.5,135.0,,,,,453.6,16.0
1998,Male,M,96,1084.0,15.65,119.0,3.62,147.0,5.61,226.0,1.08,121.0,82.03,0.0,24.14,97.0,12.78,140.0,,,19.63,156.0,417.71,78.0
1998,Male,M,97,1013.0,14.43,254.0,,,8.45,393.0,1.32,263.0,,,,,,,1.8,103.0,,,,
1998,Male,M,98,962.0,14.05,305.0,3.94,196.0,,,1.24,212.0,71.01,117.0,,,12.3,132.0,,,,,,
1998,Male,M,99,853.0,13.58,374.0,4.16,232.0,,,,,,,,,18.66,247.0,,,,,,
1998,Male,M,100,772.0,13.0,468.0,4.58,304.0,,,,,,,,,,,,,,,,
1998,Male,M,101,485.0,15.23,160.0,2.56,21.0,6.94,304.0,,,,,,,,,,,,,,
1998,Male,M,102,264.0,14.35,264.0,,,,,,,,,,,,,,,,,,
1998,Male,M,103,206.0,14.82,206.0,,,,,,,,,,,,,,,,,,
1998,Male,M40,1,2946.0,13.5,387.0,4.12,225.0,7.16,317.0,1.36,290.0,62.66,327.0,19.68,375.0,21.95,309.0,2.0,140.0,23.87,214.0,337.79,362.0
1998,Male,M40,2,2709.0,13.52,383.0,4.43,278.0,8.18,377.0,1.36,290.0,69.26,153.0,20.85,285.0,22.3,315.0,2.0,140.0,34.98,370.0,402.3,118.0
1998,Male,M40,3,2700.0,13.62,368.0,4.41,274.0,6.62,285.0,1.28,237.0,66.73,213.0,20.44,315.0,18.3,240.0,2.4,220.0,17.83,132.0,326.65,416.0
1998,Male,M40,4,2680.0,13.54,380.0,4.11,224.0,7.5,337.0,1.32,263.0,66.25,225.0,20.17,336.0,19.86,269.0,2.2,179.0,25.62,238.0,368.77,229.0
1998,Male,M40,5,2304.0,14.02,309.0,4.04,212.0,6.34,269.0,1.52,404.0,71.11,115.0,21.99,209.0,17.31,222.0,1.6,70.0,24.63,224.0,358.48,270.0
1998,Male,M40,6,2264.0,13.94,321.0,4.09,220.0,7.22,320.0,1.28,237.0,70.41,129.0,19.96,352.0,14.86,177.0,1.4,40.0,29.08,286.0,381.74,182.0
1998,Male,M40,7,1677.0,15.11,173.0,3.87,185.0,6.7,290.0,1.24,212.0,74.12,64.0,22.72,166.0,15.02,180.0,1.8,103.0,17.75,131.0,384.34,173.0
1998,Male,M40,8,1644.0,,,,,7.89,360.0,1.36,290.0,69.14,156.0,20.92,280.0,17.3,222.0,1.8,103.0,25.26,233.0,,
1998,Male,M40,9,1535.0,15.04,181.0,3.76,168.0,6.67,288.0,1.24,212.0,77.51,23.0,22.97,153.0,16.64,210.0,1.6,70.0,20.27,165.0,423.66,65.0
1998,Male,M40,10,946.0,14.64,228.0,,,7.58,341.0,1.28,237.0,,,,,,,2.0,140.0,,,,
1998,Male,M40,11,860.0,14.27,275.0,4.06,215.0,8.06,370.0,,,,,,,,,,,,,,
1999,Female,W,1,2729.0,13.77,346.0,4.38,269.0,8.95,423.0,1.32,263.0,70.69,124.0,18.79,451.0,20.43,280.0,2.0,140.0,23.77,213.0,371.19,220.0
1999,Female,W,2,2675.0,14.29,272.0,4.16,232.0,9.23,440.0,1.36,290.0,68.02,182.0,20.50252,311.0,21.22,295.0,2.0,140.0,25.4,235.0,356.71,278.0
1999,Female,W,3,2321.0,15.4,143.0,3.75,167.0,7.58,341.0,1.32,263.0,68.34,174.0,20.62468,302.0,22.19,313.0,1.8,103.0,19.92,160.0,339.27,355.0
1999,Female,W,4,2195.0,15.09,175.0,4.0,206.0,6.88,300.0,1.32,263.0,68.38,173.0,20.56,306.0,17.81,231.0,1.6,70.0,16.36,113.0,338.54,358.0
1999,Female,W,5,2071.0,14.69,221.0,4.32,259.0,7.64,345.0,1.32,263.0,73.4,75.0,22.51,178.0,18.69,248.0,2.0,140.0,28.7,281.0,425.37,61.0
1999,Female,W,6,1851.0,15.61,123.0,3.62,147.0,6.45,275.0,1.32,263.0,72.56,89.0,21.88,216.0,18.13,237.0,1.8,103.0,16.76,118.0,356.2,280.0
1999,Female,W,7,1796.0,15.09,175.0,4.13,227.0,8.37,388.0,1.4,317.0,81.49,0.0,23.78,113.0,23.63,341.0,,,18.27,138.0,410.03,97.0
1999,Female,W,8,1779.0,14.72,218.0,4.02,209.0,6.71,290.0,1.32,263.0,74.61,57.0,22.97,153.0,16.81,213.0,2.0,140.0,17.83,132.0,407.37,104.0
1999,Female,W,9,1699.0,15.29,154.0,3.99,204.0,6.32,267.0,1.2,188.0,74.05,65.0,20.62,302.0,21.93,308.0,1.2,15.0,20.13,163.0,440.71,33.0
1999,Female,W,10,1111.0,14.14,293.0,4.28,252.0,,,1.28,237.0,69.85,141.0,,,,,,,22.0,188.0,,
1999,Female,W,11,874.0,17.47,8.0,3.18,88.0,6.45,275.0,1.2,188.0,,,26.68,18.0,15.69,192.0,,,15.78,105.0,,
1999,Female,W,12,799.0,18.39,0.0,2.59,24.0,8.48,395.0,1.08,121.0,100.58,0.0,28.95192,0.0,15.29,185.0,1.4,40.0,10.14,34.0,610.31,0.0
1999,Female,W,13,707.0,16.88,31.0,3.27,99.0,4.75,177.0,1.08,121.0,91.39,0.0,25.86,37.0,13.15,147.0,1.4,40.0,11.8,55.0,477.55,0.0
1999,Female,W,14,632.0,19.95,0.0,2.76,40.0,5.99,248.0,1.0,81.0,122.25,0.0,,,14.26,167.0,1.2,15.0,13.85,81.0,614.23,0.0
1999,Female,W,15,533.0,15.73,112.0,3.55,137.0,,,1.12,142.0,78.41,15.0,,,,,,,17.46,127.0,,
1999,Female,W,16,532.0,17.9,0.0,3.09,76.0,5.3,208.0,1.0,81.0,,,,,11.63,120.0,,,11.17,47.0,,
1999,Female,W,17,454.0,15.09,175.0,,,6.51,279.0,,,,,,,,,,,,,,
1999,Male,M,1,5244.0,12.25,603.0,5.59,500.0,9.97,484.0,1.68,528.0,54.94,601.0,15.94,740.0,28.75,440.0,3.0,357.0,40.71,452.0,303.62,539.0
1999,Male,M,2,4744.0,12.06,639.0,5.12,405.0,8.89,419.0,1.72,560.0,53.76,650.0,18.39,487.0,25.86,384.0,2.8,309.0,33.16,344.0,302.29,547.0
1999,Male,M,3,4430.0,12.52,552.0,5.54,490.0,9.68,466.0,1.56,434.0,59.53,429.0,17.55,568.0,28.59,437.0,2.8,309.0,35.41,376.0,336.29,369.0
1999,Male,M,4,4339.0,12.14,624.0,5.21,423.0,9.7,468.0,1.68,528.0,59.2,441.0,17.4,583.0,21.57,302.0,2.8,309.0,33.77,353.0,349.55,308.0
1999,Male,M,5,4293.0,12.89,487.0,5.45,471.0,8.9,420.0,1.56,434.0,59.91,416.0,18.68,461.0,26.2,390.0,2.6,264.0,32.0,327.0,289.32,623.0
1999,Male,M,6,4292.0,12.63,532.0,4.78,341.0,7.61,343.0,1.64,496.0,56.78,529.0,17.75392,548.0,23.76,343.0,3.2,406.0,25.9,242.0,308.5,512.0
1999,Male,M,7,4146.0,12.8,502.0,5.22,425.0,10.7,528.0,1.64,496.0,58.32,472.0,19.76,368.0,28.73,440.0,2.2,179.0,35.33,375.0,337.94,361.0
1999,Male,M,8,4100.0,13.2,434.0,5.31,443.0,8.88,419.0,1.64,496.0,58.6,462.0,18.73,456.0,20.89,289.0,2.4,220.0,36.43,391.0,312.41,490.0
1999,Male,M,9,4090.0,12.8,502.0,5.35,451.0,9.84,476.0,1.56,434.0,62.66,327.0,17.5,573.0,21.19,294.0,3.2,406.0,35.43,376.0,363.31,251.0
1999,Male,M,10,4014.0,12.31,591.0,5.22,425.0,9.53,457.0,1.52,404.0,55.3,587.0,16.74,652.0,19.93,271.0,2.8,309.0,31.34,318.0,,
1999,Male,M,11,3995.0,13.16,441.0,4.99,380.0,9.31,444.0,1.64,496.0,59.74,422.0,18.82,448.0,19.88,270.0,2.0,140.0,37.37,404.0,301.71,550.0
1999,Male,M,12,3958.0,12.59,540.0,4.94,371.0,8.76,411.0,1.36,290.0,57.88,488.0,18.74,455.0,26.01,387.0,2.0,140.0,37.59,407.0,316.38,469.0
1999,Male,M,13,3870.0,12.49,558.0,4.72,330.0,7.32,326.0,1.56,434.0,58.87,452.0,17.5,573.0,17.77,231.0,2.2,179.0,25.63,238.0,301.88,549.0
1999,Male,M,14,3854.0,13.04,461.0,5.09,400.0,9.16,435.0,1.6,464.0,61.66,358.0,18.90426,441.0,21.91,308.0,2.6,264.0,33.49,349.0,335.15,374.0
1999,Male,M,15,3853.0,12.28,597.0,5.22,425.0,8.58,401.0,1.52,404.0,56.42,543.0,20.51,310.0,25.12,369.0,1.2,15.0,27.41,263.0,306.03,526.0
1999,Male,M,16,3817.0,12.56,545.0,4.88,360.0,11.31,565.0,1.64,496.0,,,17.15,609.0,30.66,477.0,3.0,357.0,37.67,408.0,,
1999,Male,M,17,3814.0,12.95,476.0,5.2,421.0,9.23,440.0,1.44,345.0,62.22,341.0,21.46,243.0,27.29,411.0,2.6,264.0,40.56,450.0,325.32,423.0
1999,Male,M,18,3778.0,12.82,499.0,4.96,375.0,7.76,352.0,1.56,434.0,57.15,515.0,18.6,468.0,18.5,244.0,,,30.6,308.0,296.06,583.0
1999,Male,M,19,3692.0,13.54,380.0,5.05,392.0,7.59,342.0,1.48,374.0,62.58,330.0,18.69,460.0,26.3,392.0,3.0,357.0,31.64,322.0,341.88,343.0
1999,Male,M,20,3648.0,12.7,520.0,4.6,308.0,7.47,335.0,1.52,404.0,59.67,424.0,20.2582,329.0,21.75,305.0,2.2,179.0,38.6,422.0,325.37,422.0
1999,Male,M,21,3613.0,12.01,649.0,4.53,295.0,6.48,277.0,1.56,434.0,58.13,479.0,17.47,576.0,18.78,249.0,1.2,15.0,26.33,248.0,331.7,391.0
1999,Male,M,22,3613.0,12.81,501.0,4.93,369.0,8.71,408.0,1.48,374.0,61.87,352.0,20.0,349.0,21.19,294.0,2.6,264.0,33.48,348.0,339.54,354.0
1999,Male,M,23,3608.0,13.19,436.0,5.2,421.0,8.35,387.0,1.52,404.0,60.58,394.0,20.71,295.0,17.45,225.0,2.0,140.0,30.67,309.0,293.64,597.0
1999,Male,M,24,3559.0,13.52,383.0,4.82,348.0,9.22,439.0,1.6,464.0,64.6,270.0,19.22,413.0,23.08,330.0,2.6,264.0,33.3,346.0,351.03,302.0
1999,Male,M,25,3536.0,12.53,551.0,5.07,396.0,10.64,524.0,1.48,374.0,63.06,315.0,19.61,381.0,31.85,501.0,1.8,103.0,36.45,391.0,494.19,0.0
1999,Male,M,26,3473.0,13.53,382.0,4.75,335.0,8.73,410.0,1.68,528.0,66.42,221.0,19.98,351.0,23.24,333.0,2.2,179.0,44.93,514.0,371.36,220.0
1999,Male,M,27,3365.0,13.53,382.0,4.41,274.0,8.59,401.0,1.64,496.0,62.92,319.0,20.29,327.0,24.18,351.0,2.6,264.0,28.63,280.0,358.41,271.0
1999,Male,M,28,3274.0,13.04,461.0,4.92,367.0,6.99,307.0,1.52,404.0,61.5,364.0,19.9,357.0,16.6,209.0,2.4,220.0,29.35,290.0,352.52,295.0
1999,Male,M,29,3267.0,13.23,430.0,4.78,341.0,6.71,290.0,1.6,464.0,62.6,329.0,20.52,309.0,19.02,254.0,2.2,179.0,26.73,253.0,326.22,418.0
1999,Male,M,30,3245.0,13.5,387.0,4.52,294.0,7.6,343.0,1.44,345.0,63.06,315.0,21.5,240.0,22.74,324.0,2.6,264.0,34.0,356.0,334.61,377.0
1999,Male,M,31,3216.0,13.26,425.0,4.9,363.0,7.26,323.0,1.36,290.0,59.53,429.0,21.23,259.0,18.53,245.0,2.4,220.0,24.54,223.0,322.06,439.0
1999,Male,M,32,3163.0,13.75,348.0,4.86,356.0,8.2,378.0,1.48,374.0,62.21,341.0,20.47,313.0,19.76,268.0,1.6,70.0,26.4,249.0,316.97,466.0
1999,Male,M,33,3159.0,12.77,508.0,5.32,445.0,6.95,304.0,1.36,290.0,59.88,417.0,19.97,352.0,17.68,229.0,1.8,103.0,26.79,254.0,361.66,257.0
1999,Male,M,34,3159.0,13.34,412.0,4.82,348.0,7.65,346.0,1.4,317.0,61.01,379.0,19.66,377.0,18.22,239.0,2.0,140.0,27.55,265.0,343.25,336.0
1999,Male,M,35,3108.0,13.27,423.0,4.47,285.0,9.46,453.0,1.36,290.0,60.75,388.0,22.08,204.0,20.89,289.0,1.2,15.0,28.79,282.0,314.54,479.0
1999,Male,M,36,3037.0,13.52,383.0,5.16,413.0,7.94,363.0,1.68,528.0,68.4,2107.329,,,20.28,277.0,2.2,179.0,27.3,261.0,396.67,134.0
1999,Male,M,37,3019.0,13.69,357.0,4.74,333.0,8.67,406.0,1.68,528.0,63.18,311.0,22.04,206.0,15.48,189.0,2.8,309.0,35.67,380.0,,
1999,Male,M,38,2985.0,13.38,405.0,4.32,259.0,6.72,291.0,1.6,464.0,62.77,324.0,21.96,211.0,19.58,264.0,2.2,179.0,18.6,143.0,321.02,445.0
1999,Male,M,39,2961.0,13.16,441.0,4.68,323.0,6.69,289.0,1.44,345.0,63.9,290.0,19.69,374.0,19.28,259.0,1.4,40.0,24.43,222.0,334.46,378.0
1999,Male,M,40,2958.0,14.3,271.0,4.24,245.0,8.86,417.0,1.36,290.0,67.6,192.0,22.14,200.0,24.25,353.0,2.6,264.0,40.31,447.0,356.36,279.0
1999,Male,M,41,2948.0,13.19,436.0,4.89,361.0,7.25,322.0,1.48,374.0,65.93,234.0,20.43126,316.0,19.42,261.0,1.8,103.0,29.98,299.0,365.49,242.0
1999,Male,M,42,2939.0,13.18,438.0,4.5,290.0,7.85,357.0,1.44,345.0,65.04,258.0,20.16,337.0,19.65,266.0,1.6,70.0,35.66,380.0,377.21,198.0
1999,Male,M,43,2892.0,14.05,305.0,4.68,323.0,7.22,320.0,1.4,317.0,67.68,190.0,21.33,252.0,20.5,281.0,2.2,179.0,29.31,290.0,322.86,435.0
1999,Male,M,44,2879.0,13.85,334.0,4.49,288.0,6.2,260.0,1.48,374.0,65.7,240.0,22.35,187.0,19.39,261.0,2.6,264.0,33.82,353.0,347.39,318.0
1999,Male,M,45,2855.0,13.83,337.0,4.49,288.0,6.6,284.0,1.52,404.0,63.88,291.0,21.43,245.0,17.3,222.0,2.0,140.0,25.8,241.0,329.18,403.0
1999,Male,M,46,2837.0,13.45,394.0,4.49,288.0,8.5,396.0,1.4,317.0,60.64,392.0,25.08,60.0,18.19,238.0,,,25.39,235.0,307.53,517.0
1999,Male,M,47,2781.0,13.74,350.0,4.32,259.0,7.03,309.0,1.44,345.0,63.15,312.0,20.36,321.0,16.41,206.0,1.4,40.0,23.45,208.0,323.61,431.0
1999,Male,M,48,2719.0,13.14,444.0,4.82,348.0,7.91,361.0,1.48,374.0,,,19.28,408.0,19.8,268.0,2.4,220.0,29.79,296.0,,
1999,Male,M,49,2636.0,13.55,379.0,4.35,264.0,7.13,315.0,1.32,263.0,66.63,216.0,20.33,324.0,16.65,210.0,1.6,70.0,31.2,316.0,356.3,279.0
1999,Male,M,50,2580.0,14.41,257.0,4.74,333.0,5.83,239.0,1.4,317.0,65.06,257.0,22.57,175.0,13.86,160.0,2.0,140.0,27.53,265.0,322.6,437.0
1999,Male,M,51,2527.0,13.74,350.0,4.57,303.0,7.09,313.0,1.32,263.0,66.39,222.0,22.98,152.0,17.08,218.0,2.2,179.0,21.24,178.0,340.5,349.0
1999,Male,M,52,2507.0,14.06,304.0,4.64,315.0,6.13,256.0,1.44,345.0,67.86,185.0,20.36,321.0,17.83,232.0,1.6,70.0,27.71,267.0,373.53,212.0
1999,Male,M,53,2502.0,14.09,300.0,4.47,285.0,7.76,352.0,1.24,212.0,71.05,117.0,20.9,282.0,19.11,255.0,2.0,140.0,28.46,278.0,355.87,281.0
1999,Male,M,54,2449.0,13.75,348.0,4.55,299.0,7.4,331.0,1.44,345.0,66.49,219.0,21.15,264.0,17.67,229.0,2.2,179.0,25.4,235.0,,
1999,Male,M,55,2402.0,13.23,430.0,4.37,267.0,7.32,326.0,1.6,464.0,76.69,31.0,21.48998,241.0,22.74,324.0,1.8,103.0,23.99,216.0,610.31,0.0
1999,Male,M,56,2385.0,13.89,328.0,4.72,330.0,5.68,230.0,1.44,345.0,65.34,250.0,22.61,172.0,16.08,200.0,1.4,40.0,21.53,182.0,349.55,308.0
1999,Male,M,57,2378.0,14.04,307.0,4.56,301.0,7.85,357.0,1.52,404.0,66.24,226.0,20.8,289.0,13.34,150.0,2.2,179.0,20.25,165.0,,
1999,Male,M,58,2362.0,13.91,325.0,4.29,254.0,8.48,395.0,1.52,404.0,74.25,62.0,21.63,232.0,21.55,301.0,2.0,140.0,26.38,249.0,476.5,0.0
1999,Male,M,59,2356.0,14.11,297.0,4.17,234.0,7.85,357.0,1.4,317.0,70.42,129.0,23.59,121.0,22.88,326.0,1.6,70.0,24.88,228.0,356.83,277.0
1999,Male,M,60,2340.0,13.76,347.0,4.56,301.0,7.65,346.0,1.2,188.0,70.37,130.0,22.86,159.0,23.1,331.0,2.6,264.0,28.19,274.0,,
1999,Male,M,61,2333.0,13.65,363.0,4.7,326.0,7.93,362.0,1.44,345.0,73.27,77.0,22.41,184.0,17.45,225.0,1.8,103.0,25.63,238.0,405.21,110.0
1999,Male,M,62,2277.0,14.74,215.0,4.37,267.0,6.15,258.0,1.4,317.0,68.63,167.0,22.44,182.0,19.01,254.0,1.8,103.0,26.68,253.0,360.65,261.0
1999,Male,M,63,2263.0,13.88,329.0,4.29,254.0,6.48,277.0,1.24,212.0,67.31,199.0,21.84,218.0,15.25,185.0,2.0,140.0,29.52,292.0,389.5,157.0
1999,Male,M,64,2226.0,15.45,138.0,4.3,255.0,7.68,347.0,1.36,290.0,71.41,110.0,25.1,60.0,16.63,210.0,2.4,220.0,25.72,239.0,338.7,357.0
1999,Male,M,65,2192.0,13.9,327.0,4.2,239.0,5.9,243.0,1.32,263.0,64.73,266.0,22.54,176.0,16.3,204.0,1.6,70.0,22.4,194.0,373.97,210.0
1999,Male,M,66,2178.0,14.86,201.0,4.19,237.0,8.86,417.0,1.48,374.0,,,22.67,169.0,21.46,300.0,2.2,179.0,30.11,301.0,,
1999,Male,M,67,2176.0,14.41,257.0,4.04,212.0,5.93,245.0,1.36,290.0,71.3,112.0,20.79,289.0,14.84,177.0,1.6,70.0,27.47,264.0,360.99,260.0
1999,Male,M,68,2108.0,14.96,190.0,4.0,206.0,5.86,241.0,1.36,290.0,66.96,207.0,23.42,130.0,15.19,183.0,2.0,140.0,13.67,78.0,321.39,443.0
1999,Male,M,69,2098.0,14.21,283.0,4.28,252.0,7.0,307.0,1.28,237.0,69.05,158.0,22.16,199.0,15.82,195.0,1.6,70.0,24.6,224.0,384.53,173.0
1999,Male,M,70,2057.0,12.91,483.0,5.14,409.0,9.75,471.0,,,,,,,25.23,372.0,,,31.61,322.0,,
1999,Male,M,71,2014.0,14.39,259.0,3.92,193.0,8.85,417.0,1.24,212.0,76.91,29.0,22.8032,162.0,21.08,292.0,1.8,103.0,27.43,263.0,415.13,84.0
1999,Male,M,72,2010.0,13.02,464.0,5.3,441.0,,,1.56,434.0,61.14,375.0,,,21.29,296.0,,,,,,
1999,Male,M,73,2004.0,14.23,280.0,4.63,313.0,7.2,319.0,1.36,290.0,76.2,37.0,24.82,70.0,19.67,266.0,1.4,40.0,29.32,290.0,409.43,99.0
1999,Male,M,74,1928.0,14.2,284.0,4.16,232.0,5.64,228.0,1.44,345.0,70.21,133.0,23.80084,112.0,14.68,174.0,1.8,103.0,19.82,159.0,389.07,158.0
1999,Male,M,75,1848.0,13.83,337.0,4.42,276.0,6.64,286.0,1.4,317.0,65.7,240.0,,,14.02,162.0,,,25.07,230.0,,
1999,Male,M,76,1764.0,15.6,124.0,3.83,179.0,6.78,294.0,1.2,188.0,69.46,149.0,23.9,107.0,16.48,207.0,1.6,70.0,25.72,239.0,374.8,207.0
1999,Male,M,77,1718.0,14.86,201.0,4.28,252.0,6.89,301.0,1.24,212.0,71.24,113.0,,,15.75,194.0,1.8,103.0,20.28,165.0,383.15,177.0
1999,Male,M,78,1543.0,13.91,325.0,3.83,179.0,7.38,330.0,1.32,263.0,73.69,71.0,25.32,52.0,11.85,124.0,1.2,15.0,19.29,152.0,441.34,32.0
1999,Male,M,79,1525.0,15.53,130.0,3.51,132.0,7.91,361.0,1.28,237.0,78.21,17.0,23.414,130.0,16.98,216.0,1.2,15.0,23.38,207.0,416.87,80.0
1999,Male,M,80,1471.0,14.3,271.0,3.23,94.0,6.52,279.0,1.0,81.0,71.47,109.0,25.73,40.0,16.93,215.0,1.4,40.0,24.12,217.0,399.74,125.0
1999,Male,M,81,1444.0,13.9,327.0,4.81,346.0,,,1.6,464.0,,,,,,,,,30.55,307.0,,
1999,Male,M,82,1416.0,,,,,9.49,455.0,,,,,18.92,439.0,23.77,343.0,2.2,179.0,,,,
1999,Male,M,83,1376.0,14.96,190.0,3.74,165.0,5.66,229.0,1.24,212.0,70.32,131.0,28.22,0.0,9.99,92.0,,,16.51,115.0,365.46,242.0
1999,Male,M,84,1339.0,15.41,142.0,3.65,152.0,7.08,312.0,1.2,188.0,76.39,34.0,,,13.5,153.0,1.6,70.0,26.33,248.0,436.67,40.0
1999,Male,M,85,1218.0,12.78,506.0,,,9.38,448.0,,,,,,,,,2.6,264.0,,,,
1999,Male,M,86,1177.0,14.41,257.0,,,8.28,383.0,1.4,317.0,,,,,,,2.4,220.0,,,,
1999,Male,M,87,1173.0,15.68,116.0,3.78,171.0,5.82,238.0,1.24,212.0,76.22,36.0,,,16.69,211.0,,,22.03,189.0,,
1999,Male,M,88,1066.0,15.53,130.0,3.82,177.0,6.4,272.0,1.24,212.0,75.8,41.0,27.21,9.0,13.62,155.0,1.6,70.0,,,,
1999,Male,M,89,1050.0,14.55,239.0,4.05,214.0,,,1.28,237.0,70.68,124.0,,,18.05,236.0,,,,,,
1999,Male,M,90,1034.0,13.5,387.0,,,7.97,365.0,1.24,212.0,,,,,,,1.6,70.0,,,,
1999,Male,M,91,1018.0,14.35,264.0,,,8.18,377.0,1.28,237.0,,,,,,,2.0,140.0,,,,
1999,Male,M,92,878.0,14.38,261.0,4.19,237.0,5.5,220.0,,,70.87,120.0,,,,,1.4,40.0,,,,
1999,Male,M,93,808.0,18.46,0.0,2.98,63.0,6.27,265.0,1.16,165.0,,,30.91,0.0,16.83,213.0,1.2,15.0,14.33,87.0,,
1999,Male,M,94,651.0,,,,,,,,,,,21.39,248.0,26.88,403.0,,,,,,
1999,Male,M,95,577.0,15.94,94.0,,,7.18,318.0,1.16,165.0,,,,,,,,,,,,
1999,Male,M40,1,5577.0,12.44,567.0,5.99,584.0,11.05,549.0,1.76,593.0,56.12,1565.56,,,31.87,501.0,3.8,562.0,48.99,574.0,324.58,426.0
1999,Male,M40,2,3070.0,13.51,385.0,4.46,283.0,8.46,394.0,1.44,345.0,63.84,292.0,20.43,316.0,21.95,309.0,2.2,179.0,32.89,340.0,369.3,227.0
1999,Male,M40,3,3030.0,13.63,367.0,4.56,301.0,7.41,331.0,1.4,317.0,61.95,349.0,19.66,377.0,20.9,289.0,1.6,70.0,27.41,263.0,336.98,366.0
1999,Male,M40,4,2978.0,13.87,331.0,4.53,295.0,7.62,344.0,1.44,345.0,64.57,271.0,20.25,330.0,18.55,245.0,2.2,179.0,25.45,236.0,329.51,402.0
1999,Male,M40,5,2708.0,14.03,308.0,4.28,252.0,7.27,323.0,1.36,290.0,67.24,200.0,20.95,278.0,20.74,286.0,2.2,179.0,27.22,260.0,344.13,332.0
1999,Male,M40,6,2668.0,13.99,314.0,4.39,271.0,6.67,288.0,1.32,263.0,66.76,212.0,20.5,311.0,18.74,249.0,2.2,179.0,20.26,165.0,326.65,416.0
1999,Male,M40,7,2312.0,14.44,253.0,4.24,245.0,6.04,251.0,1.48,374.0,68.61,168.0,20.9,282.0,16.92,215.0,1.6,70.0,23.02,202.0,363.07,252.0
1999,Male,M40,8,1808.0,13.58,374.0,4.37,267.0,7.7,349.0,1.4,317.0,65.67,241.0,,,19.33,260.0,,,,,,
1999,Male,M40,9,1345.0,15.46,137.0,2.81,45.0,8.01,367.0,1.2,188.0,,,,,18.57,245.0,2.0,140.0,24.51,223.0,,
1999,Male,M40,10,1226.0,13.95,319.0,4.25,247.0,,,1.4,317.0,,,,,23.77,343.0,,,,,,
1999,Male,M50,1,2477.0,15.26,157.0,4.07,217.0,7.71,349.0,1.4,317.0,69.84,141.0,20.05,345.0,20.59,283.0,1.8,103.0,27.4,263.0,351.02,302.0
1999,Male,M50,2,1804.0,16.0,89.0,3.81,176.0,7.81,355.0,1.32,263.0,81.82,0.0,22.84,160.0,20.62,284.0,2.0,140.0,29.69,295.0,435.26,42.0
2000,Female,W,1,2290.0,14.72,218.0,3.59,143.0,7.14,316.0,1.36,290.0,69.65,145.0,20.18,335.0,17.79,231.0,1.6,70.0,20.44,167.0,334.97,375.0
2000,Female,W,2,2223.0,15.25,158.0,3.72,162.0,7.65,346.0,1.32,263.0,71.0,117.0,20.48,312.0,19.52,263.0,2.0,140.0,19.64,157.0,350.33,305.0
2000,Female,W,3,2214.0,14.62,230.0,3.67,155.0,7.77,353.0,1.28,237.0,72.77,85.0,21.24,258.0,23.0,329.0,2.0,140.0,20.82,172.0,362.19,255.0
2000,Female,W,4,2213.0,14.44,253.0,3.97,201.0,7.27,323.0,1.36,290.0,70.34,131.0,20.72,295.0,18.03,235.0,2.0,140.0,17.89,133.0,373.4,212.0
2000,Female,W,5,1839.0,14.33,267.0,3.74,165.0,7.22,320.0,1.2,188.0,75.9,40.0,22.03,207.0,20.15,275.0,1.8,103.0,25.06,230.0,434.13,44.0
2000,Female,W,6,1742.0,14.32,268.0,4.58,304.0,6.15,258.0,1.24,212.0,72.45,91.0,21.82,220.0,14.44,170.0,1.6,70.0,14.76,92.0,427.39,57.0
2000,Female,W,7,1294.0,16.09,82.0,3.48,127.0,7.18,318.0,1.24,212.0,84.12,0.0,24.25,92.0,16.83,213.0,1.8,103.0,14.34,87.0,426.1,60.0
2000,Female,W,8,1222.0,15.73,112.0,3.49,129.0,6.4,272.0,1.16,165.0,83.23,0.0,23.25,138.0,16.92,215.0,1.4,40.0,19.11,149.0,470.06,2.0
2000,Female,W,9,816.0,17.51,6.0,3.52,133.0,6.12,256.0,1.08,121.0,82.49,0.0,,,16.13,200.0,,,7.91,9.0,412.55,91.0
2000,Female,W,10,765.0,16.89,30.0,3.43,121.0,4.96,189.0,1.12,142.0,90.6,0.0,24.79,71.0,12.15,129.0,,,12.04,58.0,445.8,25.0
2000,Female,W,11,725.0,17.16,18.0,3.03,69.0,5.76,235.0,1.12,142.0,90.54,0.0,,,13.95,161.0,,,15.34,100.0,497.14,0.0
2000,Female,W,12,659.0,17.4,10.0,3.19,89.0,5.36,212.0,1.16,165.0,124.45,0.0,30.62,0.0,15.17,183.0,,,,,,
2000,Female,W,13,637.0,16.91,29.0,3.28,100.0,4.94,188.0,1.08,121.0,85.91,0.0,25.66,42.0,11.12,111.0,,,11.01,45.0,473.53,1.0
2000,Female,W,14,390.0,17.56,5.0,3.16,85.0,,,1.16,165.0,,,,,12.45,135.0,,,,,,
2000,Female,W,15,216.0,,,,,,,,,,,,,17.0,216.0,,,,,,
2000,Female,W,16,193.0,16.94,28.0,,,,,1.16,165.0,,,,,,,,,7.08,0.0,,
2000,Male,M,1,5254.0,12.17,618.0,5.65,512.0,10.5,516.0,1.64,496.0,56.55,538.0,16.03,729.0,28.0,425.0,3.0,357.0,45.13,517.0,302.38,546.0
2000,Male,M,2,5144.0,12.25,603.0,5.49,479.0,9.4,450.0,1.68,528.0,55.77,568.0,16.1,722.0,25.55,378.0,3.0,357.0,42.95,485.0,297.45,574.0
2000,Male,M,3,4439.0,12.54,549.0,5.57,496.0,9.27,442.0,1.64,496.0,58.23,475.0,16.69,657.0,18.42,243.0,2.6,264.0,31.51,321.0,311.31,496.0
2000,Male,M,4,4424.0,12.44,567.0,5.18,417.0,9.84,476.0,1.56,434.0,60.59,393.0,17.23,600.0,27.2,410.0,2.8,309.0,38.9,426.0,331.53,392.0
2000,Male,M,5,4420.0,12.63,532.0,5.17,415.0,9.04,428.0,1.68,528.0,58.35,471.0,17.02,622.0,21.03,291.0,2.4,220.0,41.57,465.0,320.3,448.0
2000,Male,M,6,4412.0,12.39,576.0,5.35,451.0,9.32,445.0,1.76,593.0,60.14,408.0,17.03,621.0,23.83,345.0,2.6,264.0,34.67,365.0,341.55,344.0
2000,Male,M,7,4393.0,11.69,713.0,4.93,369.0,6.66,287.0,1.64,496.0,56.05,557.0,16.89,636.0,19.98,272.0,2.6,264.0,27.75,268.0,305.11,531.0
2000,Male,M,8,4355.0,12.41,573.0,5.59,500.0,8.98,425.0,1.36,290.0,56.54,538.0,18.07,517.0,22.23,314.0,2.4,220.0,39.64,437.0,303.26,541.0
2000,Male,M,9,4332.0,12.35,584.0,5.48,477.0,8.91,420.0,1.68,528.0,56.22,551.0,17.41,582.0,20.92,289.0,2.2,179.0,23.05,203.0,307.24,519.0
2000,Male,M,10,4293.0,12.66,527.0,5.26,433.0,10.44,512.0,1.72,560.0,59.2,441.0,20.2,334.0,29.44,453.0,2.8,309.0,36.56,393.0,344.46,331.0
2000,Male,M,11,4287.0,11.67,717.0,5.17,415.0,7.33,327.0,1.68,528.0,57.01,521.0,15.8,755.0,20.96,290.0,,,27.74,268.0,317.02,466.0
2000,Male,M,12,4282.0,12.09,633.0,4.68,323.0,9.1,432.0,1.6,464.0,55.12,594.0,18.59,469.0,23.18,332.0,2.6,264.0,32.21,330.0,321.68,441.0
2000,Male,M,13,4256.0,12.42,571.0,5.74,531.0,8.85,417.0,1.56,434.0,57.44,504.0,18.01,523.0,16.98,216.0,2.6,264.0,35.05,371.0,324.89,425.0
2000,Male,M,14,4243.0,13.27,423.0,4.94,371.0,7.58,341.0,1.56,434.0,58.11,480.0,17.87,537.0,23.15,332.0,3.0,357.0,36.1,386.0,296.15,582.0
2000,Male,M,15,4202.0,12.06,639.0,5.68,519.0,10.19,497.0,1.56,434.0,53.98,640.0,16.56,671.0,23.85,345.0,3.4,457.0,,,,
2000,Male,M,16,4188.0,12.18,616.0,5.8,544.0,9.56,459.0,1.64,496.0,61.62,360.0,19.54,386.0,22.67,322.0,2.8,309.0,31.05,314.0,333.47,382.0
2000,Male,M,17,4133.0,13.0,468.0,5.0,382.0,9.06,429.0,1.6,464.0,59.04,446.0,19.3,407.0,24.2,352.0,2.6,264.0,36.92,398.0,306.54,523.0
2000,Male,M,18,4122.0,12.32,589.0,5.34,449.0,9.0,426.0,1.48,374.0,57.4,506.0,19.27,409.0,25.99,386.0,2.8,309.0,25.76,240.0,323.02,434.0
2000,Male,M,19,4062.0,12.97,473.0,5.17,415.0,9.62,463.0,1.6,464.0,61.91,350.0,19.58,383.0,27.99,425.0,2.6,264.0,36.76,395.0,323.87,430.0
2000,Male,M,20,4053.0,13.26,425.0,5.4,461.0,9.38,448.0,1.64,496.0,61.88,351.0,18.94,438.0,24.66,361.0,2.8,309.0,36.44,391.0,335.35,373.0
2000,Male,M,21,4005.0,11.56,740.0,4.97,377.0,11.25,561.0,1.64,496.0,53.19,673.0,18.7,459.0,26.2,390.0,2.8,309.0,,,,
2000,Male,M,22,3877.0,12.27,599.0,5.56,494.0,9.17,436.0,1.48,374.0,57.45,504.0,21.09,268.0,26.38,394.0,,,31.72,323.0,313.44,485.0
2000,Male,M,23,3874.0,13.08,454.0,5.24,429.0,9.51,456.0,1.68,528.0,63.37,306.0,19.09,425.0,24.96,366.0,2.4,220.0,33.09,343.0,340.9,347.0
2000,Male,M,24,3776.0,13.1,451.0,4.71,328.0,8.63,404.0,1.52,404.0,60.59,393.0,20.83,287.0,26.62,398.0,2.8,309.0,37.05,400.0,329.36,402.0
2000,Male,M,25,3764.0,12.89,487.0,5.52,485.0,8.19,378.0,1.56,434.0,64.2,281.0,18.64,464.0,18.98,253.0,3.0,357.0,32.67,337.0,354.31,288.0
2000,Male,M,26,3742.0,12.72,516.0,5.39,459.0,7.96,364.0,1.68,528.0,62.16,343.0,20.4,318.0,20.19,276.0,2.4,220.0,27.86,269.0,320.22,449.0
2000,Male,M,27,3723.0,12.27,599.0,4.65,317.0,6.81,296.0,1.52,404.0,58.32,472.0,20.23,331.0,19.38,260.0,1.8,103.0,35.77,381.0,299.88,560.0
2000,Male,M,28,3719.0,12.07,637.0,5.04,390.0,7.48,336.0,1.48,374.0,55.81,567.0,19.96,352.0,18.13,237.0,1.2,15.0,21.28,179.0,287.83,632.0
2000,Male,M,29,3661.0,12.49,558.0,4.85,354.0,7.74,351.0,1.6,464.0,62.68,327.0,18.81,449.0,19.85,269.0,2.8,309.0,29.1,287.0,353.17,293.0
2000,Male,M,30,3645.0,12.76,509.0,5.26,433.0,7.75,352.0,1.44,345.0,58.12,479.0,20.5,311.0,15.11,182.0,2.8,309.0,26.65,252.0,315.55,473.0
2000,Male,M,31,3631.0,12.52,552.0,5.32,445.0,8.27,382.0,1.48,374.0,58.84,454.0,17.9,534.0,22.68,323.0,2.2,179.0,36.28,388.0,,
2000,Male,M,32,3629.0,12.87,490.0,4.91,365.0,8.12,373.0,1.52,404.0,61.41,366.0,20.2,334.0,18.38,242.0,2.6,264.0,31.08,314.0,314.92,477.0
2000,Male,M,33,3615.0,12.18,616.0,5.05,392.0,10.86,537.0,1.52,404.0,66.44,221.0,19.06,427.0,28.2,429.0,2.4,220.0,34.94,369.0,,
2000,Male,M,34,3580.0,13.54,380.0,5.08,398.0,7.4,331.0,1.52,404.0,64.38,276.0,19.15,419.0,26.92,404.0,3.0,357.0,30.97,313.0,352.03,298.0
2000,Male,M,35,3546.0,12.71,518.0,5.32,445.0,8.01,367.0,1.32,263.0,60.47,397.0,19.6,381.0,17.18,220.0,2.0,140.0,24.16,218.0,293.54,597.0
2000,Male,M,36,3467.0,13.91,325.0,5.4,461.0,10.07,490.0,1.6,464.0,68.25,176.0,23.73,115.0,23.2,333.0,3.8,562.0,32.5,335.0,374.92,206.0
2000,Male,M,37,3462.0,12.82,499.0,4.79,343.0,7.42,332.0,1.44,345.0,59.04,446.0,19.62,380.0,20.0,272.0,2.2,179.0,30.32,304.0,337.74,362.0
2000,Male,M,38,3452.0,12.84,495.0,5.08,398.0,10.15,495.0,1.36,290.0,63.76,294.0,21.99,209.0,27.29,411.0,2.8,309.0,35.05,371.0,382.39,180.0
2000,Male,M,39,3433.0,13.06,458.0,5.02,386.0,8.1,372.0,1.52,404.0,61.91,350.0,20.49,311.0,20.56,283.0,2.2,179.0,29.9,298.0,331.56,392.0
2000,Male,M,40,3389.0,13.04,461.0,5.17,415.0,9.9,480.0,1.48,374.0,66.85,210.0,20.71,295.0,24.24,352.0,2.8,309.0,28.86,283.0,373.88,210.0
2000,Male,M,41,3382.0,13.56,377.0,4.5,290.0,8.62,403.0,1.64,496.0,62.72,325.0,19.86,360.0,19.59,264.0,2.6,264.0,29.03,286.0,347.58,317.0
2000,Male,M,42,3381.0,12.73,515.0,3.38,114.0,9.68,466.0,1.6,464.0,60.28,404.0,,,26.77,401.0,3.0,357.0,36.84,397.0,360.21,263.0
2000,Male,M,43,3374.0,12.88,488.0,4.73,332.0,8.87,418.0,1.44,345.0,64.02,287.0,20.78,290.0,19.6,265.0,2.8,309.0,37.34,404.0,367.11,236.0
2000,Male,M,44,3329.0,13.27,423.0,4.8,345.0,7.06,311.0,1.64,496.0,64.44,275.0,20.98,276.0,19.68,266.0,2.4,220.0,28.16,273.0,321.15,444.0
2000,Male,M,45,3275.0,13.58,374.0,4.65,317.0,8.65,405.0,1.48,374.0,63.71,296.0,20.26,329.0,20.99,291.0,2.6,264.0,30.75,310.0,347.97,315.0
2000,Male,M,46,3235.0,13.34,412.0,4.61,310.0,8.09,372.0,1.44,345.0,66.0,232.0,20.84,286.0,26.86,403.0,2.2,179.0,32.24,331.0,337.16,365.0
2000,Male,M,47,3191.0,12.79,504.0,5.25,431.0,7.01,308.0,1.44,345.0,61.07,377.0,20.47,313.0,15.29,185.0,2.0,140.0,26.53,251.0,343.24,337.0
2000,Male,M,48,3176.0,13.8,341.0,4.95,373.0,7.68,347.0,1.48,374.0,64.92,261.0,21.05,271.0,19.48,262.0,2.4,220.0,32.32,332.0,330.97,395.0
2000,Male,M,49,3157.0,13.03,463.0,5.13,407.0,7.46,334.0,1.4,317.0,64.7,267.0,20.52,309.0,20.26,277.0,2.0,140.0,33.35,347.0,352.37,296.0
2000,Male,M,50,3153.0,13.45,394.0,4.63,313.0,6.63,286.0,1.52,404.0,64.12,284.0,21.48,242.0,17.99,235.0,2.4,220.0,24.34,220.0,300.76,555.0
2000,Male,M,51,3135.0,13.47,391.0,4.7,326.0,9.83,475.0,1.56,434.0,71.02,117.0,20.42,317.0,24.64,360.0,1.8,103.0,32.72,338.0,357.71,274.0
2000,Male,M,52,3077.0,12.81,501.0,4.85,354.0,9.27,442.0,1.44,345.0,63.0,317.0,22.36,187.0,17.95,234.0,2.0,140.0,23.58,210.0,340.98,347.0
2000,Male,M,53,3072.0,13.38,405.0,4.65,317.0,6.91,302.0,1.48,374.0,64.18,282.0,20.6,303.0,16.91,215.0,2.0,140.0,25.86,241.0,311.96,493.0
2000,Male,M,54,3064.0,13.2,434.0,4.94,371.0,7.6,343.0,1.48,374.0,65.02,258.0,20.35,322.0,18.79,249.0,2.2,179.0,26.73,253.0,355.95,281.0
2000,Male,M,55,3027.0,13.71,354.0,4.85,354.0,7.27,323.0,1.44,345.0,66.12,229.0,20.95,278.0,22.71,323.0,2.0,140.0,25.77,240.0,321.68,441.0
2000,Male,M,56,3019.0,13.01,466.0,4.9,363.0,7.68,347.0,1.52,404.0,67.58,192.0,20.97,277.0,17.24,221.0,2.0,140.0,27.38,263.0,341.07,346.0
2000,Male,M,57,3017.0,13.5,387.0,4.84,352.0,9.31,444.0,1.36,290.0,65.58,243.0,22.54,176.0,22.81,325.0,1.8,103.0,35.71,380.0,347.62,317.0
2000,Male,M,58,3016.0,13.4,402.0,4.95,373.0,7.88,359.0,1.52,404.0,69.38,151.0,20.91,281.0,21.41,299.0,2.4,220.0,25.75,240.0,354.4,287.0
2000,Male,M,59,3004.0,13.25,426.0,4.73,332.0,6.91,302.0,1.48,374.0,66.14,228.0,19.44,395.0,20.33,278.0,2.2,179.0,27.36,262.0,369.27,228.0
2000,Male,M,60,3001.0,13.09,453.0,4.39,271.0,10.13,493.0,1.44,345.0,67.04,205.0,19.27,409.0,23.3,334.0,2.0,140.0,33.66,351.0,,
2000,Male,M,61,2972.0,13.33,413.0,4.47,285.0,8.3,384.0,1.36,290.0,62.1,344.0,21.32,252.0,18.41,242.0,1.8,103.0,24.47,222.0,322.58,437.0
2000,Male,M,62,2889.0,12.8,502.0,5.05,392.0,7.5,337.0,1.24,212.0,64.43,275.0,19.78,367.0,18.1,237.0,2.0,140.0,23.08,203.0,370.29,224.0
2000,Male,M,63,2860.0,13.2,434.0,4.72,330.0,7.28,324.0,1.32,263.0,62.56,330.0,20.92,280.0,20.9,289.0,1.4,40.0,31.72,323.0,364.28,247.0
2000,Male,M,64,2846.0,13.61,370.0,5.01,384.0,6.8,296.0,1.44,345.0,64.43,275.0,20.68,297.0,15.75,194.0,1.4,40.0,30.33,304.0,342.19,341.0
2000,Male,M,65,2842.0,13.69,357.0,4.34,262.0,6.99,307.0,1.48,374.0,67.84,186.0,20.32,324.0,18.7,248.0,2.0,140.0,25.59,238.0,328.72,406.0
2000,Male,M,66,2836.0,14.61,231.0,4.44,280.0,11.8,594.0,1.36,290.0,78.74,13.0,24.84,69.0,40.86,682.0,2.6,264.0,37.55,407.0,463.28,6.0
2000,Male,M,67,2830.0,13.13,446.0,4.45,281.0,8.33,386.0,1.4,317.0,64.07,285.0,21.51,240.0,16.19,202.0,2.4,220.0,30.06,300.0,390.74,153.0
2000,Male,M,68,2768.0,13.62,368.0,4.75,335.0,7.74,351.0,1.52,404.0,68.24,176.0,21.92,213.0,18.0,235.0,2.0,140.0,34.9,369.0,383.28,177.0
2000,Male,M,69,2763.0,13.26,425.0,4.88,360.0,6.22,262.0,1.52,404.0,63.24,310.0,21.94,212.0,16.88,214.0,1.8,103.0,25.82,241.0,368.11,232.0
2000,Male,M,70,2763.0,13.74,350.0,4.69,324.0,7.55,340.0,1.48,374.0,70.01,137.0,21.65,231.0,20.79,287.0,2.0,140.0,29.52,292.0,354.2,288.0
2000,Male,M,71,2713.0,14.3,271.0,4.36,266.0,8.24,381.0,1.4,317.0,70.5,127.0,23.59,121.0,24.5,357.0,2.4,220.0,38.84,425.0,369.22,228.0
2000,Male,M,72,2703.0,13.72,353.0,4.48,287.0,6.89,301.0,1.52,404.0,66.06,230.0,22.09,203.0,18.48,244.0,1.2,15.0,25.49,236.0,323.93,430.0
2000,Male,M,73,2616.0,13.78,344.0,4.5,290.0,8.95,423.0,1.48,374.0,66.01,232.0,22.03,207.0,18.9,252.0,1.2,15.0,,,314.52,479.0
2000,Male,M,74,2578.0,14.69,221.0,4.51,292.0,6.89,301.0,1.44,345.0,65.28,251.0,22.7,167.0,17.3,222.0,2.0,140.0,23.56,210.0,324.04,429.0
2000,Male,M,75,2573.0,12.85,494.0,5.41,463.0,7.72,350.0,1.36,290.0,71.09,116.0,22.32,189.0,22.6,321.0,1.6,70.0,24.39,221.0,426.35,59.0
2000,Male,M,76,2552.0,13.74,350.0,4.51,292.0,7.24,321.0,1.32,263.0,67.24,200.0,23.03,150.0,19.16,256.0,2.0,140.0,25.52,237.0,341.89,343.0
2000,Male,M,77,2550.0,13.41,401.0,4.66,319.0,8.06,370.0,1.36,290.0,70.38,130.0,21.62,232.0,22.13,312.0,2.4,220.0,28.38,276.0,,
2000,Male,M,78,2426.0,14.28,274.0,4.47,285.0,8.72,409.0,1.36,290.0,67.62,191.0,22.86,159.0,19.4,261.0,2.0,140.0,24.63,224.0,378.61,193.0
2000,Male,M,79,2396.0,13.39,404.0,4.67,321.0,8.61,403.0,1.6,464.0,69.07,158.0,,,,,2.8,309.0,32.66,337.0,,
2000,Male,M,80,2375.0,13.64,365.0,4.57,303.0,7.5,337.0,1.32,263.0,68.7,166.0,22.03,207.0,14.64,174.0,2.0,140.0,22.82,200.0,371.27,220.0
2000,Male,M,81,2299.0,14.17,289.0,4.74,333.0,7.83,356.0,1.28,237.0,75.7,43.0,21.16,263.0,19.18,257.0,2.4,220.0,27.14,259.0,435.18,42.0
2000,Male,M,82,2287.0,14.21,283.0,4.47,285.0,8.23,380.0,1.36,290.0,69.73,143.0,23.96,104.0,22.34,316.0,1.2,15.0,17.36,126.0,341.38,345.0
2000,Male,M,83,2253.0,14.63,229.0,4.0,206.0,8.36,388.0,1.24,212.0,69.48,149.0,22.8,162.0,18.79,249.0,2.0,140.0,24.44,222.0,352.33,296.0
2000,Male,M,84,2225.0,13.68,359.0,4.69,324.0,7.68,347.0,1.4,317.0,81.15,1.0,23.39,131.0,20.0,272.0,1.8,103.0,29.04,286.0,414.74,85.0
2000,Male,M,85,2222.0,14.17,289.0,4.69,324.0,6.45,275.0,1.4,317.0,68.11,179.0,23.31,135.0,10.98,109.0,1.6,70.0,23.6,210.0,348.28,314.0
2000,Male,M,86,2217.0,14.08,301.0,4.7,326.0,6.52,279.0,1.36,290.0,68.28,175.0,21.66,230.0,13.02,145.0,2.2,179.0,,,353.24,292.0
2000,Male,M,87,2216.0,14.07,302.0,4.72,330.0,6.34,269.0,1.44,345.0,68.37,173.0,23.1,146.0,16.22,202.0,1.4,40.0,19.61,156.0,362.71,253.0
2000,Male,M,88,2207.0,14.6,233.0,4.49,288.0,7.32,326.0,1.44,345.0,73.29,77.0,23.43,129.0,17.63,228.0,1.8,103.0,30.65,308.0,385.5,170.0
2000,Male,M,89,2177.0,14.14,293.0,4.66,319.0,7.9,360.0,1.44,345.0,71.87,101.0,24.05,100.0,19.2,257.0,1.8,103.0,25.78,240.0,426.38,59.0
2000,Male,M,90,2153.0,14.46,250.0,3.87,185.0,9.08,431.0,1.44,345.0,77.95,19.0,23.52,125.0,21.35,297.0,1.8,103.0,29.96,299.0,409.23,99.0
2000,Male,M,91,2152.0,13.47,391.0,4.36,266.0,5.58,224.0,1.4,317.0,67.37,197.0,24.09,99.0,12.75,140.0,1.8,103.0,18.4,140.0,357.27,275.0
2000,Male,M,92,2146.0,13.52,383.0,3.98,203.0,9.04,428.0,1.48,374.0,67.94,183.0,,,21.17,294.0,1.8,103.0,21.21,178.0,,
2000,Male,M,93,2103.0,13.45,394.0,4.0,206.0,8.02,367.0,1.52,404.0,81.32,0.0,24.82,70.0,21.41,299.0,2.0,140.0,24.51,223.0,,
2000,Male,M,94,2101.0,13.47,391.0,4.21,240.0,6.28,265.0,1.4,317.0,65.45,247.0,24.09,99.0,14.43,170.0,1.4,40.0,15.86,106.0,369.6,226.0
2000,Male,M,95,2101.0,14.1,298.0,4.2,239.0,6.43,274.0,1.4,317.0,71.23,113.0,21.91,214.0,16.98,216.0,1.8,103.0,,,345.28,327.0
2000,Male,M,96,2099.0,14.74,215.0,4.17,234.0,7.48,336.0,1.32,263.0,78.31,16.0,21.24,258.0,16.95,215.0,1.8,103.0,27.57,265.0,378.48,194.0
2000,Male,M,97,2083.0,12.59,540.0,5.15,411.0,,,1.56,434.0,61.99,348.0,,,,,,,33.58,350.0,,
2000,Male,M,98,2015.0,13.75,348.0,4.43,278.0,6.36,270.0,1.4,317.0,72.44,91.0,22.62,172.0,15.92,197.0,,,25.14,231.0,404.74,111.0
2000,Male,M,99,2005.0,14.53,241.0,4.21,240.0,7.67,347.0,1.28,237.0,71.08,116.0,23.26,138.0,17.41,224.0,1.8,103.0,24.32,220.0,395.0,139.0
2000,Male,M,100,1988.0,14.28,274.0,4.04,212.0,6.34,269.0,1.24,212.0,71.49,108.0,23.22,140.0,18.61,246.0,1.8,103.0,27.49,264.0,388.38,160.0
2000,Male,M,101,1887.0,14.64,228.0,3.83,179.0,8.76,411.0,1.36,290.0,78.12,17.0,23.22,140.0,20.85,288.0,1.8,103.0,22.42,194.0,438.2,37.0
2000,Male,M,102,1869.0,12.87,490.0,4.42,276.0,8.25,381.0,,,60.0,413.0,,,,,2.8,309.0,,,,
2000,Male,M,103,1851.0,14.75,214.0,3.9,190.0,5.12,198.0,1.36,290.0,69.44,149.0,,,11.93,125.0,,,17.31,125.0,299.88,560.0
2000,Male,M,104,1767.0,14.29,272.0,4.28,252.0,7.16,317.0,1.32,263.0,71.14,115.0,23.9,107.0,15.14,183.0,1.2,15.0,15.4,100.0,393.94,143.0
2000,Male,M,105,1660.0,15.15,169.0,4.14,229.0,6.96,305.0,1.32,263.0,76.8,30.0,27.48,5.0,17.61,228.0,1.8,103.0,22.05,189.0,395.2,139.0
2000,Male,M,106,1651.0,14.93,193.0,4.23,244.0,7.45,334.0,1.32,263.0,69.01,159.0,,,16.12,200.0,,,27.07,258.0,,
2000,Male,M,107,1579.0,14.89,198.0,3.61,146.0,6.92,303.0,1.36,290.0,75.3,48.0,25.38,51.0,16.32,204.0,1.4,40.0,24.22,219.0,417.14,80.0
2000,Male,M,108,1562.0,15.1,174.0,3.88,187.0,7.32,326.0,1.32,263.0,82.59,0.0,,,16.04,199.0,2.0,140.0,28.16,273.0,,
2000,Male,M,109,1520.0,14.88,199.0,3.91,191.0,7.22,320.0,1.28,237.0,83.4,0.0,33.29,0.0,18.43,243.0,2.0,140.0,22.12,190.0,,
2000,Male,M,110,1504.0,14.77,212.0,3.96,199.0,7.07,311.0,1.24,212.0,77.59,22.0,,,17.36,223.0,1.6,70.0,26.85,255.0,,
2000,Male,M,111,1399.0,18.28,0.0,3.51,132.0,8.92,421.0,1.28,237.0,,,,,21.75,305.0,1.2,15.0,29.28,289.0,,
2000,Male,M,112,1293.0,17.6,4.0,3.36,111.0,6.38,271.0,1.28,237.0,,,,,18.73,248.0,2.0,140.0,18.21,137.0,393.28,145.0
2000,Male,M,113,1292.0,14.22,282.0,4.69,324.0,6.6,284.0,1.24,212.0,,,,,15.58,190.0,,,,,,
2000,Male,M,114,1240.0,13.82,338.0,3.96,199.0,,,1.36,290.0,66.23,226.0,,,15.38,187.0,,,,,,
2000,Male,M,115,1156.0,18.98,0.0,3.98,203.0,6.62,285.0,1.2,188.0,88.85,0.0,25.93,35.0,15.1,182.0,,,23.43,208.0,428.33,55.0
2000,Male,M,116,1129.0,14.72,218.0,3.82,177.0,7.24,321.0,1.2,188.0,76.59,32.0,30.46,0.0,10.94,108.0,,,13.04,70.0,453.78,15.0
2000,Male,M,117,1101.0,15.0,185.0,4.0,206.0,6.12,256.0,1.12,142.0,86.58,0.0,28.38,0.0,10.83,106.0,1.2,15.0,22.18,191.0,,
2000,Male,M,118,973.0,,,5.33,447.0,,,,,,,,,18.3,240.0,,,29.07,286.0,,
2000,Male,M,119,966.0,14.33,267.0,4.57,303.0,6.82,297.0,,,74.46,59.0,,,,,1.4,40.0,,,,
2000,Male,M,120,746.0,14.84,204.0,3.68,156.0,,,1.2,188.0,72.11,97.0,,,10.5,101.0,,,,,,
2000,Male,M,121,436.0,13.19,436.0,,,,,,,,,,,,,,,,,,
2000,Male,M40,1,4047.0,13.05,459.0,5.14,409.0,10.04,488.0,1.56,434.0,62.64,328.0,18.46,481.0,28.06,426.0,3.0,357.0,39.01,428.0,366.87,237.0
2000,Male,M40,2,3219.0,13.37,407.0,4.7,326.0,8.48,395.0,1.44,345.0,60.3,403.0,19.81,364.0,21.2,295.0,1.6,70.0,27.45,263.0,340.08,351.0
2000,Male,M40,3,3032.0,13.78,344.0,4.59,306.0,7.68,347.0,1.4,317.0,63.59,299.0,20.14,338.0,19.46,262.0,2.2,179.0,27.76,268.0,335.73,372.0
2000,Male,M40,4,3020.0,13.7,356.0,4.53,295.0,7.06,311.0,1.44,345.0,62.78,323.0,19.97,352.0,21.78,306.0,2.0,140.0,25.54,237.0,339.21,355.0
2000,Male,M40,5,2930.0,13.83,337.0,4.63,313.0,7.46,334.0,1.32,263.0,67.98,183.0,19.13,421.0,20.05,273.0,2.2,179.0,32.59,336.0,353.62,291.0
2000,Male,M40,6,2878.0,14.28,274.0,5.24,429.0,8.06,370.0,1.44,345.0,70.0,138.0,19.63,379.0,23.09,330.0,2.4,220.0,27.2,260.0,396.96,133.0
2000,Male,M40,7,2720.0,13.95,319.0,4.34,262.0,6.75,293.0,1.32,263.0,67.86,185.0,20.22,332.0,17.5,226.0,2.4,220.0,18.98,148.0,315.81,472.0
2000,Male,M40,8,2663.0,13.84,335.0,4.07,217.0,8.49,395.0,1.4,317.0,69.28,153.0,21.11,267.0,22.72,323.0,2.0,140.0,34.6,364.0,390.95,152.0
2000,Male,M40,9,1605.0,15.53,130.0,3.28,100.0,8.18,377.0,1.28,237.0,81.53,0.0,23.21,140.0,17.43,224.0,1.2,15.0,29.95,299.0,415.47,83.0
2000,Male,M50,1,2013.0,15.3,153.0,3.5,130.0,6.79,295.0,1.36,290.0,77.2,26.0,23.21,140.0,19.03,254.0,1.8,103.0,27.99,271.0,340.08,351.0
2000,Male,M50,2,1556.0,15.63,121.0,3.81,176.0,7.95,363.0,1.28,237.0,81.33,0.0,22.72,166.0,17.5,226.0,1.4,40.0,21.77,185.0,435.54,42.0
2001,Female,W,1,2294.0,14.4,258.0,4.24,245.0,7.25,322.0,1.36,290.0,70.31,131.0,20.45,314.0,18.75,249.0,1.8,103.0,21.61,183.0,376.99,199.0
2001,Female,W,2,2089.0,15.66,118.0,3.65,152.0,7.4,331.0,1.32,263.0,70.37,130.0,21.16,263.0,19.4,261.0,1.8,103.0,21.57,183.0,354.95,285.0
2001,Female,W,3,2086.0,14.36,263.0,4.17,234.0,6.65,287.0,1.4,317.0,72.08,97.0,20.8,289.0,18.3,240.0,1.6,70.0,19.41,153.0,396.14,136.0
2001,Female,W,4,1980.0,14.8,208.0,4.04,212.0,7.32,326.0,1.24,212.0,73.83,68.0,21.93,213.0,20.78,287.0,1.8,103.0,23.03,202.0,391.75,149.0
2001,Female,W,5,1916.0,15.62,122.0,3.92,193.0,7.12,314.0,1.28,237.0,70.9,119.0,21.38,248.0,15.93,197.0,1.6,70.0,17.6,129.0,354.5,287.0
2001,Female,W,6,1883.0,14.21,283.0,4.56,301.0,5.91,244.0,1.24,212.0,73.54,73.0,21.44,244.0,15.74,193.0,2.0,140.0,19.16,150.0,434.64,43.0
2001,Female,W,7,1877.0,15.04,181.0,3.8,174.0,10.41,510.0,1.16,165.0,79.23,9.0,22.84,160.0,25.3,373.0,1.4,40.0,25.22,233.0,441.54,104.0
2001,Female,W,8,1758.0,15.14,170.0,3.89,188.0,7.58,341.0,1.24,212.0,80.51,3.0,22.29,191.0,20.26,277.0,1.8,103.0,28.13,273.0,,
2001,Female,W,9,1658.0,15.09,175.0,3.8,174.0,6.86,299.0,1.24,212.0,75.94,40.0,23.35,133.0,17.37,223.0,1.8,103.0,19.2,151.0,392.19,148.0
2001,Female,W,10,1569.0,15.51,132.0,3.83,179.0,6.54,280.0,1.28,237.0,77.57,22.0,22.7,167.0,17.3,222.0,1.8,103.0,16.39,113.0,403.61,114.0
2001,Female,W,11,1261.0,15.22,161.0,3.8,174.0,5.84,240.0,1.12,142.0,91.76,0.0,23.03,150.0,16.43,206.0,,,21.88,187.0,471.89,1.0
2001,Female,W,12,896.0,16.39,60.0,3.1,78.0,5.56,223.0,1.24,212.0,81.56,0.0,24.8,70.0,10.06,93.0,1.6,70.0,12.81,67.0,447.83,23.0
2001,Female,W,13,880.0,15.56,127.0,3.22,93.0,5.45,217.0,1.12,142.0,80.78,2.0,24.02,102.0,12.44,134.0,,,8.83,19.0,434.26,44.0
2001,Female,W,14,838.0,15.97,91.0,3.32,106.0,5.64,228.0,1.04,100.0,87.14,0.0,27.21,9.0,15.8,194.0,,,15.76,105.0,464.56,5.0
2001,Female,W,15,822.0,17.09,21.0,3.54,136.0,5.09,196.0,1.16,165.0,82.64,0.0,,,13.04,145.0,,,12.54,64.0,410.98,95.0
2001,Female,W,16,768.0,17.72,2.0,3.35,110.0,6.53,280.0,1.08,121.0,96.18,0.0,,,15.78,194.0,,,12.3,61.0,509.32,0.0
2001,Female,W,17,750.0,16.63,44.0,2.96,61.0,5.21,203.0,1.08,121.0,91.08,0.0,24.17,95.0,13.66,156.0,,,12.75,67.0,467.97,3.0
2001,Female,W,18,745.0,17.52,6.0,3.94,196.0,5.24,205.0,1.08,121.0,,,,,13.98,162.0,,,11.85,55.0,523.23,0.0
2001,Female,W,19,700.0,16.76,37.0,2.8,44.0,5.43,216.0,1.04,100.0,86.27,0.0,26.96,13.0,13.85,159.0,1.2,15.0,15.77,105.0,457.83,11.0
2001,Female,W,20,592.0,16.65,43.0,,,6.31,267.0,1.24,212.0,83.9,0.0,,,,,1.6,70.0,,,,
2001,Female,W,21,431.0,19.03,0.0,2.68,32.0,4.45,160.0,0.96,63.0,96.77,0.0,,,12.39,133.0,,,10.52,39.0,466.39,4.0
2001,Female,W,22,103.0,19.71,0.0,2.44,12.0,,,0.92,47.0,121.2,0.0,,,,,,,10.9,44.0,,
2001,Female,W40,1,662.0,19.86,0.0,2.35,6.0,7.25,322.0,0.8,8.0,103.8,0.0,,,20.05,273.0,,,11.7,53.0,519.43,0.0
2001,Male,M,1,4870.0,12.63,532.0,5.55,492.0,10.16,495.0,1.68,528.0,57.44,504.0,16.88,637.0,27.2,410.0,2.8,309.0,41.36,462.0,310.45,501.0
2001,Male,M,2,4808.0,12.59,540.0,5.34,449.0,9.08,431.0,1.64,496.0,55.5,579.0,16.98,626.0,26.88,403.0,2.8,309.0,38.45,420.0,300.84,555.0
2001,Male,M,3,4563.0,12.75,511.0,5.31,443.0,11.24,560.0,1.68,528.0,60.58,394.0,19.94,354.0,33.88,541.0,3.2,406.0,42.4,477.0,340.52,349.0
2001,Male,M,4,4347.0,12.71,518.0,5.29,439.0,9.22,439.0,1.52,404.0,57.65,497.0,18.51,476.0,23.13,331.0,2.6,264.0,35.41,376.0,292.54,603.0
2001,Male,M,5,4327.0,11.85,681.0,5.03,388.0,7.68,347.0,1.64,496.0,57.38,507.0,15.88,746.0,20.11,274.0,2.2,179.0,33.56,350.0,338.47,359.0
2001,Male,M,6,4275.0,12.61,536.0,5.59,500.0,9.76,471.0,1.48,374.0,62.08,345.0,17.82,542.0,27.09,408.0,3.0,357.0,36.7,395.0,340.99,347.0
2001,Male,M,7,4258.0,13.22,431.0,5.45,471.0,8.67,406.0,1.6,464.0,58.97,449.0,18.24,501.0,25.1,369.0,2.6,264.0,30.3,303.0,293.1,600.0
2001,Male,M,8,4198.0,12.73,515.0,5.41,463.0,10.27,502.0,1.6,464.0,58.5,466.0,19.89,358.0,24.46,357.0,2.6,264.0,40.8,454.0,339.21,355.0
2001,Male,M,9,4187.0,12.57,543.0,5.34,449.0,8.12,373.0,1.64,496.0,59.19,441.0,18.65,464.0,25.25,372.0,2.2,179.0,33.0,342.0,305.55,528.0
2001,Male,M,10,4124.0,12.35,584.0,4.96,375.0,9.97,484.0,1.52,404.0,57.21,513.0,18.97,435.0,25.88,384.0,2.8,309.0,25.32,234.0,329.55,402.0
2001,Male,M,11,4088.0,13.2,434.0,5.25,431.0,9.28,443.0,1.68,528.0,62.51,332.0,18.49,478.0,25.8,383.0,2.8,309.0,36.25,388.0,337.79,362.0
2001,Male,M,12,4075.0,12.2,612.0,5.57,496.0,8.5,396.0,1.56,434.0,57.3,510.0,17.71,552.0,21.82,306.0,2.0,140.0,35.81,382.0,364.19,247.0
2001,Male,M,13,4030.0,12.73,515.0,5.51,483.0,8.29,384.0,1.76,593.0,58.44,468.0,18.85,446.0,20.44,280.0,2.2,179.0,25.03,230.0,319.66,452.0
2001,Male,M,14,4027.0,13.14,444.0,5.38,457.0,9.12,433.0,1.52,404.0,61.09,377.0,17.8,543.0,25.95,385.0,2.4,220.0,34.15,358.0,328.72,406.0
2001,Male,M,15,3990.0,12.85,494.0,5.2,421.0,8.37,388.0,1.56,434.0,60.02,413.0,18.75,455.0,21.6,302.0,2.4,220.0,30.89,312.0,301.55,551.0
2001,Male,M,16,3968.0,12.88,488.0,5.35,451.0,7.76,352.0,1.6,464.0,60.44,398.0,19.17,418.0,22.03,310.0,2.6,264.0,32.92,341.0,313.98,482.0
2001,Male,M,17,3904.0,13.11,449.0,5.15,411.0,9.16,435.0,1.64,496.0,62.06,346.0,19.09,425.0,25.47,376.0,2.4,220.0,35.17,373.0,335.41,373.0
2001,Male,M,18,3797.0,13.1,451.0,5.1,402.0,9.65,465.0,1.6,464.0,61.05,378.0,19.61,381.0,24.76,362.0,2.2,179.0,31.31,318.0,330.5,397.0
2001,Male,M,19,3775.0,12.24,605.0,4.98,378.0,6.48,277.0,1.68,528.0,58.11,480.0,21.13,265.0,23.73,343.0,2.0,140.0,22.35,193.0,298.85,566.0
2001,Male,M,20,3759.0,12.76,509.0,4.96,375.0,9.28,443.0,1.52,404.0,59.57,428.0,19.37,401.0,21.98,309.0,1.8,103.0,38.51,421.0,336.92,295.0
2001,Male,M,21,3759.0,12.86,492.0,5.17,415.0,7.44,333.0,1.72,560.0,64.08,285.0,17.89,535.0,20.87,288.0,2.6,264.0,29.46,292.0,352.54,366.0
2001,Male,M,22,3695.0,12.43,569.0,5.07,396.0,8.24,381.0,1.64,496.0,64.12,284.0,18.89,442.0,20.7,285.0,2.8,309.0,27.32,262.0,358.29,271.0
2001,Male,M,23,3661.0,12.75,511.0,5.16,413.0,7.61,343.0,1.44,345.0,58.3,473.0,20.56,306.0,21.72,304.0,2.2,179.0,21.46,181.0,292.04,606.0
2001,Male,M,24,3649.0,12.45,565.0,5.18,417.0,8.43,392.0,1.48,374.0,63.26,309.0,19.48,391.0,21.78,306.0,2.4,220.0,31.28,317.0,338.68,358.0
2001,Male,M,25,3612.0,12.67,525.0,5.54,490.0,9.1,432.0,1.56,434.0,60.88,384.0,20.02,348.0,20.88,289.0,2.6,264.0,25.77,240.0,374.99,206.0
2001,Male,M,26,3590.0,13.12,448.0,5.14,409.0,9.28,443.0,1.44,345.0,60.61,393.0,20.59,304.0,23.27,334.0,2.2,179.0,33.28,346.0,332.12,389.0
2001,Male,M,27,3583.0,13.0,468.0,4.92,367.0,9.0,426.0,1.56,434.0,61.67,358.0,20.49,311.0,23.33,335.0,2.0,140.0,31.42,319.0,324.78,425.0
2001,Male,M,28,3566.0,12.79,504.0,5.12,405.0,8.98,425.0,1.56,434.0,60.74,388.0,18.8,450.0,20.52,282.0,2.0,140.0,29.98,299.0,366.38,239.0
2001,Male,M,29,3563.0,12.49,558.0,4.95,373.0,8.09,372.0,1.56,434.0,64.42,275.0,18.56,472.0,20.38,279.0,2.2,179.0,33.4,347.0,357.52,274.0
2001,Male,M,30,3543.0,13.1,451.0,5.0,382.0,7.87,359.0,1.6,464.0,61.65,359.0,20.71,295.0,20.25,277.0,2.6,264.0,28.31,275.0,326.48,545.0
2001,Male,M,31,3543.0,12.99,470.0,5.01,384.0,7.12,314.0,1.48,374.0,59.0,448.0,20.33,324.0,22.51,319.0,2.0,140.0,24.67,225.0,302.57,417.0
2001,Male,M,32,3521.0,12.75,511.0,4.97,377.0,7.51,337.0,1.56,434.0,60.77,387.0,20.91,281.0,21.23,295.0,2.2,179.0,23.99,216.0,309.93,504.0
2001,Male,M,33,3498.0,13.24,428.0,4.63,313.0,9.1,432.0,1.44,345.0,58.32,472.0,20.67,298.0,25.0,367.0,2.0,140.0,34.0,356.0,340.89,347.0
2001,Male,M,34,3415.0,12.69,522.0,4.8,345.0,8.4,390.0,1.44,345.0,63.48,302.0,18.83,447.0,23.95,347.0,2.2,179.0,31.02,314.0,370.26,224.0
2001,Male,M,35,3402.0,12.78,506.0,5.07,396.0,6.78,294.0,1.52,404.0,59.67,424.0,20.03,347.0,17.12,219.0,1.6,70.0,24.24,219.0,306.41,523.0
2001,Male,M,36,3394.0,13.32,415.0,4.52,294.0,8.7,408.0,1.52,404.0,62.2,341.0,20.55,307.0,22.22,314.0,2.4,220.0,27.51,264.0,324.55,427.0
2001,Male,M,37,3370.0,12.67,525.0,5.15,411.0,8.19,378.0,1.48,374.0,68.05,181.0,19.67,376.0,27.33,412.0,2.6,264.0,31.8,325.0,400.33,124.0
2001,Male,M,38,3343.0,13.13,446.0,4.87,358.0,8.78,413.0,1.44,345.0,61.91,350.0,19.2,415.0,18.35,241.0,1.6,70.0,31.95,327.0,334.43,378.0
2001,Male,M,39,3316.0,13.41,401.0,4.95,373.0,8.58,401.0,1.52,404.0,65.1,256.0,20.74,293.0,25.52,377.0,2.4,220.0,30.21,302.0,353.93,289.0
2001,Male,M,40,3300.0,13.16,441.0,5.18,417.0,8.09,372.0,1.52,404.0,68.43,172.0,20.69,297.0,26.73,401.0,2.4,220.0,34.83,368.0,374.41,208.0
2001,Male,M,41,3298.0,12.96,475.0,5.08,398.0,8.26,382.0,1.52,404.0,61.16,375.0,20.99,275.0,21.11,293.0,2.4,220.0,25.87,242.0,367.61,234.0
2001,Male,M,42,3296.0,13.49,388.0,4.84,352.0,8.91,420.0,1.6,464.0,65.64,242.0,20.13,339.0,23.08,330.0,2.6,264.0,27.66,266.0,368.45,231.0
2001,Male,M,43,3277.0,13.01,466.0,4.45,281.0,8.26,382.0,1.48,374.0,61.25,372.0,21.06,270.0,19.72,267.0,2.4,220.0,31.49,320.0,345.87,325.0
2001,Male,M,44,3273.0,13.79,343.0,4.9,363.0,7.6,343.0,1.48,374.0,67.11,204.0,20.07,344.0,23.12,331.0,2.8,309.0,28.56,279.0,333.26,383.0
2001,Male,M,45,3255.0,12.62,534.0,4.76,337.0,6.8,296.0,1.52,404.0,62.24,340.0,19.23,413.0,18.81,250.0,2.2,179.0,18.01,135.0,336.78,367.0
2001,Male,M,46,3193.0,12.84,495.0,4.48,287.0,7.83,356.0,1.4,317.0,60.57,394.0,20.72,295.0,18.37,242.0,2.0,140.0,32.1,329.0,342.95,338.0
2001,Male,M,47,3165.0,13.22,431.0,4.76,337.0,7.98,365.0,1.52,404.0,62.4,335.0,21.2,261.0,22.48,319.0,1.6,70.0,19.79,159.0,313.59,484.0
2001,Male,M,48,3151.0,13.8,341.0,4.68,323.0,7.04,310.0,1.68,528.0,66.08,230.0,20.61,303.0,20.42,280.0,2.2,179.0,28.02,271.0,332.7,386.0
2001,Male,M,49,3146.0,12.52,552.0,5.33,447.0,8.1,372.0,1.52,404.0,60.55,395.0,,,24.75,362.0,,,26.5,250.0,337.36,364.0
2001,Male,M,50,3101.0,13.49,388.0,4.92,367.0,6.84,298.0,1.52,404.0,63.55,300.0,19.95,353.0,15.79,194.0,2.4,220.0,23.92,215.0,337.74,362.0
2001,Male,M,51,3080.0,12.69,522.0,4.9,363.0,6.9,301.0,1.56,434.0,64.04,286.0,20.35,322.0,20.3,278.0,2.2,179.0,17.26,125.0,358.64,270.0
2001,Male,M,52,3068.0,13.28,421.0,4.95,373.0,7.5,337.0,1.36,290.0,61.82,353.0,21.65,231.0,15.45,188.0,1.8,103.0,23.32,206.0,298.96,566.0
2001,Male,M,53,3063.0,13.67,360.0,4.54,297.0,8.68,407.0,1.52,404.0,64.94,261.0,,,25.77,382.0,2.6,264.0,37.64,408.0,356.16,280.0
2001,Male,M,54,3054.0,13.52,383.0,4.75,335.0,6.81,296.0,1.48,374.0,65.31,250.0,21.88,216.0,19.74,267.0,2.6,264.0,27.9,270.0,330.11,399.0
2001,Male,M,55,3046.0,13.8,341.0,4.35,264.0,7.78,353.0,1.6,464.0,64.71,267.0,21.48,242.0,21.2,295.0,2.6,264.0,27.4,263.0,353.16,293.0
2001,Male,M,56,3021.0,13.17,439.0,5.13,407.0,7.8,354.0,1.4,317.0,66.72,213.0,20.1,341.0,19.35,260.0,1.6,70.0,32.05,328.0,353.36,292.0
2001,Male,M,57,2994.0,14.1,298.0,4.54,297.0,8.21,379.0,1.52,404.0,65.13,255.0,21.96,211.0,21.41,299.0,2.2,179.0,27.64,266.0,328.71,406.0
2001,Male,M,58,2979.0,12.88,488.0,5.27,435.0,9.4,450.0,1.52,404.0,64.59,270.0,26.6,19.0,22.11,312.0,2.4,220.0,22.04,189.0,378.82,192.0
2001,Male,M,59,2940.0,13.67,360.0,4.8,345.0,6.72,291.0,1.56,434.0,70.37,130.0,21.0,274.0,20.19,276.0,2.4,220.0,25.12,231.0,334.13,379.0
2001,Male,M,60,2922.0,13.37,407.0,4.99,380.0,8.6,402.0,1.44,345.0,63.88,291.0,21.81,220.0,21.37,298.0,1.8,103.0,30.59,308.0,386.01,168.0
2001,Male,M,61,2891.0,13.82,338.0,4.42,276.0,7.18,318.0,1.52,404.0,65.8,237.0,19.03,430.0,17.49,225.0,1.6,70.0,27.03,258.0,343.61,335.0
2001,Male,M,62,2879.0,13.01,466.0,4.67,321.0,8.2,378.0,1.36,290.0,63.11,313.0,23.01,151.0,20.14,275.0,2.2,179.0,31.1,315.0,379.22,191.0
2001,Male,M,63,2779.0,12.85,494.0,5.12,405.0,7.65,346.0,1.44,345.0,67.48,195.0,24.4,86.0,22.76,324.0,2.0,140.0,25.66,239.0,375.29,205.0
2001,Male,M,64,2749.0,13.3,418.0,4.86,356.0,6.69,289.0,1.4,317.0,66.12,229.0,21.04,272.0,17.13,219.0,2.0,140.0,27.84,269.0,365.94,240.0
2001,Male,M,65,2719.0,13.81,340.0,4.65,317.0,6.83,297.0,1.44,345.0,65.09,256.0,20.62,302.0,17.82,231.0,1.2,15.0,30.75,310.0,349.97,306.0
2001,Male,M,66,2694.0,13.73,351.0,4.77,339.0,7.72,350.0,1.44,345.0,68.49,171.0,19.97,352.0,18.28,240.0,1.4,40.0,31.48,320.0,380.8,186.0
2001,Male,M,67,2681.0,14.05,305.0,4.36,266.0,7.3,325.0,1.52,404.0,63.48,302.0,23.87,108.0,15.78,194.0,2.0,140.0,26.54,251.0,332.66,386.0
2001,Male,M,68,2667.0,14.1,298.0,4.47,285.0,7.18,318.0,1.48,374.0,68.13,179.0,22.11,202.0,19.56,264.0,2.0,140.0,28.91,284.0,346.33,323.0
2001,Male,M,69,2655.0,13.19,436.0,4.42,276.0,8.77,412.0,1.36,290.0,69.49,148.0,21.03,272.0,21.89,308.0,2.2,179.0,32.47,334.0,,
2001,Male,M,70,2648.0,13.79,343.0,4.67,321.0,6.93,303.0,1.24,212.0,63.45,303.0,22.06,205.0,17.94,234.0,2.0,140.0,28.54,279.0,349.61,308.0
2001,Male,M,71,2631.0,13.85,334.0,4.49,288.0,9.11,432.0,1.44,345.0,70.83,121.0,21.6,234.0,20.92,289.0,2.0,140.0,30.05,300.0,392.04,148.0
2001,Male,M,72,2625.0,13.56,377.0,4.66,319.0,7.17,317.0,1.4,317.0,66.55,218.0,,,20.26,277.0,2.0,140.0,24.24,219.0,321.75,441.0
2001,Male,M,73,2603.0,14.55,239.0,4.06,215.0,8.35,387.0,1.4,317.0,64.53,272.0,23.84,110.0,24.38,355.0,1.8,103.0,25.15,232.0,335.36,373.0
2001,Male,M,74,2593.0,14.25,278.0,4.07,217.0,7.8,354.0,1.4,317.0,67.56,193.0,22.83,160.0,22.6,321.0,1.8,103.0,25.25,233.0,326.43,417.0
2001,Male,M,75,2559.0,13.21,433.0,4.38,269.0,8.1,372.0,,,62.11,344.0,20.42,317.0,20.0,272.0,,,,,301.32,552.0
2001,Male,M,76,2551.0,13.73,351.0,4.32,259.0,7.11,314.0,1.4,317.0,65.4,248.0,21.79,222.0,15.15,183.0,2.2,179.0,20.17,164.0,348.18,314.0
2001,Male,M,77,2507.0,14.02,309.0,4.75,335.0,7.79,354.0,1.44,345.0,67.71,189.0,22.33,189.0,18.4,242.0,1.4,40.0,29.2,288.0,372.25,216.0
2001,Male,M,78,2488.0,14.36,263.0,4.68,323.0,10.53,518.0,,,67.09,204.0,21.34,251.0,25.3,373.0,1.8,103.0,32.28,331.0,400.73,122.0
2001,Male,M,79,2451.0,14.14,293.0,4.43,278.0,6.89,301.0,1.48,374.0,65.87,235.0,22.11,202.0,16.15,201.0,1.4,40.0,22.31,193.0,343.89,334.0
2001,Male,M,80,2450.0,13.21,433.0,4.92,367.0,7.15,316.0,1.48,374.0,62.88,320.0,,,16.95,215.0,2.2,179.0,26.2,246.0,,
2001,Male,M,81,2443.0,13.86,332.0,4.5,290.0,7.56,340.0,1.52,404.0,68.23,177.0,23.68,117.0,19.35,260.0,2.4,220.0,30.25,303.0,,
2001,Male,M,82,2408.0,13.32,415.0,4.52,294.0,7.87,359.0,1.36,290.0,67.72,189.0,23.41,130.0,17.45,225.0,2.2,179.0,27.55,265.0,424.97,62.0
2001,Male,M,83,2311.0,13.93,322.0,5.03,388.0,7.31,326.0,1.44,345.0,69.58,146.0,23.94,105.0,16.85,214.0,2.0,140.0,20.26,165.0,388.43,160.0
2001,Male,M,84,2309.0,14.98,188.0,4.32,259.0,6.21,261.0,1.4,317.0,67.54,193.0,22.46,181.0,14.53,172.0,2.2,179.0,19.42,154.0,328.95,405.0
2001,Male,M,85,2296.0,13.87,331.0,4.33,261.0,7.28,324.0,1.2,188.0,65.95,233.0,22.52,178.0,17.1,218.0,1.6,70.0,21.85,186.0,349.94,307.0
2001,Male,M,86,2232.0,13.23,430.0,5.09,400.0,8.54,398.0,1.32,263.0,,,,,18.2,239.0,2.4,220.0,28.75,282.0,,
2001,Male,M,87,2194.0,14.83,205.0,4.27,250.0,8.05,369.0,1.48,374.0,72.71,86.0,22.55,176.0,19.32,259.0,,,27.14,259.0,372.2,216.0
2001,Male,M,88,2182.0,13.2,434.0,4.78,341.0,7.95,363.0,1.44,345.0,,,,,19.55,264.0,,,29.92,298.0,395.86,137.0
2001,Male,M,89,2167.0,14.04,307.0,4.26,249.0,8.77,412.0,1.48,374.0,,,,,23.24,333.0,,,30.14,301.0,379.26,191.0
2001,Male,M,90,2162.0,13.94,321.0,4.08,219.0,8.14,375.0,1.52,404.0,75.24,48.0,23.61,120.0,23.82,344.0,1.8,103.0,24.9,228.0,498.81,0.0
2001,Male,M,91,2146.0,14.45,251.0,4.71,328.0,7.4,331.0,1.32,263.0,72.18,96.0,24.96,65.0,16.72,211.0,1.8,103.0,28.92,284.0,372.79,214.0
2001,Male,M,92,2138.0,13.85,334.0,4.11,224.0,5.81,238.0,1.32,263.0,68.78,164.0,21.61,233.0,14.4,169.0,1.8,103.0,23.3,206.0,375.58,204.0
2001,Male,M,93,2028.0,14.17,289.0,4.39,271.0,7.96,364.0,1.4,317.0,70.05,137.0,,,18.6,246.0,1.6,70.0,22.85,200.0,396.82,134.0
2001,Male,M,94,2022.0,14.35,264.0,4.05,214.0,6.86,299.0,1.36,290.0,72.38,92.0,23.66,118.0,19.37,260.0,1.8,103.0,20.31,166.0,372.46,216.0
2001,Male,M,95,2017.0,14.03,308.0,4.32,259.0,6.81,296.0,1.28,237.0,71.59,106.0,23.14,144.0,14.9,178.0,,,24.29,220.0,358.75,269.0
2001,Male,M,96,1931.0,15.51,132.0,4.09,220.0,8.85,417.0,1.36,290.0,78.22,17.0,23.53,124.0,22.08,311.0,1.6,70.0,26.67,253.0,409.97,97.0
2001,Male,M,97,1877.0,14.71,219.0,4.41,274.0,7.01,308.0,1.24,212.0,73.53,73.0,23.54,124.0,16.7,211.0,2.2,179.0,20.86,173.0,407.38,32.0
2001,Male,M,98,1850.0,13.71,354.0,4.46,283.0,,,1.4,317.0,,,,,20.51,282.0,,,26.96,257.0,338.84,357.0
2001,Male,M,99,1817.0,12.46,563.0,,,8.63,404.0,,,,,,,27.54,416.0,2.0,140.0,29.66,294.0,,
2001,Male,M,100,1815.0,14.8,208.0,4.33,261.0,9.0,426.0,,,75.38,47.0,25.23,55.0,15.91,196.0,2.0,140.0,36.95,398.0,415.27,84.0
2001,Male,M,101,1805.0,14.44,253.0,4.0,206.0,6.51,279.0,1.32,263.0,77.42,24.0,22.29,191.0,20.65,284.0,2.0,140.0,18.0,135.0,442.38,30.0
2001,Male,M,102,1789.0,14.57,236.0,3.61,146.0,7.13,315.0,1.32,263.0,72.33,93.0,23.4,131.0,17.07,218.0,1.6,70.0,19.1,149.0,385.98,168.0
2001,Male,M,103,1774.0,14.16,290.0,4.25,247.0,7.49,336.0,1.4,317.0,66.96,207.0,23.75,114.0,19.5,263.0,,,,,,
2001,Male,M,104,1740.0,14.24,279.0,3.96,199.0,8.36,388.0,1.2,188.0,78.23,16.0,26.93,13.0,22.95,328.0,1.6,70.0,26.64,252.0,463.02,7.0
2001,Male,M,105,1724.0,14.91,195.0,4.28,252.0,6.44,274.0,1.24,212.0,76.73,31.0,24.62,77.0,19.8,268.0,1.8,103.0,25.7,239.0,420.01,73.0
2001,Male,M,106,1704.0,13.17,439.0,4.85,354.0,,,1.56,434.0,67.14,203.0,,,20.08,274.0,,,,,,
2001,Male,M,107,1627.0,14.03,308.0,3.99,204.0,6.32,267.0,1.36,290.0,82.95,0.0,22.85,159.0,17.67,229.0,1.2,15.0,19.54,155.0,476.12,0.0
2001,Male,M,108,1554.0,15.02,183.0,3.84,181.0,7.98,365.0,1.24,212.0,85.86,0.0,26.67,18.0,21.84,307.0,1.6,70.0,24.16,218.0,,
2001,Male,M,109,1481.0,15.2,163.0,3.63,149.0,6.58,283.0,1.36,290.0,75.6,44.0,25.64,43.0,17.26,221.0,1.6,70.0,20.3,165.0,429.24,53.0
2001,Male,M,110,1359.0,15.71,113.0,3.36,111.0,6.37,270.0,1.2,188.0,74.29,62.0,31.18,0.0,16.99,216.0,,,19.44,154.0,364.88,245.0
2001,Male,M,111,1244.0,13.69,357.0,4.32,259.0,,,1.44,345.0,77.8,20.0,,,,,,,27.42,263.0,,
2001,Male,M,112,1200.0,,,3.53,135.0,7.41,331.0,1.24,212.0,,,,,22.57,321.0,,,22.9,201.0,,
2001,Male,M,113,1173.0,14.02,309.0,4.15,230.0,6.46,276.0,,,66.53,218.0,,,,,2.0,140.0,,,,
2001,Male,M,114,1168.0,14.09,300.0,4.36,266.0,,,1.32,263.0,70.55,126.0,,,16.79,213.0,,,,,,
2001,Male,M,115,1145.0,14.35,264.0,,,7.85,357.0,1.44,345.0,71.42,109.0,,,,,1.6,70.0,,,,
2001,Male,M,116,1120.0,16.14,78.0,3.62,147.0,5.37,212.0,1.32,263.0,81.34,0.0,,,14.4,169.0,1.4,40.0,19.5,155.0,427.85,56.0
2001,Male,M,117,903.0,14.5,245.0,,,6.51,279.0,1.2,188.0,72.61,88.0,,,,,1.8,103.0,,,,
2001,Male,M,118,691.0,,,,,6.67,288.0,1.36,290.0,71.24,113.0,,,,,,,,,,
2001,Male,M,119,684.0,15.59,124.0,,,6.58,283.0,1.28,237.0,,,,,,,1.4,40.0,,,,
2001,Male,M40,1,4010.0,12.73,515.0,4.85,354.0,7.84,357.0,1.56,434.0,59.41,433.0,17.57,566.0,22.89,327.0,3.2,406.0,24.62,224.0,331.18,394.0
2001,Male,M40,2,3292.0,13.52,383.0,5.07,396.0,9.66,465.0,1.48,374.0,66.84,210.0,19.17,418.0,26.75,401.0,2.6,264.0,35.75,381.0,,
2001,Male,M40,3,3210.0,13.57,376.0,4.56,301.0,7.83,356.0,1.52,404.0,67.28,199.0,19.96,352.0,22.03,310.0,2.4,220.0,31.48,320.0,335.72,372.0
2001,Male,M40,4,2965.0,13.56,377.0,4.5,290.0,7.53,339.0,1.4,317.0,62.75,324.0,19.06,427.0,20.6,283.0,1.4,40.0,35.22,373.0,378.24,195.0
2001,Male,M40,5,2921.0,13.08,454.0,4.07,217.0,5.73,233.0,1.4,317.0,62.5,332.0,18.61,467.0,19.9,270.0,2.0,140.0,22.55,196.0,352.67,295.0
2001,Male,M40,6,2772.0,14.15,291.0,4.53,295.0,7.2,319.0,1.36,290.0,67.76,188.0,19.88,359.0,21.41,299.0,1.8,103.0,30.44,305.0,346.3,323.0
2001,Male,M40,7,2751.0,14.08,301.0,4.27,250.0,7.61,343.0,1.4,317.0,67.75,188.0,20.8,289.0,23.43,337.0,2.2,179.0,31.98,327.0,371.24,220.0
2001,Male,M40,8,2610.0,14.13,294.0,4.52,294.0,6.88,300.0,1.36,290.0,67.42,196.0,20.91,281.0,17.6,227.0,2.0,140.0,17.23,124.0,317.37,464.0
2001,Male,M40,9,2582.0,13.62,368.0,4.71,328.0,7.02,308.0,1.44,345.0,65.59,243.0,21.58,235.0,15.86,196.0,1.4,40.0,21.89,187.0,344.25,332.0
2001,Male,M40,10,2549.0,13.98,315.0,4.38,269.0,7.32,326.0,1.32,263.0,70.62,125.0,21.03,272.0,21.34,297.0,2.4,220.0,26.78,254.0,374.63,208.0
2001,Male,M40,11,2178.0,14.25,278.0,4.23,244.0,7.69,348.0,1.48,374.0,74.21,63.0,21.8,221.0,20.85,288.0,1.6,70.0,25.65,238.0,429.17,54.0
2001,Male,M40,12,1394.0,17.19,17.0,3.42,119.0,7.73,350.0,1.24,212.0,77.1,27.0,23.74,114.0,18.36,241.0,1.6,70.0,20.12,163.0,416.45,81.0
2001,Male,M40,13,1347.0,16.59,47.0,3.1,78.0,7.17,317.0,1.28,237.0,,,,,21.2,295.0,1.8,103.0,27.95,270.0,,
2001,Male,M40,14,565.0,14.85,202.0,3.64,150.0,,,,,,,,,16.79,213.0,,,,,,
2001,Male,M50,1,1959.0,14.52,243.0,3.77,170.0,8.88,419.0,1.36,290.0,84.5,0.0,23.03,150.0,26.71,400.0,,,29.15,287.0,476.15,0.0
2001,Male,M50,2,1827.0,15.34,149.0,3.76,168.0,5.85,240.0,1.28,237.0,76.48,33.0,22.1,202.0,16.61,209.0,1.6,70.0,23.02,202.0,347.49,317.0
2001,Male,M50,3,1379.0,15.95,93.0,3.56,139.0,6.78,294.0,1.24,212.0,84.63,0.0,,,17.03,217.0,2.2,179.0,24.95,229.0,453.29,16.0
2001,Male,M50,4,1002.0,15.05,180.0,4.14,229.0,,,1.36,290.0,72.76,86.0,,,,,,,24.12,217.0,,
2002,Female,W,1,3842.0,14.65,506.0,4.73,461.0,7.4,361.0,1.32,429.0,73.29,261.0,18.58,625.0,23.71,345.0,2.2,282.0,23.16,348.0,417.6,224.0
2002,Female,W,2,3522.0,14.22,570.0,3.95,281.0,7.37,359.0,1.24,350.0,69.98,352.0,19.81,519.0,16.24,211.0,1.4,64.0,27.5,429.0,377.94,387.0
2002,Female,W,3,3464.0,16.02,326.0,3.99,290.0,7.33,356.0,1.28,389.0,72.05,294.0,20.31,479.0,20.14,280.0,2.0,221.0,19.47,279.0,345.7,550.0
2002,Female,W,4,3128.0,15.4,403.0,3.92,275.0,6.98,334.0,1.2,312.0,73.29,261.0,20.67,451.0,19.58,270.0,1.8,163.0,24.12,366.0,399.45,293.0
2002,Female,W,5,3093.0,15.79,354.0,3.96,284.0,7.1,341.0,1.28,389.0,73.16,265.0,20.38,473.0,17.25,229.0,1.6,110.0,16.98,233.0,371.99,415.0
2002,Female,W,6,3092.0,14.58,516.0,4.35,370.0,6.74,318.0,1.28,389.0,75.54,206.0,21.59,382.0,16.4,214.0,2.0,221.0,25.03,383.0,461.15,93.0
2002,Female,W,7,2834.0,14.92,468.0,3.95,281.0,6.29,290.0,1.2,312.0,70.39,341.0,22.77,302.0,11.15,123.0,,,21.0,307.0,373.06,410.0
2002,Female,W,8,2761.0,15.28,419.0,4.04,301.0,7.91,394.0,1.28,389.0,79.62,122.0,23.79,240.0,18.33,248.0,1.8,163.0,27.0,420.0,473.95,65.0
2002,Female,W,9,2689.0,15.02,454.0,4.37,375.0,6.84,325.0,1.28,389.0,76.94,175.0,21.44,393.0,13.81,169.0,1.2,25.0,14.7,191.0,426.55,193.0
2002,Female,W,10,2598.0,15.92,338.0,4.0,292.0,8.2,412.0,1.28,389.0,93.96,0.0,21.9,361.0,18.3,247.0,1.8,163.0,25.71,396.0,,
2002,Female,W,11,2285.0,15.85,346.0,3.64,218.0,6.1,278.0,1.08,205.0,76.06,194.0,22.48,321.0,15.48,198.0,,,14.14,181.0,387.56,344.0
2002,Female,W,12,2263.0,16.02,326.0,3.6,210.0,7.35,357.0,1.24,350.0,82.47,74.0,26.31,115.0,17.61,235.0,2.0,221.0,18.91,269.0,456.06,106.0
2002,Female,W,13,1723.0,17.65,159.0,3.23,141.0,6.07,276.0,1.2,312.0,80.55,105.0,26.36,113.0,13.6,165.0,1.4,64.0,8.8,85.0,397.21,303.0
2002,Female,W,14,1462.0,17.09,210.0,3.08,115.0,6.33,292.0,1.24,350.0,81.65,87.0,28.1,52.0,15.18,192.0,,,13.22,164.0,,
2002,Female,W,15,1440.0,16.78,241.0,3.57,204.0,6.46,301.0,1.04,172.0,106.12,0.0,26.86,94.0,14.97,189.0,1.6,110.0,11.29,129.0,,
2002,Female,W,16,1439.0,16.75,245.0,3.03,107.0,6.82,324.0,1.16,275.0,87.92,14.0,30.0,11.0,16.29,212.0,1.2,25.0,13.11,162.0,474.26,64.0
2002,Female,W,17,1344.0,16.66,254.0,3.17,130.0,5.33,229.0,1.08,205.0,89.49,5.0,25.31,160.0,14.3,177.0,,,10.08,108.0,468.55,76.0
2002,Female,W,18,1216.0,,,3.74,238.0,6.7,316.0,1.16,275.0,,,,,12.15,140.0,,,17.76,247.0,,
2002,Female,W,19,1055.0,18.79,75.0,3.78,246.0,7.0,335.0,,,101.8,0.0,29.47,20.0,15.8,203.0,,,13.76,174.0,525.25,2.0
2002,Female,W,20,1045.0,18.32,106.0,3.35,162.0,5.58,245.0,1.0,141.0,92.16,0.0,,,23.62,344.0,,,,,483.6,47.0
2002,Female,W,21,894.0,19.33,45.0,2.94,93.0,4.85,199.0,1.16,275.0,113.08,0.0,29.24,24.0,13.09,156.0,,,9.79,102.0,566.93,0.0
2002,Female,W,22,824.0,18.22,113.0,3.02,106.0,4.65,186.0,1.08,205.0,,,,,10.45,112.0,,,9.79,102.0,,
2002,Female,W,23,487.0,19.44,39.0,2.4,22.0,5.0,208.0,0.92,84.0,102.04,0.0,,,11.76,134.0,,,,,548.52,0.0
2002,Female,W,24,452.0,,,,,5.16,218.0,,,,,,,,,,,17.04,234.0,,
2002,Female,W,25,329.0,18.74,78.0,,,,,,,,,,,12.93,154.0,,,9.47,97.0,,
2002,Female,W,26,308.0,17.74,151.0,,,,,,,86.64,25.0,,,11.66,132.0,,,,,,
2002,Female,W,27,82.0,22.38,0.0,,,,,,,,,,,8.61,82.0,,,,,,
2002,Female,W,28,52.0,20.37,7.0,,,,,,,104.93,0.0,,,6.28,45.0,,,,,,
2002,Female,W40,1,845.0,17.98,132.0,3.27,148.0,4.15,155.0,1.0,141.0,102.02,0.0,31.3,0.0,11.6,131.0,,,11.78,138.0,,
2002,Female,W40,2,720.0,21.44,0.0,2.03,0.0,5.65,249.0,1.0,141.0,117.26,0.0,,,11.26,125.0,1.2,25.0,11.31,130.0,481.75,50.0
2002,Female,W40,3,499.0,20.84,0.0,2.78,69.0,5.26,225.0,1.08,205.0,106.12,0.0,,,,,,,,,,
2002,Female,W50,1,930.0,17.86,141.0,2.69,56.0,4.89,201.0,1.0,141.0,96.64,0.0,30.38,6.0,14.21,176.0,1.4,64.0,12.07,143.0,523.48,2.0
2002,Male,M,1,4942.0,13.01,466.0,5.24,429.0,10.78,533.0,1.68,528.0,58.24,475.0,17.63,560.0,34.7,558.0,3.4,457.0,43.31,490.0,320.77,446.0
2002,Male,M,2,4834.0,12.59,540.0,5.51,483.0,9.8,474.0,1.72,560.0,58.62,461.0,16.43,685.0,26.75,401.0,3.0,357.0,36.5,392.0,314.11,481.0
2002,Male,M,3,4560.0,12.62,534.0,5.43,467.0,9.08,431.0,1.56,434.0,57.15,515.0,16.46,682.0,22.75,324.0,2.8,309.0,35.64,379.0,313.41,485.0
2002,Male,M,4,4523.0,12.37,580.0,5.21,423.0,9.06,429.0,1.64,496.0,55.49,579.0,17.79,544.0,25.81,383.0,2.6,264.0,37.5,406.0,326.12,419.0
2002,Male,M,5,4401.0,12.92,481.0,5.16,413.0,8.8,414.0,1.76,593.0,56.46,541.0,18.52,475.0,22.53,320.0,2.6,264.0,35.62,379.0,306.82,521.0
2002,Male,M,6,4381.0,11.79,693.0,5.5,481.0,8.0,366.0,1.56,434.0,52.62,698.0,17.71,552.0,19.51,263.0,1.4,40.0,21.35,180.0,280.96,674.0
2002,Male,M,7,4363.0,11.85,681.0,5.19,419.0,10.91,540.0,1.64,496.0,58.15,478.0,17.82,542.0,29.8,461.0,2.2,179.0,40.45,449.0,402.37,118.0
2002,Male,M,8,4300.0,12.2,612.0,5.65,512.0,9.48,454.0,1.76,593.0,58.93,450.0,17.12,612.0,23.31,335.0,2.2,179.0,31.76,324.0,368.95,229.0
2002,Male,M,9,4273.0,12.89,487.0,5.08,398.0,9.33,445.0,1.68,528.0,58.17,478.0,17.58,565.0,24.66,361.0,2.2,179.0,31.1,315.0,307.57,517.0
2002,Male,M,10,4175.0,13.54,380.0,5.16,413.0,9.08,431.0,1.56,434.0,62.28,339.0,18.47,480.0,26.09,388.0,3.4,457.0,34.22,359.0,311.67,494.0
2002,Male,M,11,4139.0,12.23,606.0,5.06,394.0,8.5,396.0,1.64,496.0,56.98,522.0,17.91,533.0,22.54,320.0,2.6,264.0,30.32,304.0,350.45,304.0
2002,Male,M,12,4074.0,12.12,628.0,5.11,404.0,7.12,314.0,1.56,434.0,61.63,359.0,15.71,766.0,20.93,290.0,2.2,179.0,28.43,277.0,325.25,423.0
2002,Male,M,13,4040.0,13.84,335.0,5.22,425.0,8.33,386.0,1.56,434.0,59.77,421.0,18.45,482.0,25.35,374.0,2.6,264.0,39.33,432.0,313.1,487.0
2002,Male,M,14,3954.0,12.78,506.0,5.49,479.0,9.0,426.0,1.56,434.0,62.29,339.0,17.84,540.0,25.69,380.0,2.8,309.0,31.63,322.0,371.46,219.0
2002,Male,M,15,3947.0,12.48,560.0,5.15,411.0,9.63,463.0,1.64,496.0,62.17,342.0,19.13,421.0,23.71,342.0,2.2,179.0,34.62,365.0,336.42,368.0
2002,Male,M,16,3888.0,12.75,511.0,5.17,415.0,8.32,385.0,1.6,464.0,59.32,437.0,18.06,518.0,19.44,262.0,2.8,309.0,28.05,272.0,348.14,315.0
2002,Male,M,17,3871.0,12.53,551.0,5.46,473.0,9.63,463.0,1.56,434.0,61.36,368.0,20.81,288.0,27.16,409.0,2.8,309.0,30.55,307.0,358.81,269.0
2002,Male,M,18,3867.0,13.22,431.0,5.16,413.0,9.14,434.0,1.56,434.0,62.68,327.0,19.97,352.0,27.74,420.0,2.6,264.0,35.41,376.0,326.65,416.0
2002,Male,M,19,3862.0,13.01,466.0,4.63,313.0,7.75,352.0,1.56,434.0,59.25,439.0,18.44,483.0,23.67,342.0,2.4,220.0,25.58,238.0,297.34,575.0
2002,Male,M,20,3830.0,13.56,377.0,5.16,413.0,9.22,439.0,1.6,464.0,62.7,326.0,18.78,452.0,24.7,361.0,2.6,264.0,34.86,368.0,336.9,366.0
2002,Male,M,21,3813.0,12.04,643.0,5.03,388.0,7.3,325.0,1.52,404.0,58.81,455.0,18.49,478.0,20.28,277.0,2.0,140.0,28.88,283.0,325.91,420.0
2002,Male,M,22,3797.0,12.96,475.0,5.4,461.0,10.2,498.0,1.6,464.0,63.94,289.0,19.18,417.0,20.5,281.0,3.2,406.0,31.46,320.0,380.7,186.0
2002,Male,M,23,3776.0,12.72,516.0,4.88,360.0,8.28,383.0,1.44,345.0,60.75,388.0,18.69,460.0,23.23,333.0,2.2,179.0,28.72,281.0,305.1,531.0
2002,Male,M,24,3663.0,13.22,431.0,5.77,537.0,8.98,425.0,1.72,560.0,68.85,162.0,18.46,481.0,25.14,370.0,2.4,220.0,32.22,331.0,392.85,146.0
2002,Male,M,25,3654.0,13.55,379.0,5.35,451.0,9.59,461.0,1.56,434.0,64.18,282.0,19.35,402.0,25.13,370.0,2.2,179.0,37.01,399.0,352.09,297.0
2002,Male,M,26,3649.0,13.1,451.0,5.17,415.0,7.14,316.0,1.56,434.0,60.31,403.0,19.07,426.0,18.83,250.0,2.0,140.0,30.37,304.0,308.8,510.0
2002,Male,M,27,3639.0,12.92,481.0,5.18,417.0,8.27,382.0,1.68,528.0,61.78,355.0,19.75,369.0,21.26,296.0,2.6,264.0,22.55,196.0,340.06,351.0
2002,Male,M,28,3628.0,13.31,417.0,5.05,392.0,8.53,398.0,1.56,434.0,65.79,238.0,19.2,415.0,24.87,365.0,3.0,357.0,31.5,320.0,353.41,292.0
2002,Male,M,29,3560.0,13.51,385.0,4.75,335.0,7.58,341.0,1.4,317.0,58.75,457.0,20.17,336.0,17.23,221.0,2.0,140.0,28.3,275.0,268.7,753.0
2002,Male,M,30,3535.0,12.88,488.0,4.85,354.0,9.08,431.0,1.36,290.0,61.31,370.0,20.08,343.0,21.94,309.0,2.2,179.0,29.62,294.0,314.83,477.0
2002,Male,M,31,3522.0,13.36,409.0,5.31,443.0,9.55,459.0,1.6,464.0,65.91,234.0,19.8,365.0,24.91,365.0,2.4,220.0,40.54,450.0,404.07,113.0
2002,Male,M,32,3484.0,12.77,508.0,5.14,409.0,9.29,443.0,1.44,345.0,63.2,311.0,20.64,300.0,25.42,375.0,2.4,220.0,28.21,274.0,351.62,299.0
2002,Male,M,33,3465.0,13.0,468.0,5.2,421.0,8.65,405.0,1.6,464.0,62.6,329.0,20.9,282.0,21.97,309.0,2.2,179.0,30.13,301.0,349.89,307.0
2002,Male,M,34,3445.0,13.63,367.0,4.9,363.0,7.73,350.0,1.6,464.0,59.66,425.0,21.2,261.0,16.96,216.0,2.6,264.0,28.05,272.0,317.46,463.0
2002,Male,M,35,3433.0,13.62,368.0,5.13,407.0,9.01,426.0,1.48,374.0,60.52,396.0,20.19,334.0,19.66,266.0,2.2,179.0,30.05,300.0,333.32,383.0
2002,Male,M,36,3400.0,12.69,522.0,4.81,346.0,8.55,399.0,1.48,374.0,64.33,278.0,18.93,439.0,22.29,315.0,2.0,140.0,34.34,361.0,369.69,226.0
2002,Male,M,37,3388.0,13.76,347.0,4.71,328.0,9.18,437.0,1.52,404.0,62.6,329.0,21.93,213.0,22.97,328.0,2.8,309.0,32.24,331.0,337.83,362.0
2002,Male,M,38,3360.0,13.09,453.0,5.1,402.0,7.46,334.0,1.6,464.0,64.24,280.0,18.16,509.0,15.95,197.0,2.4,220.0,25.31,234.0,359.34,267.0
2002,Male,M,39,3289.0,12.88,488.0,4.42,276.0,7.62,344.0,1.56,434.0,63.44,304.0,18.19,506.0,22.67,322.0,2.0,140.0,24.85,227.0,364.08,248.0
2002,Male,M,40,3268.0,12.74,513.0,5.03,388.0,7.7,349.0,1.6,464.0,61.17,374.0,21.29,254.0,18.7,248.0,2.0,140.0,29.15,287.0,363.17,251.0
2002,Male,M,41,3265.0,13.56,377.0,4.97,377.0,8.07,370.0,1.44,345.0,62.69,326.0,20.52,309.0,20.18,275.0,2.2,179.0,29.37,290.0,326.4,417.0
2002,Male,M,42,3207.0,13.15,443.0,4.94,371.0,8.11,373.0,1.48,374.0,62.56,330.0,21.09,268.0,19.71,267.0,2.0,140.0,27.35,262.0,334.13,379.0
2002,Male,M,43,3204.0,13.36,409.0,4.39,271.0,7.28,324.0,1.52,404.0,59.54,429.0,20.7,296.0,17.44,224.0,2.0,140.0,29.04,286.0,325.69,421.0
2002,Male,M,44,3178.0,13.33,413.0,4.85,354.0,6.9,301.0,1.48,374.0,61.5,364.0,19.89,358.0,18.27,240.0,2.0,140.0,20.67,170.0,317.35,464.0
2002,Male,M,45,3165.0,13.51,385.0,4.74,333.0,8.59,401.0,1.52,404.0,62.86,321.0,20.86,284.0,21.39,298.0,2.0,140.0,33.33,346.0,362.68,253.0
2002,Male,M,46,3146.0,13.2,434.0,4.54,297.0,7.34,327.0,1.4,317.0,60.73,389.0,20.43,316.0,19.29,259.0,2.2,179.0,26.63,252.0,334.73,376.0
2002,Male,M,47,3138.0,13.51,385.0,4.53,295.0,8.55,399.0,1.52,404.0,64.28,279.0,20.06,344.0,20.95,290.0,2.2,179.0,25.52,237.0,345.51,326.0
2002,Male,M,48,3130.0,13.1,451.0,5.24,429.0,7.75,352.0,1.68,528.0,63.62,298.0,20.49,311.0,16.78,212.0,2.4,220.0,21.01,175.0,390.21,154.0
2002,Male,M,49,3117.0,13.51,385.0,4.7,326.0,7.5,337.0,1.48,374.0,62.22,341.0,20.25,330.0,20.67,285.0,1.6,70.0,33.24,345.0,345.95,324.0
2002,Male,M,50,3048.0,13.39,404.0,4.67,321.0,9.81,474.0,1.44,345.0,66.79,212.0,21.11,267.0,23.08,330.0,2.2,179.0,34.56,364.0,390.91,152.0
2002,Male,M,51,3027.0,13.42,399.0,5.04,390.0,8.05,369.0,1.4,317.0,65.12,256.0,20.65,300.0,19.35,260.0,2.2,179.0,29.26,289.0,359.04,268.0
2002,Male,M,52,3025.0,13.11,449.0,5.01,384.0,7.13,315.0,1.4,317.0,60.8,386.0,19.32,405.0,20.2,276.0,2.2,179.0,,,348.23,314.0
2002,Male,M,53,3024.0,13.13,446.0,4.68,323.0,7.15,316.0,1.32,263.0,58.65,460.0,21.98,210.0,19.44,262.0,2.2,179.0,21.39,180.0,332.88,385.0
2002,Male,M,54,3008.0,14.08,301.0,4.39,271.0,8.42,391.0,1.64,496.0,68.72,165.0,20.64,300.0,23.13,331.0,2.4,220.0,34.88,368.0,386.99,165.0
2002,Male,M,55,2989.0,12.72,516.0,4.64,315.0,7.4,331.0,1.4,317.0,57.75,493.0,22.67,169.0,16.71,211.0,1.4,40.0,19.34,152.0,321.02,445.0
2002,Male,M,56,2984.0,14.2,284.0,4.5,290.0,8.18,377.0,1.4,317.0,62.65,327.0,20.46,314.0,19.23,258.0,2.2,179.0,28.27,275.0,337.47,363.0
2002,Male,M,57,2971.0,13.54,380.0,4.82,348.0,6.78,294.0,1.36,290.0,62.74,325.0,21.06,270.0,19.02,254.0,2.0,140.0,30.34,304.0,336.82,366.0
2002,Male,M,58,2870.0,14.32,268.0,4.74,333.0,8.21,379.0,1.4,317.0,64.16,283.0,19.68,375.0,17.96,234.0,1.8,103.0,18.8,145.0,323.32,433.0
2002,Male,M,59,2865.0,13.95,319.0,4.65,317.0,7.02,308.0,1.32,263.0,61.67,358.0,21.59,234.0,18.15,238.0,1.8,103.0,22.96,201.0,306.37,524.0
2002,Male,M,60,2849.0,13.84,335.0,4.68,323.0,6.89,301.0,1.68,528.0,66.48,219.0,19.99,350.0,18.18,238.0,1.6,70.0,26.51,250.0,367.26,235.0
2002,Male,M,61,2811.0,14.24,279.0,4.12,225.0,7.34,327.0,1.44,345.0,66.65,215.0,20.87,284.0,21.15,294.0,2.2,179.0,28.66,280.0,333.25,383.0
2002,Male,M,62,2780.0,13.76,347.0,4.26,249.0,8.31,385.0,1.48,374.0,65.52,245.0,18.91,440.0,18.05,236.0,1.8,103.0,27.48,264.0,395.85,137.0
2002,Male,M,63,2745.0,13.96,318.0,4.58,304.0,8.85,417.0,1.52,404.0,67.04,205.0,22.36,187.0,20.7,285.0,1.8,103.0,31.91,326.0,377.91,196.0
2002,Male,M,64,2719.0,14.03,308.0,4.16,232.0,8.27,382.0,1.48,374.0,69.68,144.0,22.02,207.0,20.59,283.0,2.6,264.0,28.69,281.0,364.92,244.0
2002,Male,M,65,2687.0,13.82,338.0,4.5,290.0,10.04,488.0,1.52,404.0,73.74,70.0,20.06,344.0,23.45,337.0,,,28.81,282.0,396.7,134.0
2002,Male,M,66,2677.0,13.52,383.0,4.53,295.0,7.4,331.0,1.44,345.0,64.9,262.0,21.6,234.0,16.02,198.0,2.0,140.0,21.6,183.0,349.98,306.0
2002,Male,M,67,2664.0,13.87,331.0,4.68,323.0,7.6,343.0,1.56,434.0,62.92,319.0,21.85,218.0,16.74,212.0,,,25.2,232.0,363.08,252.0
2002,Male,M,68,2661.0,13.49,388.0,4.51,292.0,6.86,299.0,1.44,345.0,70.0,138.0,21.15,264.0,18.85,251.0,2.0,140.0,26.98,257.0,354.59,287.0
2002,Male,M,69,2659.0,13.49,388.0,4.89,361.0,8.24,381.0,1.44,345.0,66.4,222.0,22.53,177.0,18.78,249.0,2.0,140.0,31.18,316.0,416.79,80.0
2002,Male,M,70,2615.0,14.21,283.0,4.59,306.0,9.6,462.0,1.36,290.0,69.68,144.0,20.16,337.0,22.6,321.0,2.0,140.0,32.29,332.0,,
2002,Male,M,71,2613.0,13.72,353.0,4.63,313.0,7.13,315.0,1.44,345.0,67.07,205.0,20.85,285.0,18.66,247.0,2.4,220.0,16.39,113.0,372.18,217.0
2002,Male,M,72,2587.0,13.54,380.0,4.81,346.0,7.64,345.0,1.48,374.0,69.36,151.0,22.4,184.0,19.15,256.0,2.2,179.0,29.1,287.0,414.67,85.0
2002,Male,M,73,2585.0,13.75,348.0,4.69,324.0,7.22,320.0,1.4,317.0,69.54,147.0,20.27,328.0,18.95,252.0,2.0,140.0,24.3,220.0,379.69,189.0
2002,Male,M,74,2583.0,13.64,365.0,4.84,352.0,7.19,318.0,1.28,237.0,68.61,168.0,21.44,244.0,20.99,291.0,2.0,140.0,22.95,201.0,359.34,267.0
2002,Male,M,75,2578.0,13.2,434.0,4.56,301.0,7.79,354.0,1.4,317.0,61.12,376.0,21.6,234.0,16.04,199.0,2.2,179.0,21.68,184.0,,
2002,Male,M,76,2574.0,13.92,324.0,4.15,230.0,7.09,313.0,1.28,237.0,61.16,375.0,20.23,331.0,,,,,23.41,208.0,300.69,556.0
2002,Male,M,77,2527.0,14.0,312.0,4.49,288.0,7.83,356.0,1.48,374.0,71.14,115.0,21.86,217.0,19.55,264.0,2.0,140.0,27.02,257.0,375.6,204.0
2002,Male,M,78,2524.0,14.07,302.0,4.47,285.0,9.0,426.0,1.4,317.0,69.51,148.0,21.64,231.0,21.72,304.0,1.8,103.0,26.91,256.0,390.87,152.0
2002,Male,M,79,2515.0,13.24,428.0,4.49,288.0,6.81,296.0,1.44,345.0,68.59,168.0,22.54,176.0,21.69,304.0,1.2,15.0,28.24,275.0,371.15,220.0
2002,Male,M,80,2499.0,14.45,251.0,4.25,247.0,8.5,396.0,1.44,345.0,70.54,127.0,22.89,157.0,20.59,283.0,2.0,140.0,35.87,383.0,385.28,170.0
2002,Male,M,81,2455.0,12.97,473.0,4.56,301.0,10.09,491.0,1.64,496.0,75.51,45.0,,,23.16,332.0,,,31.27,317.0,,
2002,Male,M,82,2420.0,14.22,282.0,4.28,252.0,7.51,337.0,1.44,345.0,72.22,95.0,20.34,323.0,18.48,244.0,2.0,140.0,29.31,290.0,404.31,112.0
2002,Male,M,83,2362.0,14.06,304.0,4.28,252.0,6.2,260.0,1.28,237.0,66.98,207.0,22.97,153.0,19.96,271.0,2.4,220.0,19.07,149.0,349.41,309.0
2002,Male,M,84,2355.0,,,4.12,225.0,6.89,301.0,1.44,345.0,67.57,192.0,22.24,194.0,19.16,256.0,2.0,140.0,28.05,272.0,323.96,430.0
2002,Male,M,85,2350.0,14.78,211.0,2.11,0.0,6.93,303.0,1.48,374.0,66.35,223.0,22.42,183.0,19.7,266.0,1.6,70.0,29.9,298.0,325.45,422.0
2002,Male,M,86,2343.0,14.64,228.0,4.14,229.0,7.16,317.0,1.36,290.0,68.22,177.0,21.51,240.0,20.08,274.0,1.6,70.0,23.92,215.0,350.75,303.0
2002,Male,M,87,2279.0,14.06,304.0,4.48,287.0,7.75,352.0,1.4,317.0,69.54,147.0,21.56,236.0,16.93,215.0,2.2,179.0,21.93,187.0,428.64,55.0
2002,Male,M,88,2269.0,14.3,271.0,4.15,230.0,7.36,328.0,1.36,290.0,67.3,199.0,21.21,260.0,16.52,208.0,2.0,140.0,24.65,225.0,402.29,118.0
2002,Male,M,89,2253.0,13.86,332.0,4.36,266.0,7.54,339.0,1.28,237.0,68.56,169.0,21.18,262.0,19.04,254.0,1.8,103.0,25.25,233.0,426.78,58.0
2002,Male,M,90,2247.0,12.32,589.0,5.18,417.0,8.38,389.0,1.64,496.0,61.75,356.0,,,,,,,,,,
2002,Male,M,91,2237.0,13.52,383.0,4.54,297.0,6.21,261.0,1.32,263.0,67.15,203.0,22.31,190.0,12.75,140.0,,,23.56,210.0,353.89,290.0
2002,Male,M,92,2210.0,13.32,415.0,5.73,529.0,8.33,386.0,1.52,404.0,58.2,476.0,,,,,,,,,,
2002,Male,M,93,2203.0,13.44,396.0,3.92,193.0,6.97,306.0,1.4,317.0,65.78,238.0,23.06,148.0,15.97,198.0,1.6,70.0,17.46,127.0,373.92,210.0
2002,Male,M,94,2181.0,14.19,286.0,4.03,211.0,6.48,277.0,1.28,237.0,65.37,249.0,21.76,223.0,15.76,194.0,2.0,140.0,16.55,115.0,363.74,249.0
2002,Male,M,95,2135.0,14.76,213.0,4.44,280.0,6.97,306.0,1.36,290.0,68.46,171.0,22.39,185.0,17.98,234.0,2.0,140.0,18.7,144.0,384.74,172.0
2002,Male,M,96,2125.0,14.59,234.0,4.3,255.0,7.99,366.0,1.4,317.0,69.49,148.0,24.41,85.0,19.1,255.0,2.2,179.0,29.06,286.0,,
2002,Male,M,97,2120.0,14.08,301.0,4.51,292.0,8.13,374.0,1.36,290.0,75.8,41.0,23.44,129.0,20.25,277.0,2.0,140.0,28.35,276.0,,
2002,Male,M,98,2120.0,13.69,357.0,4.15,230.0,9.41,450.0,1.28,237.0,71.36,111.0,22.68,168.0,19.54,263.0,1.2,15.0,24.05,216.0,419.86,73.0
2002,Male,M,99,2117.0,15.16,168.0,4.25,247.0,8.12,373.0,1.4,317.0,73.33,76.0,27.5,5.0,19.12,256.0,2.4,220.0,22.99,202.0,362.84,253.0
2002,Male,M,100,2115.0,13.82,338.0,4.15,230.0,6.5,278.0,1.32,263.0,66.83,211.0,22.61,172.0,16.26,203.0,2.0,140.0,23.58,210.0,421.38,70.0
2002,Male,M,101,2102.0,14.75,214.0,4.32,259.0,6.75,293.0,1.32,263.0,67.47,195.0,23.21,140.0,14.0,162.0,1.6,70.0,20.26,165.0,342.23,341.0
2002,Male,M,102,2066.0,14.57,236.0,4.12,225.0,7.8,354.0,1.28,237.0,67.86,185.0,24.29,90.0,16.22,202.0,1.8,103.0,21.75,185.0,363.64,249.0
2002,Male,M,103,2061.0,15.25,158.0,4.32,259.0,7.25,322.0,1.4,317.0,70.5,127.0,24.74,73.0,21.59,302.0,1.6,70.0,24.92,228.0,375.26,205.0
2002,Male,M,104,2043.0,13.81,340.0,4.43,278.0,6.04,251.0,1.2,188.0,70.44,129.0,22.36,187.0,16.49,207.0,,,22.85,200.0,360.25,263.0
2002,Male,M,105,1997.0,14.41,257.0,4.48,287.0,6.12,256.0,,,66.62,216.0,23.36,133.0,14.8,176.0,1.4,40.0,20.47,168.0,317.34,464.0
2002,Male,M,106,1956.0,14.56,238.0,3.98,203.0,5.63,227.0,1.2,188.0,66.02,231.0,23.71,116.0,14.9,178.0,1.4,40.0,17.28,125.0,327.78,410.0
2002,Male,M,107,1922.0,12.91,483.0,4.9,363.0,8.24,381.0,1.52,404.0,63.87,291.0,,,,,,,,,,
2002,Male,M,108,1914.0,14.58,235.0,4.42,276.0,6.76,293.0,1.36,290.0,74.18,63.0,20.24,330.0,15.89,196.0,1.4,40.0,22.22,191.0,,
2002,Male,M,109,1907.0,14.2,284.0,3.45,123.0,7.17,317.0,1.36,290.0,72.42,91.0,22.53,177.0,16.48,207.0,1.4,40.0,23.09,203.0,383.99,175.0
2002,Male,M,110,1867.0,14.78,211.0,4.53,295.0,6.86,299.0,1.32,263.0,75.2,49.0,22.38,186.0,18.36,241.0,2.2,179.0,17.24,125.0,451.0,19.0
2002,Male,M,111,1864.0,14.02,309.0,3.9,190.0,7.62,344.0,1.2,188.0,75.12,50.0,,,20.51,282.0,2.2,179.0,28.03,272.0,430.94,50.0
2002,Male,M,112,1844.0,15.13,171.0,4.29,254.0,6.95,304.0,1.44,345.0,74.99,52.0,25.83,37.0,20.15,275.0,1.8,103.0,25.65,238.0,423.79,65.0
2002,Male,M,113,1776.0,14.48,248.0,3.92,193.0,7.25,322.0,1.24,212.0,74.23,62.0,23.42,130.0,16.95,215.0,1.8,103.0,21.08,176.0,403.47,115.0
2002,Male,M,114,1753.0,,,,,,,,,,,19.15,419.0,27.46,415.0,2.2,179.0,30.49,306.0,323.15,434.0
2002,Male,M,115,1611.0,14.38,261.0,3.65,152.0,7.73,350.0,1.28,237.0,123.12,0.0,22.56,175.0,19.7,266.0,1.4,40.0,17.67,130.0,,
2002,Male,M,116,1591.0,14.34,266.0,3.87,185.0,6.19,260.0,,,67.0,206.0,23.82,111.0,14.46,170.0,,,18.99,148.0,364.78,245.0
2002,Male,M,117,1544.0,14.06,304.0,4.47,285.0,7.5,337.0,1.52,404.0,66.68,214.0,,,,,,,,,,
2002,Male,M,118,1486.0,13.22,431.0,,,,,,,66.99,207.0,,,28.93,443.0,1.8,103.0,30.23,302.0,,
2002,Male,M,119,1472.0,13.84,335.0,,,7.25,322.0,,,71.57,107.0,,,16.78,212.0,2.2,179.0,31.28,317.0,,
2002,Male,M,120,1457.0,14.58,235.0,4.08,219.0,6.13,256.0,1.36,290.0,72.96,82.0,25.86,37.0,15.22,184.0,,,17.36,126.0,443.89,28.0
2002,Male,M,121,1456.0,15.88,99.0,3.55,137.0,6.44,274.0,1.2,188.0,72.24,95.0,31.67,0.0,16.44,206.0,1.2,15.0,24.9,228.0,372.88,214.0
2002,Male,M,122,1399.0,15.76,109.0,3.74,165.0,6.8,296.0,1.32,263.0,,,,,17.0,216.0,,,25.68,239.0,404.84,111.0
2002,Male,M,123,1293.0,15.79,106.0,3.42,119.0,6.43,274.0,1.16,165.0,77.16,26.0,,,17.38,223.0,1.2,15.0,21.81,186.0,382.83,179.0
2002,Male,M,124,1239.0,13.84,335.0,,,,,,,67.67,190.0,,,19.79,268.0,2.0,140.0,30.51,306.0,,
2002,Male,M,125,1145.0,14.38,261.0,3.2,90.0,5.25,205.0,1.16,165.0,75.57,44.0,25.37,51.0,14.16,165.0,1.8,103.0,12.34,61.0,523.69,0.0
2002,Male,M,126,1128.0,13.99,314.0,,,6.49,277.0,,,67.07,205.0,,,15.68,192.0,2.0,140.0,,,,
2002,Male,M,127,1099.0,14.68,223.0,4.17,234.0,6.33,268.0,1.4,317.0,74.64,57.0,,,,,,,,,,
2002,Male,M,128,1034.0,15.01,184.0,3.3,103.0,6.62,285.0,1.04,100.0,76.78,30.0,27.36,7.0,13.3,150.0,,,16.6,116.0,426.29,59.0
2002,Male,M,129,891.0,15.04,181.0,,,,,,,70.43,129.0,,,15.37,187.0,2.0,140.0,26.76,254.0,,
2002,Male,M,130,734.0,14.7,220.0,,,,,,,73.46,74.0,,,17.97,234.0,,,23.29,206.0,,
2002,Male,M,131,709.0,14.84,204.0,,,,,,,74.88,53.0,,,19.38,260.0,1.6,70.0,17.07,122.0,,
2002,Male,M,132,708.0,16.5,52.0,3.5,130.0,5.78,236.0,1.36,290.0,86.95,0.0,,,,,,,,,,
2002,Male,M,133,643.0,15.62,122.0,3.47,126.0,6.08,253.0,1.12,142.0,81.46,0.0,,,,,,,,,,
2002,Male,M,134,599.0,,,,,,,,,,,,,18.57,245.0,1.6,70.0,28.93,284.0,,
2002,Male,M,135,585.0,15.71,113.0,,,,,,,79.08,10.0,,,14.87,178.0,1.8,103.0,21.42,181.0,,
2002,Male,M,136,573.0,14.54,240.0,,,,,,,,,,,19.5,263.0,1.6,70.0,,,,
2002,Male,M40,1,3811.0,13.13,446.0,3.98,203.0,8.91,420.0,1.44,345.0,59.36,435.0,17.75,548.0,24.45,357.0,2.4,220.0,28.86,283.0,301.04,554.0
2002,Male,M40,2,3694.0,12.61,536.0,5.33,447.0,8.21,379.0,1.6,464.0,63.66,297.0,17.7,553.0,20.4,280.0,2.2,179.0,36.1,386.0,384.37,173.0
2002,Male,M40,3,3485.0,13.59,373.0,4.79,343.0,7.57,341.0,1.52,404.0,63.67,297.0,17.95,529.0,21.98,309.0,3.0,357.0,29.37,290.0,365.64,242.0
2002,Male,M40,4,3024.0,13.68,359.0,4.72,330.0,7.62,344.0,1.4,317.0,63.94,289.0,18.81,449.0,21.62,303.0,1.4,40.0,30.94,312.0,355.94,281.0
2002,Male,M40,5,3009.0,13.68,359.0,4.78,341.0,9.07,430.0,1.4,317.0,70.94,119.0,21.4,247.0,26.2,390.0,2.4,220.0,33.42,348.0,366.67,238.0
2002,Male,M40,6,2945.0,14.03,308.0,4.45,281.0,7.8,354.0,1.32,263.0,66.12,229.0,19.7,373.0,27.36,413.0,2.2,179.0,27.39,263.0,355.63,282.0
2002,Male,M40,7,2874.0,14.18,287.0,4.58,304.0,7.32,326.0,1.44,345.0,62.7,326.0,19.86,360.0,20.85,288.0,1.8,103.0,26.68,253.0,355.67,282.0
2002,Male,M40,8,2852.0,13.58,374.0,4.58,304.0,7.57,341.0,1.32,263.0,63.22,310.0,20.31,325.0,18.63,246.0,2.0,140.0,25.95,243.0,350.07,306.0
2002,Male,M40,9,2789.0,13.3,418.0,4.55,299.0,7.57,341.0,1.64,496.0,66.3,224.0,20.0,349.0,16.7,211.0,2.0,140.0,23.1,203.0,405.79,108.0
2002,Male,M40,10,2744.0,12.75,511.0,,,,,,,57.89,488.0,,,35.72,578.0,3.8,562.0,51.11,605.0,,
2002,Male,M40,11,2498.0,14.76,213.0,4.32,259.0,7.56,340.0,1.36,290.0,70.75,122.0,20.02,348.0,18.45,243.0,1.8,103.0,32.78,339.0,365.68,241.0
2002,Male,M40,12,2352.0,14.24,279.0,4.38,269.0,8.23,380.0,1.48,374.0,69.53,148.0,20.39,319.0,19.47,262.0,1.4,40.0,23.96,215.0,422.9,66.0
2002,Male,M40,13,1937.0,15.29,418.0,3.62,147.0,8.65,441.0,1.28,237.0,77.43,165.0,,,22.18,317.0,1.6,110.0,15.43,101.0,473.0,1.0
2002,Male,M40,14,1296.0,14.43,254.0,,,,,,,67.75,188.0,,,28.02,426.0,1.6,70.0,34.16,358.0,,
2002,Male,M40,15,1261.0,16.0,89.0,3.73,164.0,7.65,346.0,,,80.61,2.0,23.72,115.0,15.03,181.0,1.6,70.0,22.21,191.0,407.82,103.0
2002,Male,M40,16,1144.0,15.5,133.0,2.95,60.0,6.4,272.0,1.0,81.0,74.84,54.0,33.83,0.0,18.43,243.0,1.6,70.0,14.2,85.0,392.85,146.0
2002,Male,M40,17,1060.0,14.43,254.0,,,,,,,68.94,160.0,,,17.8,231.0,2.0,140.0,28.24,275.0,,
2002,Male,M40,18,674.0,24.36,0.0,,,,,,,,,,,19.62,265.0,2.0,140.0,27.82,269.0,,
2002,Male,M40,19,489.0,,,,,6.96,305.0,,,,,,,15.24,184.0,,,,,,
2002,Male,M40,20,194.0,14.92,194.0,,,,,,,,,,,,,,,,,,
2002,Male,M50,1,2330.0,14.9,197.0,4.24,245.0,6.34,269.0,1.28,237.0,67.83,186.0,21.33,252.0,15.3,185.0,2.2,179.0,15.8,106.0,315.39,474.0
2002,Male,M50,2,1865.0,15.4,143.0,3.54,136.0,6.04,251.0,1.36,290.0,75.66,43.0,22.65,170.0,18.22,239.0,1.8,103.0,26.06,244.0,364.51,246.0
2002,Male,M50,3,976.0,16.9,30.0,2.84,48.0,6.28,265.0,1.16,165.0,85.67,0.0,25.67,42.0,16.03,199.0,,,20.76,172.0,428.51,55.0
2002,Male,M60,1,1554.0,16.92,29.0,3.49,129.0,9.01,426.0,1.28,237.0,88.7,0.0,25.44,49.0,25.63,379.0,1.6,70.0,23.58,210.0,445.87,25.0
2002,Male,M60,2,1081.0,,,,,7.22,320.0,1.4,317.0,,,,,20.13,274.0,,,20.65,170.0,,
2003,Female,W,1,3744.0,14.96,462.0,4.07,324.0,8.19,412.0,1.24,350.0,71.39,312.0,18.4,641.0,21.8,310.0,2.0,221.0,25.25,387.0,391.93,325.0
2003,Female,W,2,3399.0,14.26,564.0,4.11,333.0,6.4,297.0,1.28,389.0,71.3,315.0,20.56,459.0,20.7,290.0,2.0,221.0,24.12,366.0,435.12,165.0
2003,Female,W,3,3351.0,16.42,280.0,3.71,244.0,7.32,356.0,1.28,389.0,72.7,277.0,21.12,417.0,19.6,271.0,2.2,282.0,20.77,303.0,349.08,532.0
2003,Female,W,4,3272.0,14.16,579.0,4.11,333.0,6.61,310.0,1.36,470.0,78.09,151.0,20.56,459.0,16.84,221.0,1.6,110.0,18.79,266.0,381.07,373.0
2003,Female,W,5,2772.0,15.1,443.0,4.65,466.0,8.58,437.0,1.28,389.0,81.44,90.0,23.48,258.0,18.78,256.0,1.2,25.0,24.27,369.0,488.31,39.0
2003,Female,W,6,2673.0,15.11,442.0,3.83,270.0,7.28,353.0,1.16,275.0,74.5,231.0,22.51,319.0,16.29,212.0,1.4,64.0,17.99,252.0,409.3,255.0
2003,Female,W,7,2618.0,16.12,314.0,3.39,178.0,7.82,388.0,1.28,389.0,81.35,92.0,23.3,269.0,18.58,252.0,2.0,221.0,24.5,373.0,442.89,142.0
2003,Female,W,8,2583.0,15.77,356.0,3.91,287.0,7.51,368.0,1.16,275.0,81.68,87.0,21.96,356.0,17.35,230.0,1.8,163.0,20.91,306.0,438.5,155.0
2003,Female,W,9,2569.0,16.48,273.0,3.97,301.0,7.01,336.0,1.28,389.0,79.7,120.0,23.46,260.0,15.49,198.0,1.8,163.0,18.6,263.0,406.45,266.0
2003,Female,W,10,2476.0,15.3,416.0,3.6,220.0,6.63,311.0,1.24,350.0,77.16,170.0,23.56,254.0,15.45,197.0,1.4,64.0,23.23,349.0,441.73,145.0
2003,Female,W,11,2280.0,16.58,263.0,3.91,287.0,7.07,340.0,1.24,350.0,81.4,91.0,21.92,359.0,16.16,209.0,1.6,110.0,17.05,234.0,489.69,37.0
2003,Female,W,12,2162.0,16.5,271.0,3.6,220.0,6.47,301.0,1.24,350.0,80.45,107.0,24.46,203.0,15.9,205.0,1.6,110.0,12.61,153.0,412.55,242.0
2003,Female,W,13,2093.0,16.02,326.0,3.52,204.0,6.69,315.0,1.12,239.0,79.52,123.0,24.94,178.0,15.9,205.0,1.6,110.0,16.91,232.0,436.53,161.0
2003,Female,W,14,1640.0,16.1,317.0,3.4,180.0,6.6,309.0,1.08,205.0,117.3,0.0,26.19,120.0,18.4,249.0,1.2,25.0,17.07,235.0,561.9,0.0
2003,Female,W,15,1622.0,17.59,164.0,3.53,206.0,6.17,282.0,1.16,275.0,87.24,20.0,28.31,47.0,17.87,240.0,1.4,64.0,17.04,234.0,462.69,90.0
2003,Female,W,16,1613.0,15.76,357.0,3.07,119.0,6.96,332.0,1.08,205.0,117.24,0.0,26.59,104.0,12.23,142.0,,,23.5,354.0,,
2003,Female,W,17,1601.0,16.4,282.0,3.4,180.0,6.1,278.0,1.04,172.0,86.74,24.0,26.29,116.0,11.78,134.0,1.8,163.0,14.88,194.0,477.42,58.0
2003,Female,W,18,1569.0,16.23,301.0,3.46,192.0,6.26,288.0,1.08,205.0,94.02,0.0,26.66,101.0,13.3,160.0,,,16.09,217.0,456.56,105.0
2003,Female,W,19,1520.0,16.69,251.0,3.24,150.0,5.3,227.0,1.0,141.0,81.84,84.0,,,11.96,137.0,1.4,64.0,12.06,143.0,392.28,323.0
2003,Female,W,20,1440.0,16.82,237.0,3.06,117.0,4.8,196.0,1.0,141.0,86.12,30.0,24.59,196.0,13.49,163.0,1.2,25.0,9.31,94.0,412.84,241.0
2003,Female,W,21,1346.0,17.18,201.0,3.39,178.0,5.5,240.0,1.2,312.0,90.09,3.0,27.2,81.0,9.67,99.0,1.4,64.0,11.7,137.0,493.98,31.0
2003,Female,W,22,954.0,20.78,1.0,2.84,81.0,5.82,260.0,1.16,275.0,104.48,0.0,33.71,0.0,15.15,192.0,,,10.27,111.0,491.84,34.0
2003,Female,W,23,866.0,18.18,116.0,2.47,30.0,4.82,197.0,1.0,141.0,98.57,0.0,29.37,22.0,14.02,172.0,,,14.41,186.0,523.5,2.0
2003,Female,W,24,847.0,18.15,118.0,2.75,67.0,5.92,266.0,,,,,27.58,68.0,12.91,153.0,,,11.0,124.0,481.31,51.0
2003,Female,W,25,559.0,,,,,,,,,,,34.76,0.0,19.35,266.0,1.4,64.0,16.74,229.0,588.17,0.0
2003,Female,W,26,439.0,21.95,0.0,1.95,0.0,4.47,175.0,0.92,84.0,,,,,8.97,88.0,,,9.2,92.0,625.56,0.0
2003,Male,M,1,4753.0,12.41,573.0,5.88,561.0,8.51,397.0,1.64,496.0,56.63,535.0,16.94,631.0,23.18,332.0,2.6,264.0,35.98,384.0,296.56,580.0
2003,Male,M,2,4581.0,12.51,554.0,5.7,523.0,9.45,453.0,1.6,464.0,57.33,508.0,18.08,516.0,31.18,488.0,3.2,406.0,29.36,290.0,334.13,379.0
2003,Male,M,3,4539.0,12.93,480.0,5.38,457.0,9.29,443.0,1.52,404.0,56.83,527.0,17.27,596.0,24.36,355.0,2.8,309.0,36.88,397.0,298.09,571.0
2003,Male,M,4,4455.0,12.26,601.0,5.36,453.0,11.76,592.0,1.56,434.0,58.52,465.0,19.17,418.0,30.4,472.0,3.4,457.0,38.2,416.0,392.66,147.0
2003,Male,M,5,4452.0,12.54,549.0,5.45,471.0,10.23,499.0,1.48,374.0,54.31,627.0,18.78,452.0,28.68,439.0,2.2,179.0,32.13,329.0,304.72,533.0
2003,Male,M,6,4268.0,13.09,453.0,5.39,459.0,9.04,428.0,1.52,404.0,61.34,369.0,18.07,517.0,29.66,458.0,3.2,406.0,36.72,395.0,334.07,379.0
2003,Male,M,7,4000.0,12.77,508.0,4.78,341.0,9.36,447.0,1.56,434.0,59.91,416.0,19.26,410.0,26.03,387.0,2.4,220.0,40.35,447.0,331.89,390.0
2003,Male,M,8,3986.0,13.02,464.0,5.15,411.0,8.54,398.0,1.64,496.0,58.19,477.0,19.84,362.0,24.71,362.0,2.2,179.0,30.14,301.0,304.12,536.0
2003,Male,M,9,3954.0,12.55,547.0,5.47,475.0,10.49,515.0,1.6,464.0,57.58,499.0,16.24,706.0,28.6,437.0,,,30.86,311.0,,
2003,Male,M,10,3951.0,13.46,393.0,4.8,345.0,8.6,402.0,1.4,317.0,60.57,394.0,18.33,493.0,23.09,330.0,3.0,357.0,36.82,396.0,306.29,524.0
2003,Male,M,11,3921.0,12.64,531.0,5.0,382.0,8.12,373.0,1.6,464.0,60.5,396.0,17.92,532.0,20.86,288.0,3.0,357.0,27.78,268.0,344.63,330.0
2003,Male,M,12,3894.0,13.16,441.0,5.26,433.0,8.91,420.0,1.4,317.0,62.26,339.0,19.12,422.0,25.22,371.0,2.8,309.0,36.4,390.0,319.6,452.0
2003,Male,M,13,3891.0,12.95,476.0,5.66,514.0,8.37,388.0,1.64,496.0,62.29,339.0,19.57,384.0,18.98,253.0,2.4,220.0,34.21,359.0,317.77,462.0
2003,Male,M,14,3886.0,13.23,430.0,5.05,392.0,7.24,321.0,1.44,345.0,61.17,374.0,17.84,540.0,21.15,294.0,2.6,264.0,35.3,374.0,301.34,552.0
2003,Male,M,15,3826.0,12.75,511.0,5.01,384.0,9.7,468.0,1.48,374.0,63.02,316.0,18.81,449.0,23.787,344.0,2.6,264.0,34.67,365.0,340.08,351.0
2003,Male,M,16,3759.0,13.21,433.0,4.96,375.0,8.0,366.0,1.6,464.0,61.95,349.0,17.95,529.0,19.17,257.0,2.4,220.0,32.8,339.0,324.48,427.0
2003,Male,M,17,3748.0,12.88,488.0,4.89,361.0,8.55,399.0,1.56,434.0,60.26,404.0,19.53,387.0,22.26,315.0,2.6,264.0,26.87,255.0,321.66,441.0
2003,Male,M,18,3649.0,12.79,504.0,5.13,407.0,10.39,509.0,1.64,496.0,,,21.35,250.0,32.78,519.0,3.3,431.0,35.8,382.0,391.32,151.0
2003,Male,M,19,3606.0,13.96,318.0,4.67,321.0,8.48,395.0,1.52,404.0,60.2,406.0,21.7,227.0,23.94,347.0,2.8,309.0,34.1,357.0,306.74,522.0
2003,Male,M,20,3576.0,13.39,404.0,5.31,443.0,9.25,441.0,1.6,464.0,64.12,284.0,19.38,400.0,23.93,347.0,2.0,140.0,34.12,358.0,352.63,295.0
2003,Male,M,21,3552.0,13.28,421.0,5.07,396.0,8.24,381.0,1.4,317.0,61.54,362.0,19.55,386.0,21.74,305.0,2.4,220.0,30.42,305.0,318.34,459.0
2003,Male,M,22,3526.0,12.51,554.0,5.23,427.0,,,1.44,345.0,62.39,335.0,19.31,406.0,25.25,372.0,2.6,264.0,38.42,419.0,329.03,404.0
2003,Male,M,23,3422.0,13.34,412.0,4.65,317.0,7.27,323.0,1.52,404.0,59.53,429.0,20.64,300.0,22.43,318.0,2.2,179.0,24.53,223.0,307.56,517.0
2003,Male,M,24,3324.0,13.79,343.0,5.0,382.0,7.51,337.0,1.52,404.0,66.33,223.0,18.6,468.0,16.38,205.0,2.8,309.0,21.39,180.0,315.66,473.0
2003,Male,M,25,3288.0,12.83,497.0,4.75,335.0,7.77,353.0,1.48,374.0,65.12,256.0,18.33,493.0,23.23,333.0,2.2,179.0,24.63,224.0,365.14,244.0
2003,Male,M,26,3286.0,13.42,399.0,5.33,447.0,8.61,403.0,1.56,434.0,65.98,232.0,20.59,304.0,21.15,294.0,3.0,357.0,31.0,313.0,407.84,103.0
2003,Male,M,27,3276.0,13.15,443.0,4.91,365.0,8.49,395.0,1.48,374.0,60.51,396.0,20.22,332.0,19.44,262.0,1.2,15.0,24.79,227.0,316.79,467.0
2003,Male,M,28,3274.0,13.23,430.0,4.97,377.0,7.64,345.0,1.48,374.0,71.15,115.0,19.35,402.0,23.58,340.0,2.8,309.0,27.77,268.0,348.27,314.0
2003,Male,M,29,3222.0,13.48,390.0,4.73,332.0,7.16,317.0,1.44,345.0,61.69,357.0,20.48,312.0,20.7,285.0,2.0,140.0,32.28,331.0,327.23,413.0
2003,Male,M,30,3193.0,12.99,470.0,5.45,471.0,8.39,389.0,1.56,434.0,67.16,202.0,20.18,335.0,18.6,246.0,1.8,103.0,24.46,222.0,346.73,321.0
2003,Male,M,31,3176.0,13.31,417.0,5.04,390.0,8.91,420.0,1.44,345.0,66.78,212.0,19.86,360.0,23.62,341.0,2.0,140.0,31.41,319.0,368.15,232.0
2003,Male,M,32,3113.0,13.53,382.0,4.96,375.0,7.8,354.0,1.44,345.0,64.98,259.0,20.99,275.0,21.62,303.0,2.4,220.0,34.42,362.0,366.54,238.0
2003,Male,M,33,3093.0,12.54,549.0,4.65,317.0,7.76,352.0,1.28,237.0,64.02,287.0,19.55,386.0,23.13,331.0,2.6,264.0,18.49,141.0,368.86,229.0
2003,Male,M,34,3083.0,13.31,417.0,5.24,429.0,8.32,385.0,1.64,496.0,,,20.24,330.0,21.0,291.0,2.6,264.0,23.76,212.0,361.2,259.0
2003,Male,M,35,3066.0,13.31,417.0,4.56,301.0,6.94,304.0,1.32,263.0,62.7,326.0,20.92,280.0,18.76,249.0,2.4,220.0,28.48,278.0,324.2,428.0
2003,Male,M,36,3045.0,13.2,434.0,5.09,400.0,7.31,326.0,1.52,404.0,63.99,287.0,20.56,306.0,18.78,249.0,2.4,220.0,18.88,146.0,357.74,273.0
2003,Male,M,37,3008.0,13.56,377.0,4.35,264.0,7.67,347.0,1.44,345.0,63.66,297.0,20.36,321.0,22.06,311.0,2.2,179.0,26.58,251.0,347.7,316.0
2003,Male,M,38,2996.0,14.13,294.0,5.18,417.0,8.8,414.0,1.6,464.0,70.18,134.0,20.97,277.0,24.33,354.0,2.4,220.0,35.22,373.0,431.48,49.0
2003,Male,M,39,2967.0,13.76,347.0,4.73,332.0,7.05,310.0,1.44,345.0,62.58,330.0,20.55,307.0,16.61,209.0,2.0,140.0,29.54,293.0,339.49,354.0
2003,Male,M,40,2954.0,13.19,436.0,4.35,264.0,7.35,328.0,1.4,317.0,61.13,376.0,22.46,181.0,19.68,266.0,1.2,15.0,29.82,297.0,315.42,474.0
2003,Male,M,41,2953.0,13.41,401.0,3.89,188.0,8.34,386.0,1.32,263.0,66.24,226.0,20.75,292.0,18.72,248.0,2.6,264.0,27.83,269.0,326.71,416.0
2003,Male,M,42,2952.0,13.25,426.0,4.35,264.0,7.91,361.0,1.4,317.0,61.9,351.0,23.8,112.0,22.2,314.0,2.2,179.0,28.85,283.0,341.46,345.0
2003,Male,M,43,2901.0,13.86,332.0,4.71,328.0,8.26,382.0,1.44,345.0,68.86,162.0,19.55,386.0,18.49,244.0,2.6,264.0,28.08,272.0,380.54,186.0
2003,Male,M,44,2889.0,14.14,293.0,4.17,234.0,7.58,341.0,1.68,528.0,66.43,221.0,22.52,178.0,21.18,294.0,2.2,179.0,23.42,208.0,327.25,413.0
2003,Male,M,45,2881.0,13.25,426.0,5.2,421.0,7.45,334.0,1.4,317.0,64.37,277.0,19.97,352.0,18.24,239.0,1.6,70.0,25.2,232.0,373.26,213.0
2003,Male,M,46,2844.0,13.67,360.0,4.45,281.0,7.21,320.0,1.4,317.0,65.38,249.0,20.67,298.0,17.67,229.0,2.2,179.0,22.63,197.0,327.13,414.0
2003,Male,M,47,2830.0,13.84,335.0,4.5,290.0,7.44,333.0,1.44,345.0,66.87,210.0,21.49,241.0,20.95,290.0,1.6,70.0,31.75,324.0,331.55,392.0
2003,Male,M,48,2821.0,14.24,279.0,4.11,224.0,9.04,428.0,1.56,434.0,67.18,202.0,21.88,216.0,23.02,329.0,2.2,179.0,33.55,349.0,382.11,181.0
2003,Male,M,49,2819.0,14.1,298.0,4.54,297.0,8.58,401.0,1.44,345.0,64.44,275.0,19.46,393.0,17.34,223.0,1.6,70.0,26.17,246.0,358.31,271.0
2003,Male,M,50,2815.0,14.07,302.0,4.53,295.0,7.24,321.0,1.36,290.0,65.6,243.0,21.74,225.0,18.25,239.0,2.0,140.0,33.91,355.0,328.89,405.0
2003,Male,M,51,2812.0,13.38,405.0,4.63,313.0,9.21,438.0,1.48,374.0,70.64,125.0,21.02,273.0,19.66,266.0,2.4,220.0,30.08,300.0,409.6,98.0
2003,Male,M,52,2810.0,13.18,438.0,4.51,292.0,7.52,338.0,1.48,374.0,66.34,223.0,21.07,270.0,18.17,238.0,2.2,179.0,25.09,231.0,369.47,227.0
2003,Male,M,53,2783.0,13.79,343.0,4.73,332.0,9.83,475.0,1.44,345.0,72.4,92.0,21.43,245.0,23.02,329.0,2.2,179.0,30.43,305.0,395.38,138.0
2003,Male,M,54,2783.0,14.24,279.0,4.75,335.0,7.71,349.0,1.56,434.0,66.02,231.0,23.0,151.0,20.66,284.0,2.0,140.0,27.92,270.0,349.1,310.0
2003,Male,M,55,2775.0,13.95,319.0,4.24,245.0,8.5,396.0,1.36,290.0,63.05,315.0,21.77,223.0,20.65,284.0,,,27.13,259.0,321.19,444.0
2003,Male,M,56,2775.0,13.72,353.0,3.88,187.0,7.37,329.0,1.52,404.0,65.0,259.0,20.84,286.0,19.9,270.0,2.0,140.0,24.53,223.0,345.9,324.0
2003,Male,M,57,2766.0,13.7,356.0,4.45,281.0,7.63,344.0,1.4,317.0,64.46,274.0,21.57,236.0,18.6,246.0,2.2,179.0,24.91,228.0,350.37,305.0
2003,Male,M,58,2757.0,13.52,383.0,4.44,280.0,7.79,354.0,1.44,345.0,67.1,204.0,20.93,279.0,20.93,290.0,2.4,220.0,26.46,250.0,390.89,152.0
2003,Male,M,59,2737.0,13.69,357.0,4.66,319.0,7.11,314.0,1.36,290.0,66.36,223.0,20.87,284.0,16.0,198.0,2.0,140.0,24.76,226.0,332.81,386.0
2003,Male,M,60,2725.0,13.69,357.0,4.25,247.0,6.75,293.0,1.52,404.0,69.69,144.0,19.38,400.0,18.62,246.0,1.8,103.0,24.02,216.0,347.96,315.0
2003,Male,M,61,2702.0,13.73,351.0,4.58,304.0,7.09,313.0,1.48,374.0,66.18,227.0,19.87,360.0,15.93,197.0,2.2,179.0,19.12,150.0,364.23,247.0
2003,Male,M,62,2674.0,13.95,319.0,4.26,249.0,7.91,361.0,1.36,290.0,66.05,231.0,21.29,254.0,23.47,338.0,1.8,103.0,24.32,220.0,349.32,309.0
2003,Male,M,63,2670.0,15.36,147.0,3.94,196.0,6.91,302.0,1.44,345.0,65.12,256.0,21.81,220.0,17.87,232.0,1.8,103.0,32.95,341.0,305.62,528.0
2003,Male,M,64,2644.0,13.9,327.0,4.87,358.0,7.69,348.0,1.4,317.0,72.7,87.0,20.85,285.0,21.36,298.0,2.2,179.0,26.55,251.0,378.48,194.0
2003,Male,M,65,2614.0,14.31,270.0,4.51,292.0,8.91,420.0,1.4,317.0,65.84,236.0,22.34,188.0,20.51,282.0,2.0,140.0,23.67,211.0,361.61,258.0
2003,Male,M,66,2566.0,13.64,365.0,4.67,321.0,6.84,298.0,1.36,290.0,66.84,210.0,21.76,223.0,17.1,218.0,1.6,70.0,22.73,198.0,335.48,373.0
2003,Male,M,67,2561.0,13.43,397.0,4.55,299.0,6.59,283.0,1.36,290.0,69.15,156.0,22.32,189.0,19.3,259.0,2.2,179.0,26.48,250.0,361.25,259.0
2003,Male,M,68,2517.0,14.67,224.0,4.04,212.0,8.14,375.0,1.52,404.0,69.18,155.0,23.31,135.0,20.84,288.0,2.6,264.0,23.14,204.0,362.07,256.0
2003,Male,M,69,2499.0,14.03,308.0,4.72,330.0,9.33,445.0,1.36,290.0,70.66,124.0,22.56,175.0,19.59,264.0,2.0,140.0,27.83,269.0,390.38,154.0
2003,Male,M,70,2487.0,13.33,413.0,4.71,328.0,7.47,335.0,1.32,263.0,68.24,176.0,21.17,263.0,19.35,260.0,,,28.53,279.0,385.35,170.0
2003,Male,M,71,2473.0,13.71,354.0,4.76,337.0,7.38,330.0,1.32,263.0,67.9,184.0,21.72,226.0,18.32,241.0,,,31.5,320.0,371.9,218.0
2003,Male,M,72,2457.0,13.88,329.0,4.39,271.0,7.44,333.0,1.32,263.0,65.28,251.0,21.9,215.0,16.5,207.0,2.0,140.0,23.06,203.0,364.71,245.0
2003,Male,M,73,2433.0,13.63,367.0,3.91,191.0,6.57,282.0,1.32,263.0,64.99,259.0,21.76,223.0,16.84,213.0,2.0,140.0,24.4,221.0,357.54,274.0
2003,Male,M,74,2425.0,14.03,308.0,4.34,262.0,7.82,356.0,1.48,374.0,69.99,138.0,22.42,183.0,17.52,226.0,2.2,179.0,28.75,282.0,402.55,117.0
2003,Male,M,75,2413.0,14.08,301.0,3.95,198.0,6.37,270.0,1.28,237.0,61.5,364.0,20.79,289.0,,,,,26.27,247.0,309.41,507.0
2003,Male,M,76,2404.0,14.66,225.0,4.16,232.0,7.02,308.0,1.36,290.0,70.6,125.0,22.2,196.0,18.05,236.0,2.2,179.0,26.4,249.0,337.32,364.0
2003,Male,M,77,2389.0,14.05,305.0,4.68,323.0,6.56,281.0,1.32,263.0,69.64,145.0,20.82,287.0,16.77,212.0,1.8,103.0,21.84,186.0,355.13,284.0
2003,Male,M,78,2389.0,14.16,290.0,3.86,184.0,7.39,330.0,1.4,317.0,72.39,92.0,20.36,321.0,20.64,284.0,2.0,140.0,27.23,260.0,385.13,171.0
2003,Male,M,79,2376.0,14.48,248.0,4.64,315.0,7.31,326.0,1.44,345.0,70.78,122.0,23.25,138.0,20.89,289.0,1.8,103.0,26.38,249.0,365.86,241.0
2003,Male,M,80,2331.0,14.33,267.0,4.4,273.0,7.33,327.0,1.36,290.0,66.98,207.0,21.33,252.0,18.4,242.0,1.8,103.0,20.6,169.0,376.49,201.0
2003,Male,M,81,2295.0,13.81,340.0,4.27,250.0,8.31,385.0,,,65.93,234.0,21.51,240.0,20.52,282.0,2.2,179.0,27.82,269.0,402.9,116.0
2003,Male,M,82,2286.0,14.02,309.0,4.18,235.0,6.8,296.0,1.28,237.0,65.03,258.0,22.98,152.0,17.01,217.0,2.0,140.0,15.3,99.0,341.92,343.0
2003,Male,M,83,2254.0,13.65,363.0,4.74,333.0,6.18,259.0,1.44,345.0,65.61,242.0,20.77,291.0,11.54,119.0,2.0,140.0,20.06,162.0,,
2003,Male,M,84,2250.0,14.26,276.0,4.55,299.0,7.6,343.0,1.28,237.0,69.9,140.0,22.35,187.0,19.33,260.0,1.8,103.0,24.1,217.0,379.97,188.0
2003,Male,M,85,2229.0,13.59,373.0,,,8.68,407.0,1.24,212.0,62.36,336.0,,,21.23,295.0,2.6,264.0,33.06,342.0,,
2003,Male,M,86,2200.0,14.19,286.0,4.3,255.0,7.79,354.0,1.24,212.0,69.32,152.0,21.69,228.0,17.08,218.0,1.8,103.0,28.71,281.0,404.69,111.0
2003,Male,M,87,2194.0,14.32,268.0,4.27,250.0,6.82,297.0,1.4,317.0,69.02,159.0,22.24,194.0,14.91,178.0,2.2,179.0,15.75,105.0,364.23,247.0
2003,Male,M,88,2189.0,13.88,329.0,4.38,269.0,8.55,399.0,1.36,290.0,79.5,8.0,22.62,172.0,21.41,299.0,2.2,179.0,24.68,225.0,450.99,19.0
2003,Male,M,89,2182.0,13.73,351.0,3.92,193.0,7.56,340.0,1.28,237.0,70.13,135.0,21.29,254.0,15.91,196.0,2.0,140.0,23.02,202.0,396.88,134.0
2003,Male,M,90,2173.0,13.78,344.0,4.28,252.0,7.29,324.0,1.44,345.0,70.42,129.0,28.2,0.0,18.5,244.0,2.0,140.0,28.0,271.0,400.28,124.0
2003,Male,M,91,2139.0,14.64,228.0,4.14,229.0,7.1,313.0,1.44,345.0,72.11,97.0,22.23,194.0,16.34,204.0,2.0,140.0,21.62,183.0,375.06,206.0
2003,Male,M,92,2120.0,13.89,328.0,4.47,285.0,7.77,353.0,1.36,290.0,72.92,83.0,23.09,146.0,16.42,206.0,1.6,70.0,27.4,263.0,410.53,96.0
2003,Male,M,93,2061.0,13.97,316.0,4.1,222.0,7.75,352.0,1.2,188.0,73.7,70.0,21.84,218.0,17.05,217.0,2.2,179.0,17.42,127.0,384.63,172.0
2003,Male,M,94,2057.0,14.75,214.0,3.95,198.0,6.15,258.0,1.4,317.0,70.96,118.0,22.25,193.0,19.56,264.0,2.0,140.0,22.87,200.0,389.91,155.0
2003,Male,M,95,2053.0,14.11,297.0,4.54,297.0,6.77,294.0,1.4,317.0,70.6,125.0,24.01,102.0,15.45,188.0,1.6,70.0,16.14,110.0,362.66,253.0
2003,Male,M,96,2052.0,14.3,271.0,4.01,207.0,9.4,450.0,1.28,237.0,70.79,122.0,22.59,174.0,20.44,280.0,1.2,15.0,25.31,234.0,424.78,62.0
2003,Male,M,97,2041.0,,,4.37,267.0,9.2,438.0,1.4,317.0,72.89,83.0,23.29,136.0,24.86,364.0,1.6,70.0,19.98,161.0,375.3,205.0
2003,Male,M,98,1978.0,14.77,212.0,4.1,222.0,8.48,395.0,1.4,317.0,80.3,4.0,23.02,150.0,20.52,282.0,1.6,70.0,27.85,269.0,427.45,57.0
2003,Male,M,99,1950.0,14.9,197.0,3.92,193.0,7.35,328.0,1.24,212.0,69.93,139.0,22.51,178.0,13.89,160.0,1.4,40.0,21.09,176.0,345.42,327.0
2003,Male,M,100,1908.0,13.98,315.0,3.91,191.0,5.97,247.0,1.36,290.0,,,22.9,156.0,17.0,216.0,2.0,140.0,,,339.72,353.0
2003,Male,M,101,1903.0,14.26,276.0,4.23,244.0,6.98,306.0,1.28,237.0,70.21,133.0,23.71,116.0,17.11,218.0,1.8,103.0,17.99,134.0,396.18,136.0
2003,Male,M,102,1874.0,14.66,225.0,3.93,195.0,7.43,333.0,1.4,317.0,84.1,0.0,23.24,139.0,18.92,252.0,2.2,179.0,24.92,228.0,463.93,6.0
2003,Male,M,103,1852.0,15.14,170.0,3.47,126.0,6.96,305.0,1.32,263.0,72.15,96.0,23.39,131.0,15.76,194.0,2.0,140.0,23.1,203.0,370.33,224.0
2003,Male,M,104,1843.0,14.93,193.0,4.09,220.0,5.74,234.0,1.36,290.0,67.46,195.0,,,14.8,176.0,1.8,103.0,21.3,179.0,362.64,253.0
2003,Male,M,105,1718.0,14.88,199.0,3.88,187.0,7.04,310.0,1.24,212.0,73.2,78.0,,,17.79,231.0,,,27.22,260.0,365.84,241.0
2003,Male,M,106,1663.0,15.77,108.0,3.89,188.0,6.87,300.0,1.36,290.0,73.9,67.0,26.65,18.0,19.87,270.0,1.8,103.0,23.8,213.0,406.7,106.0
2003,Male,M,107,1647.0,14.38,261.0,4.32,259.0,7.97,365.0,0.96,63.0,76.96,28.0,24.44,84.0,17.27,221.0,,,20.39,167.0,376.97,199.0
2003,Male,M,108,1546.0,14.69,221.0,3.86,184.0,5.41,215.0,1.2,188.0,71.42,109.0,24.3,90.0,15.6,191.0,,,15.46,101.0,364.2,247.0
2003,Male,M,109,1539.0,15.2,163.0,3.85,182.0,6.72,291.0,1.24,212.0,73.44,74.0,23.13,144.0,15.7,193.0,,,,,356.15,280.0
2003,Male,M,110,1524.0,15.77,108.0,3.77,170.0,6.89,301.0,1.24,212.0,78.04,18.0,27.28,8.0,17.12,219.0,1.8,103.0,24.19,218.0,386.35,167.0
2003,Male,M,111,1495.0,13.52,383.0,,,,,,,65.48,246.0,21.16,263.0,18.28,240.0,2.0,140.0,24.54,223.0,,
2003,Male,M,112,1490.0,14.41,257.0,3.62,147.0,6.53,280.0,1.32,263.0,101.66,0.0,23.52,125.0,15.87,196.0,1.6,70.0,19.3,152.0,541.03,0.0
2003,Male,M,113,1481.0,15.71,113.0,3.04,70.0,6.71,290.0,1.12,142.0,72.74,86.0,25.66,42.0,15.12,182.0,1.4,40.0,28.0,271.0,364.84,245.0
2003,Male,M,114,1476.0,14.71,219.0,4.28,252.0,7.27,323.0,1.2,188.0,80.62,2.0,26.57,20.0,14.87,178.0,1.4,40.0,26.74,254.0,484.23,0.0
2003,Male,M,115,1426.0,14.04,307.0,,,9.83,475.0,,,,,,,20.5,281.0,,,,,337.61,363.0
2003,Male,M,116,1423.0,14.6,233.0,3.28,100.0,8.24,381.0,,,,,22.48,180.0,21.5,300.0,1.2,15.0,23.87,214.0,562.75,0.0
2003,Male,M,117,1381.0,15.13,171.0,3.05,72.0,7.98,365.0,1.16,165.0,89.19,0.0,26.1,30.0,19.0,253.0,1.8,103.0,21.85,186.0,438.97,36.0
2003,Male,M,118,1349.0,14.43,254.0,3.05,72.0,5.68,230.0,,,70.76,122.0,,,16.5,207.0,1.8,103.0,23.2,205.0,389.77,156.0
2003,Male,M,119,1309.0,15.4,143.0,3.33,107.0,6.99,307.0,1.28,237.0,82.14,0.0,26.85,15.0,17.53,226.0,1.4,40.0,24.09,217.0,452.38,17.0
2003,Male,M,120,1256.0,14.97,189.0,3.53,135.0,6.23,262.0,1.12,142.0,71.38,110.0,,,11.73,122.0,1.4,40.0,18.19,137.0,401.85,119.0
2003,Male,M,121,1232.0,17.52,6.0,3.57,140.0,6.62,285.0,1.2,188.0,,,,,18.64,247.0,1.6,70.0,29.79,296.0,,
2003,Male,M,122,1228.0,17.11,20.0,3.5,130.0,7.4,331.0,1.28,237.0,80.44,3.0,,,15.99,198.0,1.8,103.0,23.31,206.0,,
2003,Male,M,123,1203.0,14.55,239.0,,,,,1.24,212.0,74.49,59.0,21.7,227.0,16.62,209.0,1.8,103.0,19.44,154.0,,
2003,Male,M,124,1133.0,16.28,67.0,3.56,139.0,6.18,259.0,1.28,237.0,87.32,0.0,27.17,9.0,15.19,183.0,2.0,140.0,15.28,99.0,506.17,0.0
2003,Male,M,125,1017.0,15.26,157.0,3.84,181.0,6.12,256.0,1.12,142.0,80.7,2.0,30.71,0.0,11.71,122.0,1.4,40.0,14.356,87.0,442.83,30.0
2003,Male,M,126,917.0,13.16,441.0,,,,,,,58.22,476.0,,,,,,,,,,
2003,Male,M,127,868.0,14.62,230.0,4.85,354.0,6.61,284.0,,,,,,,,,,,,,,
2003,Male,M,128,803.0,17.08,21.0,2.76,40.0,6.98,306.0,,,,,,,17.27,221.0,,,23.95,215.0,,
2003,Male,M,129,610.0,14.89,198.0,3.5,130.0,6.24,263.0,0.84,19.0,,,,,,,,,,,,
2003,Male,M,130,571.0,13.94,321.0,4.27,250.0,,,,,,,,,,,,,,,,
2003,Male,M,131,545.0,16.11,80.0,3.07,74.0,6.0,249.0,1.12,142.0,82.32,0.0,,,,,,,,,,
2003,Male,M,132,275.0,14.27,275.0,,,,,,,,,,,,,,,,,,
2003,Male,M40,1,4231.0,12.83,497.0,5.25,431.0,9.54,458.0,1.64,496.0,62.79,323.0,17.04,620.0,29.1,447.0,3.0,357.0,33.55,349.0,362.76,253.0
2003,Male,M40,2,3796.0,13.01,466.0,5.0,382.0,9.67,466.0,1.44,345.0,59.0,448.0,18.79,451.0,22.79,325.0,2.6,264.0,24.67,225.0,325.06,424.0
2003,Male,M40,3,3364.0,13.86,332.0,4.3,255.0,7.34,327.0,1.36,290.0,64.16,283.0,18.87,444.0,25.91,385.0,2.6,264.0,26.92,256.0,305.56,528.0
2003,Male,M40,4,3336.0,13.34,412.0,4.31,257.0,7.5,337.0,1.64,496.0,62.86,321.0,18.11,514.0,19.62,265.0,2.4,220.0,26.1,245.0,358.87,269.0
2003,Male,M40,5,3166.0,13.21,433.0,5.36,453.0,7.23,321.0,1.6,464.0,69.38,151.0,18.84,447.0,17.86,232.0,2.2,179.0,31.35,318.0,385.98,168.0
2003,Male,M40,6,2950.0,14.5,245.0,4.08,219.0,10.75,531.0,1.48,374.0,70.86,120.0,20.67,298.0,27.92,424.0,2.0,140.0,36.25,388.0,373.72,211.0
2003,Male,M40,7,2851.0,13.68,359.0,4.69,324.0,9.04,428.0,1.36,290.0,66.39,222.0,19.11,423.0,23.62,341.0,2.2,179.0,28.98,285.0,,
2003,Male,M40,8,2812.0,13.61,370.0,4.95,373.0,7.89,360.0,1.44,345.0,66.53,218.0,21.45,244.0,22.73,324.0,2.4,220.0,25.94,243.0,403.39,115.0
2003,Male,M40,9,2680.0,14.15,291.0,3.91,191.0,7.24,321.0,1.32,263.0,67.12,203.0,20.1,341.0,22.08,311.0,2.6,264.0,22.94,201.0,352.86,294.0
2003,Male,M40,10,2546.0,14.53,241.0,4.25,247.0,7.17,317.0,1.32,263.0,69.28,153.0,20.25,330.0,20.03,273.0,1.8,103.0,32.23,331.0,354.27,288.0
2003,Male,M40,11,2442.0,13.89,328.0,4.38,269.0,7.09,313.0,1.28,237.0,67.7,189.0,20.1,341.0,16.49,207.0,1.8,103.0,20.18,164.0,353.44,291.0
2003,Male,M40,12,2436.0,14.39,259.0,4.36,266.0,8.96,423.0,1.4,317.0,70.96,118.0,22.88,158.0,18.59,246.0,2.0,140.0,23.14,204.0,350.32,305.0
2003,Male,M40,13,2176.0,14.57,236.0,3.92,193.0,7.9,360.0,1.4,317.0,73.65,71.0,21.2,261.0,18.84,250.0,1.8,163.0,24.1,217.0,405.81,108.0
2003,Male,M40,14,1992.0,15.1,174.0,4.44,280.0,7.03,309.0,1.32,263.0,78.6,14.0,21.29,254.0,17.91,233.0,2.0,221.0,21.63,183.0,425.27,61.0
2003,Male,M40,15,1943.0,15.41,142.0,3.83,179.0,7.61,343.0,1.24,212.0,76.45,34.0,22.51,178.0,20.69,285.0,1.8,163.0,24.8,227.0,382.48,180.0
2003,Male,M40,16,1754.0,15.48,135.0,3.56,139.0,7.47,335.0,1.12,142.0,63.7,296.0,24.46,83.0,18.2,239.0,1.8,103.0,14.39,87.0,378.11,195.0
2003,Male,M40,17,1401.0,16.3,66.0,3.97,201.0,6.96,305.0,1.0,81.0,78.54,14.0,23.57,122.0,20.64,284.0,1.8,103.0,22.51,195.0,442.4,30.0
2003,Male,M50,1,2455.0,15.22,161.0,4.37,267.0,8.13,374.0,1.32,263.0,70.24,133.0,21.35,250.0,23.37,336.0,2.0,140.0,27.88,269.0,360.47,262.0
2003,Male,M50,2,2233.0,15.0,185.0,4.04,212.0,6.29,266.0,1.28,237.0,72.24,95.0,20.98,276.0,16.25,203.0,2.2,179.0,20.75,171.0,327.98,409.0
2003,Male,M50,3,1768.0,16.23,71.0,3.72,162.0,6.57,282.0,1.32,263.0,75.32,47.0,23.12,145.0,14.96,179.0,1.8,103.0,25.72,239.0,356.95,277.0
2003,Male,M50,4,1471.0,16.72,39.0,3.49,129.0,7.14,316.0,1.32,263.0,79.36,8.0,25.14,58.0,16.92,215.0,1.6,70.0,23.76,212.0,387.96,161.0
2003,Male,M50,5,806.0,15.36,147.0,,,,,,,74.6,57.0,,,18.94,252.0,1.8,103.0,26.29,247.0,,
2003,Male,M60,1,1125.0,,,,,7.04,310.0,1.36,290.0,,,,,20.56,283.0,1.8,103.0,18.36,139.0,,
2003,Male,M60,2,894.0,16.9,30.0,3.23,94.0,6.69,289.0,1.04,100.0,87.33,0.0,26.72,17.0,14.95,179.0,,,16.06,109.0,418.78,76.0
2004,Female,W,1,4440.0,14.51,527.0,4.54,438.0,8.84,454.0,1.4,512.0,65.74,487.0,18.24,656.0,20.05,279.0,2.0,221.0,26.83,417.0,365.0,449.0
2004,Female,W,2,4075.0,14.47,533.0,4.75,492.0,7.79,386.0,1.36,470.0,71.07,321.0,18.2,659.0,19.1,262.0,2.2,282.0,24.37,370.0,397.72,300.0
2004,Female,W,3,3469.0,15.38,406.0,4.22,359.0,8.61,439.0,1.32,429.0,77.7,159.0,19.92,510.0,21.33,302.0,2.4,348.0,20.28,294.0,417.89,223.0
2004,Female,W,4,3465.0,16.57,264.0,3.65,231.0,7.34,357.0,1.32,429.0,71.23,317.0,21.14,415.0,20.51,287.0,2.2,282.0,20.96,307.0,341.07,576.0
2004,Female,W,5,3428.0,14.35,550.0,3.98,303.0,6.66,313.0,1.4,512.0,84.23,51.0,19.39,554.0,18.86,257.0,2.2,282.0,18.7,265.0,388.14,341.0
2004,Female,W,6,3411.0,14.75,492.0,4.11,333.0,7.08,340.0,1.28,389.0,72.9,271.0,20.68,450.0,21.01,296.0,2.0,221.0,28.71,452.0,434.46,167.0
2004,Female,W,7,2979.0,15.26,422.0,3.62,225.0,7.46,365.0,1.24,350.0,73.41,258.0,21.54,386.0,15.34,195.0,1.6,110.0,22.52,336.0,390.25,332.0
2004,Female,W,8,2951.0,16.49,272.0,3.82,267.0,7.24,350.0,1.24,350.0,73.54,255.0,21.31,403.0,16.22,211.0,1.6,110.0,18.3,257.0,359.64,476.0
2004,Female,W,9,2803.0,15.17,434.0,3.63,227.0,6.93,331.0,1.2,312.0,72.74,276.0,21.42,395.0,15.41,196.0,1.4,64.0,15.12,199.0,381.96,369.0
2004,Female,W,10,2735.0,15.12,440.0,3.64,229.0,7.47,365.0,1.2,312.0,80.18,112.0,21.01,425.0,22.02,314.0,2.0,221.0,20.62,300.0,504.94,17.0
2004,Female,W,11,2719.0,15.3,416.0,3.97,301.0,6.8,322.0,1.2,312.0,71.47,310.0,27.1,85.0,18.91,258.0,1.6,110.0,21.1,309.0,398.91,296.0
2004,Female,W,12,2713.0,16.19,306.0,3.86,276.0,6.95,332.0,1.32,429.0,76.34,188.0,23.03,286.0,18.9,258.0,1.6,110.0,19.7,283.0,411.94,245.0
2004,Female,W,13,2645.0,15.57,381.0,3.79,261.0,7.26,352.0,1.24,350.0,80.82,101.0,22.27,335.0,16.61,217.0,1.6,110.0,23.78,359.0,430.61,179.0
2004,Female,W,14,2459.0,16.43,279.0,3.38,176.0,7.56,371.0,1.28,389.0,83.31,63.0,25.35,158.0,18.55,252.0,2.2,282.0,25.04,383.0,455.95,106.0
2004,Female,W,15,2459.0,16.17,308.0,3.64,229.0,7.34,357.0,1.28,389.0,79.79,118.0,23.98,229.0,18.45,250.0,1.8,163.0,16.61,226.0,427.24,190.0
2004,Female,W,16,1894.0,16.37,286.0,3.69,239.0,5.89,264.0,1.12,239.0,82.29,77.0,25.56,148.0,14.13,174.0,1.4,64.0,15.28,202.0,424.13,201.0
2004,Female,W,17,1407.0,17.55,167.0,3.4,180.0,7.03,337.0,,,88.08,13.0,28.82,34.0,16.75,220.0,1.4,64.0,17.61,245.0,441.02,147.0
2004,Female,W,18,1393.0,17.94,135.0,3.24,150.0,6.78,321.0,1.12,239.0,89.64,4.0,27.73,64.0,13.93,171.0,1.6,110.0,12.67,154.0,484.56,45.0
2004,Female,W,19,1160.0,17.59,164.0,2.87,86.0,5.27,225.0,1.16,275.0,91.36,0.0,27.74,63.0,12.95,154.0,,,14.78,193.0,,
2004,Female,W,20,1151.0,17.82,144.0,2.79,73.0,6.32,292.0,1.12,239.0,99.1,0.0,27.98,56.0,15.21,193.0,,,12.66,154.0,,
2004,Female,W,21,1150.0,18.0,130.0,2.82,78.0,5.29,226.0,1.08,205.0,89.0,8.0,27.55,69.0,13.24,159.0,1.6,110.0,11.95,141.0,498.49,24.0
2004,Female,W,22,1115.0,,,2.66,55.0,7.04,338.0,1.12,239.0,,,,,16.75,220.0,1.2,25.0,15.08,198.0,488.04,40.0
2004,Female,W,23,982.0,18.92,67.0,3.11,126.0,6.12,279.0,1.04,172.0,110.34,0.0,30.3,7.0,15.23,193.0,,,11.76,138.0,606.79,0.0
2004,Female,W,24,970.0,18.52,92.0,2.83,80.0,5.33,229.0,1.08,205.0,102.22,0.0,29.17,26.0,13.2,158.0,,,14.07,180.0,578.91,0.0
2004,Female,W,25,861.0,18.13,120.0,3.21,144.0,6.01,272.0,,,,,29.11,27.0,14.16,175.0,,,10.95,123.0,,
2004,Male,M,1,4436.0,12.53,551.0,5.58,498.0,8.68,407.0,1.72,560.0,56.47,541.0,17.75,548.0,24.8,363.0,2.0,140.0,36.79,396.0,323.58,432.0
2004,Male,M,2,4398.0,13.03,463.0,5.25,431.0,9.24,440.0,1.64,496.0,57.51,502.0,18.27,499.0,27.67,419.0,2.4,220.0,46.2,533.0,330.85,395.0
2004,Male,M,3,4292.0,13.26,425.0,5.27,435.0,10.01,486.0,1.52,404.0,59.83,419.0,18.93,439.0,26.97,405.0,3.0,357.0,37.28,403.0,307.12,519.0
2004,Male,M,4,4278.0,13.43,397.0,4.88,360.0,10.51,516.0,1.52,404.0,59.47,431.0,19.25,411.0,32.76,519.0,3.2,406.0,37.89,412.0,325.52,422.0
2004,Male,M,5,4179.0,12.95,476.0,5.16,413.0,9.12,433.0,1.6,464.0,58.91,451.0,17.63,560.0,22.35,316.0,2.8,309.0,28.29,275.0,313.97,482.0
2004,Male,M,6,4105.0,13.11,449.0,5.19,419.0,9.3,444.0,1.44,345.0,62.57,330.0,18.02,522.0,27.49,415.0,3.4,457.0,35.96,384.0,342.43,340.0
2004,Male,M,7,4042.0,13.09,453.0,5.17,415.0,8.87,418.0,1.56,434.0,59.14,443.0,19.86,360.0,23.75,343.0,2.6,264.0,34.96,370.0,303.08,542.0
2004,Male,M,8,3947.0,12.83,497.0,4.94,371.0,8.6,402.0,1.56,434.0,60.59,393.0,18.87,444.0,22.38,317.0,3.0,357.0,31.46,320.0,327.44,412.0
2004,Male,M,9,3777.0,13.63,367.0,5.08,398.0,7.84,357.0,1.48,374.0,56.69,533.0,20.82,287.0,19.58,264.0,2.6,264.0,29.42,291.0,286.12,642.0
2004,Male,M,10,3758.0,12.57,543.0,4.96,375.0,8.45,393.0,1.48,374.0,57.95,486.0,18.85,446.0,21.3,297.0,2.4,220.0,24.67,225.0,330.06,399.0
2004,Male,M,11,3748.0,13.2,434.0,5.13,407.0,9.04,428.0,1.56,434.0,61.04,378.0,18.3,496.0,23.8,344.0,2.2,179.0,27.9,270.0,334.4,378.0
2004,Male,M,12,3677.0,12.94,478.0,4.97,377.0,9.05,429.0,1.48,374.0,60.91,383.0,18.92,439.0,24.87,365.0,2.4,220.0,28.04,272.0,342.45,340.0
2004,Male,M,13,3671.0,13.4,402.0,4.62,312.0,8.24,381.0,1.6,464.0,61.05,378.0,18.63,465.0,20.17,275.0,2.4,220.0,25.64,238.0,304.08,536.0
2004,Male,M,14,3575.0,13.45,394.0,4.32,259.0,7.69,348.0,1.6,464.0,58.89,452.0,18.79,451.0,17.25,221.0,2.2,179.0,23.97,215.0,294.5,592.0
2004,Male,M,15,3550.0,13.54,380.0,4.65,317.0,9.05,429.0,1.52,404.0,59.9,417.0,21.91,214.0,23.0,329.0,2.8,309.0,35.9,383.0,336.44,368.0
2004,Male,M,16,3539.0,13.49,388.0,4.72,330.0,7.77,353.0,1.48,374.0,60.34,402.0,21.23,259.0,22.82,325.0,2.6,264.0,33.66,351.0,311.88,493.0
2004,Male,M,17,3535.0,12.99,470.0,4.95,373.0,7.04,310.0,1.52,404.0,61.11,376.0,19.34,403.0,21.69,304.0,2.6,264.0,29.68,295.0,343.46,336.0
2004,Male,M,18,3524.0,12.44,567.0,4.97,377.0,8.35,387.0,1.56,434.0,59.25,439.0,19.56,385.0,22.41,318.0,2.8,309.0,30.63,308.0,,
2004,Male,M,19,3524.0,13.95,319.0,4.92,367.0,9.16,435.0,1.52,404.0,62.22,341.0,19.73,371.0,23.9,346.0,2.6,264.0,34.45,362.0,347.93,315.0
2004,Male,M,20,3512.0,13.09,453.0,5.44,469.0,9.58,460.0,1.68,528.0,63.96,288.0,19.42,396.0,23.7,342.0,2.6,264.0,30.91,312.0,,
2004,Male,M,21,3500.0,13.09,453.0,4.75,335.0,7.98,365.0,1.52,404.0,66.03,231.0,19.0,432.0,26.82,402.0,2.8,309.0,29.24,289.0,356.08,280.0
2004,Male,M,22,3499.0,13.19,436.0,5.04,390.0,8.67,406.0,1.44,345.0,63.37,306.0,20.12,340.0,26.85,403.0,2.4,220.0,33.87,354.0,351.6,299.0
2004,Male,M,23,3490.0,13.21,433.0,4.51,292.0,8.23,380.0,1.44,345.0,65.22,253.0,18.84,447.0,20.38,279.0,2.8,309.0,33.58,350.0,329.36,402.0
2004,Male,M,24,3456.0,13.24,428.0,4.22,242.0,8.66,406.0,1.56,434.0,57.52,501.0,22.05,205.0,19.61,265.0,2.4,220.0,24.74,226.0,305.46,529.0
2004,Male,M,25,3434.0,13.45,394.0,5.1,402.0,8.37,388.0,1.52,404.0,62.84,322.0,19.86,360.0,24.2,352.0,2.4,220.0,30.02,299.0,352.98,293.0
2004,Male,M,26,3407.0,13.39,404.0,4.64,315.0,7.87,359.0,1.52,404.0,60.06,411.0,20.57,306.0,17.09,218.0,2.6,264.0,30.19,302.0,325.11,424.0
2004,Male,M,27,3344.0,13.82,338.0,4.85,354.0,9.6,462.0,1.48,374.0,62.14,343.0,21.58,235.0,21.56,301.0,2.4,220.0,30.32,304.0,327.17,413.0
2004,Male,M,28,3342.0,14.03,308.0,4.9,363.0,9.01,426.0,1.52,404.0,63.01,316.0,20.22,332.0,23.72,343.0,2.4,220.0,41.09,458.0,384.84,172.0
2004,Male,M,29,3297.0,13.51,385.0,4.64,315.0,7.82,356.0,1.44,345.0,61.03,379.0,20.37,321.0,20.82,287.0,2.4,220.0,36.23,388.0,351.2,301.0
2004,Male,M,30,3268.0,13.18,438.0,4.58,304.0,8.38,389.0,1.6,464.0,59.96,415.0,21.99,209.0,20.26,277.0,2.4,220.0,22.73,198.0,339.46,354.0
2004,Male,M,31,3235.0,12.58,541.0,5.04,390.0,7.45,334.0,1.4,317.0,63.03,316.0,20.55,307.0,24.35,355.0,2.6,264.0,37.86,411.0,,
2004,Male,M,32,3232.0,13.34,412.0,4.29,254.0,7.16,317.0,1.4,317.0,60.29,403.0,21.09,268.0,21.65,303.0,2.2,179.0,30.67,309.0,316.28,470.0
2004,Male,M,33,3222.0,14.12,295.0,4.4,273.0,9.54,458.0,1.6,464.0,64.66,268.0,21.09,268.0,19.87,270.0,2.6,264.0,36.07,385.0,356.92,277.0
2004,Male,M,34,3221.0,14.3,271.0,4.83,350.0,7.45,334.0,1.52,404.0,62.7,326.0,19.7,373.0,19.04,254.0,2.4,220.0,28.04,272.0,326.44,417.0
2004,Male,M,35,3191.0,13.34,412.0,4.55,299.0,7.18,318.0,1.44,345.0,62.26,339.0,20.89,282.0,22.37,317.0,2.0,140.0,32.8,339.0,329.78,400.0
2004,Male,M,36,3161.0,13.91,325.0,4.76,337.0,9.19,437.0,1.48,374.0,62.85,321.0,21.11,267.0,23.22,333.0,2.4,220.0,24.84,227.0,346.8,320.0
2004,Male,M,37,3160.0,13.51,385.0,4.82,348.0,7.52,338.0,1.52,404.0,62.79,323.0,20.6,303.0,16.71,211.0,2.2,179.0,28.68,281.0,332.23,388.0
2004,Male,M,38,3155.0,13.14,444.0,4.79,343.0,10.12,493.0,1.48,374.0,63.28,308.0,20.7,296.0,25.53,377.0,2.4,220.0,30.04,300.0,,
2004,Male,M,39,3140.0,13.33,413.0,4.38,269.0,6.68,289.0,1.48,374.0,61.68,358.0,19.45,394.0,15.78,194.0,2.2,179.0,20.0,161.0,309.06,509.0
2004,Male,M,40,3131.0,12.76,509.0,4.49,288.0,8.54,398.0,1.6,464.0,65.62,242.0,18.62,466.0,22.19,313.0,2.4,220.0,25.1,231.0,,
2004,Male,M,41,3126.0,13.51,385.0,4.09,220.0,8.14,375.0,1.44,345.0,63.03,316.0,19.85,361.0,19.27,258.0,2.8,309.0,25.98,243.0,348.34,314.0
2004,Male,M,42,3114.0,13.19,436.0,4.48,287.0,7.71,349.0,1.44,345.0,62.0,348.0,21.28,255.0,24.28,353.0,2.0,140.0,30.58,307.0,352.93,294.0
2004,Male,M,43,3096.0,13.45,394.0,4.4,273.0,8.11,373.0,1.52,404.0,62.55,331.0,20.68,297.0,20.36,279.0,2.6,264.0,26.38,249.0,368.06,232.0
2004,Male,M,44,3086.0,13.44,396.0,4.9,363.0,8.73,410.0,1.44,345.0,60.74,388.0,21.64,231.0,22.65,322.0,2.0,140.0,28.04,272.0,371.56,219.0
2004,Male,M,45,3083.0,13.83,337.0,4.83,350.0,6.75,293.0,1.52,404.0,60.52,396.0,21.09,268.0,17.73,230.0,1.6,70.0,20.7,171.0,299.29,564.0
2004,Male,M,46,3073.0,13.82,338.0,4.95,373.0,7.36,328.0,1.64,496.0,67.27,200.0,20.52,309.0,17.57,227.0,2.4,220.0,27.34,262.0,346.99,320.0
2004,Male,M,47,3063.0,14.33,267.0,4.57,303.0,9.16,435.0,1.6,464.0,66.56,217.0,20.53,309.0,23.9,346.0,2.2,179.0,34.37,361.0,381.8,182.0
2004,Male,M,48,3061.0,14.02,309.0,4.71,328.0,6.84,298.0,1.44,345.0,63.88,291.0,19.06,427.0,14.04,163.0,2.8,309.0,24.42,222.0,336.2,369.0
2004,Male,M,49,3056.0,12.89,487.0,5.52,485.0,6.8,296.0,1.48,374.0,61.95,349.0,21.02,273.0,22.12,312.0,2.4,220.0,25.42,235.0,446.04,25.0
2004,Male,M,50,3044.0,13.99,314.0,4.58,304.0,7.07,311.0,1.56,434.0,65.2,253.0,21.45,244.0,21.12,293.0,2.0,140.0,30.86,311.0,322.02,440.0
2004,Male,M,51,3017.0,14.75,214.0,4.76,337.0,7.94,363.0,1.64,496.0,64.87,263.0,22.0,208.0,19.6,265.0,2.2,179.0,28.21,274.0,326.17,418.0
2004,Male,M,52,3013.0,13.55,379.0,4.48,287.0,8.88,419.0,1.48,374.0,65.5,245.0,20.72,295.0,20.2,276.0,2.0,140.0,31.78,324.0,357.52,274.0
2004,Male,M,53,3005.0,13.73,351.0,4.52,294.0,8.9,420.0,1.44,345.0,67.81,187.0,21.54,238.0,23.03,329.0,2.6,264.0,32.13,329.0,363.88,248.0
2004,Male,M,54,2986.0,13.91,325.0,5.0,382.0,9.53,457.0,1.6,464.0,68.08,180.0,20.14,338.0,23.67,342.0,2.2,179.0,27.48,264.0,428.26,55.0
2004,Male,M,55,2981.0,13.56,377.0,4.38,269.0,7.03,309.0,1.52,404.0,62.93,319.0,21.88,216.0,17.08,218.0,2.2,179.0,28.04,272.0,326.24,418.0
2004,Male,M,56,2978.0,14.12,295.0,4.41,274.0,7.75,352.0,1.4,317.0,67.88,185.0,19.11,423.0,22.68,323.0,2.4,220.0,31.9,326.0,360.39,263.0
2004,Male,M,57,2958.0,13.64,365.0,4.62,312.0,6.8,296.0,1.44,345.0,63.28,308.0,19.55,386.0,18.24,239.0,2.0,140.0,26.76,254.0,348.44,313.0
2004,Male,M,58,2955.0,13.02,464.0,4.98,378.0,7.16,317.0,1.2,188.0,60.09,410.0,20.16,337.0,18.42,243.0,,,27.14,259.0,338.44,359.0
2004,Male,M,59,2904.0,13.85,334.0,4.65,317.0,7.19,318.0,1.36,290.0,61.44,365.0,22.5,179.0,17.9,233.0,1.8,103.0,24.35,221.0,302.78,544.0
2004,Male,M,60,2894.0,14.05,305.0,4.52,294.0,7.07,311.0,1.4,317.0,63.81,293.0,20.38,320.0,19.45,262.0,2.2,179.0,28.57,279.0,343.82,334.0
2004,Male,M,61,2860.0,13.27,423.0,5.1,402.0,8.03,368.0,1.52,404.0,66.08,230.0,21.4,247.0,19.29,259.0,,,30.69,309.0,371.86,218.0
2004,Male,M,62,2793.0,,,4.86,356.0,8.44,392.0,1.44,345.0,65.7,240.0,20.53,309.0,24.6,359.0,2.2,179.0,27.68,267.0,341.09,346.0
2004,Male,M,63,2789.0,13.61,370.0,4.76,337.0,8.39,389.0,1.52,404.0,,,20.39,319.0,23.76,343.0,,,27.87,269.0,338.64,358.0
2004,Male,M,64,2785.0,13.78,344.0,4.87,358.0,8.17,376.0,1.44,345.0,67.76,188.0,19.74,370.0,17.82,231.0,2.4,220.0,21.82,186.0,386.24,167.0
2004,Male,M,65,2728.0,14.31,270.0,4.5,290.0,7.43,333.0,1.44,345.0,65.26,252.0,22.51,178.0,17.28,222.0,2.2,179.0,28.16,273.0,332.67,386.0
2004,Male,M,66,2697.0,13.5,387.0,4.5,290.0,7.29,324.0,1.44,345.0,65.07,257.0,21.13,265.0,16.83,213.0,2.2,179.0,20.77,172.0,359.66,265.0
2004,Male,M,67,2695.0,13.69,357.0,4.36,266.0,6.81,296.0,1.36,290.0,63.24,310.0,21.78,222.0,18.63,246.0,2.0,140.0,22.3,192.0,334.89,376.0
2004,Male,M,68,2689.0,13.84,335.0,4.23,244.0,6.99,307.0,1.4,317.0,66.17,228.0,21.43,245.0,17.22,220.0,1.8,103.0,30.74,310.0,334.04,380.0
2004,Male,M,69,2672.0,15.25,158.0,3.75,167.0,6.23,262.0,1.48,374.0,65.56,244.0,23.42,130.0,19.89,270.0,2.0,140.0,27.92,270.0,283.76,657.0
2004,Male,M,70,2668.0,13.43,397.0,4.68,323.0,7.5,337.0,1.36,290.0,65.22,253.0,20.45,314.0,18.6,246.0,2.2,179.0,32.09,329.0,,
2004,Male,M,71,2617.0,13.28,421.0,5.1,402.0,7.4,331.0,,,66.03,231.0,23.48,127.0,19.65,266.0,2.4,220.0,26.78,254.0,337.04,365.0
2004,Male,M,72,2607.0,13.95,319.0,4.64,315.0,7.23,321.0,1.6,464.0,67.81,187.0,23.23,139.0,20.05,273.0,2.2,179.0,25.89,242.0,386.04,168.0
2004,Male,M,73,2605.0,13.64,365.0,4.45,281.0,6.7,290.0,1.44,345.0,69.73,143.0,21.37,249.0,18.48,244.0,2.0,140.0,27.36,262.0,354.77,286.0
2004,Male,M,74,2581.0,14.14,293.0,4.39,271.0,6.99,307.0,1.56,434.0,66.14,228.0,22.24,194.0,17.08,218.0,2.0,140.0,25.48,236.0,360.96,260.0
2004,Male,M,75,2581.0,13.2,434.0,4.62,312.0,8.6,402.0,1.36,290.0,63.95,289.0,21.83,219.0,19.77,268.0,1.8,103.0,27.48,264.0,,
2004,Male,M,76,2545.0,14.84,204.0,4.32,259.0,8.33,386.0,1.6,464.0,70.2,133.0,23.46,128.0,20.33,278.0,1.8,103.0,32.31,332.0,361.46,258.0
2004,Male,M,77,2506.0,13.62,368.0,3.99,204.0,7.18,318.0,1.36,290.0,67.4,196.0,21.2,261.0,19.5,263.0,2.2,179.0,24.58,224.0,375.88,203.0
2004,Male,M,78,2502.0,14.53,241.0,4.18,235.0,8.68,407.0,1.44,345.0,71.64,105.0,21.65,231.0,23.14,331.0,2.4,220.0,23.23,205.0,381.9,182.0
2004,Male,M,79,2475.0,13.36,409.0,4.15,230.0,7.36,328.0,1.36,290.0,70.75,122.0,20.67,298.0,19.4,261.0,,,37.49,406.0,397.7,131.0
2004,Male,M,80,2452.0,13.35,410.0,4.68,323.0,11.06,549.0,1.52,404.0,76.27,36.0,,,30.6,476.0,,,26.75,254.0,,
2004,Male,M,81,2438.0,14.06,304.0,4.15,230.0,7.16,317.0,1.32,263.0,64.38,276.0,22.14,200.0,17.64,228.0,1.4,40.0,25.24,233.0,341.0,347.0
2004,Male,M,82,2438.0,14.42,255.0,4.37,267.0,8.59,401.0,1.4,317.0,70.78,122.0,21.95,212.0,21.78,306.0,2.0,140.0,27.05,258.0,388.47,160.0
2004,Male,M,83,2410.0,14.01,311.0,4.57,303.0,7.39,330.0,1.36,290.0,69.29,153.0,23.12,145.0,20.45,281.0,1.8,103.0,27.72,267.0,369.52,227.0
2004,Male,M,84,2395.0,15.05,180.0,4.34,262.0,8.07,370.0,1.36,290.0,68.41,172.0,20.84,286.0,22.93,327.0,1.4,40.0,23.17,204.0,360.09,264.0
2004,Male,M,85,2376.0,14.28,274.0,4.13,227.0,7.11,314.0,1.44,345.0,68.44,172.0,22.38,186.0,18.21,239.0,2.4,220.0,26.66,252.0,392.55,147.0
2004,Male,M,86,2348.0,14.25,278.0,4.01,207.0,7.33,327.0,1.44,345.0,66.53,218.0,22.48,180.0,16.67,210.0,1.6,70.0,26.39,249.0,359.92,264.0
2004,Male,M,87,2346.0,15.07,178.0,4.16,232.0,7.72,350.0,1.48,374.0,71.0,117.0,23.4,131.0,19.93,271.0,2.4,220.0,25.5,236.0,366.72,237.0
2004,Male,M,88,2344.0,13.7,356.0,4.84,352.0,6.95,304.0,1.52,404.0,65.61,242.0,24.71,74.0,17.67,229.0,1.8,103.0,24.46,222.0,426.86,58.0
2004,Male,M,89,2330.0,14.32,268.0,4.47,285.0,8.61,403.0,1.36,290.0,75.12,50.0,22.65,170.0,23.58,340.0,2.4,220.0,30.35,304.0,,
2004,Male,M,90,2231.0,14.35,264.0,4.57,303.0,6.08,253.0,1.32,263.0,64.64,269.0,26.96,13.0,13.66,156.0,1.8,103.0,22.87,200.0,328.44,407.0
2004,Male,M,91,2226.0,13.47,391.0,4.01,207.0,8.81,414.0,1.2,188.0,70.28,132.0,20.53,309.0,17.01,217.0,2.0,140.0,24.89,228.0,,
2004,Male,M,92,2148.0,15.06,179.0,4.19,237.0,8.53,398.0,1.32,263.0,70.5,127.0,24.36,87.0,20.51,282.0,1.8,103.0,25.27,233.0,366.2,239.0
2004,Male,M,93,2120.0,14.26,276.0,4.05,214.0,8.6,402.0,1.36,290.0,71.9,101.0,25.34,52.0,18.97,253.0,1.8,103.0,24.95,229.0,376.6,200.0
2004,Male,M,94,1907.0,14.37,262.0,4.19,237.0,8.15,375.0,1.36,290.0,74.3,61.0,24.14,97.0,19.67,266.0,1.4,40.0,24.8,227.0,429.86,52.0
2004,Male,M,95,1856.0,15.07,178.0,4.04,212.0,8.56,400.0,1.32,263.0,69.21,154.0,22.87,158.0,19.9,270.0,1.2,15.0,23.27,206.0,,
2004,Male,M,96,1803.0,14.28,274.0,4.28,252.0,7.29,324.0,1.4,317.0,72.44,91.0,,,20.33,278.0,,,27.73,267.0,,
2004,Male,M,97,1786.0,14.48,248.0,3.83,179.0,6.94,304.0,1.24,212.0,73.13,79.0,23.42,130.0,16.83,213.0,1.8,103.0,26.07,244.0,419.32,74.0
2004,Male,M,98,1769.0,14.6,233.0,3.49,129.0,6.76,293.0,1.28,237.0,72.48,90.0,23.51,125.0,16.48,207.0,1.6,70.0,28.7,281.0,407.5,104.0
2004,Male,M,99,1695.0,15.03,182.0,3.33,107.0,7.54,339.0,1.4,317.0,71.98,99.0,23.04,149.0,18.05,236.0,1.8,103.0,20.15,163.0,,
2004,Male,M,100,1688.0,15.88,99.0,4.15,230.0,6.99,307.0,1.36,290.0,80.16,4.0,26.38,24.0,20.92,289.0,1.8,103.0,26.31,248.0,411.07,94.0
2004,Male,M,101,1673.0,14.96,190.0,3.33,107.0,9.1,432.0,,,73.93,67.0,31.0,0.0,22.76,324.0,2.4,220.0,32.41,333.0,,
2004,Male,M,102,1655.0,15.38,145.0,4.1,222.0,6.84,298.0,1.4,317.0,74.82,54.0,26.56,20.0,20.47,281.0,1.6,70.0,23.25,205.0,434.57,43.0
2004,Male,M,103,1651.0,15.19,431.0,3.93,292.0,8.01,400.0,,,,,,,19.82,275.0,,,18.05,253.0,,
2004,Male,M,104,1640.0,14.82,206.0,3.7,159.0,7.33,327.0,1.16,165.0,74.68,56.0,25.66,42.0,18.23,239.0,,,27.85,269.0,383.33,177.0
2004,Male,M,105,1627.0,14.85,202.0,4.15,230.0,7.17,317.0,1.16,165.0,74.32,61.0,23.48,127.0,16.61,209.0,,,16.59,116.0,376.82,200.0
2004,Male,M,106,1456.0,15.03,182.0,3.73,164.0,8.28,383.0,1.36,290.0,,,,,16.65,210.0,,,24.82,227.0,,
2004,Male,M,107,1446.0,15.33,150.0,3.67,155.0,6.16,258.0,1.32,263.0,76.24,36.0,23.24,139.0,16.39,205.0,1.8,103.0,17.8,132.0,464.87,5.0
2004,Male,M,108,1436.0,13.66,362.0,,,,,,,59.63,426.0,,,17.06,218.0,2.0,140.0,29.31,290.0,,
2004,Male,M,109,1404.0,14.81,207.0,4.04,212.0,7.12,314.0,1.32,263.0,68.02,182.0,,,17.5,226.0,,,,,,
2004,Male,M,110,1402.0,15.94,94.0,3.52,133.0,6.93,303.0,1.2,188.0,73.46,74.0,28.36,0.0,18.3,240.0,,,22.63,197.0,384.6,173.0
2004,Male,M,111,1375.0,14.93,193.0,2.83,47.0,7.43,333.0,1.08,121.0,92.95,0.0,22.92,155.0,22.41,318.0,,,23.47,208.0,,
2004,Male,M,112,1353.0,14.02,309.0,,,,,,,66.14,228.0,,,19.94,271.0,2.4,220.0,31.82,325.0,,
2004,Male,M,113,1337.0,14.43,254.0,4.48,287.0,7.92,362.0,1.36,290.0,69.71,144.0,,,,,,,,,,
2004,Male,M,114,1242.0,14.32,268.0,4.33,261.0,7.37,329.0,1.36,290.0,72.25,94.0,,,,,,,,,,
2004,Male,M,115,1223.0,13.97,316.0,4.03,211.0,8.45,393.0,1.12,142.0,68.9,161.0,,,,,,,,,,
2004,Male,M,116,1217.0,15.93,94.0,3.95,198.0,5.08,196.0,1.28,237.0,78.48,15.0,23.49,126.0,11.68,121.0,1.8,103.0,13.84,80.0,432.56,47.0
2004,Male,M,117,1187.0,14.46,250.0,4.47,285.0,6.01,249.0,1.4,317.0,72.72,86.0,,,,,,,,,,
2004,Male,M,118,1178.0,14.31,270.0,,,9.07,430.0,1.4,317.0,68.91,161.0,,,,,,,,,,
2004,Male,M,119,1177.0,16.65,43.0,3.45,123.0,7.02,308.0,1.28,237.0,84.81,0.0,,,17.59,227.0,,,25.67,239.0,533.42,0.0
2004,Male,M,120,1169.0,14.65,226.0,4.25,247.0,5.94,245.0,1.32,263.0,67.76,188.0,,,,,,,,,,
2004,Male,M,121,1162.0,14.61,231.0,3.93,195.0,8.41,391.0,1.44,345.0,,,,,,,,,,,,
2004,Male,M,122,1152.0,14.76,213.0,3.9,190.0,7.29,324.0,1.36,290.0,70.14,135.0,,,,,,,,,,
2004,Male,M,123,1129.0,14.76,213.0,4.39,271.0,8.7,408.0,1.28,237.0,,,,,,,,,,,,
2004,Male,M,124,1043.0,14.38,261.0,3.52,133.0,,,,,69.88,140.0,23.87,108.0,16.36,205.0,1.6,70.0,17.33,126.0,,
2004,Male,M,125,967.0,14.69,221.0,,,,,,,,,,,20.52,282.0,2.2,179.0,28.98,285.0,,
2004,Male,M,126,954.0,14.13,294.0,,,,,,,71.38,110.0,,,19.23,258.0,1.6,70.0,24.48,222.0,,
2004,Male,M,127,931.0,17.45,8.0,,,8.03,368.0,,,,,,,22.7,323.0,1.8,103.0,17.56,129.0,,
2004,Male,M,128,909.0,15.3,153.0,,,,,,,70.07,136.0,,,14.88,178.0,1.8,103.0,32.78,339.0,,
2004,Male,M,129,876.0,15.94,94.0,2.77,41.0,6.3,266.0,1.08,121.0,76.74,31.0,29.51,0.0,12.11,129.0,1.8,103.0,14.69,91.0,,
2004,Male,M,130,866.0,14.13,294.0,,,,,,,75.08,50.0,,,17.68,229.0,1.2,15.0,28.47,278.0,,
2004,Male,M,131,732.0,16.76,243.0,,,,,,,87.64,16.0,,,12.5,146.0,1.6,110.0,16.09,217.0,,
2004,Male,M,132,597.0,14.75,214.0,,,,,,,70.39,130.0,,,13.58,155.0,1.4,40.0,12.03,58.0,,
2004,Male,M,133,368.0,,,,,,,,,,,,,17.74,230.0,,,18.24,138.0,,
2004,Male,M,134,366.0,,,,,,,,,,,,,24.94,366.0,,,,,,
2004,Male,M,135,193.0,20.25,10.0,,,,,,,,,,,11.9,136.0,,,6.63,47.0,,
2004,Male,M40,1,4132.0,12.98,471.0,5.08,398.0,9.77,472.0,1.64,496.0,58.22,476.0,17.67,556.0,26.45,395.0,3.0,357.0,32.01,328.0,381.55,183.0
2004,Male,M40,2,3897.0,12.86,492.0,5.2,421.0,9.95,483.0,1.44,345.0,58.6,462.0,18.1,515.0,23.55,339.0,2.6,264.0,29.04,286.0,353.84,290.0
2004,Male,M40,3,3634.0,13.83,337.0,4.97,377.0,8.21,379.0,1.48,374.0,59.68,424.0,17.97,527.0,20.78,287.0,2.6,264.0,36.64,394.0,358.36,271.0
2004,Male,M40,4,3506.0,13.06,458.0,4.45,281.0,9.17,436.0,1.56,434.0,61.73,356.0,17.48,575.0,20.6,283.0,3.0,357.0,31.87,326.0,,
2004,Male,M40,5,3351.0,13.34,412.0,4.5,290.0,8.34,386.0,1.6,464.0,61.8,354.0,19.12,422.0,23.31,335.0,2.4,220.0,26.54,251.0,371.98,217.0
2004,Male,M40,6,3250.0,13.53,382.0,4.27,250.0,6.73,291.0,1.48,374.0,61.48,364.0,18.92,439.0,20.81,287.0,2.0,140.0,28.03,272.0,319.87,451.0
2004,Male,M40,7,3210.0,13.84,335.0,4.66,319.0,10.23,499.0,1.48,374.0,65.9,235.0,19.63,379.0,24.2,352.0,2.4,220.0,31.08,314.0,381.52,183.0
2004,Male,M40,8,3007.0,13.99,314.0,4.64,315.0,7.8,354.0,1.4,317.0,64.2,281.0,18.81,449.0,19.32,259.0,1.8,103.0,34.04,356.0,361.38,259.0
2004,Male,M40,9,2506.0,14.35,264.0,4.6,308.0,7.35,328.0,1.36,290.0,67.02,206.0,21.91,214.0,17.08,218.0,2.0,140.0,21.22,178.0,338.12,360.0
2004,Male,M40,10,2435.0,15.02,183.0,4.27,250.0,6.72,291.0,1.4,317.0,69.11,157.0,20.45,314.0,19.65,266.0,2.0,140.0,23.9,214.0,350.68,303.0
2004,Male,M40,11,2350.0,14.72,218.0,3.97,201.0,7.02,308.0,1.28,237.0,67.95,183.0,22.0,208.0,19.2,257.0,2.6,264.0,27.47,264.0,373.94,210.0
2004,Male,M40,12,2329.0,13.74,350.0,4.72,330.0,6.62,285.0,1.36,290.0,67.42,196.0,20.82,287.0,14.23,166.0,,,18.31,139.0,354.68,286.0
2004,Male,M40,13,2296.0,13.99,314.0,4.22,242.0,8.17,376.0,1.32,263.0,73.92,67.0,21.07,270.0,20.29,277.0,2.2,179.0,29.69,295.0,456.3,13.0
2004,Male,M40,14,2279.0,14.28,274.0,4.15,230.0,8.28,383.0,1.4,317.0,70.44,129.0,21.8,221.0,20.15,275.0,1.8,103.0,24.32,220.0,399.29,127.0
2004,Male,M40,15,2069.0,15.77,108.0,3.77,170.0,6.52,279.0,1.32,263.0,69.03,158.0,22.5,179.0,16.6,209.0,1.8,103.0,23.63,211.0,332.13,389.0
2004,Male,M40,16,1808.0,14.19,286.0,4.55,299.0,8.0,366.0,,,,,20.86,284.0,19.83,269.0,1.6,70.0,25.31,234.0,,
2004,Male,M40,17,1806.0,14.65,226.0,4.15,230.0,7.52,338.0,1.4,317.0,79.28,9.0,23.94,105.0,17.5,226.0,1.8,103.0,23.73,212.0,436.54,40.0
2004,Male,M40,18,1746.0,15.8,105.0,3.88,187.0,7.92,362.0,1.28,237.0,77.18,26.0,23.34,134.0,18.1,237.0,1.6,70.0,23.86,214.0,384.24,174.0
2004,Male,M40,19,1718.0,15.48,135.0,3.51,132.0,7.45,334.0,1.24,212.0,85.97,0.0,22.52,178.0,21.2,295.0,1.6,70.0,31.68,323.0,437.35,39.0
2004,Male,M40,20,1635.0,16.61,46.0,3.37,112.0,5.74,234.0,1.16,165.0,74.68,56.0,22.89,157.0,13.91,160.0,2.0,140.0,20.62,170.0,330.85,395.0
2004,Male,M40,21,1546.0,14.5,245.0,3.97,201.0,7.52,338.0,1.32,263.0,98.3,0.0,24.8,70.0,21.41,299.0,1.2,15.0,16.5,115.0,,
2004,Male,M40,22,1501.0,16.03,86.0,3.77,170.0,6.81,296.0,1.28,237.0,74.57,57.0,23.46,128.0,13.4,151.0,2.0,140.0,18.99,148.0,413.44,88.0
2004,Male,M40,23,1498.0,14.27,275.0,4.34,262.0,7.58,341.0,1.44,345.0,64.43,275.0,,,,,,,,,,
2004,Male,M40,24,1069.0,14.72,218.0,3.65,152.0,7.26,323.0,,,,,,,,,,,,,334.89,376.0
2004,Male,M40,25,1065.0,16.51,52.0,3.01,67.0,5.98,248.0,1.2,188.0,82.88,0.0,25.4,50.0,14.02,162.0,1.2,15.0,24.39,221.0,425.09,62.0
2004,Male,M40,26,838.0,15.59,124.0,3.95,198.0,7.35,328.0,1.2,188.0,,,,,,,,,,,,
2004,Male,M40,27,530.0,14.3,271.0,4.32,259.0,,,,,,,,,,,,,,,,
2004,Male,M50,1,2130.0,15.25,158.0,4.18,235.0,6.4,272.0,1.28,237.0,69.49,148.0,21.92,213.0,15.86,196.0,2.0,140.0,17.88,133.0,330.23,398.0
2004,Male,M50,2,1744.0,16.33,64.0,3.29,102.0,7.42,332.0,1.32,263.0,75.67,43.0,23.65,119.0,21.39,298.0,1.8,103.0,26.04,244.0,383.64,176.0
2004,Male,M50,3,1396.0,15.83,103.0,3.62,147.0,6.12,256.0,1.28,237.0,74.22,63.0,23.0,151.0,17.32,222.0,1.2,15.0,20.59,169.0,440.66,33.0
2004,Male,M50,4,991.0,15.79,106.0,4.04,212.0,7.11,314.0,1.36,290.0,73.82,69.0,,,,,,,,,,
2004,Male,M50,5,970.0,14.17,289.0,,,,,,,,,,,25.35,374.0,,,30.52,307.0,,
2004,Male,M60,1,1485.0,16.69,41.0,3.48,127.0,8.63,404.0,1.2,188.0,89.68,0.0,29.26,0.0,23.3,334.0,2.0,140.0,26.38,249.0,470.22,2.0
2004,Male,M60,2,741.0,17.15,18.0,2.51,17.0,5.77,235.0,1.04,100.0,82.97,0.0,26.82,15.0,14.3,167.0,,,15.72,105.0,415.16,84.0
2005,Female,W,1,3912.0,13.93,615.0,4.16,345.0,6.84,325.0,1.4,512.0,67.04,444.0,19.46,548.0,13.97,171.0,2.0,221.0,22.95,344.0,377.99,387.0
2005,Female,W,2,3742.0,14.22,570.0,4.07,324.0,6.79,322.0,1.28,389.0,66.89,449.0,19.64,533.0,16.03,207.0,1.6,110.0,19.35,277.0,343.7,561.0
2005,Female,W,3,3525.0,15.04,451.0,4.09,329.0,8.84,454.0,1.36,470.0,79.09,131.0,20.49,465.0,21.93,313.0,2.4,348.0,25.91,399.0,435.22,165.0
2005,Female,W,4,3446.0,14.7,499.0,4.03,315.0,6.76,320.0,1.36,470.0,68.78,389.0,21.11,417.0,16.63,218.0,1.8,163.0,19.91,287.0,382.06,368.0
2005,Female,W,5,3165.0,15.08,446.0,4.31,381.0,8.41,426.0,1.2,312.0,74.03,242.0,21.21,410.0,20.0,278.0,2.0,221.0,22.94,344.0,456.24,105.0
2005,Female,W,6,3159.0,14.61,512.0,3.91,287.0,7.25,351.0,1.24,350.0,74.99,219.0,21.71,374.0,20.07,279.0,2.0,221.0,22.58,337.0,416.14,229.0
2005,Female,W,7,3094.0,14.54,522.0,3.9,285.0,7.03,337.0,1.32,429.0,72.05,294.0,22.7,307.0,13.33,160.0,1.8,163.0,17.76,247.0,386.07,350.0
2005,Female,W,8,3051.0,14.78,488.0,4.04,317.0,7.61,374.0,1.28,389.0,72.59,279.0,23.23,273.0,20.61,289.0,1.2,25.0,19.73,284.0,389.97,333.0
2005,Female,W,9,2896.0,15.17,434.0,3.93,292.0,7.22,349.0,1.24,350.0,74.54,230.0,22.18,341.0,17.04,225.0,1.4,64.0,22.3,332.0,402.94,279.0
2005,Female,W,10,2528.0,15.42,401.0,3.91,287.0,6.89,328.0,1.28,389.0,80.69,103.0,22.42,325.0,13.12,157.0,2.0,221.0,16.09,217.0,458.6,100.0
2005,Female,W,11,2392.0,14.65,506.0,3.96,299.0,7.18,347.0,1.2,312.0,82.05,81.0,22.32,332.0,21.22,300.0,,,15.27,202.0,508.37,13.0
2005,Female,W,12,1926.0,15.71,364.0,3.44,188.0,5.79,258.0,1.16,275.0,78.65,140.0,24.19,218.0,11.7,133.0,,,12.98,160.0,427.26,190.0
2005,Female,W,13,1735.0,16.26,298.0,3.45,190.0,7.37,359.0,1.16,275.0,96.06,0.0,29.83,14.0,19.77,274.0,,,21.96,325.0,551.05,0.0
2005,Female,W,14,1663.0,17.14,205.0,3.4,180.0,5.82,260.0,1.16,275.0,81.65,87.0,26.28,116.0,14.65,183.0,,,12.25,147.0,421.62,210.0
2005,Female,W,15,1349.0,17.85,142.0,3.09,122.0,5.36,231.0,1.12,239.0,88.62,10.0,30.87,2.0,10.84,118.0,1.8,163.0,12.83,157.0,435.22,165.0
2005,Female,W,16,1128.0,17.15,204.0,3.4,180.0,5.7,252.0,1.0,141.0,96.24,0.0,29.98,11.0,15.08,191.0,,,12.41,149.0,561.86,0.0
2005,Female,W,17,1097.0,17.74,151.0,2.92,94.0,6.33,292.0,1.04,172.0,95.94,0.0,,,16.72,219.0,,,13.08,162.0,515.66,7.0
2005,Female,W,18,869.0,18.36,103.0,3.03,112.0,5.4,233.0,0.88,58.0,,,,,12.71,150.0,,,15.88,213.0,,
2005,Female,W,19,253.0,,,,,,,,,,,,,18.62,253.0,,,,,,
2005,Female,W,20,246.0,,,,,,,,,,,,,18.23,246.0,,,,,,
2005,Female,W40,1,3847.0,15.06,449.0,3.93,292.0,7.79,386.0,1.36,470.0,70.29,343.0,20.8,441.0,22.2,318.0,2.2,282.0,20.52,299.0,342.58,567.0
2005,Male,M,1,4863.0,12.17,618.0,6.16,621.0,9.39,449.0,1.72,560.0,58.85,453.0,16.6,667.0,28.69,439.0,2.8,309.0,33.12,343.0,329.08,404.0
2005,Male,M,2,4710.0,12.23,606.0,5.23,427.0,9.96,483.0,1.68,528.0,58.25,475.0,16.76,650.0,28.75,440.0,2.6,264.0,38.3,418.0,326.04,419.0
2005,Male,M,3,4676.0,12.72,516.0,5.45,471.0,10.51,516.0,1.6,464.0,59.69,424.0,17.32,591.0,26.4,394.0,3.2,406.0,40.29,446.0,320.3,448.0
2005,Male,M,4,4470.0,12.17,618.0,5.28,437.0,9.32,445.0,1.64,496.0,58.13,479.0,17.65,558.0,25.02,367.0,2.8,309.0,41.56,465.0,352.44,296.0
2005,Male,M,5,4468.0,12.64,531.0,5.35,451.0,9.73,469.0,1.64,496.0,58.09,480.0,17.66,557.0,20.31,278.0,3.0,357.0,41.7,467.0,333.6,382.0
2005,Male,M,6,4165.0,12.97,473.0,5.39,459.0,8.78,413.0,1.56,434.0,55.55,577.0,18.65,464.0,20.55,282.0,2.0,140.0,28.68,281.0,286.18,642.0
2005,Male,M,7,4080.0,12.4,574.0,5.05,392.0,7.97,365.0,1.64,496.0,59.27,438.0,18.45,482.0,17.92,233.0,2.8,309.0,36.11,386.0,328.81,405.0
2005,Male,M,8,4038.0,12.83,497.0,5.36,453.0,9.48,454.0,1.52,404.0,64.61,270.0,17.89,535.0,29.07,446.0,3.2,406.0,35.41,376.0,377.63,197.0
2005,Male,M,9,4032.0,13.13,446.0,5.2,421.0,10.13,493.0,1.64,496.0,61.96,349.0,20.97,277.0,32.44,513.0,2.8,309.0,39.5,435.0,353.02,293.0
2005,Male,M,10,4010.0,12.91,483.0,5.11,404.0,8.53,398.0,1.64,496.0,59.95,415.0,19.63,379.0,25.39,375.0,2.4,220.0,31.66,323.0,307.58,517.0
2005,Male,M,11,3979.0,12.69,522.0,4.71,328.0,9.22,439.0,1.64,496.0,58.87,452.0,18.3,496.0,24.97,367.0,2.4,220.0,24.9,228.0,323.73,431.0
2005,Male,M,12,3922.0,12.69,522.0,5.2,421.0,8.67,406.0,1.48,374.0,60.62,392.0,17.59,564.0,24.72,362.0,2.4,220.0,38.86,426.0,367.32,235.0
2005,Male,M,13,3902.0,13.35,410.0,5.02,386.0,8.68,407.0,1.44,345.0,60.7,390.0,18.13,512.0,20.65,284.0,2.8,309.0,35.66,380.0,314.59,479.0
2005,Male,M,14,3886.0,13.48,390.0,4.83,350.0,7.91,361.0,1.64,496.0,60.54,395.0,20.71,295.0,22.92,327.0,2.6,264.0,40.21,445.0,299.42,563.0
2005,Male,M,15,3871.0,12.88,488.0,4.82,348.0,7.68,347.0,1.72,560.0,58.65,460.0,18.64,464.0,17.16,219.0,2.4,220.0,21.59,183.0,296.18,582.0
2005,Male,M,16,3804.0,12.95,476.0,5.21,423.0,8.91,420.0,1.6,464.0,62.25,340.0,18.52,475.0,21.57,302.0,2.2,179.0,36.06,385.0,342.48,340.0
2005,Male,M,17,3793.0,12.8,502.0,5.34,449.0,7.35,328.0,1.64,496.0,61.22,373.0,18.26,499.0,19.68,266.0,2.2,179.0,30.65,308.0,331.38,393.0
2005,Male,M,18,3777.0,12.61,536.0,4.66,319.0,9.58,460.0,1.6,464.0,60.2,406.0,20.48,312.0,19.31,259.0,2.8,309.0,29.74,296.0,326.68,416.0
2005,Male,M,19,3651.0,12.86,492.0,4.82,348.0,7.48,336.0,1.48,374.0,59.99,414.0,19.29,407.0,23.7,342.0,2.2,179.0,28.69,281.0,314.69,478.0
2005,Male,M,20,3642.0,13.0,468.0,4.92,367.0,8.34,386.0,1.52,404.0,58.36,471.0,20.41,318.0,21.92,308.0,2.4,220.0,27.28,261.0,322.1,439.0
2005,Male,M,21,3618.0,12.89,487.0,4.92,367.0,7.35,328.0,1.52,404.0,57.89,488.0,19.24,412.0,19.17,257.0,2.4,220.0,22.97,202.0,319.42,453.0
2005,Male,M,22,3614.0,13.69,357.0,5.02,386.0,7.65,346.0,1.72,560.0,61.46,365.0,20.86,284.0,22.81,325.0,2.2,179.0,27.05,258.0,301.04,554.0
2005,Male,M,23,3584.0,12.97,473.0,4.81,346.0,9.66,465.0,1.48,374.0,62.71,326.0,21.78,222.0,25.2,371.0,3.2,406.0,36.84,397.0,375.72,204.0
2005,Male,M,24,3561.0,12.63,532.0,5.2,421.0,9.73,469.0,1.56,434.0,63.25,309.0,20.27,328.0,22.99,329.0,2.2,179.0,37.3,403.0,389.3,157.0
2005,Male,M,25,3463.0,12.52,552.0,4.74,333.0,7.63,344.0,1.48,374.0,61.97,349.0,18.82,448.0,18.36,241.0,2.8,309.0,28.75,282.0,368.48,231.0
2005,Male,M,26,3420.0,13.44,396.0,4.23,244.0,9.23,440.0,1.44,345.0,59.91,416.0,20.4,318.0,21.96,309.0,1.8,103.0,33.15,344.0,309.64,505.0
2005,Male,M,27,3406.0,13.12,448.0,5.13,407.0,9.08,431.0,1.44,345.0,61.2,373.0,20.39,319.0,21.03,291.0,2.2,179.0,29.24,289.0,346.1,324.0
2005,Male,M,28,3395.0,12.39,576.0,4.81,346.0,7.41,331.0,1.44,345.0,61.89,351.0,18.99,433.0,23.32,335.0,2.4,220.0,23.01,202.0,361.88,256.0
2005,Male,M,29,3391.0,12.79,504.0,5.47,475.0,8.27,382.0,1.52,404.0,61.4,367.0,20.51,310.0,20.24,277.0,2.4,220.0,26.62,252.0,376.67,200.0
2005,Male,M,30,3324.0,13.33,413.0,4.92,367.0,7.64,345.0,1.52,404.0,67.16,202.0,18.32,494.0,19.49,263.0,2.2,179.0,32.7,337.0,346.92,320.0
2005,Male,M,31,3273.0,13.05,459.0,4.16,232.0,7.69,348.0,1.56,434.0,64.4,276.0,17.69,554.0,22.96,328.0,2.4,220.0,26.06,244.0,383.1,178.0
2005,Male,M,32,3272.0,13.14,444.0,4.91,365.0,7.83,356.0,1.64,496.0,66.15,228.0,21.46,243.0,22.99,329.0,2.2,179.0,31.28,317.0,348.14,315.0
2005,Male,M,33,3230.0,12.96,475.0,4.73,332.0,7.38,330.0,1.44,345.0,62.49,332.0,19.46,393.0,19.36,260.0,2.2,179.0,25.67,239.0,341.45,345.0
2005,Male,M,34,3218.0,13.41,401.0,4.99,380.0,7.55,340.0,1.56,434.0,66.58,217.0,18.91,440.0,16.91,215.0,2.8,309.0,24.17,218.0,359.98,264.0
2005,Male,M,35,3181.0,13.38,405.0,4.58,304.0,7.4,331.0,1.52,404.0,61.76,355.0,20.73,294.0,20.61,284.0,1.8,103.0,29.61,294.0,328.42,407.0
2005,Male,M,36,3161.0,13.25,426.0,5.14,409.0,7.26,323.0,1.68,528.0,65.31,250.0,20.56,306.0,21.3,297.0,2.0,140.0,27.28,261.0,371.08,221.0
2005,Male,M,37,3097.0,12.96,475.0,5.08,398.0,9.49,455.0,1.48,374.0,,,19.4,398.0,31.6,496.0,2.2,179.0,31.59,322.0,,
2005,Male,M,38,3060.0,13.76,347.0,4.49,288.0,7.44,333.0,1.44,345.0,64.86,263.0,19.95,353.0,16.21,202.0,2.6,264.0,27.8,268.0,330.52,397.0
2005,Male,M,39,3004.0,12.63,532.0,5.33,447.0,9.66,465.0,1.48,374.0,75.38,47.0,,,27.7,419.0,2.6,264.0,40.98,456.0,,
2005,Male,M,40,2997.0,13.34,412.0,4.66,319.0,7.01,308.0,1.52,404.0,60.09,410.0,21.68,229.0,16.58,209.0,1.8,103.0,13.56,77.0,305.86,526.0
2005,Male,M,41,2924.0,13.85,334.0,4.59,306.0,8.21,379.0,1.56,434.0,67.64,191.0,20.82,287.0,20.57,283.0,2.4,220.0,27.6,266.0,370.07,224.0
2005,Male,M,42,2815.0,13.48,390.0,4.29,254.0,7.2,319.0,1.52,404.0,63.42,304.0,21.32,252.0,17.92,233.0,1.6,70.0,25.63,238.0,340.1,351.0
2005,Male,M,43,2792.0,13.52,383.0,4.69,324.0,7.69,348.0,1.6,464.0,71.0,117.0,20.47,313.0,22.01,310.0,2.2,179.0,31.49,320.0,440.13,34.0
2005,Male,M,44,2779.0,13.07,456.0,5.03,388.0,7.04,310.0,1.56,434.0,61.31,370.0,21.63,232.0,15.41,187.0,2.0,140.0,27.35,262.0,,
2005,Male,M,45,2740.0,13.36,409.0,4.06,215.0,8.45,393.0,1.56,434.0,65.84,236.0,21.97,210.0,20.18,275.0,2.0,140.0,25.25,233.0,378.03,195.0
2005,Male,M,46,2688.0,13.55,379.0,4.46,283.0,7.82,356.0,1.4,317.0,62.46,333.0,22.43,183.0,16.86,214.0,1.4,40.0,19.13,150.0,323.21,433.0
2005,Male,M,47,2663.0,13.26,425.0,4.72,330.0,6.85,298.0,1.44,345.0,69.69,144.0,21.63,232.0,21.1,293.0,2.2,179.0,28.0,271.0,392.69,146.0
2005,Male,M,48,2656.0,14.12,295.0,4.52,294.0,7.34,327.0,1.48,374.0,62.84,322.0,22.48,180.0,18.68,247.0,2.4,220.0,29.42,291.0,406.5,106.0
2005,Male,M,49,2643.0,13.35,410.0,4.94,371.0,7.49,336.0,1.4,317.0,65.2,253.0,21.89,215.0,15.79,194.0,1.6,70.0,21.52,182.0,352.59,295.0
2005,Male,M,50,2625.0,14.21,283.0,4.32,259.0,7.85,357.0,1.56,434.0,67.5,194.0,21.43,245.0,19.64,265.0,1.6,70.0,28.48,278.0,365.94,240.0
2005,Male,M,51,2584.0,14.85,202.0,4.11,224.0,8.05,369.0,1.56,434.0,68.18,178.0,20.56,306.0,21.66,303.0,1.8,103.0,27.01,257.0,374.45,208.0
2005,Male,M,52,2548.0,14.24,279.0,4.44,280.0,8.79,413.0,1.4,317.0,68.32,175.0,21.9,215.0,23.24,333.0,2.8,309.0,,,369.48,227.0
2005,Male,M,53,2535.0,13.45,394.0,4.61,310.0,6.96,305.0,1.36,290.0,70.02,137.0,22.14,200.0,18.36,241.0,2.2,179.0,26.7,253.0,369.56,226.0
2005,Male,M,54,2522.0,13.08,454.0,4.25,247.0,7.21,320.0,1.4,317.0,66.22,226.0,23.33,134.0,17.49,225.0,1.6,70.0,31.74,324.0,375.42,205.0
2005,Male,M,55,2512.0,13.86,332.0,4.16,232.0,8.84,416.0,1.4,317.0,68.81,163.0,22.41,184.0,21.59,302.0,1.8,103.0,28.17,274.0,379.74,189.0
2005,Male,M,56,2512.0,13.67,360.0,4.17,234.0,6.76,293.0,1.4,317.0,66.24,226.0,21.07,270.0,17.28,222.0,2.0,140.0,24.6,224.0,369.79,226.0
2005,Male,M,57,2506.0,13.6,371.0,4.59,306.0,6.96,305.0,1.4,317.0,66.94,208.0,24.42,85.0,16.09,200.0,1.6,70.0,26.4,249.0,330.88,395.0
2005,Male,M,58,2493.0,13.19,436.0,4.1,222.0,7.95,363.0,1.28,237.0,68.19,178.0,20.08,343.0,17.81,231.0,1.8,103.0,30.2,302.0,417.78,78.0
2005,Male,M,59,2479.0,12.99,470.0,4.85,354.0,8.8,414.0,1.52,404.0,63.48,302.0,,,19.83,269.0,,,27.65,266.0,,
2005,Male,M,60,2444.0,14.17,289.0,4.67,321.0,7.78,353.0,1.52,404.0,65.48,246.0,25.7,41.0,16.43,206.0,,,22.52,195.0,332.02,389.0
2005,Male,M,61,2390.0,13.78,344.0,4.68,323.0,9.59,461.0,1.4,317.0,64.01,287.0,30.97,0.0,24.74,362.0,,,29.79,296.0,,
2005,Male,M,62,2380.0,13.61,370.0,4.29,254.0,8.38,389.0,1.4,317.0,70.64,125.0,21.98,210.0,18.88,251.0,2.0,140.0,25.33,234.0,412.83,90.0
2005,Male,M,63,2377.0,14.11,297.0,4.53,295.0,6.6,284.0,1.44,345.0,70.1,349.0,,,15.2,184.0,2.0,140.0,29.22,288.0,378.04,195.0
2005,Male,M,64,2369.0,14.22,282.0,4.22,242.0,8.79,413.0,1.6,464.0,,,,,24.15,351.0,2.6,264.0,33.8,353.0,,
2005,Male,M,65,2259.0,13.99,314.0,4.39,271.0,7.54,339.0,1.44,345.0,73.42,75.0,20.81,288.0,17.24,221.0,1.6,70.0,25.39,235.0,408.54,101.0
2005,Male,M,66,2199.0,14.11,297.0,4.08,219.0,6.31,267.0,1.4,317.0,65.67,241.0,24.35,88.0,18.18,238.0,2.0,140.0,24.62,224.0,385.98,168.0
2005,Male,M,67,2185.0,13.59,373.0,4.37,267.0,7.36,328.0,1.44,345.0,73.61,72.0,22.23,194.0,17.35,223.0,1.8,103.0,24.29,220.0,425.9,60.0
2005,Male,M,68,2164.0,13.96,318.0,4.11,224.0,7.89,360.0,1.28,237.0,67.85,186.0,21.53,238.0,17.56,227.0,,,17.2,124.0,363.6,250.0
2005,Male,M,69,2162.0,14.1,298.0,4.57,303.0,6.58,283.0,1.48,374.0,68.17,178.0,22.46,181.0,15.5,189.0,1.8,103.0,13.74,79.0,384.14,174.0
2005,Male,M,70,2159.0,13.63,367.0,4.12,225.0,5.56,223.0,1.32,263.0,65.76,238.0,21.88,216.0,12.12,129.0,1.8,103.0,17.32,126.0,358.75,269.0
2005,Male,M,71,2114.0,13.79,343.0,4.03,211.0,6.52,279.0,1.28,237.0,66.5,219.0,22.26,193.0,16.76,212.0,1.6,70.0,19.39,153.0,377.64,197.0
2005,Male,M,72,2085.0,13.84,335.0,4.06,215.0,9.8,474.0,1.28,237.0,68.47,171.0,22.58,174.0,19.33,260.0,,,24.25,219.0,,
2005,Male,M,73,2046.0,14.3,271.0,4.01,207.0,7.41,331.0,1.36,290.0,71.74,104.0,21.32,252.0,19.81,268.0,1.2,15.0,23.64,211.0,409.96,97.0
2005,Male,M,74,2026.0,14.49,246.0,3.97,201.0,7.23,321.0,1.36,290.0,69.96,138.0,22.82,161.0,22.44,318.0,1.6,70.0,28.7,281.0,,
2005,Male,M,75,1868.0,14.95,191.0,3.91,191.0,7.09,313.0,1.36,290.0,70.58,126.0,24.73,73.0,15.95,197.0,1.6,70.0,19.91,160.0,361.73,257.0
2005,Male,M,76,1867.0,13.47,391.0,4.88,360.0,6.86,299.0,1.56,434.0,60.89,383.0,,,,,,,,,,
2005,Male,M,77,1864.0,14.6,233.0,4.15,230.0,6.85,298.0,1.36,290.0,71.66,105.0,25.51,47.0,18.73,248.0,1.2,15.0,26.98,257.0,394.6,141.0
2005,Male,M,78,1852.0,14.15,291.0,4.35,264.0,7.2,319.0,1.32,263.0,71.42,109.0,23.82,111.0,15.6,191.0,,,14.4,88.0,372.42,216.0
2005,Male,M,79,1819.0,13.83,337.0,4.34,262.0,6.58,283.0,1.32,263.0,72.47,91.0,23.06,148.0,19.36,260.0,1.6,70.0,14.79,93.0,456.55,12.0
2005,Male,M,80,1761.0,13.98,315.0,4.35,264.0,6.95,304.0,1.32,263.0,70.27,132.0,22.89,157.0,15.34,186.0,2.0,140.0,,,482.4,0.0
2005,Male,M,81,1699.0,14.69,221.0,4.18,235.0,7.44,333.0,,,72.54,89.0,23.33,134.0,15.29,185.0,1.4,40.0,25.68,239.0,370.45,223.0
2005,Male,M,82,1691.0,12.01,649.0,5.8,544.0,10.2,498.0,,,,,,,,,,,,,,
2005,Male,M,83,1657.0,14.44,253.0,4.13,227.0,8.62,403.0,1.36,290.0,,,,,17.68,229.0,1.4,40.0,23.93,215.0,,
2005,Male,M,84,1651.0,,,,,,,,,,,19.31,406.0,21.95,309.0,2.4,220.0,33.43,348.0,336.48,368.0
2005,Male,M,85,1625.0,14.53,241.0,3.82,177.0,5.83,239.0,1.52,404.0,73.67,71.0,23.79,112.0,16.53,208.0,1.6,70.0,12.44,63.0,436.64,40.0
2005,Male,M,86,1484.0,13.69,357.0,,,8.85,417.0,,,,,,,24.94,366.0,,,33.15,344.0,,
2005,Male,M,87,1443.0,13.56,377.0,4.68,323.0,6.95,304.0,1.4,317.0,70.75,122.0,,,,,,,,,,
2005,Male,M,88,1399.0,15.02,183.0,3.09,76.0,7.83,356.0,1.16,165.0,93.2,0.0,22.78,163.0,19.81,268.0,,,21.99,188.0,,
2005,Male,M,89,1343.0,,,,,9.76,471.0,,,,,,,23.59,340.0,2.6,264.0,27.77,268.0,,
2005,Male,M,90,1329.0,15.75,110.0,3.2,90.0,7.83,356.0,1.24,212.0,95.69,0.0,32.25,0.0,19.02,254.0,1.4,40.0,27.71,267.0,,
2005,Male,M,91,1277.0,15.67,117.0,3.33,107.0,7.01,308.0,1.2,188.0,78.06,18.0,27.87,2.0,17.93,234.0,1.8,103.0,18.35,139.0,425.33,61.0
2005,Male,M,92,1149.0,13.31,417.0,,,,,,,,,,,18.92,252.0,2.2,179.0,30.13,301.0,,
2005,Male,M,93,1142.0,16.08,82.0,3.72,162.0,5.26,206.0,1.2,188.0,78.62,13.0,,,14.93,179.0,1.6,70.0,20.82,172.0,421.18,70.0
2005,Male,M,94,1124.0,14.7,220.0,4.22,242.0,5.82,238.0,1.24,212.0,66.77,212.0,,,,,,,,,,
2005,Male,M,95,1105.0,15.01,184.0,3.26,98.0,6.58,283.0,,,83.75,0.0,25.2,56.0,17.81,231.0,2.0,140.0,16.39,113.0,,
2005,Male,M,96,831.0,13.21,433.0,5.08,398.0,,,,,,,,,,,,,,,,
2005,Male,M,97,747.0,13.43,397.0,4.83,350.0,,,,,,,,,,,,,,,,
2005,Male,M,98,541.0,,,,,,,,,,,,,19.0,253.0,,,29.19,288.0,,
2005,Male,M,99,417.0,13.31,417.0,,,,,,,,,,,,,,,,,,
2005,Male,M,100,206.0,14.82,206.0,,,,,,,,,,,,,,,,,,
2005,Male,M40,1,4005.0,13.0,468.0,4.91,365.0,10.08,490.0,1.6,464.0,64.14,283.0,16.38,691.0,23.72,343.0,3.0,357.0,31.71,323.0,371.08,221.0
2005,Male,M40,2,3961.0,13.01,466.0,4.94,371.0,8.06,370.0,1.48,374.0,60.05,411.0,17.46,577.0,22.67,322.0,3.2,406.0,29.17,288.0,334.76,376.0
2005,Male,M40,3,3864.0,12.94,478.0,4.28,252.0,8.9,420.0,1.56,434.0,59.67,424.0,17.34,589.0,22.86,326.0,3.0,357.0,29.25,289.0,352.62,295.0
2005,Male,M40,4,3841.0,12.75,511.0,5.12,405.0,8.64,404.0,1.6,464.0,58.9,451.0,20.36,321.0,25.08,369.0,2.6,264.0,34.23,359.0,353.08,293.0
2005,Male,M40,5,3569.0,13.09,453.0,4.23,244.0,7.46,334.0,1.48,374.0,59.79,420.0,17.38,585.0,20.45,281.0,2.2,179.0,31.5,320.0,334.22,379.0
2005,Male,M40,6,3497.0,13.52,383.0,5.17,415.0,10.1,492.0,1.64,496.0,66.01,232.0,20.07,344.0,25.59,378.0,2.4,220.0,41.54,464.0,420.08,73.0
2005,Male,M40,7,3347.0,12.32,589.0,5.34,449.0,7.15,316.0,1.44,345.0,62.37,336.0,19.11,423.0,18.45,243.0,2.2,179.0,32.66,337.0,398.03,130.0
2005,Male,M40,8,3302.0,12.95,476.0,5.0,382.0,6.96,305.0,1.44,345.0,60.4,400.0,20.67,298.0,19.91,270.0,2.0,140.0,26.14,245.0,321.8,441.0
2005,Male,M40,9,2838.0,13.36,409.0,4.53,295.0,7.98,365.0,1.36,290.0,68.6,168.0,20.95,278.0,27.4,414.0,2.0,140.0,32.59,336.0,393.88,143.0
2005,Male,M40,10,2770.0,13.3,418.0,4.67,321.0,8.23,380.0,1.4,317.0,64.63,269.0,20.02,348.0,21.49,300.0,1.8,103.0,31.05,314.0,,
2005,Male,M40,11,2745.0,14.17,289.0,4.04,212.0,7.3,325.0,1.32,263.0,68.32,175.0,20.35,322.0,21.51,300.0,2.8,309.0,26.44,249.0,351.18,301.0
2005,Male,M40,12,2716.0,14.31,270.0,4.06,215.0,8.3,384.0,1.52,404.0,69.71,144.0,21.7,227.0,20.17,275.0,2.6,264.0,28.98,285.0,364.1,248.0
2005,Male,M40,13,2538.0,13.49,388.0,4.87,358.0,7.4,331.0,1.36,290.0,66.67,215.0,20.27,328.0,13.8,158.0,1.6,70.0,16.03,109.0,353.62,291.0
2005,Male,M40,14,2232.0,14.03,308.0,4.37,267.0,7.26,323.0,1.36,290.0,,,21.42,246.0,17.27,221.0,1.8,103.0,19.98,161.0,348.4,313.0
2005,Male,M40,15,2219.0,13.55,379.0,3.97,201.0,8.26,382.0,1.28,237.0,73.44,74.0,21.88,216.0,23.8,344.0,2.0,140.0,24.13,218.0,444.14,28.0
2005,Male,M40,16,1869.0,,,4.49,288.0,7.37,329.0,1.28,237.0,,,19.47,392.0,17.35,223.0,2.2,179.0,24.36,221.0,,
2005,Male,M40,17,1692.0,15.25,158.0,3.56,139.0,7.12,314.0,1.36,290.0,91.86,0.0,22.64,171.0,18.84,250.0,2.0,140.0,25.0,230.0,482.52,0.0
2005,Male,M50,1,2498.0,14.6,233.0,4.25,247.0,6.57,282.0,1.36,290.0,66.49,219.0,20.44,315.0,18.15,238.0,2.0,140.0,25.5,236.0,351.88,298.0
2005,Male,M50,2,2384.0,14.57,236.0,4.27,250.0,6.05,252.0,1.28,237.0,68.14,179.0,21.15,264.0,16.07,199.0,2.4,220.0,17.61,129.0,326.16,418.0
2005,Male,M50,3,2008.0,15.12,172.0,4.1,222.0,6.73,291.0,1.32,263.0,72.04,98.0,22.82,161.0,17.34,223.0,2.0,140.0,23.38,207.0,368.42,231.0
2005,Male,M50,4,1817.0,15.55,128.0,4.12,225.0,6.96,305.0,1.36,290.0,75.26,48.0,22.65,170.0,18.97,253.0,1.4,40.0,22.75,199.0,388.58,159.0
2005,Male,M50,5,1803.0,15.84,102.0,3.63,149.0,8.01,367.0,1.28,237.0,75.56,44.0,23.24,139.0,22.3,315.0,1.8,103.0,24.8,227.0,401.45,120.0
2005,Male,M50,6,1793.0,14.79,209.0,4.21,240.0,8.3,384.0,1.4,317.0,72.68,87.0,,,22.33,316.0,,,25.76,240.0,,
2005,Male,M60,1,1663.0,17.02,24.0,3.67,155.0,8.85,417.0,1.32,263.0,,,24.83,69.0,24.26,353.0,1.8,103.0,27.14,259.0,450.04,20.0
2005,Male,M60,2,1583.0,15.33,150.0,3.8,174.0,6.42,273.0,1.36,290.0,,,,,19.23,258.0,1.4,40.0,26.16,246.0,390.84,152.0
2005,Male,M60,3,1273.0,14.79,209.0,,,6.67,288.0,1.28,237.0,,,,,20.9,289.0,1.6,70.0,21.41,180.0,,
2006,Female,W,1,3783.0,14.45,536.0,4.13,338.0,6.98,334.0,1.4,512.0,68.66,392.0,20.19,488.0,14.01,172.0,2.0,221.0,22.12,328.0,362.48,462.0
2006,Female,W,2,3326.0,15.03,453.0,4.08,326.0,8.67,443.0,1.36,470.0,82.22,78.0,21.044,422.0,19.37,266.0,2.2,282.0,23.62,356.0,415.94,230.0
2006,Female,W,3,1558.0,16.36,287.0,3.0,107.0,5.08,213.0,1.16,275.0,82.4,76.0,26.52,107.0,11.06,122.0,1.6,110.0,13.1,162.0,458.67,99.0
2006,Female,W,4,1487.0,16.32,291.0,3.52,204.0,5.75,255.0,0.92,84.0,97.65,0.0,24.71,190.0,16.03,207.0,,,18.24,256.0,567.74,0.0
2006,Female,W,5,1004.0,18.04,127.0,3.18,139.0,5.52,241.0,1.04,172.0,98.16,0.0,,,14.81,186.0,,,8.17,74.0,473.81,65.0
2006,Female,W,6,927.0,18.14,119.0,3.04,114.0,5.277,226.0,1.0,141.0,,,,,11.72,133.0,,,14.88,194.0,,
2006,Female,W,7,615.0,18.95,65.0,2.7,60.0,4.89,201.0,0.8,16.0,90.47,1.0,,,12.25,142.0,,,11.35,130.0,579.3,0.0
2006,Female,W,8,538.0,18.64,84.0,2.7,60.0,4.84,198.0,0.92,84.0,90.51,1.0,,,10.38,111.0,,,,,,
2006,Female,W,9,452.0,17.59,164.0,,,,,,,89.82,4.0,,,14.35,178.0,,,9.99,106.0,,
2006,Female,W40,1,3696.0,15.36,408.0,3.93,292.0,7.69,379.0,1.32,429.0,71.56,307.0,21.1,418.0,20.54,288.0,2.2,282.0,20.18,292.0,336.59,601.0
2006,Female,W40,2,3307.0,15.67,369.0,3.73,248.0,7.2,348.0,1.32,429.0,72.81,274.0,21.85,364.0,16.18,210.0,1.8,163.0,20.27,294.0,335.42,608.0
2006,Female,W40,3,2455.0,15.21,428.0,3.63,227.0,6.4,297.0,1.16,275.0,75.99,196.0,23.98,229.0,15.68,201.0,1.6,110.0,15.85,212.0,402.72,280.0
2006,Male,M,1,5448.0,11.93,665.0,5.41,463.0,10.31,504.0,1.88,696.0,55.54,577.0,16.2,710.0,30.2,468.0,3.0,357.0,42.86,484.0,306.32,524.0
2006,Male,M,2,5245.0,11.98,655.0,5.47,475.0,10.83,536.0,1.72,560.0,58.02,483.0,16.75,651.0,32.93,522.0,3.6,509.0,41.59,465.0,332.14,389.0
2006,Male,M,3,4779.0,12.31,591.0,5.78,540.0,8.66,406.0,1.64,496.0,58.03,483.0,16.12,719.0,27.2,410.0,3.0,357.0,35.59,379.0,330.32,398.0
2006,Male,M,4,4473.0,12.66,527.0,5.63,508.0,8.51,397.0,1.64,496.0,58.38,470.0,18.22,503.0,29.34,451.0,2.8,309.0,38.25,417.0,330.82,395.0
2006,Male,M,5,4247.0,12.56,545.0,5.55,492.0,8.03,368.0,1.64,496.0,58.49,466.0,18.42,485.0,19.32,259.0,2.8,309.0,32.7,337.0,312.56,490.0
2006,Male,M,6,4219.0,12.71,518.0,5.43,467.0,9.2,438.0,1.56,434.0,62.55,331.0,18.65,464.0,25.18,371.0,3.4,457.0,36.97,398.0,342.28,341.0
2006,Male,M,7,4176.0,12.93,480.0,4.88,360.0,9.68,466.0,1.56,434.0,58.39,470.0,18.04,520.0,22.86,326.0,2.8,309.0,41.8,468.0,341.77,343.0
2006,Male,M,8,4156.0,13.07,456.0,5.4,461.0,8.88,419.0,1.52,404.0,56.24,550.0,19.38,400.0,22.95,328.0,2.4,220.0,29.4,291.0,288.7,627.0
2006,Male,M,9,4088.0,12.6,538.0,4.96,375.0,9.54,458.0,1.64,496.0,58.8,455.0,20.6,303.0,22.49,319.0,2.8,309.0,34.44,362.0,315.62,473.0
2006,Male,M,10,3999.0,12.78,506.0,5.15,411.0,10.82,535.0,1.48,374.0,59.35,436.0,23.74,114.0,24.95,366.0,2.8,309.0,40.82,454.0,311.78,494.0
2006,Male,M,11,3915.0,12.81,501.0,5.25,431.0,8.79,413.0,1.64,496.0,59.65,425.0,20.48,312.0,24.27,353.0,2.2,179.0,32.13,329.0,315.1,476.0
2006,Male,M,12,3841.0,12.7,520.0,5.03,388.0,8.96,423.0,1.52,404.0,59.66,425.0,19.1,424.0,18.93,252.0,2.6,264.0,33.22,345.0,330.74,396.0
2006,Male,M,13,3816.0,12.85,494.0,5.1,402.0,10.19,497.0,1.56,434.0,62.22,341.0,19.71,372.0,25.53,377.0,2.8,309.0,35.29,374.0,372.26,216.0
2006,Male,M,14,3784.0,13.09,453.0,5.14,409.0,10.69,527.0,1.6,464.0,62.01,347.0,20.69,297.0,30.78,480.0,2.6,264.0,35.29,374.0,385.71,169.0
2006,Male,M,15,3775.0,12.51,554.0,5.82,548.0,8.21,379.0,1.52,404.0,64.86,263.0,20.22,332.0,21.14,293.0,2.4,220.0,37.46,405.0,334.54,377.0
2006,Male,M,16,3698.0,12.35,584.0,4.8,345.0,8.65,405.0,1.64,496.0,57.52,501.0,19.61,381.0,19.73,267.0,2.6,264.0,27.34,262.0,378.59,193.0
2006,Male,M,17,3647.0,13.13,446.0,4.99,380.0,7.66,346.0,1.6,464.0,60.15,408.0,18.31,495.0,20.1,274.0,2.0,140.0,30.12,301.0,331.3,393.0
2006,Male,M,18,3629.0,12.93,480.0,4.19,237.0,7.91,361.0,1.36,290.0,58.51,465.0,20.222,332.0,16.79,213.0,3.0,357.0,28.39,277.0,290.25,617.0
2006,Male,M,19,3627.0,13.25,426.0,5.03,388.0,9.11,432.0,1.52,404.0,62.1,344.0,19.82,364.0,24.62,360.0,2.6,264.0,34.34,361.0,355.27,284.0
2006,Male,M,20,3523.0,13.26,425.0,4.45,281.0,8.94,422.0,1.56,434.0,59.26,439.0,21.15,264.0,21.98,309.0,2.4,220.0,25.9,242.0,313.03,487.0
2006,Male,M,21,3520.0,12.59,540.0,4.96,375.0,7.26,323.0,1.6,464.0,61.08,377.0,17.81,543.0,20.19,276.0,2.2,179.0,23.38,207.0,367.18,236.0
2006,Male,M,22,3436.0,13.65,363.0,5.14,409.0,9.28,443.0,1.56,434.0,60.63,392.0,21.556,237.0,21.34,297.0,1.4,40.0,30.28,303.0,307.3,518.0
2006,Male,M,23,3409.0,13.69,357.0,4.65,317.0,8.85,417.0,1.44,345.0,61.27,371.0,22.76,164.0,25.02,367.0,2.8,309.0,34.67,365.0,330.44,397.0
2006,Male,M,24,3401.0,13.01,466.0,4.76,337.0,8.18,377.0,1.68,528.0,61.8,354.0,18.63,465.0,20.22,276.0,,,30.58,307.0,353.52,291.0
2006,Male,M,25,3379.0,12.81,501.0,4.96,375.0,9.39,449.0,1.6,464.0,67.44,195.0,19.54,386.0,23.18,332.0,2.4,220.0,32.32,332.0,399.79,125.0
2006,Male,M,26,3352.0,13.19,436.0,4.76,337.0,7.7,349.0,1.52,404.0,58.19,477.0,20.8,289.0,22.62,322.0,2.0,140.0,27.09,258.0,342.52,340.0
2006,Male,M,27,3298.0,13.06,458.0,5.09,400.0,8.6,402.0,1.48,374.0,61.08,377.0,21.46,243.0,16.58,209.0,2.4,220.0,26.16,246.0,336.25,369.0
2006,Male,M,28,3173.0,13.31,417.0,4.59,306.0,7.58,341.0,1.32,263.0,64.75,266.0,19.19,416.0,23.85,345.0,2.4,220.0,27.92,270.0,344.79,329.0
2006,Male,M,29,3104.0,14.2,284.0,4.54,297.0,8.1,372.0,1.56,434.0,63.94,289.0,22.67,169.0,23.07,330.0,2.2,179.0,27.08,258.0,312.19,492.0
2006,Male,M,30,3104.0,13.38,405.0,4.7,326.0,7.73,350.0,1.4,317.0,62.79,323.0,20.85,285.0,18.72,248.0,1.6,70.0,33.77,353.0,324.48,427.0
2006,Male,M,31,3077.0,13.5,387.0,4.63,313.0,6.78,294.0,1.52,404.0,62.43,334.0,20.65,300.0,17.44,224.0,2.6,264.0,20.02,162.0,330.93,395.0
2006,Male,M,32,3065.0,13.33,413.0,4.05,214.0,7.32,326.0,1.32,263.0,63.06,315.0,21.43,245.0,22.97,328.0,2.2,179.0,30.44,305.0,314.98,477.0
2006,Male,M,33,2972.0,13.33,413.0,4.66,319.0,8.06,370.0,1.44,345.0,65.68,240.0,20.33,324.0,17.21,220.0,2.4,220.0,30.1,301.0,371.2,220.0
2006,Male,M,34,2941.0,13.69,357.0,4.71,328.0,7.32,326.0,1.44,345.0,63.0,317.0,20.42,317.0,19.13,256.0,1.6,70.0,26.92,256.0,336.19,369.0
2006,Male,M,35,2931.0,13.77,346.0,4.48,287.0,9.16,435.0,1.48,374.0,65.09,256.0,20.95,278.0,20.43,280.0,2.2,179.0,25.45,236.0,360.94,260.0
2006,Male,M,36,2928.0,13.09,453.0,4.35,264.0,7.26,323.0,1.52,404.0,61.89,351.0,21.388,248.0,16.67,210.0,2.2,179.0,24.36,221.0,357.3,275.0
2006,Male,M,37,2916.0,13.53,382.0,4.4,273.0,8.02,367.0,1.44,345.0,62.95,318.0,21.41,246.0,18.48,244.0,2.2,179.0,24.07,217.0,341.4,345.0
2006,Male,M,38,2911.0,13.81,340.0,4.93,369.0,6.56,281.0,1.48,374.0,62.06,346.0,21.28,255.0,17.96,234.0,2.0,140.0,23.33,207.0,337.1,365.0
2006,Male,M,39,2868.0,13.62,368.0,4.76,337.0,7.16,317.0,1.4,317.0,64.51,273.0,20.34,323.0,20.09,274.0,2.0,140.0,28.14,273.0,364.45,246.0
2006,Male,M,40,2773.0,13.84,335.0,4.52,294.0,6.35,269.0,1.4,317.0,62.05,346.0,22.73,166.0,18.71,248.0,1.2,15.0,29.67,295.0,312.86,488.0
2006,Male,M,41,2767.0,13.89,328.0,4.29,254.0,8.46,394.0,1.32,263.0,69.388,151.0,21.98,210.0,21.05,292.0,2.4,220.0,42.555,479.0,383.57,176.0
2006,Male,M,42,2760.0,14.34,266.0,4.5,290.0,7.62,344.0,1.24,212.0,61.86,352.0,21.45,244.0,17.94,234.0,2.2,179.0,24.23,219.0,325.83,420.0
2006,Male,M,43,2744.0,13.76,347.0,4.825,349.0,7.1,313.0,1.36,290.0,66.35,223.0,20.16,337.0,20.18,275.0,1.8,103.0,24.13,218.0,354.03,289.0
2006,Male,M,44,2718.0,14.22,282.0,4.22,242.0,7.05,310.0,1.32,263.0,63.42,304.0,22.52,178.0,18.55,245.0,2.4,220.0,22.32,193.0,314.1,481.0
2006,Male,M,45,2690.0,13.41,401.0,5.19,419.0,7.56,340.0,1.48,374.0,70.53,127.0,21.53,238.0,18.55,245.0,2.4,220.0,22.65,197.0,398.29,129.0
2006,Male,M,46,2683.0,13.57,376.0,4.49,288.0,8.24,381.0,1.64,496.0,66.98,207.0,21.73,225.0,18.52,244.0,1.4,40.0,24.44,222.0,375.57,204.0
2006,Male,M,47,2671.0,14.05,305.0,4.09,220.0,7.69,348.0,1.48,374.0,63.66,297.0,23.56,123.0,21.33,297.0,2.2,179.0,21.29,179.0,340.5,349.0
2006,Male,M,48,2639.0,13.86,332.0,4.51,292.0,5.95,246.0,1.36,290.0,65.29,251.0,22.21,196.0,13.59,155.0,2.4,220.0,23.73,212.0,321.03,445.0
2006,Male,M,49,2605.0,13.45,394.0,4.51,292.0,7.23,321.0,1.4,317.0,65.72,239.0,21.99,209.0,18.8,250.0,1.8,103.0,30.58,307.0,384.54,173.0
2006,Male,M,50,2597.0,13.57,376.0,4.44,280.0,7.0,307.0,1.36,290.0,67.33,198.0,22.66,170.0,19.36,260.0,1.8,103.0,30.98,313.0,351.35,300.0
2006,Male,M,51,2567.0,13.91,325.0,4.43,278.0,6.53,280.0,1.32,263.0,64.65,269.0,21.27,256.0,19.39,261.0,2.0,140.0,21.42,181.0,348.18,314.0
2006,Male,M,52,2560.0,13.19,436.0,4.61,310.0,7.4,331.0,1.48,374.0,64.05,286.0,23.26,138.0,19.34,260.0,1.2,15.0,28.79,282.0,398.84,128.0
2006,Male,M,53,2546.0,13.69,357.0,4.4,273.0,7.85,357.0,1.28,237.0,64.72,267.0,23.88,108.0,18.86,251.0,2.0,140.0,26.35,248.0,349.7,308.0
2006,Male,M,54,2541.0,14.62,230.0,4.02,209.0,8.38,389.0,1.56,434.0,69.04,158.0,21.995,209.0,20.68,285.0,2.4,220.0,29.81,297.0,405.3,110.0
2006,Male,M,55,2515.0,13.77,346.0,3.54,136.0,7.62,344.0,1.32,263.0,63.44,304.0,23.22,140.0,18.11,237.0,2.4,220.0,25.91,242.0,355.46,283.0
2006,Male,M,56,2514.0,13.61,370.0,4.07,217.0,5.466,218.0,1.48,374.0,64.44,275.0,21.8,221.0,12.51,136.0,2.4,220.0,20.46,168.0,348.06,315.0
2006,Male,M,57,2449.0,14.21,283.0,4.48,287.0,6.88,300.0,1.44,345.0,71.24,113.0,22.12,201.0,20.24,277.0,1.8,103.0,34.42,362.0,382.98,178.0
2006,Male,M,58,2424.0,13.83,337.0,4.55,299.0,7.68,347.0,1.44,345.0,69.42,150.0,22.11,202.0,18.48,244.0,2.4,220.0,19.8,159.0,401.1,121.0
2006,Male,M,59,2391.0,14.16,290.0,4.4,273.0,6.92,303.0,1.44,345.0,68.73,165.0,24.05,100.0,16.51,207.0,2.4,220.0,24.44,222.0,359.54,266.0
2006,Male,M,60,2386.0,13.69,357.0,4.444,280.0,6.14,257.0,1.36,290.0,66.72,213.0,22.37,186.0,15.43,188.0,2.2,179.0,21.0,175.0,360.73,261.0
2006,Male,M,61,2348.0,13.83,337.0,4.5,290.0,6.71,290.0,1.48,374.0,63.1,314.0,21.78,222.0,17.17,220.0,1.8,103.0,22.72,198.0,,
2006,Male,M,62,2340.0,13.0,468.0,3.58,142.0,7.26,323.0,1.28,237.0,63.97,288.0,23.59,121.0,15.92,197.0,2.0,140.0,19.57,156.0,358.93,268.0
2006,Male,M,63,2294.0,12.49,558.0,5.444,470.0,8.71,408.0,1.6,464.0,60.57,394.0,,,,,,,,,,
2006,Male,M,64,2255.0,13.85,334.0,4.14,229.0,6.21,261.0,1.32,263.0,69.46,149.0,23.28,137.0,13.96,161.0,2.4,220.0,22.62,197.0,350.55,304.0
2006,Male,M,65,2162.0,14.78,211.0,3.82,177.0,7.62,344.0,1.44,345.0,74.0,66.0,22.39,185.0,17.3,222.0,2.2,179.0,31.61,322.0,404.83,111.0
2006,Male,M,66,2059.0,14.06,304.0,3.88,187.0,8.45,393.0,1.4,317.0,75.18,49.0,22.91,156.0,21.62,303.0,1.6,70.0,26.56,251.0,443.6,29.0
2006,Male,M,67,2018.0,15.24,159.0,4.11,224.0,6.1,255.0,1.4,317.0,70.07,136.0,23.46,128.0,15.16,183.0,2.0,140.0,25.9,242.0,367.7,234.0
2006,Male,M,68,2003.0,14.91,195.0,4.27,250.0,8.18,377.0,1.48,374.0,75.09,50.0,25.14,58.0,20.93,290.0,1.6,70.0,25.78,240.0,409.14,99.0
2006,Male,M,69,1907.0,13.03,463.0,5.15,411.0,8.45,393.0,1.52,404.0,65.86,236.0,,,,,,,,,,
2006,Male,M,70,1885.0,13.09,453.0,5.0,382.0,9.48,454.0,1.6,464.0,70.26,132.0,,,,,,,,,,
2006,Male,M,71,1857.0,14.31,270.0,4.1,222.0,5.84,240.0,1.4,317.0,70.83,121.0,23.76,113.0,13.13,147.0,2.0,140.0,11.0,45.0,365.57,242.0
2006,Male,M,72,1857.0,,,4.83,350.0,8.79,413.0,1.6,464.0,,,20.25,330.0,,,,,,,351.55,300.0
2006,Male,M,73,1692.0,15.27,156.0,3.81,176.0,7.22,320.0,1.36,290.0,75.11,50.0,25.52,46.0,17.73,230.0,1.4,40.0,30.76,310.0,419.3,74.0
2006,Male,M,74,1651.0,14.72,218.0,4.04,212.0,6.52,279.0,1.28,237.0,74.24,62.0,29.44,0.0,14.25,167.0,1.6,70.0,17.85,133.0,357.84,273.0
2006,Male,M,75,1618.0,15.74,111.0,3.71,161.0,4.03,136.0,1.28,237.0,80.36,3.0,22.46,181.0,12.06,128.0,2.4,220.0,20.67,170.0,358.33,271.0
2006,Male,M,76,1602.0,14.87,200.0,3.96,199.0,7.12,314.0,1.28,237.0,76.9,29.0,24.05,100.0,16.67,210.0,,,28.08,272.0,435.81,41.0
2006,Male,M,77,1406.0,14.59,234.0,3.17,86.0,7.44,333.0,1.12,142.0,87.48,0.0,,,23.81,344.0,,,27.4,263.0,467.41,4.0
2006,Male,M,78,1216.0,15.15,169.0,3.86,184.0,6.1,255.0,1.28,237.0,76.8,30.0,28.27,0.0,13.7,157.0,1.4,40.0,18.73,144.0,,
2006,Male,M,79,1213.0,14.54,240.0,4.3,255.0,7.81,355.0,1.4,317.0,75.4,46.0,,,,,,,,,,
2006,Male,M,80,1164.0,14.28,274.0,2.76,40.0,6.388,271.0,1.16,165.0,82.02,0.0,,,15.71,193.0,,,23.02,202.0,450.74,19.0
2006,Male,M,81,1150.0,15.43,140.0,3.88,187.0,6.2,260.0,1.36,290.0,,,35.88,0.0,13.71,157.0,,,16.6,116.0,,
2006,Male,M,82,1101.0,15.09,175.0,3.56,139.0,5.43,216.0,1.12,142.0,74.07,65.0,,,12.64,138.0,,,13.53,76.0,391.47,150.0
2006,Male,M,83,1093.0,15.92,95.0,3.7,159.0,6.57,282.0,1.2,188.0,83.09,0.0,,,15.56,190.0,1.4,40.0,18.34,139.0,,
2006,Male,M,84,1070.0,,,,,,,,,57.36,507.0,,,,,,,,,299.5,563.0
2006,Male,M,85,1068.0,16.93,28.0,3.26,98.0,6.51,279.0,1.24,212.0,77.88,19.0,31.33,0.0,13.65,156.0,,,15.7,104.0,384.76,172.0
2006,Male,M,86,875.0,15.83,103.0,,,,,,,,,,,16.7,211.0,2.8,309.0,26.59,252.0,,
2006,Male,M,87,757.0,17.8,1.0,2.75,39.0,7.53,339.0,1.2,188.0,82.94,0.0,25.7,0.0,15.53,190.0,,,,,,
2006,Male,M,88,715.0,16.83,33.0,3.65,152.0,6.12,256.0,1.16,165.0,84.0,0.0,,,11.0,109.0,,,5.85,0.0,,
2006,Male,M,89,210.0,15.18,166.0,2.8,44.0,,,,,,,,,,,,,,,,
2006,Male,M40,1,4175.0,12.7,520.0,5.1,402.0,9.15,435.0,1.52,404.0,59.04,446.0,17.73,550.0,26.0,386.0,2.4,220.0,30.9,312.0,310.6,500.0
2006,Male,M40,2,4090.0,12.73,515.0,4.95,373.0,9.2,438.0,1.48,374.0,58.32,472.0,17.27,596.0,24.63,360.0,3.0,357.0,33.12,343.0,360.4,262.0
2006,Male,M40,3,4090.0,13.56,377.0,5.05,392.0,8.18,377.0,1.6,464.0,59.54,429.0,18.03,521.0,22.7,323.0,2.4,220.0,38.15,415.0,297.8,572.0
2006,Male,M40,4,3930.0,13.13,446.0,5.06,394.0,7.96,364.0,1.6,464.0,58.91,451.0,18.72,457.0,21.08,292.0,2.4,220.0,32.48,334.0,309.26,508.0
2006,Male,M40,5,3756.0,12.95,476.0,5.09,400.0,8.36,388.0,1.44,345.0,60.98,380.0,18.7,459.0,26.95,405.0,2.8,309.0,29.77,296.0,351.92,298.0
2006,Male,M40,6,3583.0,13.03,463.0,4.33,261.0,8.75,411.0,1.44,345.0,65.36,249.0,18.49,478.0,23.68,342.0,3.4,457.0,37.36,404.0,384.44,173.0
2006,Male,M40,7,3438.0,13.13,446.0,4.51,292.0,8.69,407.0,1.52,404.0,62.38,336.0,17.89,535.0,22.13,312.0,2.2,179.0,34.98,370.0,389.41,157.0
2006,Male,M40,8,3209.0,13.16,441.0,4.29,254.0,6.97,306.0,1.44,345.0,62.26,339.0,18.15,510.0,20.15,275.0,1.8,103.0,31.66,323.0,348.49,313.0
2006,Male,M40,9,3033.0,13.42,399.0,4.62,312.0,6.35,269.0,1.52,404.0,61.47,365.0,21.05,271.0,15.02,180.0,2.4,220.0,24.71,226.0,332.43,387.0
2006,Male,M40,10,2998.0,13.19,436.0,4.79,343.0,6.73,291.0,1.36,290.0,61.78,355.0,20.04,346.0,17.42,224.0,2.2,179.0,20.21,164.0,336.01,370.0
2006,Male,M40,11,2777.0,13.83,337.0,4.44,280.0,7.93,362.0,1.32,263.0,68.46,171.0,20.66,299.0,27.84,422.0,2.0,140.0,32.2,330.0,384.6,173.0
2006,Male,M40,12,2667.0,12.44,567.0,5.4,461.0,10.12,493.0,1.52,404.0,,,,,27.52,416.0,,,31.9,326.0,,
2006,Male,M40,13,2602.0,14.09,300.0,4.19,237.0,7.68,347.0,1.36,290.0,69.2,155.0,19.45,394.0,22.2,314.0,2.6,264.0,30.1,301.0,,
2006,Male,M40,14,2502.0,13.77,346.0,4.38,269.0,6.29,266.0,1.28,237.0,64.71,267.0,21.63,232.0,14.65,174.0,2.0,140.0,19.9,160.0,327.64,411.0
2006,Male,M40,15,2467.0,14.32,268.0,3.95,198.0,8.54,398.0,1.48,374.0,69.68,144.0,21.6,234.0,19.01,254.0,2.2,179.0,23.84,214.0,375.61,204.0
2006,Male,M40,16,2420.0,14.67,224.0,4.28,252.0,7.15,316.0,1.4,317.0,67.24,200.0,21.59,234.0,19.1,255.0,2.0,140.0,26.34,248.0,367.68,234.0
2006,Male,M40,17,2406.0,13.94,321.0,4.28,252.0,7.61,343.0,1.32,263.0,70.38,130.0,20.16,337.0,19.64,265.0,2.0,140.0,32.35,332.0,447.72,23.0
2006,Male,M40,18,2400.0,13.61,370.0,4.6,308.0,7.6,343.0,1.4,317.0,,,23.3,136.0,19.95,271.0,2.0,140.0,30.37,304.0,373.7,211.0
2006,Male,M40,19,2376.0,14.6,233.0,3.64,150.0,7.85,357.0,1.28,237.0,67.73,188.0,23.21,140.0,24.83,364.0,1.8,103.0,31.95,327.0,356.89,277.0
2006,Male,M40,20,2369.0,14.2,284.0,4.066,216.0,7.41,331.0,1.36,290.0,68.76,165.0,21.27,256.0,17.87,232.0,2.2,179.0,25.76,240.0,383.54,176.0
2006,Male,M40,21,2360.0,14.55,239.0,4.1,222.0,6.43,274.0,1.44,345.0,67.69,189.0,19.77,368.0,15.18,183.0,1.8,103.0,25.12,231.0,374.94,206.0
2006,Male,M40,22,2318.0,15.22,161.0,3.85,182.0,8.28,383.0,1.32,263.0,69.65,145.0,22.22,195.0,23.4,336.0,2.0,140.0,23.95,215.0,351.9,298.0
2006,Male,M40,23,2267.0,13.95,319.0,4.56,301.0,7.54,339.0,1.36,290.0,67.15,203.0,26.27,26.0,20.13,274.0,2.2,179.0,22.46,195.0,394.32,141.0
2006,Male,M40,24,2161.0,13.9,327.0,4.1,222.0,9.21,438.0,1.32,263.0,68.34,174.0,20.96,277.0,21.0,291.0,,,20.59,169.0,,
2006,Male,M40,25,2088.0,14.73,217.0,3.9,190.0,6.35,269.0,1.32,263.0,70.1,136.0,21.03,272.0,14.96,179.0,2.0,140.0,21.2,178.0,365.04,244.0
2006,Male,M40,26,2083.0,13.97,316.0,3.78,171.0,6.39,272.0,1.28,237.0,68.22,177.0,21.87,217.0,16.41,206.0,1.6,70.0,18.57,142.0,357.24,275.0
2006,Male,M40,27,2061.0,14.31,270.0,4.45,281.0,8.35,387.0,1.44,345.0,77.09,27.0,21.76,223.0,18.72,248.0,1.8,103.0,21.19,177.0,,
2006,Male,M40,28,2052.0,14.67,224.0,3.5,130.0,9.05,429.0,1.32,263.0,77.03,28.0,22.06,205.0,24.6,359.0,1.8,103.0,29.65,294.0,452.0,17.0
2006,Male,M40,29,2046.0,13.36,409.0,4.9,363.0,9.25,441.0,1.56,434.0,,,,,26.63,399.0,,,,,,
2006,Male,M40,30,1648.0,15.18,166.0,4.11,224.0,6.97,306.0,1.28,237.0,87.41,0.0,22.97,153.0,20.88,289.0,1.8,103.0,20.64,170.0,480.24,0.0
2006,Male,M40,31,1625.0,13.5,387.0,,,,,,,63.58,299.0,20.94,279.0,18.06,236.0,2.4,220.0,23.14,204.0,,
2006,Male,M40,32,905.0,16.97,26.0,3.26,98.0,6.94,304.0,1.2,188.0,,,,,12.85,142.0,,,18.07,136.0,457.88,11.0
2006,Male,M50,1,2844.0,14.07,302.0,4.15,230.0,7.1,313.0,1.36,290.0,66.71,214.0,20.31,325.0,22.4,317.0,2.8,309.0,24.38,221.0,346.33,323.0
2006,Male,M50,2,2533.0,14.66,225.0,4.33,261.0,8.52,397.0,1.4,317.0,71.21,113.0,21.06,270.0,21.0,291.0,2.0,140.0,27.84,269.0,363.5,250.0
2006,Male,M50,3,2317.0,14.72,218.0,4.07,217.0,6.46,276.0,1.36,290.0,68.0,182.0,20.31,325.0,16.11,200.0,1.8,103.0,22.48,195.0,348.87,311.0
2006,Male,M50,4,2084.0,15.0,185.0,3.92,193.0,6.91,302.0,1.36,290.0,71.84,102.0,22.63,171.0,17.38,223.0,2.0,140.0,25.79,240.0,366.62,238.0
2006,Male,M50,5,644.0,15.94,94.0,,,,,,,78.32,16.0,,,17.24,221.0,1.6,70.0,25.96,243.0,,
2006,Male,M60,1,2243.0,15.56,127.0,4.31,257.0,7.59,342.0,1.48,374.0,77.4,24.0,21.48,242.0,22.5,319.0,2.6,264.0,26.94,256.0,437.46,38.0
2006,Male,M60,2,1459.0,17.06,22.0,3.31,104.0,8.58,401.0,1.32,263.0,86.52,0.0,27.1,10.0,20.0,272.0,1.8,103.0,27.56,265.0,450.86,19.0
2006,Male,M60,3,715.0,17.52,6.0,2.75,39.0,5.9,243.0,1.04,100.0,94.42,0.0,27.73,3.0,14.94,179.0,,,18.63,143.0,471.0,2.0
2007,Female,W,1,3669.0,14.45,536.0,4.04,317.0,6.28,289.0,1.32,429.0,67.85,418.0,19.78,522.0,14.16,175.0,2.0,221.0,21.17,311.0,364.71,451.0
2007,Female,W,2,3154.0,15.43,399.0,4.0,308.0,7.92,394.0,1.24,350.0,73.96,244.0,22.54,317.0,18.4,249.0,2.2,282.0,17.45,242.0,381.8,369.0
2007,Female,W,3,2920.0,14.46,534.0,4.07,324.0,7.91,394.0,1.16,275.0,77.42,165.0,21.46,392.0,16.78,220.0,1.8,163.0,15.83,212.0,412.99,241.0
2007,Female,W,4,2834.0,15.05,450.0,3.74,250.0,7.8,386.0,1.16,275.0,80.04,114.0,23.28,270.0,19.73,273.0,2.0,221.0,23.09,347.0,410.92,248.0
2007,Female,W,5,2158.0,15.96,333.0,4.02,312.0,6.92,330.0,1.28,389.0,86.44,27.0,23.39,264.0,16.78,220.0,,,17.21,237.0,483.96,46.0
2007,Female,W,6,2146.0,17.12,207.0,2.99,105.0,5.21,221.0,1.16,275.0,76.2,191.0,25.21,165.0,18.49,251.0,,,16.1,217.0,352.42,514.0
2007,Female,W,7,2097.0,15.94,335.0,3.71,244.0,6.63,311.0,1.16,275.0,84.82,44.0,22.65,310.0,16.88,222.0,1.6,110.0,15.84,212.0,491.47,34.0
2007,Female,W,8,1937.0,16.02,326.0,3.23,148.0,7.17,346.0,1.16,275.0,81.1,96.0,24.78,186.0,13.77,168.0,1.6,110.0,14.59,189.0,461.26,93.0
2007,Female,W,9,1330.0,18.46,96.0,2.92,94.0,5.73,254.0,1.04,172.0,88.99,8.0,27.48,72.0,16.6,217.0,1.2,25.0,13.5,169.0,417.76,223.0
2007,Female,W,10,1067.0,18.95,65.0,3.01,109.0,5.93,267.0,1.08,205.0,100.03,0.0,33.89,0.0,15.56,199.0,1.4,64.0,11.94,141.0,504.83,17.0
2007,Female,W,11,215.0,21.63,0.0,,,,,,,,,,,10.95,120.0,,,9.4,95.0,,
2007,Female,W40,1,3774.0,14.8,485.0,3.84,272.0,7.55,370.0,1.32,429.0,70.17,347.0,20.35,476.0,18.86,257.0,2.0,221.0,19.72,284.0,331.12,633.0
2007,Female,W40,2,3759.0,14.92,468.0,3.98,303.0,7.78,385.0,1.32,429.0,70.79,329.0,20.2,488.0,19.93,277.0,2.2,282.0,19.06,271.0,350.04,527.0
2007,Female,W40,3,3679.0,14.86,476.0,4.14,340.0,8.72,446.0,1.4,512.0,77.78,157.0,19.43,551.0,21.7,309.0,2.2,282.0,24.09,365.0,412.97,241.0
2007,Female,W40,4,2834.0,14.71,498.0,4.11,333.0,6.24,287.0,1.2,312.0,71.64,305.0,22.34,331.0,14.82,186.0,,,15.75,210.0,381.2,372.0
2007,Female,W40,5,1149.0,17.84,143.0,3.07,119.0,6.22,285.0,0.88,58.0,94.64,0.0,26.2,120.0,12.62,148.0,,,16.36,222.0,479.62,54.0
2007,Male,M,1,4479.0,12.32,589.0,5.38,457.0,9.48,454.0,1.68,528.0,58.03,483.0,18.13,512.0,29.6,457.0,2.6,264.0,41.75,468.0,359.33,267.0
2007,Male,M,2,4467.0,12.55,547.0,5.21,423.0,8.84,416.0,1.68,528.0,58.51,465.0,17.88,536.0,20.06,273.0,3.0,357.0,37.95,413.0,308.96,509.0
2007,Male,M,3,4424.0,12.63,532.0,5.44,469.0,8.83,416.0,1.56,434.0,55.42,582.0,18.83,447.0,21.38,298.0,2.4,220.0,33.27,345.0,279.82,681.0
2007,Male,M,4,4311.0,12.38,578.0,5.39,459.0,9.6,462.0,1.56,434.0,61.78,355.0,17.85,539.0,25.13,370.0,3.2,406.0,36.0,384.0,345.96,324.0
2007,Male,M,5,4283.0,13.11,449.0,5.1,402.0,9.82,475.0,1.56,434.0,62.87,321.0,17.87,537.0,27.05,407.0,3.0,357.0,41.07,458.0,321.32,443.0
2007,Male,M,6,4193.0,12.53,551.0,5.17,415.0,8.24,381.0,1.72,560.0,58.74,457.0,18.03,521.0,19.94,271.0,2.4,220.0,24.4,221.0,293.8,596.0
2007,Male,M,7,4125.0,12.92,481.0,4.95,373.0,9.05,429.0,1.68,528.0,59.49,431.0,18.78,452.0,23.26,334.0,2.8,309.0,31.46,320.0,316.52,468.0
2007,Male,M,8,4045.0,12.84,495.0,5.56,494.0,7.1,313.0,1.68,528.0,60.4,400.0,18.61,467.0,19.7,266.0,2.6,264.0,34.4,362.0,318.8,456.0
2007,Male,M,9,3867.0,12.67,525.0,5.37,455.0,6.93,303.0,1.64,496.0,59.17,442.0,18.13,512.0,17.48,225.0,2.4,220.0,32.77,338.0,340.14,351.0
2007,Male,M,10,3842.0,13.12,448.0,5.09,400.0,9.35,447.0,1.56,434.0,61.11,376.0,18.47,480.0,24.38,355.0,2.6,264.0,31.03,314.0,346.06,324.0
2007,Male,M,11,3840.0,13.0,468.0,5.04,390.0,8.38,389.0,1.6,464.0,59.62,426.0,19.93,355.0,24.44,356.0,2.4,220.0,30.31,304.0,316.58,468.0
2007,Male,M,12,3783.0,12.75,511.0,5.13,407.0,10.29,503.0,1.56,434.0,62.06,346.0,19.66,377.0,22.91,327.0,2.8,309.0,36.1,386.0,381.41,183.0
2007,Male,M,13,3760.0,12.73,515.0,5.27,435.0,8.43,392.0,1.72,560.0,62.48,333.0,18.59,469.0,18.95,252.0,2.0,140.0,30.02,299.0,337.06,365.0
2007,Male,M,14,3723.0,12.49,558.0,5.07,396.0,8.47,394.0,1.68,528.0,60.26,404.0,19.0,432.0,17.28,222.0,2.8,309.0,25.9,242.0,366.52,238.0
2007,Male,M,15,3599.0,13.13,446.0,5.23,427.0,9.77,472.0,1.6,464.0,65.36,249.0,18.73,456.0,23.53,339.0,2.2,179.0,35.74,381.0,380.64,186.0
2007,Male,M,16,3553.0,13.0,468.0,5.15,411.0,9.13,434.0,1.56,434.0,62.85,321.0,19.35,402.0,26.64,399.0,3.0,357.0,32.0,327.0,,
2007,Male,M,17,3442.0,13.04,461.0,4.77,339.0,8.29,384.0,1.44,345.0,63.28,308.0,19.044,429.0,24.73,362.0,2.2,179.0,26.68,253.0,333.55,382.0
2007,Male,M,18,3422.0,13.75,348.0,4.96,375.0,8.63,404.0,1.6,464.0,65.64,242.0,20.1,341.0,23.97,347.0,2.6,264.0,34.44,362.0,357.29,275.0
2007,Male,M,19,3397.0,13.3,418.0,4.93,369.0,7.51,337.0,1.6,464.0,63.11,313.0,18.91,440.0,20.59,283.0,2.2,179.0,28.85,283.0,348.92,311.0
2007,Male,M,20,3364.0,12.7,520.0,4.94,371.0,7.65,346.0,1.52,404.0,64.68,268.0,19.74,370.0,22.79,325.0,2.2,179.0,31.63,322.0,361.14,259.0
2007,Male,M,21,3287.0,13.65,363.0,4.56,301.0,8.45,393.0,1.56,434.0,63.67,297.0,22.31,190.0,24.23,352.0,2.4,220.0,39.59,436.0,351.25,301.0
2007,Male,M,22,3287.0,14.1,298.0,4.81,346.0,8.02,367.0,1.64,496.0,63.34,307.0,22.46,181.0,20.71,285.0,2.2,179.0,30.31,304.0,306.38,524.0
2007,Male,M,23,3272.0,13.23,430.0,4.88,360.0,8.92,421.0,1.48,374.0,61.69,357.0,21.09,268.0,23.8,344.0,2.4,220.0,28.93,284.0,372.96,214.0
2007,Male,M,24,3258.0,14.05,305.0,4.48,287.0,8.79,413.0,1.56,434.0,61.22,373.0,23.36,133.0,24.92,366.0,2.8,309.0,33.42,348.0,353.76,290.0
2007,Male,M,25,3256.0,13.08,454.0,4.75,335.0,7.42,332.0,1.56,434.0,61.24,372.0,21.69,228.0,15.37,187.0,2.6,264.0,28.0,271.0,334.2,379.0
2007,Male,M,26,3248.0,13.6,371.0,5.03,388.0,10.4,510.0,1.64,496.0,,,19.87,360.0,32.42,512.0,2.2,179.0,33.87,354.0,417.6,78.0
2007,Male,M,27,3233.0,13.48,390.0,4.38,269.0,7.19,318.0,1.56,434.0,62.26,339.0,19.07,426.0,13.17,147.0,2.2,179.0,28.34,276.0,319.1,455.0
2007,Male,M,28,3222.0,13.94,321.0,4.8,345.0,9.55,459.0,1.4,317.0,63.52,301.0,21.84,218.0,28.07,427.0,2.4,220.0,33.15,344.0,358.6,270.0
2007,Male,M,29,3178.0,13.47,391.0,4.46,283.0,8.03,368.0,1.44,345.0,61.55,362.0,20.9,282.0,20.57,283.0,2.0,140.0,30.57,307.0,326.36,417.0
2007,Male,M,30,3141.0,13.24,428.0,4.52,294.0,7.29,324.0,1.52,404.0,57.54,501.0,22.18,197.0,21.89,308.0,2.6,264.0,,,325.57,421.0
2007,Male,M,31,3086.0,13.16,441.0,4.7,326.0,7.59,342.0,1.64,496.0,62.44,334.0,20.83,287.0,16.33,204.0,2.2,179.0,30.05,300.0,383.29,177.0
2007,Male,M,32,3019.0,13.23,430.0,4.16,232.0,6.97,306.0,1.48,374.0,58.53,465.0,21.05,271.0,16.76,212.0,2.2,179.0,16.43,114.0,322.66,436.0
2007,Male,M,33,3017.0,13.74,350.0,4.54,297.0,7.33,327.0,1.36,290.0,60.42,399.0,21.41,246.0,19.25,258.0,2.0,140.0,26.9,256.0,319.26,454.0
2007,Male,M,34,3017.0,13.34,412.0,4.7,326.0,8.76,411.0,1.32,263.0,68.17,178.0,21.18,262.0,22.49,319.0,2.2,179.0,28.95,284.0,333.26,383.0
2007,Male,M,35,2956.0,13.28,421.0,4.98,378.0,7.65,346.0,1.52,404.0,63.97,288.0,21.97,210.0,23.11,331.0,1.6,70.0,28.53,279.0,368.92,229.0
2007,Male,M,36,2925.0,13.25,426.0,4.09,220.0,7.59,342.0,1.48,374.0,63.13,313.0,21.39,248.0,18.21,239.0,1.6,70.0,33.73,352.0,342.34,341.0
2007,Male,M,37,2914.0,13.38,405.0,4.58,304.0,8.12,373.0,1.6,464.0,63.89,290.0,21.15,264.0,17.16,219.0,1.6,70.0,29.47,292.0,367.92,233.0
2007,Male,M,38,2759.0,13.44,396.0,4.57,303.0,9.26,441.0,1.2,188.0,68.74,165.0,21.85,218.0,22.24,314.0,2.6,264.0,33.42,348.0,400.9,122.0
2007,Male,M,39,2715.0,13.72,353.0,4.59,306.0,7.29,324.0,1.4,317.0,67.51,194.0,20.95,278.0,18.64,247.0,2.4,220.0,26.48,250.0,369.58,226.0
2007,Male,M,40,2610.0,13.48,390.0,4.72,330.0,7.79,354.0,1.48,374.0,70.0,138.0,21.32,252.0,18.21,239.0,2.4,220.0,28.14,273.0,436.44,40.0
2007,Male,M,41,2599.0,13.02,464.0,4.57,303.0,7.78,353.0,1.44,345.0,73.29,77.0,21.42,246.0,18.14,237.0,2.0,140.0,24.3,220.0,372.81,214.0
2007,Male,M,42,2596.0,14.0,312.0,4.81,346.0,7.01,308.0,1.28,237.0,67.73,188.0,22.49,179.0,17.1,218.0,1.6,70.0,25.72,239.0,310.9,499.0
2007,Male,M,43,2557.0,13.72,353.0,4.88,360.0,6.86,299.0,1.44,345.0,71.3,112.0,19.94,354.0,19.09,255.0,1.6,70.0,24.76,226.0,381.52,183.0
2007,Male,M,44,2505.0,13.61,370.0,3.97,201.0,7.72,350.0,1.32,263.0,65.377,249.0,21.15,264.0,19.52,263.0,1.2,15.0,23.03,202.0,345.04,328.0
2007,Male,M,45,2498.0,13.87,331.0,4.51,292.0,7.63,344.0,1.44,345.0,72.54,89.0,22.0,208.0,16.08,200.0,2.2,179.0,29.67,295.0,372.6,215.0
2007,Male,M,46,2490.0,13.4,402.0,4.41,274.0,7.47,335.0,1.44,345.0,66.74,213.0,23.35,133.0,16.84,213.0,1.8,103.0,25.17,232.0,366.12,240.0
2007,Male,M,47,2469.0,13.83,337.0,3.88,187.0,6.9,301.0,1.2,188.0,65.97,233.0,22.74,165.0,19.82,269.0,2.4,220.0,23.0,202.0,336.68,367.0
2007,Male,M,48,2331.0,13.6,371.0,4.44,280.0,6.9,301.0,1.32,263.0,67.33,198.0,21.81,220.0,16.0,198.0,2.0,140.0,20.97,174.0,380.8,186.0
2007,Male,M,49,2248.0,13.9,327.0,4.27,250.0,6.71,290.0,1.52,404.0,68.78,164.0,21.02,273.0,17.6,227.0,1.8,103.0,23.57,210.0,,
2007,Male,M,50,2237.0,13.51,385.0,4.25,247.0,7.41,331.0,1.4,317.0,76.76,30.0,20.81,288.0,18.98,253.0,1.2,15.0,32.3,332.0,436.84,39.0
2007,Male,M,51,2203.0,14.58,235.0,4.48,287.0,7.34,327.0,1.48,374.0,72.4,92.0,23.98,104.0,17.97,234.0,2.0,140.0,31.91,326.0,415.2,84.0
2007,Male,M,52,2156.0,15.18,166.0,4.2,239.0,7.46,334.0,1.4,317.0,71.0,117.0,23.43,129.0,13.63,155.0,2.0,140.0,27.54,265.0,352.87,294.0
2007,Male,M,53,2123.0,14.18,287.0,4.18,235.0,7.42,332.0,1.4,317.0,71.114,115.0,24.12,97.0,15.08,181.0,2.4,220.0,19.93,160.0,382.62,179.0
2007,Male,M,54,2032.0,14.38,261.0,3.6,145.0,6.76,293.0,1.36,290.0,67.51,194.0,23.97,104.0,19.03,254.0,1.6,70.0,21.38,180.0,365.8,241.0
2007,Male,M,55,2010.0,13.87,331.0,4.6,308.0,6.94,304.0,1.44,345.0,78.06,18.0,21.73,225.0,17.93,234.0,1.8,103.0,18.55,142.0,,
2007,Male,M,56,1901.0,,,4.64,315.0,8.68,407.0,1.56,434.0,,,20.22,332.0,,,,,,,327.16,413.0
2007,Male,M,57,1835.0,15.44,139.0,3.46,125.0,7.92,362.0,1.32,263.0,77.41,24.0,22.26,193.0,17.24,221.0,2.0,140.0,29.12,287.0,416.44,81.0
2007,Male,M,58,1818.0,15.24,159.0,3.86,184.0,7.62,344.0,1.32,263.0,73.71,70.0,23.49,126.0,17.58,227.0,2.0,140.0,23.35,207.0,409.64,98.0
2007,Male,M,59,1656.0,14.82,206.0,4.03,211.0,6.72,291.0,1.2,188.0,74.55,58.0,,,15.49,189.0,1.8,103.0,25.72,239.0,384.95,171.0
2007,Male,M,60,1571.0,15.64,120.0,3.01,67.0,6.92,303.0,1.28,237.0,69.96,138.0,28.28,0.0,14.9,178.0,,,17.97,134.0,331.04,394.0
2007,Male,M,61,1497.0,14.9,197.0,4.46,283.0,6.96,305.0,1.12,142.0,72.52,90.0,24.6,78.0,16.82,213.0,1.6,70.0,16.84,119.0,,
2007,Male,M,62,1479.0,,,5.53,487.0,11.49,575.0,,,,,,,27.56,417.0,,,,,,
2007,Male,M,63,1468.0,15.02,183.0,3.21,91.0,7.63,344.0,1.2,188.0,83.92,0.0,23.46,128.0,21.8,306.0,1.6,70.0,19.72,158.0,,
2007,Male,M,64,1426.0,15.98,90.0,3.72,162.0,7.75,352.0,1.24,212.0,102.56,0.0,32.98,0.0,20.19,276.0,1.8,103.0,25.09,231.0,620.93,0.0
2007,Male,M,65,1306.0,16.23,71.0,3.47,126.0,7.16,317.0,1.16,165.0,94.15,0.0,24.69,74.0,18.63,246.0,1.8,103.0,23.15,204.0,588.66,0.0
2007,Male,M,66,1285.0,16.62,45.0,3.56,139.0,5.94,245.0,1.28,237.0,75.78,42.0,27.8,2.0,13.25,149.0,1.8,103.0,19.82,159.0,389.22,164.0
2007,Male,M,67,1189.0,13.85,334.0,3.95,198.0,6.62,285.0,1.28,237.0,70.12,135.0,,,,,,,,,,
2007,Male,M,68,1187.0,13.82,338.0,,,,,,,68.65,167.0,,,21.22,295.0,2.4,220.0,20.43,167.0,,
2007,Male,M,69,1154.0,14.63,229.0,4.25,247.0,8.36,388.0,1.36,290.0,,,,,,,,,,,,
2007,Male,M,70,1150.0,16.26,69.0,3.59,143.0,6.24,263.0,1.32,263.0,78.73,13.0,,,16.94,215.0,,,15.76,105.0,417.44,79.0
2007,Male,M,71,766.0,16.09,82.0,3.14,83.0,6.2,260.0,1.2,188.0,82.85,0.0,,,13.48,153.0,,,,,,
2007,Male,M,72,335.0,,,,,,,,,,,,,,,2.2,179.0,19.62,156.0,,
2007,Male,M40,1,4383.0,12.56,545.0,5.25,431.0,10.6,522.0,1.68,528.0,60.97,381.0,18.35,491.0,32.07,505.0,2.4,220.0,33.95,355.0,328.9,405.0
2007,Male,M40,2,4131.0,13.17,439.0,4.98,378.0,9.67,466.0,1.56,434.0,61.06,378.0,17.0,624.0,24.92,366.0,2.6,264.0,32.44,334.0,320.36,448.0
2007,Male,M40,3,4023.0,13.11,449.0,4.95,373.0,9.37,448.0,1.52,404.0,63.42,304.0,17.25,598.0,24.29,353.0,3.4,457.0,36.78,396.0,365.72,241.0
2007,Male,M40,4,3946.0,12.53,551.0,5.11,404.0,9.77,472.0,1.4,317.0,60.68,390.0,17.64,559.0,25.85,383.0,2.6,264.0,28.77,282.0,346.06,324.0
2007,Male,M40,5,3581.0,13.37,407.0,5.27,435.0,9.02,427.0,1.6,464.0,65.3,251.0,19.07,426.0,24.67,361.0,2.4,220.0,39.52,435.0,389.94,155.0
2007,Male,M40,6,3532.0,13.4,402.0,4.57,303.0,7.665,346.0,1.48,374.0,62.0,348.0,17.25,598.0,22.04,311.0,2.2,179.0,29.56,293.0,334.42,378.0
2007,Male,M40,7,3189.0,13.04,461.0,4.92,367.0,9.2,438.0,1.48,374.0,,,17.32,591.0,22.69,323.0,2.8,309.0,31.88,326.0,,
2007,Male,M40,8,2977.0,13.27,423.0,4.41,274.0,8.55,399.0,1.44,345.0,71.05,117.0,20.51,310.0,23.79,344.0,2.8,309.0,28.58,279.0,383.28,177.0
2007,Male,M40,9,2887.0,13.84,335.0,4.72,330.0,8.1,372.0,1.44,345.0,66.58,217.0,18.36,490.0,21.16,294.0,2.2,179.0,31.86,325.0,,
2007,Male,M40,10,2856.0,12.88,488.0,4.35,264.0,8.57,400.0,1.52,404.0,65.81,237.0,19.95,353.0,21.46,300.0,1.8,103.0,25.33,234.0,420.15,73.0
2007,Male,M40,11,2552.0,14.15,291.0,4.35,264.0,6.45,275.0,1.36,290.0,65.05,258.0,21.19,261.0,15.93,197.0,2.0,140.0,20.88,173.0,329.35,403.0
2007,Male,M40,12,2546.0,13.55,379.0,4.72,330.0,7.17,317.0,1.44,345.0,71.42,109.0,21.32,252.0,19.76,268.0,1.8,103.0,25.36,234.0,374.26,209.0
2007,Male,M40,13,2442.0,13.8,341.0,4.53,295.0,7.58,341.0,1.48,374.0,70.55,126.0,21.22,259.0,19.07,255.0,2.0,140.0,22.73,198.0,403.88,113.0
2007,Male,M40,14,2416.0,14.36,263.0,4.15,230.0,7.34,327.0,1.36,290.0,71.06,116.0,19.81,364.0,18.81,250.0,2.2,179.0,27.16,259.0,395.56,138.0
2007,Male,M40,15,2200.0,14.04,307.0,4.14,229.0,7.31,326.0,1.36,290.0,72.66,87.0,21.12,266.0,17.17,220.0,1.4,40.0,22.62,197.0,366.44,238.0
2007,Male,M40,16,2198.0,13.84,335.0,4.41,274.0,9.51,456.0,1.32,263.0,67.34,198.0,21.04,272.0,17.41,224.0,,,21.09,176.0,,
2007,Male,M40,17,2161.0,15.11,173.0,4.07,217.0,5.27,207.0,1.32,263.0,68.033,181.0,21.14,265.0,13.52,153.0,2.2,179.0,20.5,168.0,339.24,355.0
2007,Male,M40,18,2155.0,14.76,213.0,3.97,201.0,8.13,374.0,1.44,345.0,76.68,31.0,21.67,229.0,22.51,319.0,1.8,103.0,26.09,245.0,410.66,95.0
2007,Male,M40,19,2137.0,14.66,225.0,3.87,185.0,8.66,406.0,,,68.19,178.0,22.36,187.0,18.94,252.0,2.4,220.0,24.95,229.0,362.14,255.0
2007,Male,M40,20,2035.0,14.22,282.0,4.21,240.0,6.77,294.0,1.24,212.0,69.28,153.0,22.3,190.0,14.49,171.0,1.6,70.0,19.96,161.0,360.42,262.0
2007,Male,M40,21,1961.0,15.18,166.0,4.32,259.0,6.49,277.0,1.24,212.0,68.85,162.0,22.86,159.0,16.21,202.0,1.8,103.0,14.35,87.0,343.76,334.0
2007,Male,M40,22,1858.0,14.54,240.0,4.31,257.0,7.02,308.0,1.24,212.0,70.3,131.0,23.07,147.0,18.71,248.0,,,21.1,176.0,395.11,139.0
2007,Male,M40,23,1738.0,14.42,255.0,3.97,201.0,7.19,318.0,1.08,121.0,70.92,119.0,22.1,202.0,15.84,195.0,1.8,103.0,17.92,134.0,412.7,90.0
2007,Male,M40,24,1596.0,14.09,300.0,2.07,0.0,7.48,336.0,,,67.55,193.0,22.48,180.0,17.54,226.0,2.0,140.0,24.39,221.0,,
2007,Male,M40,25,1591.0,14.91,195.0,4.11,224.0,5.86,241.0,1.52,404.0,87.76,0.0,22.12,201.0,14.98,180.0,1.4,40.0,15.28,99.0,462.98,7.0
2007,Male,M40,26,1506.0,16.53,51.0,3.58,142.0,7.53,339.0,1.24,212.0,,,27.13,10.0,18.54,245.0,1.8,103.0,36.06,385.0,450.9,19.0
2007,Male,M40,27,1456.0,15.69,115.0,3.58,142.0,5.9,243.0,1.12,142.0,70.26,132.0,26.22,27.0,12.2,130.0,1.4,40.0,20.36,166.0,347.17,319.0
2007,Male,M40,28,1307.0,14.62,230.0,3.71,161.0,6.6,284.0,1.16,165.0,84.24,0.0,25.82,38.0,13.85,159.0,1.4,40.0,20.43,167.0,424.5,63.0
2007,Male,M40,29,1065.0,16.81,34.0,3.35,110.0,7.04,310.0,1.12,142.0,,,26.46,22.0,16.29,203.0,1.6,70.0,20.95,174.0,,
2007,Male,M40,30,927.0,18.31,0.0,3.16,85.0,6.87,300.0,1.16,165.0,,,,,15.5,189.0,1.2,15.0,20.86,173.0,,
2007,Male,M40,31,329.0,13.88,329.0,,,,,,,,,,,,,,,,,,
2007,Male,M50,1,2514.0,14.72,218.0,4.17,234.0,8.51,397.0,1.4,317.0,71.86,101.0,20.88,283.0,20.43,280.0,2.2,179.0,27.75,268.0,366.82,237.0
2007,Male,M50,2,2401.0,14.85,202.0,4.12,225.0,6.55,281.0,1.36,290.0,69.17,155.0,20.78,290.0,18.72,248.0,1.8,103.0,27.89,270.0,343.09,337.0
2007,Male,M50,3,2333.0,13.85,334.0,4.56,301.0,6.58,283.0,1.36,290.0,67.54,193.0,20.57,306.0,14.08,163.0,1.6,70.0,20.37,166.0,369.42,227.0
2007,Male,M50,4,2091.0,15.16,168.0,4.2,239.0,6.41,273.0,1.24,212.0,72.44,91.0,21.09,268.0,17.91,233.0,2.2,179.0,23.84,214.0,372.74,214.0
2007,Male,M50,5,1128.0,14.68,223.0,,,,,,,69.72,143.0,,,21.02,291.0,2.4,220.0,26.56,251.0,,
2007,Male,M50,6,882.0,16.83,33.0,2.7,34.0,5.85,240.0,1.24,212.0,87.43,0.0,29.83,0.0,11.81,123.0,,,23.39,207.0,440.68,33.0
2007,Male,M60,1,2083.0,15.26,157.0,3.69,158.0,6.62,285.0,1.44,345.0,75.38,47.0,21.64,231.0,18.87,251.0,2.4,220.0,23.15,204.0,381.1,185.0
2007,Male,M60,2,1401.0,17.24,15.0,3.38,114.0,8.12,373.0,1.24,212.0,88.92,0.0,29.17,0.0,23.06,330.0,1.8,103.0,26.76,254.0,,
2007,Male,M60,3,1045.0,18.24,0.0,3.03,69.0,6.96,305.0,1.2,188.0,89.77,0.0,24.93,66.0,15.28,185.0,1.8,103.0,17.556,129.0,519.96,0.0
2007,Male,M60,4,476.0,18.75,0.0,2.24,0.0,5.46,218.0,0.8,8.0,109.11,0.0,32.71,0.0,13.35,150.0,,,15.35,100.0,511.44,0.0
2008,Female,W,1,4096.0,14.31,556.0,4.334,387.0,7.3,354.0,1.4,512.0,67.3,435.0,19.15,575.0,16.43,214.0,2.0,221.0,23.32,351.0,356.87,491.0
2008,Female,W,2,3052.0,13.69,653.0,4.15,343.0,8.9,458.0,,,61.49,641.0,,,24.27,356.0,2.0,221.0,24.89,380.0,,
2008,Female,W,3,2937.0,15.11,442.0,3.85,274.0,7.48,366.0,1.36,470.0,78.59,141.0,21.92,359.0,18.8,256.0,1.8,163.0,19.06,271.0,425.91,195.0
2008,Female,W,4,2776.0,16.0,328.0,3.44,188.0,7.0,335.0,1.32,429.0,75.2,214.0,23.93,232.0,17.94,241.0,1.8,163.0,16.11,217.0,369.1,429.0
2008,Female,W,5,2750.0,15.86,345.0,3.4,180.0,6.0,271.0,1.28,389.0,73.42,258.0,22.89,295.0,18.05,243.0,2.0,221.0,14.76,192.0,384.8,356.0
2008,Female,W,6,2341.0,15.75,359.0,4.1,331.0,6.61,310.0,1.32,429.0,83.11,65.0,22.8,300.0,14.05,173.0,1.6,110.0,14.85,194.0,471.56,70.0
2008,Female,W,7,1724.0,16.82,237.0,3.61,223.0,5.89,264.0,1.12,239.0,91.49,0.0,24.83,184.0,15.89,205.0,,,23.55,355.0,504.84,17.0
2008,Female,W,8,1535.0,17.99,131.0,3.09,122.0,5.73,254.0,1.16,275.0,86.92,22.0,26.49,108.0,13.87,170.0,1.8,163.0,11.66,136.0,438.85,154.0
2008,Female,W,9,1276.0,16.95,224.0,2.86,84.0,6.2,284.0,1.12,239.0,86.44,27.0,31.41,0.0,13.32,160.0,1.6,110.0,12.35,148.0,,
2008,Female,W,10,1208.0,16.17,308.0,2.77,70.0,4.95,205.0,1.04,172.0,88.89,8.0,,,13.77,168.0,,,14.3,184.0,461.29,93.0
2008,Female,W,11,1184.0,16.65,255.0,2.79,73.0,5.64,249.0,1.12,239.0,96.08,0.0,30.82,2.0,14.46,180.0,,,13.33,166.0,501.8,20.0
2008,Female,W,12,1032.0,17.7,154.0,3.34,168.0,5.04,211.0,1.16,275.0,,,,,16.96,224.0,,,,,,
2008,Female,W,13,885.0,19.6,32.0,2.71,62.0,4.79,195.0,1.04,172.0,115.5,0.0,,,12.92,153.0,1.4,64.0,15.54,207.0,578.86,0.0
2008,Female,W,14,849.0,16.2,305.0,,,,,,,,,,,14.5,181.0,2.0,221.0,12.0,142.0,,
2008,Female,W40,1,3562.0,15.07,447.0,4.15,343.0,8.49,431.0,1.36,470.0,73.07,267.0,20.14,492.0,21.85,311.0,2.2,282.0,21.24,312.0,422.4,207.0
2008,Female,W40,2,3290.0,14.62,511.0,4.13,338.0,6.96,332.0,1.2,312.0,70.86,327.0,20.96,429.0,18.46,250.0,1.8,163.0,18.16,255.0,381.03,373.0
2008,Female,W40,3,1758.0,17.92,136.0,3.45,190.0,5.19,220.0,1.0,141.0,88.58,10.0,24.48,202.0,15.26,194.0,2.0,221.0,16.54,225.0,418.84,219.0
2008,Female,W40,4,1294.0,,,3.46,192.0,8.48,430.0,1.16,275.0,,,22.11,346.0,,,,,,,481.5,51.0
2008,Female,W40,5,1076.0,19.34,44.0,2.98,104.0,5.4,233.0,1.0,141.0,115.83,0.0,33.89,0.0,15.99,207.0,1.6,110.0,17.2,237.0,616.45,0.0
2008,Female,W40,6,641.0,24.71,0.0,2.28,11.0,5.42,235.0,1.0,141.0,,,34.64,0.0,11.11,123.0,,,11.41,131.0,,
2008,Female,W40,7,449.0,,,,,,,,,,,,,16.43,214.0,,,17.08,235.0,,
2008,Male,M,1,4591.0,13.39,404.0,5.24,429.0,10.85,537.0,1.64,496.0,59.2,441.0,18.57,471.0,31.86,501.0,3.4,457.0,38.34,418.0,322.6,437.0
2008,Male,M,2,4398.0,12.98,471.0,5.24,429.0,7.92,362.0,1.52,404.0,57.21,513.0,18.348,491.0,23.7,342.0,3.2,406.0,37.18,401.0,296.66,579.0
2008,Male,M,3,4381.0,12.6,538.0,5.22,425.0,9.77,472.0,1.56,434.0,58.09,480.0,18.89,442.0,28.57,436.0,2.8,309.0,45.53,523.0,346.46,322.0
2008,Male,M,4,4136.0,12.92,481.0,5.65,512.0,9.15,435.0,1.68,528.0,57.35,508.0,18.39,487.0,21.84,307.0,1.8,103.0,34.51,363.0,327.4,412.0
2008,Male,M,5,3746.0,13.18,438.0,5.05,392.0,8.98,425.0,1.6,464.0,61.11,376.0,19.96,352.0,23.02,329.0,2.4,220.0,33.98,356.0,331.0,394.0
2008,Male,M,6,3692.0,12.86,492.0,4.85,354.0,9.2,438.0,1.52,404.0,59.78,421.0,19.63,379.0,18.67,247.0,2.4,220.0,29.94,298.0,322.19,439.0
2008,Male,M,7,3609.0,12.98,471.0,5.12,405.0,10.39,509.0,1.52,404.0,65.74,239.0,19.01,432.0,24.44,356.0,2.6,264.0,35.42,376.0,390.5,153.0
2008,Male,M,8,3606.0,12.58,541.0,5.55,492.0,6.98,306.0,1.68,528.0,59.59,427.0,20.93,279.0,18.57,245.0,2.4,220.0,25.79,240.0,345.01,328.0
2008,Male,M,9,3591.0,13.32,415.0,4.64,315.0,7.88,359.0,1.76,593.0,59.63,426.0,19.36,401.0,18.5,244.0,2.0,140.0,20.08,162.0,304.16,536.0
2008,Male,M,10,3581.0,13.04,461.0,5.22,425.0,7.7,349.0,1.36,290.0,59.08,445.0,18.69,460.0,19.14,256.0,2.4,220.0,30.97,313.0,337.75,362.0
2008,Male,M,11,3566.0,12.85,494.0,5.03,388.0,8.92,421.0,1.4,317.0,60.17,407.0,20.07,344.0,21.47,300.0,2.4,220.0,21.29,179.0,311.36,496.0
2008,Male,M,12,3546.0,13.25,426.0,4.86,356.0,8.13,374.0,1.52,404.0,60.96,381.0,18.86,445.0,22.5,319.0,2.2,179.0,29.02,285.0,334.64,377.0
2008,Male,M,13,3516.0,13.22,431.0,4.77,339.0,8.11,373.0,1.44,345.0,61.99,348.0,18.47,480.0,24.71,362.0,2.6,264.0,25.89,242.0,344.22,332.0
2008,Male,M,14,3436.0,13.79,343.0,5.3,441.0,9.62,463.0,1.56,434.0,62.93,319.0,20.75,292.0,22.05,311.0,1.4,40.0,30.61,308.0,313.37,485.0
2008,Male,M,15,3405.0,12.22,608.0,5.03,388.0,8.78,413.0,1.68,528.0,58.25,475.0,19.32,405.0,20.37,279.0,2.8,309.0,,,,
2008,Male,M,16,3371.0,13.71,354.0,4.35,264.0,8.18,377.0,1.52,404.0,63.62,298.0,19.53,387.0,23.7,342.0,2.6,264.0,28.98,285.0,330.75,396.0
2008,Male,M,17,3322.0,13.77,346.0,4.35,264.0,7.9,360.0,1.56,434.0,64.95,260.0,19.38,400.0,18.9,252.0,2.6,264.0,24.82,227.0,307.83,515.0
2008,Male,M,18,3295.0,13.12,448.0,4.57,303.0,8.0,366.0,1.52,404.0,62.61,329.0,17.92,532.0,23.97,347.0,2.2,179.0,23.86,214.0,384.35,173.0
2008,Male,M,19,3256.0,13.2,434.0,4.88,360.0,6.75,293.0,1.6,464.0,63.22,310.0,19.45,394.0,19.54,263.0,2.2,179.0,26.6,252.0,349.74,307.0
2008,Male,M,20,3235.0,13.08,454.0,4.89,361.0,7.34,327.0,1.6,464.0,64.87,263.0,19.61,381.0,19.68,266.0,2.0,140.0,26.78,254.0,345.76,325.0
2008,Male,M,21,3212.0,13.33,413.0,5.22,425.0,7.35,328.0,1.52,404.0,64.52,272.0,19.87,360.0,18.18,238.0,2.6,264.0,26.46,250.0,361.39,258.0
2008,Male,M,22,3140.0,14.15,291.0,4.67,321.0,7.65,346.0,1.48,374.0,65.14,255.0,18.95,437.0,16.33,204.0,2.8,309.0,25.16,232.0,335.9,371.0
2008,Male,M,23,2979.0,13.45,394.0,5.28,437.0,9.84,476.0,1.56,434.0,63.6,299.0,19.65,377.0,16.93,215.0,1.4,40.0,30.55,307.0,,
2008,Male,M,24,2913.0,14.13,294.0,4.4,273.0,6.96,305.0,1.32,263.0,61.88,351.0,21.85,218.0,20.12,274.0,2.4,220.0,25.75,240.0,315.2,475.0
2008,Male,M,25,2909.0,13.7,356.0,4.78,341.0,6.89,301.0,1.52,404.0,64.62,270.0,20.65,300.0,15.1,182.0,1.8,103.0,26.29,247.0,328.9,405.0
2008,Male,M,26,2908.0,13.26,425.0,4.72,330.0,8.62,403.0,1.56,434.0,67.2,201.0,21.2,261.0,20.97,290.0,2.0,140.0,22.21,191.0,367.75,233.0
2008,Male,M,27,2901.0,13.39,404.0,4.2,239.0,7.04,310.0,1.52,404.0,62.65,327.0,21.63,232.0,18.09,236.0,2.2,179.0,23.93,215.0,339.31,355.0
2008,Male,M,28,2856.0,14.03,308.0,4.4,273.0,7.22,320.0,1.52,404.0,63.36,306.0,22.01,208.0,19.46,262.0,1.6,70.0,24.28,220.0,313.4,485.0
2008,Male,M,29,2781.0,13.36,409.0,4.51,292.0,8.78,413.0,1.52,404.0,68.62,168.0,21.74,225.0,17.59,227.0,1.8,103.0,29.21,288.0,362.9,252.0
2008,Male,M,30,2777.0,13.48,390.0,4.4,273.0,6.67,288.0,1.48,374.0,64.89,262.0,21.78,222.0,17.42,224.0,2.2,179.0,20.84,173.0,331.44,392.0
2008,Male,M,31,2771.0,13.74,350.0,4.71,328.0,8.17,376.0,1.48,374.0,64.13,283.0,22.71,167.0,20.19,276.0,1.8,103.0,21.84,186.0,345.08,328.0
2008,Male,M,32,2749.0,13.79,343.0,5.22,425.0,7.28,324.0,1.44,345.0,70.9,119.0,19.81,364.0,18.39,242.0,2.4,220.0,26.79,254.0,404.0,113.0
2008,Male,M,33,2723.0,14.28,274.0,4.47,285.0,7.76,352.0,1.36,290.0,65.91,234.0,23.09,146.0,17.15,219.0,2.8,309.0,26.9,256.0,338.64,358.0
2008,Male,M,34,2712.0,13.97,316.0,4.35,264.0,7.01,308.0,1.4,317.0,63.45,303.0,21.29,254.0,17.49,225.0,2.0,140.0,27.31,262.0,346.32,323.0
2008,Male,M,35,2667.0,14.06,304.0,,,7.43,333.0,1.56,434.0,65.04,258.0,21.35,250.0,19.78,268.0,2.4,220.0,24.86,228.0,335.66,372.0
2008,Male,M,36,2650.0,14.01,311.0,4.6,308.0,6.5,278.0,1.36,290.0,66.97,207.0,20.64,300.0,20.12,274.0,2.2,179.0,24.64,225.0,356.71,278.0
2008,Male,M,37,2584.0,13.68,359.0,4.31,257.0,5.66,229.0,1.48,374.0,65.96,233.0,22.07,204.0,14.02,162.0,2.4,220.0,23.63,211.0,343.52,335.0
2008,Male,M,38,2524.0,13.38,405.0,4.29,254.0,6.76,293.0,,,63.25,309.0,21.16,263.0,16.41,206.0,1.4,40.0,24.28,220.0,304.57,534.0
2008,Male,M,39,2504.0,13.84,335.0,4.46,283.0,6.29,266.0,1.24,212.0,64.91,261.0,22.1,202.0,19.62,265.0,1.2,15.0,26.2,246.0,326.08,419.0
2008,Male,M,40,2493.0,14.52,243.0,4.15,230.0,8.59,401.0,1.36,290.0,65.03,258.0,24.16,96.0,19.35,260.0,1.8,103.0,26.3,247.0,337.08,365.0
2008,Male,M,41,2342.0,13.9,327.0,4.56,301.0,6.2,260.0,1.32,263.0,65.11,256.0,23.3,136.0,15.56,190.0,1.4,40.0,21.12,176.0,331.2,393.0
2008,Male,M,42,2271.0,14.8,208.0,4.56,301.0,5.999,249.0,1.44,345.0,67.91,184.0,22.25,193.0,17.28,222.0,2.2,179.0,24.92,228.0,387.7,162.0
2008,Male,M,43,2271.0,14.64,228.0,3.93,195.0,8.1,372.0,1.44,345.0,70.06,136.0,22.32,189.0,18.89,251.0,2.2,179.0,27.75,268.0,405.89,108.0
2008,Male,M,44,2236.0,13.89,328.0,4.46,283.0,7.98,365.0,1.32,263.0,70.61,125.0,21.91,214.0,18.72,248.0,2.0,140.0,22.78,199.0,420.72,71.0
2008,Male,M,45,2182.0,14.1,298.0,4.7,326.0,6.61,284.0,1.36,290.0,69.9,140.0,23.5,126.0,16.38,205.0,2.0,140.0,25.08,231.0,393.99,142.0
2008,Male,M,46,2173.0,14.75,214.0,4.19,237.0,8.13,374.0,1.48,374.0,72.5,90.0,24.56,79.0,17.91,233.0,2.0,140.0,28.35,276.0,389.56,156.0
2008,Male,M,47,2095.0,14.7,220.0,3.9,190.0,7.17,317.0,1.52,404.0,69.3,153.0,23.89,108.0,15.69,192.0,1.4,40.0,18.63,143.0,345.15,328.0
2008,Male,M,48,1988.0,14.28,274.0,4.25,247.0,6.54,280.0,1.32,263.0,75.74,42.0,26.64,18.0,15.76,194.0,,,24.69,225.0,320.98,445.0
2008,Male,M,49,1971.0,14.17,289.0,4.6,308.0,7.83,356.0,1.36,290.0,69.92,139.0,21.65,231.0,14.17,165.0,1.8,103.0,14.21,85.0,465.04,5.0
2008,Male,M,50,1802.0,14.76,213.0,3.74,165.0,7.82,356.0,1.4,317.0,75.25,48.0,25.09,60.0,19.33,260.0,1.6,70.0,30.89,312.0,472.84,1.0
2008,Male,M,51,1801.0,15.06,179.0,3.64,150.0,6.41,273.0,1.36,290.0,71.31,112.0,25.42,49.0,16.65,210.0,1.8,103.0,21.22,178.0,361.86,257.0
2008,Male,M,52,1750.0,15.08,176.0,3.65,152.0,7.0,307.0,1.36,290.0,71.55,107.0,,,17.71,229.0,2.0,140.0,18.4,140.0,374.28,209.0
2008,Male,M,53,1731.0,14.76,213.0,3.76,168.0,6.88,300.0,1.28,237.0,72.4,92.0,21.99,209.0,14.74,175.0,1.2,15.0,23.89,214.0,406.04,108.0
2008,Male,M,54,1718.0,14.86,201.0,3.31,104.0,8.08,371.0,1.36,290.0,85.9,0.0,23.68,117.0,18.98,253.0,2.2,179.0,23.08,203.0,552.94,0.0
2008,Male,M,55,1707.0,14.5,245.0,4.18,235.0,5.53,222.0,1.2,188.0,70.36,130.0,23.81,111.0,13.09,146.0,2.2,179.0,11.7,53.0,377.17,198.0
2008,Male,M,56,1688.0,14.84,204.0,4.07,217.0,7.35,328.0,1.32,263.0,77.87,20.0,25.96,34.0,18.4,242.0,1.8,103.0,27.3,261.0,453.6,16.0
2008,Male,M,57,1631.0,15.98,90.0,3.68,156.0,7.04,310.0,1.24,212.0,75.69,43.0,24.55,80.0,19.15,256.0,1.8,103.0,23.25,205.0,383.64,176.0
2008,Male,M,58,1587.0,14.96,190.0,3.98,203.0,7.55,340.0,1.24,212.0,73.1,80.0,,,18.31,241.0,,,27.79,268.0,429.6,53.0
2008,Male,M,59,1575.0,14.65,226.0,3.93,195.0,7.78,353.0,1.24,212.0,77.56,22.0,,,19.93,271.0,1.6,70.0,24.72,226.0,,
2008,Male,M,60,1552.0,,,3.54,136.0,7.89,360.0,1.44,345.0,,,,,16.63,210.0,2.0,140.0,34.18,358.0,469.16,3.0
2008,Male,M,61,1458.0,15.54,129.0,3.83,179.0,6.78,294.0,1.2,188.0,72.36,92.0,,,15.39,187.0,1.2,15.0,22.29,192.0,381.8,182.0
2008,Male,M,62,1457.0,15.01,184.0,3.98,203.0,6.34,269.0,1.2,188.0,74.89,53.0,25.59,44.0,12.77,140.0,1.8,103.0,18.36,139.0,396.6,134.0
2008,Male,M,63,1438.0,14.84,204.0,4.33,261.0,6.96,305.0,1.4,317.0,71.02,117.0,21.59,234.0,,,,,,,,
2008,Male,M,64,1355.0,15.0,185.0,3.14,83.0,7.58,341.0,1.16,165.0,,,23.64,119.0,18.31,241.0,1.6,70.0,19.26,151.0,,
2008,Male,M,65,1348.0,15.5,133.0,3.78,171.0,6.99,307.0,1.2,188.0,77.16,26.0,25.89,36.0,16.05,199.0,2.0,140.0,12.85,68.0,417.0,80.0
2008,Male,M,66,1333.0,15.76,109.0,3.83,179.0,8.1,372.0,1.2,188.0,,,,,18.83,250.0,1.2,15.0,22.12,190.0,442.95,30.0
2008,Male,M,67,1310.0,,,,,9.47,454.0,1.24,212.0,,,,,25.35,374.0,,,27.94,270.0,,
2008,Male,M,68,1286.0,14.58,235.0,4.46,283.0,7.96,364.0,1.52,404.0,,,,,,,,,,,,
2008,Male,M,69,1104.0,14.08,301.0,,,,,,,66.08,230.0,,,14.33,168.0,2.2,179.0,24.73,226.0,,
2008,Male,M,70,1031.0,13.32,415.0,,,,,,,,,,,16.19,202.0,2.0,140.0,28.21,274.0,,
2008,Male,M,71,1007.0,16.05,85.0,3.7,159.0,5.54,222.0,1.16,165.0,76.8,30.0,29.19,0.0,13.5,153.0,1.2,15.0,15.16,97.0,416.5,81.0
2008,Male,M,72,856.0,17.4,10.0,3.21,91.0,5.92,244.0,1.12,142.0,85.84,0.0,,,14.88,178.0,1.2,15.0,21.09,176.0,511.0,0.0
2008,Male,M,73,761.0,14.51,244.0,,,,,,,78.2,17.0,,,17.04,217.0,,,28.82,283.0,,
2008,Male,M,74,716.0,15.42,141.0,3.59,143.0,5.77,235.0,1.2,188.0,79.28,9.0,,,,,,,,,,
2008,Male,M,75,610.0,15.5,133.0,,,,,,,83.1,0.0,,,17.27,221.0,1.2,15.0,25.81,241.0,,
2008,Male,M,76,595.0,15.02,183.0,3.45,123.0,6.68,289.0,,,,,,,,,,,,,,
2008,Male,M,77,470.0,15.6,124.0,3.54,136.0,5.33,210.0,,,,,,,,,,,,,,
2008,Male,M,78,406.0,,,,,8.67,406.0,,,,,,,,,,,,,,
2008,Male,M40,1,4514.0,13.07,456.0,4.94,371.0,10.56,519.0,1.76,593.0,59.49,431.0,17.96,528.0,33.73,538.0,2.8,309.0,35.81,382.0,332.54,387.0
2008,Male,M40,2,4406.0,12.81,501.0,4.98,378.0,9.46,453.0,1.44,345.0,58.17,478.0,16.79,646.0,27.43,414.0,2.6,264.0,36.51,392.0,304.31,535.0
2008,Male,M40,3,4333.0,12.83,497.0,5.08,398.0,9.06,429.0,1.56,434.0,62.42,335.0,16.56,671.0,25.19,371.0,3.4,457.0,37.02,399.0,342.04,342.0
2008,Male,M40,4,4202.0,13.45,394.0,5.0,382.0,8.88,419.0,1.64,496.0,59.2,441.0,17.8,543.0,24.81,363.0,2.8,309.0,31.84,325.0,305.3,530.0
2008,Male,M40,5,3829.0,13.02,464.0,5.32,445.0,7.8,354.0,1.56,434.0,66.15,228.0,17.41,582.0,26.08,388.0,2.4,220.0,32.19,330.0,333.19,384.0
2008,Male,M40,6,3799.0,13.32,415.0,4.69,324.0,8.86,417.0,1.52,404.0,62.83,322.0,17.85,539.0,23.76,343.0,3.2,406.0,33.4,347.0,355.79,282.0
2008,Male,M40,7,3555.0,14.01,311.0,4.72,330.0,9.42,451.0,1.48,374.0,61.79,354.0,19.5,390.0,23.34,335.0,2.6,264.0,31.46,320.0,324.71,426.0
2008,Male,M40,8,3516.0,13.94,321.0,4.75,335.0,10.17,496.0,1.32,263.0,63.62,298.0,19.83,363.0,33.34,531.0,2.6,264.0,35.29,374.0,358.3,271.0
2008,Male,M40,9,3426.0,14.22,282.0,4.78,341.0,8.8,414.0,1.52,404.0,66.23,226.0,18.89,442.0,25.53,377.0,2.6,264.0,35.3,374.0,350.89,302.0
2008,Male,M40,10,3411.0,13.66,362.0,5.08,398.0,9.47,454.0,1.64,496.0,64.87,263.0,20.06,344.0,25.87,384.0,2.4,220.0,37.23,402.0,413.72,88.0
2008,Male,M40,11,3143.0,13.75,348.0,4.02,209.0,7.71,349.0,1.44,345.0,62.86,321.0,18.14,511.0,21.38,298.0,2.0,140.0,28.55,279.0,341.91,343.0
2008,Male,M40,12,3134.0,14.49,246.0,4.5,290.0,7.15,316.0,1.56,434.0,64.54,272.0,21.16,263.0,21.03,291.0,2.4,220.0,30.17,302.0,310.61,500.0
2008,Male,M40,13,3064.0,13.29,420.0,4.54,297.0,9.22,439.0,1.4,317.0,61.03,379.0,20.08,343.0,19.97,271.0,2.0,140.0,28.02,271.0,380.42,187.0
2008,Male,M40,14,2993.0,14.26,276.0,4.4,273.0,8.47,394.0,1.44,345.0,66.53,218.0,20.35,322.0,20.35,279.0,2.2,179.0,33.91,355.0,339.9,352.0
2008,Male,M40,15,2942.0,13.65,363.0,4.28,252.0,8.25,381.0,1.48,374.0,70.15,134.0,17.77,546.0,22.6,321.0,2.6,264.0,30.57,307.0,,
2008,Male,M40,16,2872.0,14.11,297.0,4.86,356.0,7.41,331.0,1.48,374.0,67.32,198.0,18.23,502.0,20.14,275.0,2.4,220.0,25.35,234.0,414.92,85.0
2008,Male,M40,17,2846.0,13.31,417.0,4.37,267.0,6.35,269.0,1.36,290.0,64.83,264.0,19.14,420.0,20.32,278.0,2.2,179.0,30.09,300.0,387.79,162.0
2008,Male,M40,18,2838.0,13.95,319.0,4.55,299.0,8.67,406.0,1.44,345.0,64.65,269.0,21.49,241.0,19.29,259.0,2.0,140.0,21.9,187.0,335.49,373.0
2008,Male,M40,19,2786.0,13.95,319.0,5.03,388.0,6.97,306.0,1.4,317.0,65.31,250.0,21.19,261.0,17.91,233.0,2.0,140.0,27.09,258.0,348.16,314.0
2008,Male,M40,20,2769.0,13.48,390.0,4.73,332.0,9.78,472.0,1.4,317.0,,,20.52,309.0,29.21,449.0,2.0,140.0,34.31,360.0,,
2008,Male,M40,21,2644.0,14.6,233.0,4.41,274.0,7.8,354.0,1.32,263.0,65.13,255.0,22.05,205.0,18.15,238.0,2.2,179.0,30.89,312.0,344.42,331.0
2008,Male,M40,22,2514.0,14.15,291.0,4.38,269.0,7.13,315.0,1.44,345.0,70.29,132.0,19.21,414.0,16.15,201.0,2.2,179.0,21.85,186.0,381.96,182.0
2008,Male,M40,23,2474.0,14.69,221.0,4.6,308.0,8.18,377.0,1.48,374.0,,,19.27,409.0,20.35,279.0,2.2,179.0,31.98,327.0,,
2008,Male,M40,24,2459.0,13.97,316.0,4.58,304.0,7.15,316.0,1.36,290.0,71.52,108.0,21.87,217.0,19.48,262.0,2.0,140.0,26.72,253.0,362.64,253.0
2008,Male,M40,25,2403.0,15.09,175.0,3.75,167.0,8.23,380.0,1.4,317.0,69.76,143.0,21.5,240.0,20.41,280.0,2.4,220.0,25.64,238.0,365.36,243.0
2008,Male,M40,26,2298.0,14.93,193.0,4.15,230.0,7.77,353.0,1.36,290.0,73.78,69.0,21.06,270.0,19.25,258.0,2.0,140.0,27.64,266.0,368.89,229.0
2008,Male,M40,27,2279.0,14.29,272.0,3.93,195.0,6.52,279.0,1.28,237.0,68.98,160.0,20.2,334.0,17.66,229.0,2.2,179.0,17.26,125.0,358.84,269.0
2008,Male,M40,28,2237.0,14.64,228.0,4.52,294.0,8.24,381.0,1.36,290.0,79.15,10.0,21.23,259.0,20.35,279.0,2.0,140.0,25.15,232.0,400.2,124.0
2008,Male,M40,29,2233.0,14.18,287.0,4.36,266.0,7.5,337.0,1.4,317.0,69.33,152.0,22.12,201.0,20.7,285.0,2.2,179.0,23.5,209.0,,
2008,Male,M40,30,2215.0,14.29,272.0,4.35,264.0,5.87,241.0,1.36,290.0,66.94,208.0,21.7,227.0,15.05,181.0,1.6,70.0,27.48,264.0,377.2,198.0
2008,Male,M40,31,2177.0,15.29,154.0,4.14,229.0,8.7,408.0,1.24,212.0,69.79,142.0,23.11,145.0,21.07,292.0,2.0,140.0,21.75,185.0,358.55,270.0
2008,Male,M40,32,2124.0,14.3,271.0,4.45,281.0,7.84,357.0,1.32,263.0,77.12,27.0,20.25,330.0,16.4,205.0,2.0,140.0,25.45,236.0,454.59,14.0
2008,Male,M40,33,2124.0,14.35,264.0,3.77,170.0,7.16,317.0,1.44,345.0,74.2,63.0,23.21,140.0,16.92,215.0,1.4,40.0,29.08,286.0,355.19,284.0
2008,Male,M40,34,2063.0,15.63,121.0,3.77,170.0,7.79,354.0,1.44,345.0,75.01,51.0,22.0,208.0,20.56,283.0,1.8,103.0,28.49,278.0,391.53,150.0
2008,Male,M40,35,2028.0,14.69,221.0,4.11,224.0,9.02,427.0,1.28,237.0,71.81,102.0,21.32,252.0,18.83,250.0,1.2,15.0,23.81,213.0,414.0,87.0
2008,Male,M40,36,1938.0,15.3,153.0,4.24,245.0,6.4,272.0,1.28,237.0,70.26,132.0,21.42,246.0,16.06,199.0,1.8,103.0,21.16,177.0,384.12,174.0
2008,Male,M40,37,1903.0,15.39,144.0,4.01,207.0,5.42,215.0,1.32,263.0,73.22,78.0,22.42,183.0,15.69,192.0,2.0,140.0,18.41,140.0,342.2,341.0
2008,Male,M40,38,1898.0,,,4.13,227.0,7.32,326.0,1.44,345.0,,,22.31,190.0,17.2,220.0,2.0,140.0,27.36,262.0,380.06,188.0
2008,Male,M40,39,1897.0,15.04,181.0,3.73,164.0,7.72,350.0,1.28,237.0,72.54,89.0,22.4,184.0,20.02,272.0,2.2,179.0,20.59,169.0,420.59,72.0
2008,Male,M40,40,1887.0,15.0,185.0,4.09,220.0,5.89,242.0,1.4,317.0,73.25,77.0,22.99,152.0,14.14,165.0,2.2,179.0,23.79,213.0,395.76,137.0
2008,Male,M40,41,1870.0,15.08,176.0,4.13,227.0,7.96,364.0,1.4,317.0,75.53,45.0,20.05,345.0,21.1,293.0,1.8,103.0,,,,
2008,Male,M40,42,1761.0,15.42,141.0,3.73,164.0,6.98,306.0,1.32,263.0,,,21.46,243.0,19.88,270.0,2.0,140.0,25.36,234.0,,
2008,Male,M40,43,1693.0,14.7,220.0,3.93,195.0,7.08,312.0,1.2,188.0,72.72,86.0,25.3,53.0,17.17,220.0,1.6,70.0,20.14,163.0,380.6,186.0
2008,Male,M40,44,1547.0,13.7,356.0,4.41,274.0,8.04,369.0,1.36,290.0,65.03,258.0,,,,,,,,,,
2008,Male,M40,45,1528.0,15.16,168.0,3.41,118.0,7.18,318.0,1.2,188.0,71.26,112.0,22.16,199.0,18.61,246.0,2.2,179.0,,,,
2008,Male,M40,46,1515.0,14.82,206.0,3.85,182.0,5.81,238.0,1.36,290.0,86.21,0.0,21.88,216.0,14.6,173.0,2.0,140.0,12.97,69.0,473.6,1.0
2008,Male,M40,47,1499.0,16.39,60.0,3.63,149.0,7.83,356.0,1.24,212.0,80.39,3.0,25.22,56.0,18.76,249.0,1.2,15.0,25.09,231.0,386.03,168.0
2008,Male,M40,48,1457.0,14.13,294.0,,,6.19,260.0,,,64.81,264.0,20.79,289.0,16.66,210.0,2.0,140.0,,,,
2008,Male,M40,49,1339.0,17.06,22.0,3.43,121.0,7.1,313.0,1.16,165.0,,,27.44,6.0,18.81,250.0,1.8,103.0,34.2,359.0,,
2008,Male,M40,50,1332.0,15.76,109.0,3.51,132.0,6.74,292.0,1.16,165.0,77.25,25.0,26.42,23.0,17.61,228.0,,,29.56,293.0,423.36,65.0
2008,Male,M40,51,1224.0,14.22,282.0,4.27,250.0,6.33,268.0,1.28,237.0,67.78,187.0,,,,,,,,,,
2008,Male,M40,52,1203.0,14.96,190.0,3.79,173.0,9.04,428.0,1.28,237.0,68.31,175.0,,,,,,,,,,
2008,Male,M40,53,1074.0,,,,,11.14,554.0,,,,,,,32.79,520.0,,,,,,
2008,Male,M40,54,1004.0,17.39,10.0,3.47,126.0,6.64,286.0,1.12,142.0,84.9,0.0,33.5,0.0,16.69,211.0,1.4,40.0,22.07,189.0,,
2008,Male,M40,55,949.0,16.63,44.0,3.21,91.0,6.33,268.0,1.08,121.0,99.26,0.0,,,17.18,220.0,1.4,40.0,20.28,165.0,498.4,0.0
2008,Male,M40,56,695.0,14.86,201.0,2.54,20.0,6.63,286.0,1.2,188.0,,,,,,,,,,,,
2008,Male,M40,57,416.0,17.32,12.0,,,,,,,,,,,17.21,220.0,,,21.67,184.0,,
2008,Male,M40,58,355.0,15.32,151.0,3.99,204.0,,,,,,,,,,,,,,,,
2008,Male,M40,59,344.0,16.02,87.0,4.31,257.0,,,,,,,,,,,,,,,,
2008,Male,M50,1,2417.0,15.01,184.0,4.22,242.0,7.22,320.0,1.36,290.0,67.35,198.0,20.37,321.0,19.14,256.0,1.8,103.0,24.91,228.0,357.24,275.0
2008,Male,M50,2,2393.0,15.12,172.0,4.13,227.0,8.28,383.0,1.36,290.0,73.79,69.0,21.18,262.0,22.5,319.0,2.2,179.0,29.56,293.0,376.9,199.0
2008,Male,M50,3,2134.0,14.73,217.0,3.96,199.0,7.38,330.0,1.28,237.0,73.7,70.0,22.51,178.0,21.31,297.0,2.6,264.0,25.43,235.0,406.26,107.0
2008,Male,M50,4,789.0,17.4,10.0,2.74,38.0,5.67,230.0,1.16,165.0,94.71,0.0,29.4,0.0,12.06,128.0,,,23.36,207.0,458.36,11.0
2008,Male,M50,5,502.0,17.01,24.0,,,,,,,,,,,13.95,161.0,1.6,70.0,26.26,247.0,,
2008,Male,M60,1,2004.0,15.73,112.0,3.74,165.0,6.75,293.0,1.32,263.0,73.99,66.0,21.89,215.0,18.78,249.0,2.4,220.0,23.6,210.0,373.63,211.0
2008,Male,M60,2,1288.0,16.62,45.0,3.67,155.0,5.74,234.0,1.28,237.0,81.83,0.0,,,14.15,165.0,1.8,103.0,23.69,211.0,395.42,138.0
2008,Male,M60,3,324.0,,,,,,,,,,,,,15.65,192.0,,,17.8,132.0,,
2009,Female,W,1,3939.0,14.47,533.0,4.34,388.0,7.15,345.0,1.36,470.0,66.85,450.0,20.0,504.0,16.79,221.0,2.0,221.0,21.19,311.0,355.84,496.0
2009,Female,W,2,3021.0,14.55,521.0,3.97,301.0,8.3,419.0,1.28,389.0,72.82,273.0,,,18.3,247.0,2.2,282.0,21.02,308.0,402.45,281.0
2009,Female,W,3,2739.0,15.24,424.0,3.67,235.0,8.57,436.0,1.24,350.0,77.41,165.0,22.03,352.0,19.92,276.0,1.4,64.0,24.14,366.0,471.29,71.0
2009,Female,W,4,2521.0,14.87,475.0,3.6,220.0,6.01,272.0,1.24,350.0,73.89,246.0,22.84,298.0,16.82,221.0,1.8,163.0,14.54,188.0,463.44,88.0
2009,Female,W,5,2347.0,16.46,276.0,3.72,246.0,5.82,260.0,1.28,389.0,78.18,149.0,25.65,144.0,16.95,223.0,1.6,110.0,13.78,174.0,380.46,376.0
2009,Female,W,6,2339.0,16.33,290.0,3.1,124.0,6.68,315.0,1.2,312.0,75.4,209.0,,,16.89,222.0,1.6,110.0,17.48,242.0,352.23,515.0
2009,Female,W,7,2279.0,15.6,377.0,4.18,350.0,5.75,255.0,1.32,429.0,80.73,102.0,22.31,333.0,15.0,189.0,1.2,25.0,15.16,200.0,503.39,19.0
2009,Female,W,8,2226.0,16.7,250.0,3.61,223.0,6.6,309.0,1.2,312.0,78.9,135.0,23.64,249.0,16.36,213.0,1.8,163.0,15.0,197.0,432.01,175.0
2009,Female,W,9,1985.0,15.7,365.0,4.01,310.0,6.85,325.0,1.08,205.0,86.36,27.0,22.88,295.0,15.69,201.0,1.6,110.0,12.27,147.0,529.66,0.0
2009,Female,W,10,1792.0,17.68,156.0,3.1,124.0,6.61,310.0,1.2,312.0,98.25,0.0,23.36,266.0,16.12,209.0,1.8,163.0,18.02,252.0,,
2009,Female,W,11,1730.0,17.7,154.0,3.51,202.0,6.75,319.0,1.12,239.0,88.37,11.0,24.4,206.0,16.43,214.0,1.4,64.0,15.0,197.0,449.08,124.0
2009,Female,W,12,1573.0,16.17,308.0,3.42,184.0,6.03,273.0,1.2,312.0,93.4,0.0,25.15,168.0,13.42,162.0,1.3,43.0,9.15,91.0,492.78,32.0
2009,Female,W,13,1404.0,16.78,241.0,3.58,216.0,4.92,203.0,1.2,312.0,87.59,17.0,25.56,148.0,9.18,91.0,1.4,64.0,9.85,103.0,512.66,9.0
2009,Female,W,14,1280.0,16.36,287.0,3.31,163.0,6.28,289.0,0.88,58.0,82.04,81.0,,,14.03,172.0,,,8.81,85.0,441.74,145.0
2009,Female,W,15,1191.0,17.69,155.0,3.0,107.0,6.24,287.0,1.08,205.0,90.78,1.0,28.03,54.0,12.95,154.0,,,15.31,202.0,497.25,26.0
2009,Female,W,16,1033.0,18.5,93.0,3.13,130.0,5.42,235.0,1.04,172.0,90.48,1.0,29.3,23.0,13.67,166.0,,,12.71,155.0,477.57,58.0
2009,Female,W,17,932.0,19.21,51.0,2.78,72.0,5.97,269.0,1.08,205.0,,,34.44,0.0,14.45,180.0,,,12.69,155.0,,
2009,Female,W,18,859.0,18.91,67.0,2.68,57.0,5.66,250.0,1.08,205.0,103.57,0.0,,,11.53,130.0,,,9.91,104.0,484.4,46.0
2009,Female,W,19,855.0,18.84,71.0,2.85,83.0,4.99,208.0,0.96,111.0,97.02,0.0,,,12.96,154.0,1.4,64.0,13.19,164.0,,
2009,Female,W,20,839.0,17.02,217.0,3.22,146.0,5.31,228.0,1.08,205.0,84.86,43.0,,,,,,,,,,
2009,Female,W,21,823.0,19.2,51.0,2.52,36.0,5.08,213.0,1.08,205.0,,,,,10.31,109.0,1.4,64.0,12.16,145.0,,
2009,Female,W,22,618.0,19.44,39.0,2.4,22.0,5.87,263.0,0.8,16.0,112.89,0.0,,,12.53,147.0,1.2,25.0,10.02,106.0,,
2009,Female,W,23,550.0,16.92,227.0,,,,,,,84.36,49.0,,,14.16,175.0,,,9.6,99.0,,
2009,Female,W40,1,3579.0,15.67,369.0,3.54,208.0,7.93,395.0,1.36,470.0,72.07,293.0,20.32,478.0,19.8,274.0,2.2,282.0,20.22,293.0,351.9,517.0
2009,Female,W40,2,3570.0,14.87,475.0,3.99,306.0,8.76,449.0,1.44,555.0,77.22,169.0,19.58,538.0,18.38,249.0,2.4,348.0,22.73,340.0,443.13,141.0
2009,Female,W40,3,3555.0,14.86,476.0,4.28,374.0,7.15,345.0,1.4,512.0,74.95,220.0,20.58,458.0,21.19,299.0,2.2,282.0,22.47,335.0,409.44,254.0
2009,Female,W40,4,3432.0,14.86,476.0,4.28,374.0,6.76,320.0,1.24,350.0,70.95,324.0,19.35,558.0,16.64,218.0,1.8,163.0,19.73,284.0,382.79,365.0
2009,Female,W40,5,3431.0,15.5,390.0,3.86,276.0,7.19,347.0,1.32,429.0,71.58,307.0,20.64,453.0,17.0,224.0,2.0,221.0,15.99,215.0,342.24,569.0
2009,Female,W40,6,1304.0,18.39,101.0,3.13,130.0,6.04,274.0,1.0,141.0,111.2,0.0,26.96,90.0,16.78,220.0,1.4,64.0,19.74,284.0,563.01,0.0
2009,Female,W40,7,1114.0,18.24,112.0,2.9,91.0,5.97,269.0,1.08,205.0,95.36,0.0,28.19,50.0,13.86,169.0,,,14.38,185.0,492.08,33.0
2009,Male,M,1,4506.0,13.32,415.0,5.37,455.0,10.77,532.0,1.64,496.0,60.21,406.0,19.68,375.0,33.58,535.0,3.4,457.0,35.18,373.0,317.66,462.0
2009,Male,M,2,4296.0,12.59,540.0,5.45,471.0,8.43,392.0,1.76,593.0,57.33,508.0,17.66,557.0,16.1,200.0,2.4,220.0,22.3,192.0,289.26,623.0
2009,Male,M,3,4264.0,13.16,441.0,5.08,398.0,10.05,489.0,1.52,404.0,60.7,390.0,18.28,498.0,27.05,407.0,3.2,406.0,39.7,438.0,331.28,393.0
2009,Male,M,4,4259.0,12.37,580.0,5.32,445.0,8.44,392.0,1.6,464.0,58.52,465.0,18.4,486.0,26.28,392.0,2.6,264.0,32.77,338.0,323.32,433.0
2009,Male,M,5,4168.0,12.82,499.0,5.23,427.0,9.24,440.0,1.56,434.0,56.63,535.0,19.27,409.0,18.1,237.0,2.2,179.0,34.48,363.0,285.68,645.0
2009,Male,M,6,4081.0,12.6,538.0,5.25,431.0,10.05,489.0,1.6,464.0,59.96,415.0,19.18,417.0,25.8,383.0,2.6,264.0,40.67,452.0,369.24,228.0
2009,Male,M,7,3992.0,12.64,531.0,5.16,413.0,8.02,367.0,1.44,345.0,57.06,519.0,18.78,452.0,18.69,248.0,2.4,220.0,31.86,325.0,297.88,572.0
2009,Male,M,8,3969.0,12.82,499.0,5.19,419.0,9.59,461.0,1.52,404.0,55.75,569.0,19.16,419.0,19.23,258.0,1.2,15.0,32.52,335.0,294.76,590.0
2009,Male,M,9,3962.0,12.72,516.0,5.27,435.0,8.71,408.0,1.48,374.0,58.32,472.0,19.78,367.0,22.24,314.0,2.4,220.0,31.76,324.0,304.86,532.0
2009,Male,M,10,3779.0,13.18,438.0,4.95,373.0,8.53,398.0,1.56,434.0,60.32,402.0,19.86,360.0,26.07,388.0,2.2,179.0,35.4,376.0,323.68,431.0
2009,Male,M,11,3765.0,12.62,534.0,5.35,451.0,8.05,369.0,1.68,528.0,59.62,426.0,19.53,387.0,18.31,241.0,2.4,220.0,30.22,302.0,349.8,307.0
2009,Male,M,12,3762.0,13.24,428.0,4.68,323.0,8.82,415.0,1.64,496.0,61.99,348.0,18.8,450.0,23.22,333.0,2.6,264.0,33.88,354.0,340.12,351.0
2009,Male,M,13,3754.0,13.03,463.0,5.15,411.0,7.56,340.0,1.4,317.0,58.1,480.0,18.91,440.0,18.35,241.0,2.2,179.0,25.68,239.0,285.88,644.0
2009,Male,M,14,3714.0,12.82,499.0,5.28,437.0,8.74,410.0,1.44,345.0,60.34,402.0,19.62,380.0,23.33,335.0,2.0,140.0,29.09,286.0,314.41,480.0
2009,Male,M,15,3697.0,12.99,470.0,5.02,386.0,8.38,389.0,1.48,374.0,57.52,501.0,21.11,267.0,17.55,227.0,2.4,220.0,32.38,333.0,305.14,530.0
2009,Male,M,16,3492.0,13.14,444.0,4.77,339.0,8.88,419.0,1.56,434.0,60.7,390.0,19.28,408.0,16.21,202.0,2.4,220.0,32.76,338.0,351.86,298.0
2009,Male,M,17,3407.0,13.07,456.0,4.78,341.0,9.85,477.0,1.52,404.0,67.75,188.0,19.32,405.0,24.25,353.0,2.6,264.0,36.68,394.0,399.94,125.0
2009,Male,M,18,3393.0,12.24,605.0,4.9,363.0,9.08,431.0,1.44,345.0,61.96,349.0,20.44,315.0,18.83,250.0,2.0,140.0,27.94,270.0,345.78,325.0
2009,Male,M,19,3382.0,13.14,444.0,5.23,427.0,9.43,451.0,1.64,496.0,63.01,316.0,19.38,400.0,18.82,250.0,1.9,121.0,31.15,315.0,387.7,162.0
2009,Male,M,20,3336.0,12.78,506.0,4.77,339.0,7.14,316.0,1.4,317.0,62.64,328.0,19.6,381.0,20.96,290.0,2.1,159.0,36.73,395.0,350.29,305.0
2009,Male,M,21,3323.0,12.51,554.0,4.97,377.0,7.32,326.0,1.52,404.0,60.96,381.0,19.64,378.0,18.87,251.0,2.6,264.0,22.98,202.0,380.54,186.0
2009,Male,M,22,3295.0,13.76,347.0,4.36,266.0,8.53,398.0,1.52,404.0,65.33,250.0,19.9,357.0,29.47,454.0,2.8,309.0,31.9,326.0,381.16,184.0
2009,Male,M,23,3282.0,12.8,502.0,5.04,390.0,7.77,353.0,1.48,374.0,61.12,376.0,22.06,205.0,22.03,310.0,2.4,220.0,28.28,275.0,356.81,277.0
2009,Male,M,24,3230.0,13.15,443.0,4.76,337.0,7.22,320.0,1.32,263.0,60.22,406.0,20.06,344.0,20.78,287.0,1.8,103.0,22.27,192.0,304.3,535.0
2009,Male,M,25,3204.0,13.05,459.0,5.16,413.0,7.99,366.0,1.56,434.0,65.7,240.0,19.48,391.0,19.25,258.0,2.2,179.0,27.16,259.0,375.34,205.0
2009,Male,M,26,3196.0,13.89,328.0,4.89,361.0,8.31,385.0,1.6,464.0,61.85,352.0,20.93,279.0,17.89,233.0,1.4,40.0,29.42,291.0,317.6,463.0
2009,Male,M,27,3177.0,13.28,421.0,4.63,313.0,7.86,358.0,1.36,290.0,59.86,418.0,20.82,287.0,18.17,238.0,2.8,309.0,12.36,62.0,314.19,481.0
2009,Male,M,28,3154.0,13.63,367.0,5.05,392.0,7.03,309.0,1.68,528.0,64.74,266.0,19.86,360.0,19.22,257.0,2.4,220.0,25.83,241.0,372.88,214.0
2009,Male,M,29,3151.0,13.2,434.0,4.44,280.0,7.76,352.0,1.6,464.0,65.16,255.0,20.3,326.0,23.8,344.0,2.6,264.0,21.13,177.0,362.29,255.0
2009,Male,M,30,3091.0,13.47,391.0,4.9,363.0,6.42,273.0,1.52,404.0,66.82,211.0,19.74,370.0,22.31,316.0,2.6,264.0,27.23,260.0,366.34,239.0
2009,Male,M,31,3029.0,13.82,338.0,4.48,287.0,8.15,375.0,1.56,434.0,65.55,244.0,20.62,302.0,19.18,257.0,2.4,220.0,23.4,208.0,337.32,364.0
2009,Male,M,32,3019.0,14.07,302.0,4.65,317.0,7.59,342.0,1.44,345.0,65.27,252.0,19.49,391.0,17.09,218.0,2.6,264.0,26.06,244.0,341.51,344.0
2009,Male,M,33,3015.0,13.06,458.0,4.61,310.0,9.0,426.0,1.32,263.0,62.62,328.0,20.57,306.0,19.67,266.0,1.6,70.0,31.2,316.0,358.16,272.0
2009,Male,M,34,2939.0,13.39,404.0,4.48,287.0,9.53,457.0,1.44,345.0,63.18,311.0,21.16,263.0,19.51,263.0,2.6,264.0,27.81,269.0,418.83,76.0
2009,Male,M,35,2929.0,13.46,393.0,4.73,332.0,8.02,367.0,1.44,345.0,64.04,286.0,21.94,212.0,24.05,349.0,2.0,140.0,23.46,208.0,352.12,297.0
2009,Male,M,36,2906.0,13.16,441.0,4.74,333.0,8.57,400.0,1.32,263.0,64.72,267.0,21.52,239.0,21.59,302.0,2.4,220.0,29.58,293.0,392.03,148.0
2009,Male,M,37,2854.0,13.54,380.0,5.01,384.0,7.73,350.0,1.52,404.0,64.58,271.0,21.6,234.0,20.78,287.0,1.6,70.0,23.64,211.0,360.22,263.0
2009,Male,M,38,2847.0,13.43,397.0,4.12,225.0,7.72,350.0,1.48,374.0,67.06,205.0,21.25,257.0,20.73,286.0,2.0,140.0,32.5,335.0,356.61,278.0
2009,Male,M,39,2779.0,14.48,248.0,5.03,388.0,7.31,326.0,1.44,345.0,62.95,318.0,21.52,239.0,16.93,215.0,2.4,220.0,24.1,217.0,360.23,263.0
2009,Male,M,40,2773.0,13.74,350.0,4.47,285.0,7.89,360.0,1.48,374.0,67.56,193.0,20.72,295.0,18.38,242.0,2.4,220.0,25.61,238.0,372.34,216.0
2009,Male,M,41,2769.0,14.02,309.0,4.93,369.0,9.0,426.0,1.56,434.0,67.46,195.0,22.34,188.0,16.47,207.0,1.8,103.0,34.7,366.0,384.65,172.0
2009,Male,M,42,2761.0,14.14,293.0,4.47,285.0,6.49,277.0,1.36,290.0,63.53,301.0,20.62,302.0,18.8,250.0,2.0,140.0,25.48,236.0,332.42,387.0
2009,Male,M,43,2741.0,14.57,236.0,4.28,252.0,7.5,337.0,1.36,290.0,63.97,288.0,21.09,268.0,18.52,244.0,2.2,179.0,27.16,259.0,332.4,388.0
2009,Male,M,44,2735.0,13.58,374.0,4.35,264.0,8.54,398.0,1.28,237.0,62.0,348.0,20.68,297.0,20.39,279.0,1.2,15.0,24.0,216.0,349.77,307.0
2009,Male,M,45,2644.0,14.27,275.0,4.24,245.0,7.57,341.0,1.4,317.0,63.96,288.0,25.72,40.0,21.19,294.0,2.2,179.0,23.35,207.0,318.44,458.0
2009,Male,M,46,2619.0,13.94,321.0,4.63,313.0,7.7,349.0,1.36,290.0,66.56,217.0,21.35,250.0,19.3,259.0,2.2,179.0,19.23,151.0,353.84,290.0
2009,Male,M,47,2608.0,13.74,350.0,4.14,229.0,6.96,305.0,1.32,263.0,64.95,260.0,21.4,247.0,16.38,205.0,2.2,179.0,28.59,279.0,353.46,291.0
2009,Male,M,48,2600.0,14.19,286.0,3.75,167.0,8.14,375.0,1.36,290.0,66.09,230.0,24.92,66.0,19.93,271.0,2.6,264.0,28.27,275.0,334.8,376.0
2009,Male,M,49,2533.0,14.26,276.0,4.36,266.0,7.5,337.0,1.4,317.0,67.92,184.0,23.17,142.0,22.74,324.0,2.4,220.0,32.78,339.0,398.84,128.0
2009,Male,M,50,2516.0,13.87,331.0,4.71,328.0,7.02,308.0,1.4,317.0,64.59,270.0,21.54,238.0,14.85,177.0,1.8,103.0,26.37,248.0,377.84,196.0
2009,Male,M,51,2512.0,13.86,332.0,4.58,304.0,7.12,314.0,1.32,263.0,68.18,178.0,21.18,262.0,18.86,251.0,2.0,140.0,24.55,223.0,364.74,245.0
2009,Male,M,52,2495.0,14.25,278.0,4.37,267.0,8.44,392.0,1.28,237.0,65.21,253.0,23.38,132.0,19.7,266.0,1.6,70.0,28.91,284.0,347.71,316.0
2009,Male,M,53,2461.0,14.26,276.0,4.51,292.0,8.73,410.0,1.32,263.0,69.54,147.0,22.12,201.0,15.33,186.0,2.6,264.0,32.21,330.0,412.13,92.0
2009,Male,M,54,2381.0,14.01,311.0,4.45,281.0,8.09,372.0,1.48,374.0,73.85,68.0,23.4,131.0,20.41,280.0,1.9,121.0,31.89,326.0,402.64,117.0
2009,Male,M,55,2338.0,14.53,241.0,4.22,242.0,7.09,313.0,1.52,404.0,66.98,207.0,22.62,172.0,15.6,191.0,1.8,103.0,21.94,188.0,356.81,277.0
2009,Male,M,56,2297.0,14.21,283.0,4.16,232.0,6.62,285.0,,,66.69,214.0,21.7,227.0,18.42,243.0,2.2,179.0,24.82,227.0,328.44,407.0
2009,Male,M,57,2289.0,14.82,206.0,3.87,185.0,7.46,334.0,1.48,374.0,72.19,95.0,22.06,205.0,21.46,300.0,2.2,179.0,22.94,201.0,373.91,210.0
2009,Male,M,58,2282.0,14.82,206.0,4.3,255.0,9.4,450.0,1.28,237.0,70.56,126.0,23.09,146.0,20.07,273.0,2.0,140.0,27.41,263.0,380.68,186.0
2009,Male,M,59,2276.0,13.7,356.0,4.38,269.0,6.48,277.0,1.4,317.0,65.6,243.0,23.44,129.0,16.24,202.0,2.2,179.0,25.04,230.0,419.3,74.0
2009,Male,M,60,2255.0,14.01,311.0,4.44,280.0,7.26,323.0,1.44,345.0,71.7,104.0,22.38,186.0,16.9,215.0,2.0,140.0,25.26,233.0,402.41,118.0
2009,Male,M,61,2234.0,13.96,318.0,4.63,313.0,7.02,308.0,1.36,290.0,67.44,195.0,21.84,218.0,14.18,165.0,1.4,40.0,17.66,130.0,361.64,257.0
2009,Male,M,62,2226.0,13.26,425.0,4.3,255.0,5.95,246.0,1.4,317.0,,,,,15.16,183.0,2.6,264.0,17.39,127.0,328.14,409.0
2009,Male,M,63,2222.0,13.75,348.0,4.18,235.0,7.94,363.0,,,68.31,175.0,22.05,205.0,23.55,339.0,2.0,140.0,26.9,256.0,388.24,161.0
2009,Male,M,64,2166.0,14.87,200.0,4.41,274.0,6.94,304.0,1.44,345.0,70.92,119.0,22.58,174.0,14.83,177.0,1.8,103.0,27.5,264.0,375.11,206.0
2009,Male,M,65,2124.0,14.43,254.0,4.57,303.0,8.48,395.0,1.32,263.0,70.06,136.0,22.8,162.0,21.67,304.0,1.2,15.0,22.64,197.0,410.92,95.0
2009,Male,M,66,2119.0,15.31,152.0,4.14,229.0,5.96,246.0,1.2,188.0,68.6,168.0,22.79,162.0,13.45,152.0,2.0,140.0,25.48,236.0,320.76,446.0
2009,Male,M,67,2101.0,12.56,545.0,4.89,361.0,7.98,365.0,1.48,374.0,58.76,456.0,,,,,,,,,,
2009,Male,M,68,2087.0,14.08,301.0,4.3,255.0,5.42,215.0,1.28,237.0,64.54,272.0,22.2,196.0,13.5,153.0,1.4,40.0,15.37,100.0,347.34,318.0
2009,Male,M,69,2033.0,14.04,307.0,3.69,158.0,7.33,327.0,1.32,263.0,65.01,259.0,,,17.14,219.0,1.6,70.0,23.59,210.0,371.25,220.0
2009,Male,M,70,2007.0,14.98,188.0,3.86,184.0,6.6,284.0,1.28,237.0,69.56,147.0,24.82,70.0,16.66,210.0,2.2,179.0,27.13,259.0,363.68,249.0
2009,Male,M,71,1990.0,14.63,229.0,4.17,234.0,7.63,344.0,1.36,290.0,71.4,110.0,24.59,78.0,19.17,257.0,2.2,179.0,22.66,197.0,420.52,72.0
2009,Male,M,72,1927.0,14.97,189.0,3.95,198.0,6.95,304.0,1.24,212.0,69.68,144.0,29.9,0.0,17.01,217.0,2.0,140.0,23.66,211.0,348.81,312.0
2009,Male,M,73,1897.0,14.82,206.0,4.07,217.0,7.3,325.0,1.48,374.0,71.57,107.0,24.16,96.0,14.1,164.0,1.2,15.0,18.8,145.0,364.0,248.0
2009,Male,M,74,1878.0,15.06,179.0,4.05,214.0,8.25,381.0,1.24,212.0,78.7,13.0,24.38,87.0,18.79,249.0,2.4,220.0,29.89,298.0,445.81,25.0
2009,Male,M,75,1826.0,14.68,223.0,3.74,165.0,6.96,305.0,1.36,290.0,70.0,138.0,,,19.02,254.0,1.7,86.0,26.01,243.0,400.84,122.0
2009,Male,M,76,1822.0,14.3,271.0,3.95,198.0,6.08,253.0,1.28,237.0,75.42,46.0,26.83,15.0,14.0,162.0,1.8,103.0,19.81,159.0,334.36,378.0
2009,Male,M,77,1819.0,13.77,346.0,4.31,257.0,6.15,258.0,,,71.35,111.0,21.64,231.0,17.12,219.0,2.1,159.0,25.59,238.0,,
2009,Male,M,78,1817.0,14.04,307.0,4.0,206.0,7.42,332.0,1.4,317.0,74.6,57.0,27.45,6.0,18.51,244.0,1.8,103.0,25.38,235.0,458.78,10.0
2009,Male,M,79,1813.0,14.89,198.0,3.86,184.0,6.51,279.0,1.4,317.0,70.96,118.0,25.96,34.0,15.35,186.0,1.8,103.0,17.86,133.0,360.78,261.0
2009,Male,M,80,1802.0,14.46,250.0,4.26,249.0,8.18,377.0,1.28,237.0,72.97,82.0,23.79,112.0,16.71,211.0,1.2,15.0,27.82,269.0,,
2009,Male,M,81,1744.0,14.6,233.0,4.19,237.0,7.1,313.0,1.24,212.0,71.67,105.0,24.18,95.0,18.94,252.0,1.3,27.0,19.08,149.0,401.31,121.0
2009,Male,M,82,1738.0,14.12,295.0,4.26,249.0,7.7,349.0,1.36,290.0,73.84,68.0,26.98,12.0,19.06,254.0,1.4,40.0,21.42,181.0,604.89,0.0
2009,Male,M,83,1732.0,15.47,136.0,4.1,222.0,5.88,242.0,1.2,188.0,68.82,163.0,25.5,47.0,13.05,145.0,1.4,40.0,26.2,246.0,350.67,303.0
2009,Male,M,84,1701.0,14.56,238.0,4.05,214.0,6.71,290.0,1.2,188.0,71.4,110.0,23.42,130.0,14.97,179.0,1.8,103.0,21.27,178.0,421.03,71.0
2009,Male,M,85,1642.0,15.09,175.0,3.49,129.0,7.76,352.0,1.28,237.0,79.23,9.0,24.87,68.0,17.9,233.0,1.9,121.0,22.39,194.0,400.09,124.0
2009,Male,M,86,1642.0,15.54,129.0,4.08,219.0,7.04,310.0,1.32,263.0,74.64,57.0,25.45,48.0,22.83,326.0,1.4,40.0,19.96,161.0,413.02,89.0
2009,Male,M,87,1599.0,14.76,213.0,4.1,222.0,6.8,296.0,1.28,237.0,74.32,61.0,24.73,73.0,17.5,226.0,2.2,179.0,14.71,92.0,,
2009,Male,M,88,1574.0,15.45,138.0,4.18,235.0,7.66,346.0,1.4,317.0,80.16,4.0,,,17.93,234.0,,,30.04,300.0,,
2009,Male,M,89,1560.0,15.06,179.0,4.09,220.0,6.54,280.0,1.4,317.0,69.88,140.0,26.74,17.0,14.28,167.0,,,18.12,136.0,407.41,104.0
2009,Male,M,90,1536.0,15.02,183.0,4.03,211.0,7.57,341.0,1.28,237.0,88.7,0.0,,,16.56,208.0,1.6,70.0,29.05,286.0,,
2009,Male,M,91,1470.0,15.14,170.0,3.68,156.0,7.89,360.0,1.28,237.0,82.68,0.0,,,19.52,263.0,1.6,70.0,23.85,214.0,,
2009,Male,M,92,1459.0,12.39,576.0,5.14,409.0,9.81,474.0,,,,,,,,,,,,,,
2009,Male,M,93,1421.0,16.05,85.0,3.89,188.0,6.39,272.0,1.32,263.0,79.74,6.0,28.27,0.0,14.3,167.0,2.0,140.0,17.2,124.0,383.57,176.0
2009,Male,M,94,1409.0,15.58,125.0,3.61,146.0,8.04,369.0,1.24,212.0,84.6,0.0,,,19.6,265.0,1.2,15.0,28.42,277.0,,
2009,Male,M,95,1347.0,15.3,153.0,4.01,207.0,6.57,282.0,1.36,290.0,73.46,74.0,,,15.75,194.0,,,,,392.48,147.0
2009,Male,M,96,1319.0,13.71,354.0,4.57,303.0,6.9,301.0,1.32,263.0,72.04,98.0,,,,,,,,,,
2009,Male,M,97,1287.0,15.27,156.0,3.48,127.0,6.97,306.0,1.24,212.0,75.88,40.0,24.75,72.0,15.0,180.0,1.4,40.0,18.95,147.0,462.88,7.0
2009,Male,M,98,1239.0,15.38,145.0,3.94,196.0,6.84,298.0,1.16,165.0,76.26,36.0,,,15.05,181.0,1.2,15.0,23.08,203.0,,
2009,Male,M,99,1016.0,17.74,2.0,2.66,30.0,5.43,216.0,1.16,165.0,80.61,2.0,26.8,15.0,13.58,155.0,1.7,86.0,19.5,155.0,379.52,190.0
2009,Male,M,100,950.0,14.37,262.0,,,,,,,69.31,152.0,,,16.67,210.0,2.0,140.0,21.86,186.0,,
2009,Male,M,101,909.0,14.56,238.0,,,,,,,80.0,5.0,,,15.25,185.0,2.1,159.0,31.61,322.0,,
2009,Male,M,102,896.0,15.52,131.0,,,,,,,81.7,0.0,,,19.16,256.0,2.5,242.0,27.67,267.0,,
2009,Male,M,103,855.0,14.17,289.0,4.05,214.0,7.76,352.0,,,,,,,,,,,,,,
2009,Male,M,104,742.0,16.45,56.0,2.57,22.0,5.69,231.0,1.24,212.0,82.43,0.0,,,12.16,129.0,,,14.78,92.0,,
2009,Male,M,105,721.0,,,,,,,,,,,,,25.8,383.0,1.4,40.0,29.93,298.0,,
2009,Male,M,106,666.0,16.26,69.0,2.33,5.0,7.58,341.0,,,,,,,18.87,251.0,,,,,,
2009,Male,M,107,637.0,,,,,,,,,,,16.88,637.0,,,,,,,,
2009,Male,M,108,287.0,29.48,0.0,2.17,0.0,4.19,145.0,0.92,47.0,230.01,0.0,,,7.68,54.0,,,10.68,41.0,,
2009,Male,M40,1,4616.0,12.61,536.0,5.13,407.0,10.06,489.0,1.56,434.0,57.52,501.0,16.7,656.0,25.3,373.0,2.8,309.0,36.13,386.0,306.07,525.0
2009,Male,M40,2,4525.0,13.08,454.0,5.1,402.0,11.19,557.0,1.68,528.0,60.05,411.0,17.62,561.0,33.65,537.0,2.8,309.0,35.38,376.0,331.93,390.0
2009,Male,M40,3,4423.0,12.76,509.0,5.25,431.0,9.08,431.0,1.52,404.0,62.52,331.0,16.45,683.0,29.2,449.0,3.4,457.0,34.18,358.0,336.11,370.0
2009,Male,M40,4,3877.0,13.24,428.0,4.83,350.0,9.2,438.0,1.52,404.0,61.45,365.0,16.92,633.0,24.78,363.0,3.0,357.0,31.49,320.0,371.66,219.0
2009,Male,M40,5,3485.0,12.75,511.0,4.94,371.0,9.7,468.0,1.32,263.0,62.08,345.0,18.51,476.0,25.14,370.0,2.6,264.0,26.98,257.0,388.57,160.0
2009,Male,M40,6,3478.0,14.36,263.0,4.67,321.0,7.86,358.0,1.64,496.0,61.3,370.0,20.23,331.0,18.6,246.0,2.2,179.0,27.59,265.0,284.98,649.0
2009,Male,M40,7,3396.0,13.2,434.0,4.77,339.0,9.29,443.0,1.48,374.0,68.77,164.0,18.28,498.0,23.1,331.0,3.0,357.0,30.55,307.0,391.78,149.0
2009,Male,M40,8,3252.0,13.92,324.0,4.59,306.0,8.28,383.0,1.48,374.0,67.74,188.0,19.24,412.0,25.38,374.0,2.8,309.0,34.2,359.0,370.52,223.0
2009,Male,M40,9,3213.0,14.22,282.0,4.48,287.0,8.85,417.0,1.48,374.0,64.12,284.0,20.58,305.0,23.0,329.0,3.0,357.0,28.39,277.0,351.28,301.0
2009,Male,M40,10,3130.0,13.84,335.0,4.15,230.0,7.3,325.0,1.44,345.0,63.63,298.0,17.84,540.0,19.02,254.0,2.0,140.0,29.56,293.0,336.01,370.0
2009,Male,M40,11,2989.0,13.95,319.0,4.49,288.0,7.41,331.0,1.36,290.0,63.39,305.0,18.63,465.0,20.68,285.0,2.2,179.0,21.86,186.0,342.27,341.0
2009,Male,M40,12,2909.0,12.86,492.0,5.06,394.0,7.43,333.0,1.32,263.0,64.69,268.0,19.17,418.0,18.03,235.0,1.8,103.0,23.85,214.0,379.91,189.0
2009,Male,M40,13,2853.0,14.84,204.0,4.49,288.0,7.64,345.0,1.6,464.0,69.56,147.0,21.52,239.0,21.1,293.0,2.8,309.0,28.0,271.0,353.11,293.0
2009,Male,M40,14,2853.0,13.93,322.0,4.47,285.0,8.95,423.0,1.4,317.0,65.35,249.0,20.07,344.0,19.53,263.0,2.0,140.0,24.62,224.0,354.8,286.0
2009,Male,M40,15,2741.0,14.1,298.0,4.63,313.0,7.98,365.0,1.48,374.0,69.18,155.0,18.66,463.0,22.26,315.0,2.4,220.0,22.19,191.0,432.64,47.0
2009,Male,M40,16,2707.0,14.22,282.0,4.63,313.0,7.23,321.0,1.48,374.0,65.31,250.0,21.86,217.0,18.95,252.0,2.3,199.0,25.0,230.0,358.76,269.0
2009,Male,M40,17,2697.0,14.16,290.0,4.55,299.0,6.72,291.0,1.44,345.0,68.23,177.0,20.33,324.0,18.6,246.0,2.4,220.0,24.56,223.0,355.76,282.0
2009,Male,M40,18,2553.0,13.8,341.0,4.41,274.0,7.42,332.0,1.4,317.0,69.71,144.0,19.59,382.0,17.8,231.0,2.4,220.0,24.29,220.0,411.93,92.0
2009,Male,M40,19,2542.0,14.36,263.0,4.06,215.0,7.03,309.0,1.24,212.0,64.88,262.0,21.54,238.0,18.51,244.0,2.2,179.0,27.06,258.0,337.74,362.0
2009,Male,M40,20,2442.0,14.3,271.0,4.02,209.0,7.81,355.0,1.4,317.0,69.46,149.0,22.06,205.0,20.4,280.0,2.4,220.0,23.68,211.0,369.9,225.0
2009,Male,M40,21,2436.0,14.54,240.0,4.27,250.0,7.71,349.0,1.56,434.0,72.13,96.0,21.5,240.0,21.18,294.0,2.2,179.0,25.46,236.0,402.44,118.0
2009,Male,M40,22,2206.0,15.24,159.0,3.62,147.0,8.06,370.0,1.36,290.0,72.72,86.0,21.3,254.0,19.38,260.0,2.4,220.0,25.67,239.0,382.13,181.0
2009,Male,M40,23,2149.0,14.39,259.0,4.19,237.0,9.28,443.0,1.32,263.0,70.95,118.0,20.83,287.0,17.96,234.0,1.2,15.0,23.53,209.0,415.42,84.0
2009,Male,M40,24,2058.0,15.01,184.0,3.99,204.0,7.71,349.0,1.32,263.0,70.07,136.0,22.3,190.0,18.36,241.0,1.6,70.0,28.88,283.0,395.42,138.0
2009,Male,M40,25,2058.0,15.8,105.0,3.25,96.0,9.23,440.0,1.36,290.0,,,22.06,205.0,29.38,452.0,2.0,140.0,32.2,330.0,,
2009,Male,M40,26,2004.0,14.38,261.0,3.8,174.0,8.18,377.0,1.36,290.0,73.12,80.0,21.25,257.0,18.1,237.0,1.5,54.0,23.77,213.0,425.43,61.0
2009,Male,M40,27,1947.0,14.62,230.0,4.06,215.0,6.85,298.0,1.32,263.0,71.06,116.0,22.37,186.0,20.17,275.0,1.8,103.0,22.56,196.0,423.57,65.0
2009,Male,M40,28,1900.0,15.01,184.0,4.08,219.0,6.8,296.0,1.28,237.0,73.44,74.0,22.06,205.0,20.45,281.0,1.8,103.0,23.61,210.0,412.55,91.0
2009,Male,M40,29,1831.0,,,,,9.37,448.0,1.4,317.0,,,22.18,197.0,22.5,319.0,,,30.98,313.0,366.92,237.0
2009,Male,M40,30,1826.0,14.53,241.0,3.99,204.0,6.86,299.0,1.36,290.0,75.28,48.0,22.1,202.0,15.46,188.0,1.6,70.0,24.46,222.0,425.16,62.0
2009,Male,M40,31,1800.0,15.23,160.0,4.2,239.0,7.07,311.0,1.2,188.0,70.95,118.0,22.16,199.0,17.22,220.0,,,22.99,202.0,387.58,163.0
2009,Male,M40,32,1786.0,14.53,241.0,3.95,198.0,7.1,313.0,1.24,212.0,75.56,44.0,23.9,107.0,16.84,213.0,1.8,103.0,20.87,173.0,381.9,182.0
2009,Male,M40,33,1760.0,15.67,117.0,3.53,135.0,8.05,369.0,1.44,345.0,92.55,0.0,,,21.44,299.0,2.0,140.0,33.92,355.0,,
2009,Male,M40,34,1724.0,13.53,382.0,4.58,304.0,7.64,345.0,1.48,374.0,62.91,319.0,,,,,,,,,,
2009,Male,M40,35,1691.0,19.37,0.0,3.96,199.0,8.9,420.0,1.32,263.0,,,23.57,122.0,24.23,352.0,1.3,27.0,30.65,308.0,,
2009,Male,M40,36,1553.0,14.11,297.0,,,8.0,366.0,,,,,,,22.85,326.0,2.0,140.0,31.81,325.0,409.24,99.0
2009,Male,M40,37,1469.0,16.0,89.0,3.85,182.0,5.83,239.0,1.4,317.0,86.06,0.0,22.0,208.0,14.43,170.0,2.2,179.0,14.2,85.0,474.56,0.0
2009,Male,M40,38,1256.0,14.54,240.0,,,,,,,66.58,217.0,,,26.81,402.0,1.8,103.0,29.62,294.0,,
2009,Male,M40,39,1057.0,16.87,31.0,3.35,110.0,6.85,298.0,1.12,142.0,90.02,0.0,26.02,32.0,16.0,198.0,1.5,54.0,22.25,192.0,558.78,0.0
2009,Male,M40,40,1049.0,14.85,202.0,3.98,203.0,7.34,327.0,1.4,317.0,,,,,,,,,,,,
2009,Male,M40,41,1035.0,,,,,8.02,367.0,1.4,317.0,,,,,17.42,224.0,,,17.43,127.0,,
2009,Male,M40,42,1002.0,14.97,189.0,4.38,269.0,5.56,223.0,1.4,317.0,80.22,4.0,,,,,,,,,,
2009,Male,M40,43,730.0,15.0,185.0,,,,,,,,,,,20.31,278.0,1.6,70.0,22.61,197.0,,
2009,Male,M40,44,332.0,13.86,332.0,,,,,,,,,,,,,,,,,,
2009,Male,M50,1,2715.0,14.16,290.0,4.07,217.0,8.57,400.0,1.4,317.0,65.96,233.0,20.77,291.0,21.95,309.0,2.0,140.0,26.85,255.0,360.34,263.0
2009,Male,M50,2,2526.0,14.49,246.0,4.11,224.0,7.53,339.0,1.36,290.0,68.51,170.0,21.06,270.0,22.5,319.0,1.6,70.0,30.65,308.0,353.74,290.0
2009,Male,M50,3,2461.0,14.74,215.0,4.03,211.0,7.88,359.0,1.32,263.0,70.58,126.0,21.47,242.0,23.4,336.0,2.6,264.0,25.75,240.0,375.23,205.0
2009,Male,M50,4,2318.0,15.06,179.0,4.07,217.0,9.42,451.0,1.36,290.0,74.52,58.0,21.7,227.0,24.69,361.0,1.8,103.0,26.67,253.0,382.58,179.0
2009,Male,M50,5,2317.0,14.8,208.0,3.91,191.0,8.25,381.0,1.28,237.0,69.34,152.0,21.36,250.0,24.2,352.0,2.4,220.0,26.1,245.0,416.36,81.0
2009,Male,M50,6,1981.0,15.6,124.0,3.89,188.0,5.71,232.0,1.28,237.0,68.29,175.0,22.32,189.0,14.71,175.0,2.0,140.0,19.7,157.0,340.96,364.0
2009,Male,M50,7,1491.0,16.37,61.0,3.41,118.0,8.39,389.0,1.28,237.0,87.03,0.0,26.82,15.0,18.9,252.0,1.8,103.0,31.16,316.0,,
2009,Male,M50,8,1192.0,16.5,52.0,3.71,161.0,7.02,308.0,1.32,263.0,84.54,0.0,23.84,110.0,13.58,155.0,,,18.62,143.0,,
2009,Male,M60,1,1383.0,16.64,44.0,2.91,56.0,8.78,413.0,1.24,212.0,,,,,19.64,265.0,1.4,40.0,24.51,223.0,398.09,130.0
2009,Male,M60,2,1117.0,17.76,1.0,2.73,37.0,7.49,336.0,1.24,212.0,,,,,21.8,306.0,1.6,70.0,19.51,155.0,,
2010,Female,W,1,4434.0,14.18,576.0,4.44,413.0,10.25,546.0,1.36,470.0,73.33,260.0,18.71,613.0,32.75,515.0,2.4,348.0,32.94,532.0,436.26,161.0
2010,Female,W,2,4145.0,14.03,599.0,4.31,381.0,7.43,363.0,1.36,470.0,67.1,442.0,19.14,576.0,16.7,219.0,2.2,282.0,23.65,357.0,363.76,456.0
2010,Female,W,3,3531.0,15.02,454.0,4.26,369.0,6.91,329.0,1.24,350.0,73.37,259.0,20.83,439.0,21.41,303.0,2.4,348.0,22.2,330.0,386.16,350.0
2010,Female,W,4,2377.0,16.31,292.0,3.61,223.0,6.7,316.0,1.16,275.0,76.72,180.0,22.6,313.0,15.28,194.0,2.0,221.0,18.09,253.0,454.38,110.0
2010,Female,W,5,2375.0,16.33,290.0,3.68,237.0,6.02,273.0,1.24,350.0,81.78,85.0,22.72,306.0,16.06,208.0,2.0,221.0,19.14,273.0,446.14,132.0
2010,Female,W,6,2308.0,15.59,379.0,2.86,84.0,6.03,273.0,1.28,389.0,74.77,224.0,26.32,115.0,13.53,164.0,1.8,163.0,14.27,183.0,389.78,334.0
2010,Female,W,7,2109.0,16.07,320.0,3.31,163.0,6.54,306.0,1.32,429.0,81.9,83.0,22.88,295.0,13.45,162.0,1.4,64.0,15.73,210.0,468.42,77.0
2010,Female,W,8,1915.0,16.34,289.0,3.36,172.0,6.06,275.0,1.28,389.0,87.48,18.0,26.87,93.0,13.0,155.0,1.6,110.0,21.11,310.0,456.86,104.0
2010,Female,W,9,1891.0,17.2,200.0,3.37,174.0,6.42,298.0,1.12,239.0,79.38,126.0,26.81,95.0,14.95,188.0,1.6,110.0,14.95,196.0,406.63,265.0
2010,Female,W,10,1852.0,15.58,380.0,2.97,102.0,5.19,220.0,1.16,275.0,74.92,221.0,,,12.04,138.0,1.2,25.0,13.21,164.0,391.32,327.0
2010,Female,W,11,1839.0,16.18,307.0,3.34,168.0,5.65,249.0,1.08,205.0,81.84,84.0,26.22,119.0,16.04,207.0,1.4,64.0,16.77,229.0,422.5,207.0
2010,Female,W,12,1801.0,16.7,250.0,3.54,208.0,5.29,226.0,1.16,275.0,81.78,85.0,24.95,177.0,11.54,130.0,1.8,163.0,12.23,146.0,443.01,141.0
2010,Female,W,13,1675.0,16.92,227.0,3.08,121.0,6.22,285.0,1.16,275.0,83.32,62.0,26.88,93.0,14.0,172.0,1.4,64.0,19.0,270.0,455.86,106.0
2010,Female,W,14,1468.0,18.44,97.0,3.06,117.0,6.64,312.0,1.16,275.0,106.93,0.0,26.16,121.0,18.26,247.0,,,20.52,299.0,627.04,0.0
2010,Female,W,15,1455.0,16.43,279.0,3.17,137.0,6.43,299.0,1.04,172.0,109.05,0.0,28.89,32.0,18.16,245.0,,,20.12,291.0,652.5,0.0
2010,Female,W,16,1449.0,17.0,219.0,3.16,135.0,5.33,229.0,1.12,239.0,91.58,0.0,28.35,45.0,16.53,216.0,1.6,110.0,15.92,214.0,486.82,42.0
2010,Female,W,17,1401.0,16.9,229.0,3.41,182.0,5.04,211.0,1.24,350.0,80.96,98.0,28.15,51.0,11.36,127.0,1.2,25.0,8.47,79.0,482.3,49.0
2010,Female,W,18,1342.0,16.8,239.0,3.36,172.0,5.68,251.0,1.04,172.0,89.01,8.0,,,17.4,231.0,,,15.15,199.0,471.39,70.0
2010,Female,W,19,1300.0,17.09,210.0,3.25,151.0,5.61,247.0,1.04,172.0,88.25,12.0,33.0,0.0,13.86,169.0,1.4,64.0,16.39,222.0,480.32,53.0
2010,Female,W,20,1298.0,16.34,289.0,3.18,139.0,5.23,223.0,1.12,239.0,95.49,0.0,25.12,169.0,8.41,78.0,1.2,25.0,11.66,136.0,568.76,0.0
2010,Female,W,21,1236.0,16.46,276.0,2.52,36.0,5.69,252.0,1.08,205.0,86.38,27.0,,,15.96,206.0,1.4,64.0,12.32,148.0,500.32,22.0
2010,Female,W,22,960.0,17.78,148.0,2.75,67.0,6.23,286.0,1.08,205.0,105.88,0.0,34.24,0.0,11.92,136.0,1.2,25.0,9.13,91.0,525.3,2.0
2010,Female,W,23,932.0,15.07,447.0,,,,,,,80.88,99.0,,,16.95,223.0,1.2,25.0,11.8,138.0,,
2010,Female,W,24,917.0,18.04,127.0,2.94,97.0,5.44,236.0,1.04,172.0,93.16,0.0,,,13.03,155.0,,,9.54,98.0,492.71,32.0
2010,Female,W,25,713.0,19.93,20.0,2.4,22.0,4.66,187.0,1.04,172.0,100.72,0.0,,,14.07,173.0,,,11.81,139.0,,
2010,Female,W,26,700.0,18.31,107.0,3.08,121.0,5.4,233.0,1.12,239.0,92.35,0.0,,,,,,,,,,
2010,Female,W,27,657.0,18.16,118.0,2.33,15.0,5.09,214.0,1.0,141.0,97.42,0.0,,,10.36,110.0,,,7.33,59.0,658.84,0.0
2010,Female,W,28,604.0,16.81,238.0,,,,,,,,,,,13.04,155.0,,,15.8,211.0,,
2010,Female,W,29,602.0,18.09,123.0,,,,,,,95.4,0.0,,,15.56,199.0,,,19.5,280.0,,
2010,Female,W,30,329.0,19.19,52.0,,,,,,,107.46,0.0,,,10.76,117.0,,,13.0,160.0,,
2010,Female,W40,1,3590.0,14.71,498.0,3.82,267.0,8.91,458.0,1.4,512.0,72.64,278.0,20.19,488.0,19.24,264.0,2.2,282.0,22.08,328.0,420.02,215.0
2010,Female,W40,2,3423.0,15.21,428.0,3.91,287.0,7.35,357.0,1.32,429.0,71.34,313.0,21.19,411.0,15.25,194.0,2.0,221.0,19.17,273.0,353.16,510.0
2010,Female,W40,3,3373.0,14.84,479.0,4.03,315.0,8.57,436.0,1.4,512.0,76.61,182.0,22.11,346.0,20.52,287.0,2.2,282.0,22.66,338.0,425.52,196.0
2010,Female,W40,4,3334.0,15.44,398.0,3.74,250.0,7.44,363.0,1.32,429.0,72.41,284.0,21.86,363.0,19.94,277.0,2.0,221.0,19.75,284.0,361.88,465.0
2010,Female,W40,5,3247.0,14.51,527.0,4.24,364.0,7.08,340.0,1.2,312.0,70.54,336.0,20.41,471.0,16.54,216.0,1.8,163.0,18.27,257.0,407.62,261.0
2010,Female,W40,6,1406.0,18.2,115.0,3.12,128.0,5.86,262.0,1.12,239.0,115.1,0.0,27.6,68.0,18.07,243.0,1.4,64.0,19.91,287.0,580.46,0.0
2010,Female,W40,7,573.0,22.49,0.0,2.95,99.0,4.69,189.0,0.88,58.0,,,,,11.67,132.0,,,9.38,95.0,,
2010,Female,W50,1,1088.0,18.44,97.0,3.04,114.0,5.65,249.0,1.12,239.0,94.26,0.0,28.76,35.0,12.54,147.0,1.2,25.0,12.79,156.0,497.26,26.0
2010,Female,W50,2,689.0,19.29,47.0,2.53,37.0,5.42,235.0,1.04,172.0,109.22,0.0,31.37,0.0,10.52,113.0,,,8.81,85.0,574.02,0.0
2010,Male,M,1,5148.0,11.2,817.0,5.84,552.0,9.72,469.0,1.72,560.0,53.56,658.0,16.12,719.0,22.8,325.0,2.8,309.0,39.65,437.0,351.0,302.0
2010,Male,M,2,4232.0,12.09,633.0,5.23,427.0,8.68,407.0,1.68,528.0,54.8,607.0,20.34,323.0,26.14,389.0,2.2,179.0,27.62,266.0,315.55,473.0
2010,Male,M,3,4173.0,12.7,520.0,5.54,490.0,8.92,421.0,1.56,434.0,57.16,515.0,19.82,364.0,22.89,327.0,2.6,264.0,30.0,299.0,303.59,539.0
2010,Male,M,4,4133.0,12.86,492.0,5.29,439.0,8.92,421.0,1.52,404.0,57.74,493.0,21.06,270.0,25.8,383.0,2.6,264.0,30.29,303.0,282.56,664.0
2010,Male,M,5,4126.0,12.82,499.0,5.22,425.0,8.48,395.0,1.68,528.0,56.86,526.0,18.29,497.0,18.28,240.0,2.2,179.0,25.0,230.0,292.0,607.0
2010,Male,M,6,4007.0,12.26,601.0,4.86,356.0,8.38,389.0,1.6,464.0,58.62,461.0,19.24,412.0,25.72,381.0,2.6,264.0,34.35,361.0,347.41,318.0
2010,Male,M,7,4005.0,12.57,543.0,5.023,387.0,9.22,439.0,1.56,434.0,55.93,562.0,20.8,289.0,21.42,299.0,2.2,179.0,30.64,308.0,299.07,565.0
2010,Male,M,8,3969.0,12.71,518.0,5.01,384.0,7.7,349.0,1.44,345.0,58.32,472.0,19.28,408.0,22.98,328.0,2.8,309.0,32.79,339.0,307.58,517.0
2010,Male,M,9,3878.0,11.91,669.0,5.86,556.0,7.22,320.0,1.6,464.0,54.46,621.0,17.65,558.0,14.0,162.0,,,13.16,72.0,318.82,456.0
2010,Male,M,10,3741.0,13.45,394.0,4.57,303.0,9.3,444.0,1.56,434.0,62.39,335.0,19.42,396.0,24.22,352.0,2.6,264.0,37.03,399.0,325.9,420.0
2010,Male,M,11,3687.0,12.47,562.0,4.8,345.0,8.68,407.0,1.68,528.0,60.24,405.0,19.05,428.0,19.65,266.0,2.4,220.0,29.83,297.0,368.82,229.0
2010,Male,M,12,3620.0,12.31,591.0,5.23,427.0,9.13,434.0,1.48,374.0,59.84,419.0,23.06,148.0,27.29,411.0,2.6,264.0,30.23,302.0,363.4,250.0
2010,Male,M,13,3564.0,12.61,536.0,5.45,471.0,9.58,460.0,1.64,496.0,62.8,323.0,19.1,424.0,19.94,271.0,2.2,179.0,29.44,291.0,404.1,113.0
2010,Male,M,14,3559.0,12.96,475.0,4.77,339.0,7.95,363.0,1.48,374.0,59.27,438.0,19.55,386.0,17.32,222.0,2.2,179.0,22.01,189.0,294.14,594.0
2010,Male,M,15,3474.0,12.96,475.0,4.61,310.0,8.49,395.0,1.6,464.0,62.82,322.0,22.24,194.0,22.41,318.0,2.8,309.0,30.85,311.0,334.88,376.0
2010,Male,M,16,3378.0,13.32,415.0,4.53,295.0,8.88,419.0,1.52,404.0,62.0,348.0,20.17,336.0,21.16,294.0,2.4,220.0,30.39,305.0,341.98,342.0
2010,Male,M,17,3357.0,12.44,567.0,4.74,333.0,7.82,356.0,1.6,464.0,62.32,338.0,17.61,562.0,25.0,367.0,2.2,179.0,22.21,191.0,,
2010,Male,M,18,3281.0,12.89,487.0,4.92,367.0,6.73,291.0,1.6,464.0,65.46,246.0,20.7,296.0,16.36,205.0,3.0,357.0,24.55,223.0,341.29,345.0
2010,Male,M,19,3267.0,13.33,413.0,3.87,185.0,6.98,306.0,1.36,290.0,59.91,416.0,20.64,300.0,18.81,250.0,2.8,309.0,26.16,246.0,301.3,552.0
2010,Male,M,20,3254.0,13.08,454.0,4.8,345.0,9.18,437.0,1.48,374.0,67.51,194.0,20.08,343.0,27.65,418.0,2.4,220.0,36.26,388.0,416.6,81.0
2010,Male,M,21,3219.0,12.57,543.0,5.03,388.0,8.86,417.0,1.52,404.0,66.3,224.0,22.03,207.0,24.2,352.0,2.4,220.0,28.2,274.0,379.48,190.0
2010,Male,M,22,3218.0,13.33,413.0,5.34,449.0,5.8,237.0,1.48,374.0,61.86,352.0,19.6,381.0,15.59,191.0,2.6,264.0,17.89,133.0,325.16,424.0
2010,Male,M,23,3216.0,13.66,362.0,4.6,308.0,7.23,321.0,1.52,404.0,64.6,270.0,19.11,423.0,16.84,213.0,2.8,309.0,27.27,261.0,341.39,345.0
2010,Male,M,24,3173.0,12.7,520.0,4.97,377.0,7.82,356.0,1.56,434.0,64.99,259.0,19.89,358.0,19.26,258.0,2.0,140.0,28.36,276.0,378.04,195.0
2010,Male,M,25,3121.0,12.93,480.0,4.77,339.0,7.54,339.0,1.4,317.0,61.61,360.0,22.76,164.0,21.08,292.0,2.2,179.0,30.47,306.0,341.36,345.0
2010,Male,M,26,3119.0,13.26,425.0,4.98,378.0,7.86,358.0,1.4,317.0,64.24,280.0,21.14,265.0,22.34,316.0,2.2,179.0,29.12,287.0,348.16,314.0
2010,Male,M,27,3109.0,13.75,348.0,5.08,398.0,8.48,395.0,1.52,404.0,61.27,371.0,22.64,171.0,19.88,270.0,1.6,70.0,27.27,261.0,325.6,421.0
2010,Male,M,28,3054.0,13.29,420.0,4.8,345.0,6.73,291.0,1.64,496.0,65.41,248.0,20.54,308.0,19.42,261.0,2.6,264.0,24.68,225.0,377.72,196.0
2010,Male,M,29,3034.0,13.11,449.0,4.28,252.0,6.85,298.0,1.52,404.0,63.91,290.0,19.72,372.0,23.27,334.0,2.6,264.0,24.3,220.0,391.14,151.0
2010,Male,M,30,3019.0,13.1,451.0,5.03,388.0,7.84,357.0,1.4,317.0,65.41,248.0,20.0,349.0,19.68,266.0,2.2,179.0,31.86,325.0,395.11,139.0
2010,Male,M,31,2994.0,13.66,362.0,4.73,332.0,7.15,316.0,1.52,404.0,63.2,311.0,20.45,314.0,18.83,250.0,1.8,103.0,21.14,177.0,324.79,425.0
2010,Male,M,32,2918.0,13.65,363.0,4.95,373.0,7.64,345.0,1.48,374.0,63.73,295.0,21.9,215.0,18.52,244.0,1.6,70.0,26.85,255.0,333.12,384.0
2010,Male,M,33,2899.0,13.66,362.0,4.9,363.0,7.08,312.0,1.52,404.0,63.6,299.0,22.56,175.0,23.78,344.0,2.4,220.0,23.36,207.0,373.12,213.0
2010,Male,M,34,2856.0,13.21,433.0,5.28,437.0,6.97,306.0,1.4,317.0,63.15,312.0,22.0,208.0,18.17,238.0,1.8,103.0,28.42,277.0,369.88,225.0
2010,Male,M,35,2848.0,13.62,368.0,4.27,250.0,8.19,378.0,1.48,374.0,67.88,185.0,20.66,299.0,21.81,306.0,2.4,220.0,30.0,299.0,385.72,169.0
2010,Male,M,36,2835.0,13.56,377.0,3.92,193.0,7.39,330.0,1.44,345.0,61.98,348.0,21.87,217.0,20.63,284.0,2.4,220.0,29.25,289.0,368.06,232.0
2010,Male,M,37,2781.0,13.41,401.0,4.04,212.0,7.0,307.0,1.52,404.0,64.57,271.0,21.51,240.0,19.05,254.0,2.0,140.0,26.16,246.0,350.16,306.0
2010,Male,M,38,2744.0,12.81,501.0,5.14,409.0,9.15,435.0,1.6,464.0,,,,,20.11,274.0,2.8,309.0,33.75,352.0,,
2010,Male,M,39,2742.0,13.96,318.0,3.91,191.0,7.17,317.0,1.32,263.0,63.99,287.0,23.05,148.0,16.08,200.0,2.6,264.0,27.13,259.0,311.48,495.0
2010,Male,M,40,2676.0,13.12,448.0,4.83,350.0,7.59,342.0,1.48,374.0,64.95,260.0,25.69,41.0,20.69,285.0,2.6,264.0,25.36,234.0,417.96,78.0
2010,Male,M,41,2673.0,13.96,318.0,4.21,240.0,7.04,310.0,1.52,404.0,64.06,285.0,22.31,190.0,17.65,228.0,2.0,140.0,21.0,175.0,333.31,383.0
2010,Male,M,42,2648.0,13.33,413.0,4.65,317.0,5.86,241.0,1.48,374.0,60.03,412.0,23.44,129.0,19.86,269.0,2.0,140.0,24.52,223.0,398.08,130.0
2010,Male,M,43,2634.0,14.19,286.0,4.34,262.0,6.66,287.0,1.48,374.0,65.0,259.0,22.21,196.0,17.1,218.0,2.4,220.0,21.0,175.0,338.76,357.0
2010,Male,M,44,2525.0,13.55,379.0,4.51,292.0,6.24,263.0,1.48,374.0,66.7,214.0,22.46,181.0,18.27,240.0,2.4,220.0,24.4,221.0,394.6,141.0
2010,Male,M,45,2523.0,13.55,379.0,4.47,285.0,7.02,308.0,1.32,263.0,68.0,182.0,21.27,256.0,18.3,240.0,2.0,140.0,24.1,217.0,362.71,253.0
2010,Male,M,46,2520.0,14.35,264.0,4.1,222.0,6.42,273.0,1.4,317.0,63.94,289.0,22.58,174.0,18.58,246.0,2.2,179.0,22.83,200.0,338.96,356.0
2010,Male,M,47,2490.0,13.49,388.0,4.76,337.0,7.15,316.0,1.44,345.0,64.21,281.0,22.59,174.0,16.25,203.0,1.6,70.0,14.99,95.0,355.92,281.0
2010,Male,M,48,2473.0,13.79,343.0,4.08,219.0,7.13,315.0,1.48,374.0,69.9,140.0,22.43,183.0,19.81,268.0,2.8,309.0,22.37,193.0,398.36,129.0
2010,Male,M,49,2471.0,14.34,266.0,4.23,244.0,8.44,392.0,1.32,263.0,66.16,228.0,24.02,102.0,19.64,265.0,1.8,103.0,32.12,329.0,356.3,279.0
2010,Male,M,50,2439.0,13.99,314.0,4.58,304.0,6.5,278.0,1.52,404.0,66.97,207.0,22.27,192.0,15.83,195.0,,,30.29,303.0,365.5,242.0
2010,Male,M,51,2380.0,13.55,379.0,4.44,280.0,6.74,292.0,1.36,290.0,61.0,380.0,,,17.4,224.0,,,25.07,230.0,350.42,305.0
2010,Male,M,52,2352.0,12.63,532.0,4.09,220.0,8.0,366.0,1.48,374.0,76.28,36.0,28.06,1.0,19.62,265.0,2.6,264.0,24.36,221.0,420.14,73.0
2010,Male,M,53,2346.0,13.42,399.0,4.22,242.0,6.78,294.0,1.52,404.0,64.82,264.0,22.22,195.0,16.45,206.0,2.2,179.0,14.25,86.0,418.22,77.0
2010,Male,M,54,2313.0,13.9,327.0,4.58,304.0,7.91,361.0,,,68.65,167.0,25.68,42.0,25.94,385.0,2.4,220.0,36.69,394.0,404.1,113.0
2010,Male,M,55,2228.0,14.16,290.0,4.02,209.0,6.87,300.0,1.36,290.0,68.25,176.0,22.71,167.0,18.9,252.0,1.2,15.0,29.02,285.0,365.02,244.0
2010,Male,M,56,2194.0,14.08,301.0,4.12,225.0,6.62,285.0,1.24,212.0,66.8,211.0,21.4,247.0,18.7,248.0,2.0,140.0,21.74,185.0,394.76,140.0
2010,Male,M,57,2156.0,14.2,284.0,4.29,254.0,8.58,401.0,1.32,263.0,71.07,116.0,22.69,168.0,19.76,268.0,1.6,70.0,27.14,259.0,420.16,73.0
2010,Male,M,58,2072.0,14.8,208.0,3.8,174.0,8.2,378.0,1.44,345.0,67.59,192.0,24.93,66.0,18.87,251.0,2.0,140.0,21.22,178.0,394.81,140.0
2010,Male,M,59,2066.0,13.98,315.0,3.69,158.0,6.26,264.0,1.28,237.0,66.93,208.0,22.22,195.0,14.74,175.0,2.2,179.0,14.62,90.0,364.75,245.0
2010,Male,M,60,2005.0,14.65,226.0,3.89,188.0,6.77,294.0,1.28,237.0,70.46,128.0,23.54,124.0,17.4,224.0,2.2,179.0,22.54,196.0,374.16,209.0
2010,Male,M,61,1977.0,15.03,182.0,3.92,193.0,8.95,423.0,1.36,290.0,73.35,76.0,26.46,22.0,17.87,232.0,2.0,140.0,27.7,267.0,390.9,152.0
2010,Male,M,62,1947.0,13.17,439.0,4.17,234.0,7.13,315.0,1.44,345.0,81.39,0.0,,,18.3,240.0,,,30.0,299.0,419.26,75.0
2010,Male,M,63,1931.0,13.51,385.0,3.58,142.0,7.89,360.0,,,69.38,151.0,22.63,171.0,18.78,249.0,2.2,179.0,27.17,260.0,440.24,34.0
2010,Male,M,64,1924.0,14.29,272.0,4.07,217.0,6.06,252.0,1.4,317.0,70.53,127.0,23.14,144.0,16.64,210.0,1.6,70.0,19.54,155.0,388.36,160.0
2010,Male,M,65,1888.0,14.26,276.0,3.98,203.0,6.4,272.0,1.28,237.0,71.26,112.0,23.71,116.0,16.3,204.0,1.2,15.0,24.57,224.0,368.8,229.0
2010,Male,M,66,1870.0,12.97,473.0,4.58,304.0,6.49,277.0,1.56,434.0,60.92,382.0,,,,,,,,,,
2010,Male,M,67,1854.0,14.52,243.0,3.51,132.0,4.26,149.0,1.24,212.0,65.21,253.0,23.08,147.0,11.69,121.0,1.4,40.0,21.64,184.0,335.32,373.0
2010,Male,M,68,1826.0,14.49,246.0,3.35,110.0,6.49,277.0,1.4,317.0,70.12,135.0,27.31,8.0,15.73,193.0,2.0,140.0,20.04,162.0,366.66,238.0
2010,Male,M,69,1792.0,14.62,230.0,4.06,215.0,6.09,254.0,1.28,237.0,69.27,153.0,27.23,9.0,16.1,200.0,1.8,103.0,24.51,223.0,386.12,168.0
2010,Male,M,70,1751.0,14.6,233.0,3.49,129.0,6.7,290.0,1.4,317.0,71.36,111.0,,,16.45,206.0,1.8,103.0,17.98,134.0,369.08,228.0
2010,Male,M,71,1743.0,13.87,331.0,4.87,358.0,8.78,413.0,1.52,404.0,75.9,40.0,22.18,197.0,,,,,,,,
2010,Male,M,72,1693.0,14.0,312.0,4.01,207.0,5.97,247.0,1.36,290.0,70.65,124.0,25.27,54.0,13.13,147.0,,,21.1,176.0,396.12,136.0
2010,Male,M,73,1688.0,15.45,138.0,3.69,158.0,6.48,277.0,1.32,263.0,69.44,149.0,26.2,28.0,14.95,179.0,,,16.12,110.0,332.72,386.0
2010,Male,M,74,1637.0,15.39,144.0,3.9,190.0,4.9,185.0,1.4,317.0,73.71,70.0,22.44,182.0,13.47,153.0,1.8,103.0,20.45,167.0,399.5,126.0
2010,Male,M,75,1615.0,13.25,426.0,5.18,417.0,7.72,350.0,1.52,404.0,77.99,18.0,,,,,,,,,,
2010,Male,M,76,1600.0,13.48,390.0,,,,,,,66.76,212.0,20.05,345.0,19.38,260.0,1.6,70.0,31.66,323.0,,
2010,Male,M,77,1568.0,15.53,130.0,3.72,162.0,6.64,286.0,1.4,317.0,75.48,45.0,25.54,46.0,17.62,228.0,1.6,70.0,23.06,203.0,416.37,81.0
2010,Male,M,78,1556.0,13.72,353.0,4.38,269.0,8.01,367.0,1.44,345.0,66.37,222.0,,,,,,,,,,
2010,Male,M,79,1512.0,13.71,354.0,3.36,111.0,,,,,65.37,249.0,,,20.87,288.0,2.4,220.0,29.36,290.0,,
2010,Male,M,80,1445.0,14.05,305.0,4.85,354.0,7.35,328.0,1.44,345.0,71.22,113.0,,,,,,,,,,
2010,Male,M,81,1444.0,15.23,160.0,3.95,198.0,7.17,317.0,1.2,188.0,,,25.21,56.0,20.9,289.0,1.6,70.0,20.35,166.0,,
2010,Male,M,82,1428.0,15.15,169.0,3.71,161.0,6.74,292.0,1.2,188.0,77.01,28.0,27.91,2.0,17.85,232.0,1.8,103.0,23.79,213.0,436.5,40.0
2010,Male,M,83,1390.0,15.76,109.0,3.95,198.0,7.47,335.0,1.24,212.0,83.08,0.0,,,20.03,273.0,,,26.18,246.0,452.11,17.0
2010,Male,M,84,1222.0,17.65,3.0,3.4,116.0,5.54,222.0,1.24,212.0,75.08,50.0,26.65,18.0,14.01,162.0,1.6,70.0,18.45,141.0,369.26,228.0
2010,Male,M,85,1212.0,14.13,294.0,4.33,261.0,7.08,312.0,1.44,345.0,,,,,,,,,,,,
2010,Male,M,86,1192.0,16.6,46.0,3.28,100.0,7.11,314.0,1.2,188.0,89.79,0.0,,,21.0,291.0,1.2,15.0,25.62,238.0,,
2010,Male,M,87,1166.0,16.12,79.0,3.01,67.0,8.52,397.0,1.12,142.0,,,,,19.52,263.0,1.6,70.0,19.02,148.0,,
2010,Male,M,88,1152.0,15.38,145.0,3.1,78.0,6.83,297.0,1.12,142.0,90.04,0.0,,,16.02,198.0,2.0,140.0,19.34,152.0,,
2010,Male,M,89,1144.0,15.12,172.0,3.63,149.0,6.55,281.0,1.28,237.0,82.17,0.0,,,14.29,167.0,1.2,15.0,17.1,123.0,,
2010,Male,M,90,1117.0,15.42,141.0,2.84,48.0,6.96,305.0,1.24,212.0,85.73,0.0,,,15.13,182.0,1.2,15.0,23.87,214.0,485.34,0.0
2010,Male,M,91,1039.0,15.2,163.0,3.56,139.0,7.12,314.0,1.24,212.0,,,,,16.73,211.0,,,,,,
2010,Male,M,92,997.0,13.99,314.0,,,,,,,65.54,244.0,,,15.67,192.0,,,26.29,247.0,,
2010,Male,M,93,989.0,14.75,214.0,3.95,198.0,8.38,389.0,1.2,188.0,,,,,,,,,,,,
2010,Male,M,94,939.0,16.17,75.0,3.1,78.0,6.64,286.0,1.12,142.0,87.1,0.0,30.08,0.0,14.63,173.0,1.4,40.0,18.78,145.0,,
2010,Male,M,95,758.0,17.08,21.0,3.78,171.0,5.66,229.0,1.16,165.0,81.96,0.0,,,11.32,115.0,,,10.7,41.0,453.24,16.0
2010,Male,M,96,606.0,13.69,357.0,,,,,,,,,,,18.76,249.0,,,,,,
2010,Male,M,97,596.0,16.24,70.0,2.86,50.0,6.15,258.0,1.0,81.0,90.3,0.0,,,12.61,137.0,,,,,534.52,0.0
2010,Male,M,98,505.0,19.68,0.0,2.76,40.0,4.91,186.0,1.0,81.0,122.7,0.0,,,10.52,101.0,,,15.11,97.0,693.98,0.0
2010,Male,M,99,184.0,21.91,0.0,,,,,,,,,,,15.2,184.0,,,,,,
2010,Male,M,100,161.0,15.22,161.0,,,,,,,,,,,,,,,,,,
2010,Male,M40,1,4684.0,12.47,562.0,5.31,443.0,9.45,453.0,1.52,404.0,54.78,608.0,16.88,637.0,24.17,351.0,2.8,309.0,32.52,335.0,296.14,582.0
2010,Male,M40,2,3980.0,13.24,428.0,4.88,360.0,10.86,537.0,1.64,496.0,62.04,346.0,18.83,447.0,31.26,489.0,2.6,264.0,31.19,316.0,352.08,297.0
2010,Male,M40,3,3827.0,13.27,423.0,4.92,367.0,8.46,394.0,1.6,464.0,60.65,391.0,19.7,373.0,22.75,324.0,2.8,309.0,31.23,317.0,317.23,465.0
2010,Male,M40,4,3787.0,12.6,538.0,4.98,378.0,6.75,293.0,1.48,374.0,59.7,423.0,17.93,531.0,20.47,281.0,3.0,357.0,31.34,318.0,352.94,294.0
2010,Male,M40,5,3742.0,13.9,327.0,4.6,308.0,8.62,403.0,1.44,345.0,63.16,312.0,18.31,495.0,24.28,353.0,3.0,357.0,35.39,376.0,317.04,466.0
2010,Male,M40,6,3626.0,13.43,397.0,4.54,297.0,9.41,450.0,1.6,464.0,64.12,284.0,18.69,460.0,22.52,320.0,3.2,406.0,31.62,322.0,369.74,226.0
2010,Male,M40,7,3593.0,13.11,449.0,5.25,431.0,9.31,444.0,1.48,374.0,64.3,279.0,17.68,555.0,25.14,370.0,3.0,357.0,32.44,334.0,,
2010,Male,M40,8,3591.0,13.02,464.0,4.7,326.0,8.87,418.0,1.52,404.0,62.92,319.0,18.51,476.0,24.35,355.0,3.0,357.0,29.6,294.0,382.94,178.0
2010,Male,M40,9,3264.0,14.41,257.0,4.41,274.0,7.71,349.0,1.64,496.0,62.92,319.0,21.16,263.0,21.13,293.0,2.2,179.0,28.11,273.0,299.76,561.0
2010,Male,M40,10,3204.0,14.09,300.0,4.44,280.0,8.54,398.0,1.48,374.0,62.93,319.0,20.53,309.0,23.69,342.0,2.8,309.0,27.39,263.0,349.27,310.0
2010,Male,M40,11,3098.0,14.05,305.0,4.43,278.0,8.81,414.0,1.4,317.0,66.99,207.0,19.58,383.0,26.58,398.0,2.6,264.0,34.28,360.0,384.9,172.0
2010,Male,M40,12,3056.0,12.75,511.0,4.75,335.0,9.21,438.0,1.36,290.0,,,19.79,366.0,24.47,357.0,2.4,220.0,29.67,295.0,364.95,244.0
2010,Male,M40,13,3051.0,13.51,385.0,4.33,261.0,7.62,344.0,1.48,374.0,63.07,315.0,19.24,412.0,19.99,272.0,2.4,220.0,24.97,229.0,366.4,239.0
2010,Male,M40,14,3044.0,13.57,376.0,4.88,360.0,8.76,411.0,1.52,404.0,68.0,182.0,19.35,402.0,24.84,364.0,2.2,179.0,30.76,310.0,428.09,56.0
2010,Male,M40,15,2845.0,14.17,289.0,4.44,280.0,7.38,330.0,1.4,317.0,66.02,231.0,21.24,258.0,22.17,313.0,2.2,179.0,28.04,272.0,334.72,376.0
2010,Male,M40,16,2801.0,14.43,254.0,4.38,269.0,7.95,363.0,1.56,434.0,66.0,232.0,,,22.45,318.0,2.6,264.0,28.57,279.0,332.36,388.0
2010,Male,M40,17,2786.0,14.1,298.0,4.47,285.0,8.58,401.0,1.36,290.0,65.74,239.0,19.92,356.0,20.27,277.0,1.8,103.0,24.95,229.0,349.52,308.0
2010,Male,M40,18,2728.0,13.96,318.0,4.62,312.0,7.63,344.0,1.24,212.0,64.4,276.0,21.32,252.0,18.77,249.0,2.0,140.0,27.6,266.0,338.48,359.0
2010,Male,M40,19,2712.0,14.55,239.0,4.54,297.0,7.52,338.0,1.44,345.0,65.81,237.0,21.81,220.0,20.0,272.0,2.0,140.0,25.72,239.0,332.86,385.0
2010,Male,M40,20,2420.0,13.67,360.0,4.23,244.0,6.84,298.0,1.36,290.0,69.38,151.0,20.87,284.0,22.07,311.0,2.2,179.0,30.24,303.0,,
2010,Male,M40,21,2390.0,14.03,308.0,4.32,259.0,7.78,353.0,1.4,317.0,69.54,147.0,20.86,284.0,18.28,240.0,2.0,140.0,22.87,200.0,394.08,142.0
2010,Male,M40,22,2250.0,13.01,466.0,4.5,290.0,6.11,255.0,1.52,404.0,67.58,192.0,20.33,324.0,12.57,137.0,,,14.86,93.0,413.2,89.0
2010,Male,M40,23,2188.0,14.55,239.0,,,9.6,462.0,1.44,345.0,74.44,59.0,22.83,160.0,23.4,336.0,2.0,140.0,33.8,353.0,411.4,94.0
2010,Male,M40,24,2147.0,14.93,193.0,3.99,204.0,7.17,317.0,1.2,188.0,69.96,138.0,22.3,190.0,19.07,255.0,1.8,103.0,27.23,260.0,351.8,299.0
2010,Male,M40,25,2067.0,14.13,294.0,4.12,225.0,6.5,278.0,1.32,263.0,72.11,97.0,21.01,274.0,16.51,207.0,2.0,140.0,22.27,192.0,410.02,97.0
2010,Male,M40,26,2010.0,15.68,116.0,4.04,212.0,7.62,344.0,1.44,345.0,80.93,1.0,23.0,151.0,19.7,266.0,1.8,103.0,30.35,304.0,386.02,168.0
2010,Male,M40,27,1960.0,,,4.72,330.0,8.74,410.0,1.52,404.0,,,18.95,437.0,,,,,,,334.22,379.0
2010,Male,M40,28,1938.0,14.41,257.0,4.0,206.0,5.71,232.0,1.32,263.0,73.01,81.0,20.98,276.0,18.28,240.0,2.0,140.0,20.5,168.0,419.18,75.0
2010,Male,M40,29,1925.0,14.64,228.0,4.04,212.0,7.66,346.0,1.24,212.0,69.98,138.0,22.59,174.0,16.9,215.0,1.2,15.0,22.23,192.0,378.64,193.0
2010,Male,M40,30,1900.0,14.35,264.0,3.99,204.0,7.97,365.0,1.24,212.0,71.86,101.0,21.85,218.0,18.75,249.0,1.2,15.0,20.54,169.0,407.82,103.0
2010,Male,M40,31,1750.0,14.92,194.0,3.63,149.0,7.59,342.0,1.28,237.0,73.21,78.0,22.1,202.0,18.01,235.0,2.0,140.0,19.03,148.0,446.12,25.0
2010,Male,M40,32,1563.0,14.98,188.0,3.95,198.0,5.78,236.0,1.44,345.0,94.44,0.0,22.32,189.0,17.02,217.0,1.8,103.0,13.48,76.0,458.3,11.0
2010,Male,M40,33,1545.0,13.61,370.0,4.52,294.0,7.29,324.0,1.4,317.0,65.71,240.0,,,,,,,,,,
2010,Male,M40,34,1510.0,15.31,152.0,3.74,165.0,7.55,340.0,1.36,290.0,73.15,79.0,,,16.67,210.0,1.8,103.0,20.7,171.0,,
2010,Male,M40,35,1404.0,13.33,413.0,4.09,220.0,7.6,343.0,1.44,345.0,72.9,83.0,,,,,,,,,,
2010,Male,M40,36,1383.0,14.68,223.0,3.69,158.0,6.12,256.0,1.32,263.0,73.35,76.0,23.44,129.0,13.19,148.0,1.8,103.0,,,444.71,27.0
2010,Male,M40,37,1363.0,15.41,142.0,3.61,146.0,5.72,233.0,1.28,237.0,98.31,0.0,24.76,72.0,17.14,219.0,1.8,103.0,23.66,211.0,,
2010,Male,M40,38,1341.0,14.14,293.0,4.75,335.0,6.44,274.0,1.32,263.0,68.24,176.0,,,,,,,,,,
2010,Male,M40,39,1303.0,15.68,116.0,3.66,153.0,5.47,218.0,1.16,165.0,78.66,13.0,24.6,78.0,14.25,167.0,1.6,70.0,21.21,178.0,393.08,145.0
2010,Male,M40,40,1302.0,14.32,268.0,4.21,240.0,7.35,328.0,1.4,317.0,69.45,149.0,,,,,,,,,,
2010,Male,M40,41,1271.0,13.61,370.0,,,5.65,228.0,,,64.2,281.0,,,15.75,194.0,1.6,70.0,17.51,128.0,,
2010,Male,M40,42,1201.0,15.23,160.0,2.85,49.0,7.08,312.0,1.24,212.0,81.95,0.0,26.06,31.0,17.72,230.0,,,23.16,204.0,467.76,3.0
2010,Male,M40,43,1182.0,14.38,261.0,4.59,306.0,6.44,274.0,1.32,263.0,73.22,78.0,,,,,,,,,,
2010,Male,M40,44,1079.0,16.31,65.0,3.0,66.0,6.66,287.0,1.16,165.0,112.93,0.0,25.56,45.0,16.8,213.0,1.6,70.0,20.48,168.0,658.9,0.0
2010,Male,M40,45,1003.0,14.78,211.0,3.82,177.0,5.68,230.0,1.24,212.0,68.38,173.0,,,,,,,,,,
2010,Male,M40,46,892.0,16.22,72.0,3.37,112.0,6.24,263.0,1.04,100.0,89.61,0.0,,,13.74,157.0,,,21.96,188.0,549.75,0.0
2010,Male,M40,47,678.0,,,,,8.26,382.0,,,,,,,21.27,296.0,,,,,,
2010,Male,M40,48,499.0,17.42,9.0,2.74,38.0,6.65,287.0,1.16,165.0,87.92,0.0,,,,,,,,,,
2010,Male,M40,49,459.0,35.87,0.0,1.51,0.0,6.0,249.0,,,,,,,13.3,150.0,,,12.2,60.0,,
2010,Male,M40,50,373.0,16.94,28.0,,,,,,,105.73,0.0,,,15.49,189.0,,,19.63,156.0,,
2010,Male,M50,1,2691.0,14.71,219.0,4.01,207.0,9.14,434.0,1.36,290.0,70.62,125.0,21.02,273.0,25.94,385.0,2.4,220.0,29.89,298.0,366.02,240.0
2010,Male,M50,2,2167.0,15.24,159.0,4.25,247.0,7.47,335.0,1.32,263.0,70.79,122.0,22.46,181.0,22.55,320.0,1.8,103.0,26.89,256.0,382.18,181.0
2010,Male,M50,3,2016.0,15.31,152.0,3.84,181.0,6.56,281.0,1.32,263.0,69.94,139.0,22.89,157.0,17.09,218.0,2.0,140.0,21.22,178.0,349.89,307.0
2010,Male,M50,4,1760.0,14.77,212.0,4.12,225.0,8.65,405.0,1.4,317.0,78.08,18.0,22.68,168.0,18.08,236.0,1.2,15.0,20.08,162.0,471.34,2.0
2010,Male,M50,5,1420.0,16.84,33.0,3.34,108.0,8.5,396.0,1.24,212.0,,,27.58,4.0,18.52,244.0,1.6,70.0,33.81,353.0,,
2010,Male,M50,6,1177.0,16.32,65.0,3.39,115.0,6.79,295.0,1.12,142.0,79.62,7.0,,,16.12,200.0,,,21.8,186.0,386.21,167.0
2010,Male,M50,7,739.0,16.28,67.0,3.37,112.0,7.27,323.0,1.28,237.0,,,,,,,,,,,,
2010,Male,M60,1,1021.0,16.82,34.0,3.02,68.0,5.52,221.0,1.2,188.0,84.71,0.0,28.57,0.0,17.77,231.0,1.8,103.0,20.79,172.0,466.7,4.0
2010,Male,M60,2,502.0,17.59,5.0,,,,,,,89.26,0.0,,,18.21,239.0,1.6,70.0,21.97,188.0,,
2011,Female,W,1,4423.0,14.0,604.0,4.91,535.0,9.37,488.0,1.48,599.0,70.14,348.0,20.35,476.0,21.87,312.0,1.4,64.0,33.22,538.0,363.15,459.0
2011,Female,W,2,4265.0,14.33,553.0,4.42,408.0,6.24,287.0,1.44,555.0,64.77,520.0,18.61,622.0,14.01,172.0,2.2,282.0,20.97,307.0,344.01,559.0
2011,Female,W,3,2734.0,16.08,319.0,3.47,194.0,6.65,313.0,1.24,350.0,78.65,140.0,21.8,368.0,19.25,264.0,2.0,221.0,18.84,267.0,398.42,298.0
2011,Female,W,4,2646.0,16.26,298.0,3.92,290.0,7.02,336.0,1.28,389.0,75.14,216.0,21.96,356.0,16.49,215.0,2.0,221.0,14.25,183.0,442.78,142.0
2011,Female,W,5,2492.0,15.46,395.0,3.96,299.0,7.24,350.0,1.24,350.0,86.77,24.0,21.83,365.0,18.0,242.0,1.8,163.0,19.31,276.0,495.52,28.0
2011,Female,W,6,2212.0,15.8,352.0,3.52,204.0,5.2,221.0,1.28,389.0,75.92,197.0,24.41,206.0,10.8,118.0,,,12.42,150.0,380.52,375.0
2011,Female,W,7,1998.0,16.59,261.0,3.53,206.0,5.48,238.0,1.08,205.0,77.76,158.0,25.17,167.0,14.62,183.0,1.8,163.0,13.86,176.0,412.78,241.0
2011,Female,W,8,1906.0,16.67,253.0,3.42,184.0,6.07,276.0,1.28,389.0,88.29,12.0,25.28,161.0,15.25,194.0,1.8,163.0,16.3,220.0,479.88,54.0
2011,Female,W,9,1723.0,16.64,256.0,3.36,172.0,5.36,231.0,1.24,350.0,79.79,118.0,25.01,174.0,12.77,151.0,,,10.37,113.0,437.26,158.0
2011,Female,W,10,1658.0,16.66,254.0,3.57,214.0,5.7,252.0,1.2,312.0,88.72,9.0,27.55,69.0,14.19,175.0,1.4,64.0,13.51,169.0,443.6,140.0
2011,Female,W,11,1477.0,16.51,270.0,,,5.51,240.0,,,77.87,155.0,34.38,0.0,12.49,146.0,1.4,64.0,17.57,244.0,384.38,358.0
2011,Female,W,12,1367.0,17.14,205.0,3.13,130.0,5.09,214.0,1.16,275.0,86.53,26.0,,,12.9,153.0,1.4,64.0,11.2,128.0,432.88,172.0
2011,Female,W,13,1173.0,18.96,64.0,2.92,94.0,5.88,264.0,1.24,350.0,95.8,0.0,30.98,1.0,12.04,138.0,,,18.49,261.0,526.7,1.0
2011,Female,W,14,1142.0,17.82,144.0,3.28,157.0,6.95,332.0,1.12,239.0,94.62,0.0,27.91,58.0,14.57,182.0,,,,,494.56,30.0
2011,Female,W,15,1042.0,17.74,151.0,3.23,148.0,4.82,197.0,1.04,172.0,99.25,0.0,30.09,10.0,10.83,118.0,1.4,64.0,14.22,182.0,583.77,0.0
2011,Female,W,16,936.0,18.21,114.0,2.89,89.0,5.1,215.0,1.08,205.0,97.67,0.0,,,14.5,181.0,1.6,110.0,,,500.8,22.0
2011,Female,W,17,719.0,21.1,0.0,2.44,27.0,5.18,220.0,1.08,205.0,113.28,0.0,,,13.32,160.0,,,10.07,107.0,558.1,0.0
2011,Female,W,18,284.0,19.36,43.0,,,,,,,105.6,0.0,,,10.49,112.0,,,11.27,129.0,,
2011,Female,W40,1,3577.0,15.18,432.0,4.04,317.0,7.58,372.0,1.28,389.0,71.02,322.0,20.5,464.0,17.36,231.0,2.0,221.0,18.27,257.0,341.82,572.0
2011,Female,W40,2,3357.0,15.3,416.0,3.87,279.0,9.16,475.0,1.36,470.0,75.6,205.0,20.44,469.0,21.69,308.0,2.2,282.0,21.97,326.0,447.9,127.0
2011,Female,W40,3,3259.0,14.9,471.0,4.09,329.0,7.05,338.0,1.2,312.0,71.54,308.0,19.26,565.0,18.06,243.0,1.6,110.0,19.38,277.0,396.44,306.0
2011,Female,W40,4,1239.0,18.44,97.0,2.84,81.0,6.34,293.0,1.12,239.0,125.41,0.0,29.69,16.0,16.11,209.0,1.4,64.0,17.35,240.0,637.76,0.0
2011,Female,W50,1,679.0,18.84,71.0,2.95,99.0,5.98,270.0,1.12,239.0,,,,,,,,,,,,
2011,Male,M,1,4794.0,11.89,673.0,5.85,554.0,8.55,399.0,1.72,560.0,54.47,620.0,18.58,470.0,23.25,334.0,3.0,357.0,34.42,362.0,317.1,465.0
2011,Male,M,2,4474.0,12.6,538.0,5.42,465.0,8.4,390.0,1.72,560.0,55.98,560.0,17.19,605.0,20.32,278.0,2.2,179.0,26.78,254.0,285.68,645.0
2011,Male,M,3,4412.0,12.61,536.0,5.02,386.0,9.01,426.0,1.6,464.0,53.95,642.0,18.72,457.0,23.51,339.0,2.2,179.0,37.49,406.0,297.0,577.0
2011,Male,M,4,4288.0,12.47,562.0,5.33,447.0,10.15,495.0,1.68,528.0,61.62,360.0,18.37,489.0,26.95,405.0,2.2,179.0,36.86,397.0,324.68,426.0
2011,Male,M,5,4256.0,12.48,560.0,5.21,423.0,7.28,324.0,1.76,593.0,55.47,580.0,17.93,531.0,21.58,302.0,2.6,264.0,28.58,279.0,329.96,400.0
2011,Male,M,6,3982.0,12.53,551.0,4.66,319.0,8.56,400.0,1.6,464.0,60.9,383.0,18.48,479.0,26.81,402.0,2.6,264.0,33.34,346.0,335.16,374.0
2011,Male,M,7,3877.0,12.25,603.0,4.91,365.0,7.87,359.0,1.68,528.0,62.4,335.0,17.82,542.0,22.57,321.0,2.6,264.0,27.65,266.0,352.76,294.0
2011,Male,M,8,3835.0,12.69,522.0,5.18,417.0,8.61,403.0,1.72,560.0,59.11,444.0,18.7,459.0,20.1,274.0,2.2,179.0,30.47,306.0,358.32,271.0
2011,Male,M,9,3827.0,13.66,362.0,4.92,367.0,7.92,362.0,1.64,496.0,61.78,355.0,20.01,348.0,23.52,339.0,3.0,357.0,34.07,357.0,313.56,484.0
2011,Male,M,10,3738.0,12.64,531.0,5.08,398.0,7.55,340.0,1.64,496.0,61.89,351.0,19.47,392.0,25.91,385.0,2.4,220.0,27.59,265.0,338.16,360.0
2011,Male,M,11,3558.0,13.07,456.0,4.79,343.0,9.85,477.0,1.56,434.0,60.98,380.0,19.91,356.0,25.14,370.0,2.4,220.0,31.95,327.0,378.24,195.0
2011,Male,M,12,3486.0,13.13,446.0,5.25,431.0,7.89,360.0,1.52,404.0,63.13,313.0,19.32,405.0,18.76,249.0,2.2,179.0,32.6,336.0,337.48,363.0
2011,Male,M,13,3365.0,12.84,495.0,4.82,348.0,6.52,279.0,1.52,404.0,64.22,281.0,19.3,407.0,16.5,207.0,3.0,357.0,26.12,245.0,342.12,342.0
2011,Male,M,14,3340.0,12.29,595.0,5.26,433.0,7.58,341.0,1.52,404.0,56.2,551.0,21.19,261.0,19.96,271.0,1.2,15.0,15.76,105.0,337.37,364.0
2011,Male,M,15,3340.0,13.52,383.0,4.68,323.0,8.81,414.0,1.56,434.0,63.79,293.0,19.83,363.0,22.48,319.0,2.2,179.0,30.43,305.0,345.44,327.0
2011,Male,M,16,3311.0,12.49,558.0,5.45,471.0,7.46,334.0,1.56,434.0,60.22,406.0,19.96,352.0,,,2.4,220.0,17.75,131.0,328.79,405.0
2011,Male,M,17,3309.0,12.66,527.0,4.32,259.0,7.86,358.0,1.48,374.0,61.04,378.0,20.95,278.0,21.36,298.0,2.4,220.0,27.29,261.0,339.02,356.0
2011,Male,M,18,3274.0,13.62,368.0,4.83,350.0,10.09,491.0,1.44,345.0,69.27,153.0,20.08,343.0,26.9,404.0,2.4,220.0,40.76,453.0,392.6,147.0
2011,Male,M,19,3266.0,13.15,443.0,4.67,321.0,7.41,331.0,1.44,345.0,61.44,365.0,22.07,204.0,23.54,339.0,2.0,140.0,34.44,362.0,326.65,416.0
2011,Male,M,20,3257.0,13.17,439.0,4.93,369.0,7.53,339.0,1.68,528.0,64.31,278.0,19.96,352.0,18.81,250.0,2.2,179.0,26.51,250.0,357.72,273.0
2011,Male,M,21,3236.0,13.87,331.0,4.59,306.0,7.23,321.0,1.52,404.0,63.5,302.0,19.14,420.0,16.31,204.0,2.8,309.0,25.64,238.0,329.7,401.0
2011,Male,M,22,3146.0,13.26,425.0,4.64,315.0,7.7,349.0,1.44,345.0,65.2,253.0,21.42,246.0,23.65,341.0,2.8,309.0,25.05,230.0,344.04,333.0
2011,Male,M,23,3120.0,13.4,402.0,4.77,339.0,7.05,310.0,1.48,374.0,61.06,378.0,20.61,303.0,21.51,300.0,2.0,140.0,24.27,219.0,339.32,355.0
2011,Male,M,24,3118.0,13.75,348.0,4.83,350.0,7.14,316.0,1.52,404.0,63.57,300.0,18.71,458.0,18.48,244.0,2.2,179.0,25.14,231.0,354.24,288.0
2011,Male,M,25,3102.0,13.66,362.0,4.82,348.0,7.7,349.0,1.56,434.0,65.0,259.0,21.4,247.0,18.34,241.0,2.6,264.0,27.02,257.0,342.33,341.0
2011,Male,M,26,3094.0,13.27,423.0,4.53,295.0,6.63,286.0,1.48,374.0,62.63,328.0,20.86,284.0,19.86,269.0,2.0,140.0,28.64,280.0,326.86,415.0
2011,Male,M,27,3089.0,13.06,458.0,4.53,295.0,6.9,301.0,1.36,290.0,59.6,427.0,21.92,213.0,14.09,164.0,1.8,103.0,25.77,240.0,293.38,598.0
2011,Male,M,28,3084.0,12.7,520.0,4.68,323.0,8.8,414.0,1.48,374.0,63.64,298.0,22.58,174.0,28.04,426.0,2.2,179.0,35.42,376.0,483.56,0.0
2011,Male,M,29,3062.0,13.31,417.0,4.64,315.0,7.6,343.0,1.4,317.0,62.64,328.0,19.92,356.0,15.34,186.0,2.6,264.0,25.3,234.0,351.04,302.0
2011,Male,M,30,2946.0,13.5,387.0,4.65,317.0,7.39,330.0,1.48,374.0,64.17,282.0,21.36,250.0,19.27,258.0,2.4,220.0,25.51,237.0,353.56,291.0
2011,Male,M,31,2874.0,,,4.78,341.0,7.23,321.0,1.6,464.0,61.04,378.0,20.82,287.0,22.39,317.0,2.0,140.0,29.2,288.0,342.89,338.0
2011,Male,M,32,2863.0,13.57,376.0,4.63,313.0,7.32,326.0,1.64,496.0,66.14,228.0,20.75,292.0,16.93,215.0,2.2,179.0,25.42,235.0,375.86,203.0
2011,Male,M,33,2859.0,13.48,390.0,4.78,341.0,7.7,349.0,1.52,404.0,65.96,233.0,21.72,226.0,19.41,261.0,2.2,179.0,28.5,278.0,377.2,198.0
2011,Male,M,34,2834.0,13.52,383.0,5.02,386.0,10.8,534.0,1.44,345.0,66.31,224.0,21.61,233.0,19.66,266.0,2.0,140.0,27.33,262.0,425.31,61.0
2011,Male,M,35,2809.0,13.47,391.0,4.8,345.0,8.59,401.0,1.56,434.0,67.12,203.0,21.8,221.0,19.72,267.0,1.6,70.0,25.95,243.0,367.46,234.0
2011,Male,M,36,2804.0,14.0,312.0,4.8,345.0,8.28,383.0,1.56,434.0,66.51,219.0,21.9,215.0,21.77,305.0,1.6,70.0,28.32,276.0,364.72,245.0
2011,Male,M,37,2776.0,12.99,470.0,4.7,326.0,5.8,237.0,1.4,317.0,60.47,397.0,23.04,149.0,14.54,172.0,1.6,70.0,19.22,151.0,313.04,487.0
2011,Male,M,38,2755.0,13.48,390.0,4.7,326.0,6.84,298.0,1.48,374.0,61.68,358.0,22.54,176.0,18.81,250.0,1.2,15.0,18.91,147.0,325.62,421.0
2011,Male,M,39,2718.0,13.07,456.0,4.38,269.0,7.36,328.0,1.36,290.0,64.07,285.0,20.4,318.0,19.78,268.0,2.0,140.0,21.65,184.0,382.38,180.0
2011,Male,M,40,2579.0,14.4,258.0,4.22,242.0,6.78,294.0,1.44,345.0,63.14,313.0,21.8,221.0,17.15,219.0,2.2,179.0,16.28,112.0,330.6,396.0
2011,Male,M,41,2562.0,13.53,382.0,4.56,301.0,7.45,334.0,1.44,345.0,64.61,270.0,22.28,191.0,23.2,333.0,2.0,140.0,27.62,266.0,,
2011,Male,M,42,2555.0,14.08,301.0,4.2,239.0,8.45,393.0,1.44,345.0,66.08,230.0,,,20.45,281.0,2.0,140.0,30.73,309.0,347.56,317.0
2011,Male,M,43,2544.0,14.28,274.0,3.84,181.0,6.85,298.0,1.28,237.0,64.74,266.0,20.68,297.0,18.17,238.0,2.2,179.0,22.3,192.0,333.6,382.0
2011,Male,M,44,2534.0,14.0,312.0,4.01,207.0,6.16,258.0,1.56,434.0,66.43,221.0,22.95,154.0,17.45,225.0,1.4,40.0,33.64,351.0,344.22,332.0
2011,Male,M,45,2412.0,13.79,343.0,4.25,247.0,7.18,318.0,1.36,290.0,65.86,236.0,21.22,259.0,14.8,176.0,1.8,103.0,26.3,247.0,378.58,193.0
2011,Male,M,46,2396.0,14.92,194.0,4.5,290.0,6.86,299.0,1.44,345.0,64.56,271.0,22.08,204.0,17.23,221.0,1.4,40.0,22.82,200.0,344.28,332.0
2011,Male,M,47,2357.0,14.4,258.0,4.46,283.0,8.65,405.0,1.52,404.0,69.58,146.0,23.74,114.0,22.37,317.0,1.8,103.0,27.71,267.0,425.94,60.0
2011,Male,M,48,2347.0,13.82,338.0,4.12,225.0,7.36,328.0,1.4,317.0,63.96,288.0,21.06,270.0,15.39,187.0,1.2,15.0,14.11,84.0,352.56,295.0
2011,Male,M,49,2318.0,14.12,295.0,4.52,294.0,6.7,290.0,1.2,188.0,63.51,302.0,23.22,140.0,12.85,142.0,2.2,179.0,20.69,171.0,347.56,317.0
2011,Male,M,50,2269.0,14.96,190.0,4.03,211.0,8.76,411.0,1.44,345.0,72.75,86.0,23.49,126.0,19.12,256.0,2.0,140.0,35.2,373.0,397.8,131.0
2011,Male,M,51,2214.0,14.64,228.0,4.12,225.0,5.64,228.0,1.4,317.0,73.93,67.0,21.87,217.0,15.95,197.0,2.6,264.0,23.22,205.0,359.52,266.0
2011,Male,M,52,2206.0,14.44,253.0,4.39,271.0,7.4,331.0,1.44,345.0,73.76,69.0,22.89,157.0,17.33,222.0,2.2,179.0,25.84,241.0,395.46,138.0
2011,Male,M,53,2172.0,13.46,393.0,,,7.4,331.0,,,65.12,256.0,22.14,200.0,18.48,244.0,2.4,220.0,21.89,187.0,342.32,341.0
2011,Male,M,54,2105.0,14.75,214.0,4.24,245.0,6.42,273.0,1.4,317.0,67.36,197.0,,,18.63,246.0,2.0,140.0,23.1,203.0,358.52,270.0
2011,Male,M,55,2045.0,14.5,245.0,4.29,254.0,6.41,273.0,1.4,317.0,68.37,173.0,23.27,137.0,14.32,168.0,1.6,70.0,13.74,79.0,344.9,329.0
2011,Male,M,56,2023.0,14.46,250.0,4.23,244.0,7.85,357.0,1.32,263.0,75.1,50.0,22.26,193.0,16.14,201.0,2.0,140.0,24.86,228.0,410.1,97.0
2011,Male,M,57,2018.0,14.96,190.0,4.4,273.0,7.42,332.0,1.44,345.0,69.18,155.0,22.1,202.0,14.85,177.0,1.8,103.0,,,365.72,241.0
2011,Male,M,58,2014.0,14.49,246.0,4.18,235.0,6.2,260.0,1.36,290.0,64.43,275.0,23.72,115.0,16.18,201.0,1.2,15.0,,,334.55,377.0
2011,Male,M,59,2005.0,14.74,215.0,3.98,203.0,8.99,425.0,1.32,263.0,70.56,126.0,23.17,142.0,21.09,293.0,1.4,40.0,24.54,223.0,418.86,75.0
2011,Male,M,60,2000.0,14.84,204.0,3.71,161.0,7.6,343.0,1.28,237.0,70.47,128.0,25.14,58.0,19.95,271.0,1.6,70.0,26.85,255.0,357.74,273.0
2011,Male,M,61,1987.0,14.33,267.0,3.95,198.0,7.39,330.0,1.44,345.0,70.52,127.0,25.63,43.0,10.83,106.0,2.0,140.0,25.63,238.0,378.64,193.0
2011,Male,M,62,1986.0,16.2,73.0,4.09,220.0,6.73,291.0,1.4,317.0,71.36,111.0,24.04,101.0,12.63,138.0,2.2,179.0,20.05,162.0,331.18,394.0
2011,Male,M,63,1980.0,13.63,367.0,4.38,269.0,8.21,379.0,1.28,237.0,69.07,158.0,21.34,251.0,12.54,136.0,,,20.01,161.0,448.4,22.0
2011,Male,M,64,1976.0,13.49,388.0,4.59,306.0,10.66,525.0,1.56,434.0,62.79,323.0,,,,,,,,,,
2011,Male,M,65,1973.0,14.32,268.0,3.99,204.0,8.05,369.0,1.4,317.0,70.38,130.0,23.79,112.0,17.13,219.0,1.4,40.0,18.18,137.0,383.26,177.0
2011,Male,M,66,1960.0,14.57,236.0,4.45,281.0,7.36,328.0,1.32,263.0,70.85,120.0,21.68,229.0,18.06,236.0,1.8,103.0,18.28,138.0,445.14,26.0
2011,Male,M,67,1913.0,14.05,305.0,3.97,201.0,6.08,253.0,1.28,237.0,69.03,158.0,22.88,158.0,13.76,158.0,1.8,103.0,20.41,167.0,384.48,173.0
2011,Male,M,68,1908.0,14.19,286.0,4.4,273.0,6.9,301.0,1.32,263.0,67.21,201.0,26.88,14.0,16.99,216.0,1.4,40.0,19.32,152.0,387.88,162.0
2011,Male,M,69,1860.0,13.96,318.0,3.75,167.0,6.18,259.0,1.36,290.0,78.07,18.0,21.85,218.0,12.73,139.0,1.8,103.0,19.76,158.0,379.6,190.0
2011,Male,M,70,1851.0,14.5,245.0,3.83,179.0,7.82,356.0,1.4,317.0,70.53,127.0,24.71,74.0,18.63,246.0,1.4,40.0,25.48,236.0,442.12,31.0
2011,Male,M,71,1817.0,15.47,136.0,3.83,179.0,6.34,269.0,1.36,290.0,73.0,82.0,24.42,85.0,14.97,179.0,2.2,179.0,27.67,267.0,391.22,151.0
2011,Male,M,72,1815.0,14.32,268.0,3.98,203.0,7.05,310.0,1.24,212.0,73.14,79.0,21.9,215.0,17.87,232.0,1.8,103.0,21.13,177.0,452.87,16.0
2011,Male,M,73,1777.0,13.67,360.0,4.4,273.0,,,,,63.4,305.0,21.78,222.0,15.8,194.0,2.6,264.0,19.82,159.0,,
2011,Male,M,74,1768.0,14.53,241.0,3.21,91.0,6.54,280.0,1.24,212.0,69.27,153.0,23.69,117.0,15.34,186.0,1.4,40.0,21.29,179.0,358.9,269.0
2011,Male,M,75,1763.0,15.04,181.0,4.02,209.0,7.18,318.0,1.32,263.0,71.86,101.0,35.7,0.0,18.24,239.0,1.8,103.0,23.51,209.0,394.78,140.0
2011,Male,M,76,1725.0,15.18,166.0,4.03,211.0,7.24,321.0,1.32,263.0,70.9,119.0,24.05,100.0,16.58,209.0,1.6,70.0,20.69,171.0,411.02,95.0
2011,Male,M,77,1670.0,15.6,124.0,4.14,229.0,7.38,330.0,1.36,290.0,75.06,51.0,30.48,0.0,16.2,202.0,1.6,70.0,25.72,239.0,396.34,135.0
2011,Male,M,78,1669.0,14.32,268.0,3.83,179.0,6.78,294.0,1.4,317.0,71.56,107.0,23.83,110.0,16.43,206.0,2.0,140.0,,,432.08,48.0
2011,Male,M,79,1636.0,15.73,112.0,3.46,125.0,7.38,330.0,1.4,317.0,77.23,26.0,24.04,101.0,18.56,245.0,1.6,70.0,26.42,249.0,425.6,61.0
2011,Male,M,80,1619.0,15.45,138.0,3.936,196.0,5.5,220.0,1.28,237.0,73.56,73.0,24.0,103.0,12.7,139.0,1.8,103.0,23.78,213.0,377.46,197.0
2011,Male,M,81,1570.0,14.7,220.0,4.06,215.0,6.11,255.0,1.32,263.0,,,22.64,171.0,14.13,164.0,1.8,103.0,21.29,179.0,,
2011,Male,M,82,1557.0,13.06,458.0,4.87,358.0,9.88,478.0,1.32,263.0,,,,,,,,,,,,
2011,Male,M,83,1513.0,15.32,151.0,3.5,130.0,7.97,365.0,1.28,237.0,84.04,0.0,,,20.61,284.0,1.6,70.0,28.35,276.0,,
2011,Male,M,84,1487.0,13.17,439.0,4.59,306.0,8.52,397.0,1.44,345.0,,,,,,,,,,,,
2011,Male,M,85,1472.0,16.18,75.0,4.01,207.0,6.21,261.0,1.32,263.0,78.08,18.0,26.42,23.0,21.32,297.0,,,22.12,190.0,395.46,138.0
2011,Male,M,86,1396.0,15.37,146.0,3.68,156.0,7.18,318.0,1.24,212.0,81.06,1.0,24.02,102.0,17.09,218.0,1.8,103.0,18.39,140.0,,
2011,Male,M,87,1289.0,15.36,147.0,3.68,156.0,8.99,425.0,,,,,,,22.17,313.0,,,26.33,248.0,,
2011,Male,M,88,1249.0,15.62,122.0,4.08,219.0,6.42,273.0,1.24,212.0,79.66,7.0,,,17.96,234.0,,,21.4,180.0,471.04,2.0
2011,Male,M,89,1212.0,15.25,158.0,3.2,90.0,7.7,349.0,1.12,142.0,,,,,18.05,236.0,1.8,103.0,17.99,134.0,,
2011,Male,M,90,1181.0,14.45,251.0,4.29,254.0,8.06,370.0,1.2,188.0,70.97,118.0,,,,,,,,,,
2011,Male,M,91,952.0,15.92,95.0,3.41,118.0,6.39,272.0,,,78.32,16.0,,,15.9,196.0,1.2,15.0,25.75,240.0,,
2011,Male,M,92,801.0,13.87,331.0,,,,,,,73.85,68.0,,,15.99,198.0,,,23.11,204.0,,
2011,Male,M,93,788.0,17.56,5.0,2.8,44.0,5.8,237.0,1.16,165.0,103.51,0.0,,,12.46,135.0,,,23.03,202.0,576.82,0.0
2011,Male,M,94,633.0,15.66,118.0,,,,,,,77.53,23.0,,,18.95,252.0,2.0,140.0,15.33,100.0,,
2011,Male,M,95,487.0,17.07,22.0,3.26,98.0,5.5,220.0,,,90.56,0.0,,,10.81,106.0,,,10.65,41.0,525.04,0.0
2011,Male,M,96,473.0,15.0,185.0,4.49,288.0,,,,,,,,,,,,,,,,
2011,Male,M,97,446.0,13.13,446.0,,,,,,,,,,,,,,,,,,
2011,Male,M40,1,4894.0,12.53,551.0,5.46,473.0,9.56,459.0,1.48,374.0,55.27,588.0,16.78,647.0,28.0,425.0,3.0,357.0,35.46,377.0,286.08,643.0
2011,Male,M40,2,4184.0,13.39,404.0,5.12,405.0,7.84,357.0,1.56,434.0,59.51,430.0,18.41,486.0,24.47,357.0,3.0,357.0,35.72,380.0,297.52,574.0
2011,Male,M40,3,3556.0,13.54,380.0,4.85,354.0,8.21,379.0,1.56,434.0,63.22,310.0,18.65,464.0,22.66,322.0,2.6,264.0,28.13,273.0,334.7,376.0
2011,Male,M40,4,3515.0,14.01,311.0,5.08,398.0,9.42,451.0,1.56,434.0,60.08,410.0,20.7,296.0,22.06,311.0,1.6,70.0,30.85,311.0,306.52,523.0
2011,Male,M40,5,3165.0,14.15,291.0,4.31,257.0,8.39,389.0,1.48,374.0,63.55,300.0,20.27,328.0,23.74,343.0,2.6,264.0,28.23,274.0,341.38,345.0
2011,Male,M40,6,3090.0,13.83,337.0,4.82,348.0,8.83,416.0,1.36,290.0,62.07,345.0,20.54,308.0,20.9,289.0,2.0,140.0,27.08,258.0,338.28,359.0
2011,Male,M40,7,3051.0,15.86,100.0,4.72,330.0,8.15,375.0,1.56,434.0,66.17,228.0,20.7,296.0,20.0,272.0,2.4,220.0,34.5,363.0,323.23,433.0
2011,Male,M40,8,3000.0,13.91,325.0,4.4,273.0,7.34,327.0,1.44,345.0,64.32,278.0,19.26,410.0,20.48,281.0,2.4,220.0,23.85,214.0,345.44,327.0
2011,Male,M40,9,2854.0,14.02,309.0,4.2,239.0,8.65,405.0,1.44,345.0,67.53,193.0,20.94,279.0,17.85,232.0,2.2,179.0,33.8,353.0,347.0,320.0
2011,Male,M40,10,2835.0,13.76,347.0,4.8,345.0,6.92,303.0,1.44,345.0,69.76,143.0,19.56,385.0,22.18,313.0,2.6,264.0,31.93,326.0,424.22,64.0
2011,Male,M40,11,2823.0,14.37,262.0,4.09,220.0,7.8,354.0,1.32,263.0,64.3,279.0,20.72,295.0,21.39,298.0,2.2,179.0,26.75,254.0,326.1,419.0
2011,Male,M40,12,2815.0,13.59,373.0,4.52,294.0,8.03,368.0,1.6,464.0,66.11,229.0,19.92,356.0,18.81,250.0,2.2,179.0,23.13,204.0,409.6,98.0
2011,Male,M40,13,2760.0,13.18,438.0,4.84,352.0,8.85,417.0,1.52,404.0,,,,,25.14,370.0,3.2,406.0,35.17,373.0,,
2011,Male,M40,14,2505.0,15.18,166.0,3.94,196.0,8.47,394.0,1.48,374.0,71.32,111.0,20.46,314.0,22.15,313.0,2.4,220.0,26.72,253.0,387.08,164.0
2011,Male,M40,15,2482.0,13.99,314.0,4.66,319.0,7.84,357.0,1.44,345.0,71.55,107.0,19.9,357.0,19.8,268.0,2.2,179.0,24.38,221.0,454.0,15.0
2011,Male,M40,16,2459.0,13.97,316.0,4.49,288.0,7.02,308.0,1.36,290.0,68.44,172.0,19.95,353.0,21.78,306.0,1.6,70.0,23.33,207.0,391.92,149.0
2011,Male,M40,17,2384.0,14.47,249.0,4.36,266.0,8.72,409.0,1.24,212.0,67.33,198.0,20.94,279.0,21.31,297.0,1.6,70.0,25.63,238.0,386.44,166.0
2011,Male,M40,18,2373.0,14.7,220.0,3.97,201.0,7.68,347.0,1.4,317.0,68.18,178.0,24.47,83.0,21.55,301.0,2.0,140.0,29.1,287.0,351.7,299.0
2011,Male,M40,19,2338.0,14.0,312.0,4.31,257.0,6.21,261.0,1.28,237.0,66.11,229.0,21.47,242.0,16.37,205.0,1.8,103.0,18.19,137.0,339.3,355.0
2011,Male,M40,20,2330.0,14.38,261.0,4.56,301.0,9.08,431.0,1.24,212.0,68.95,160.0,22.22,195.0,22.1,312.0,1.6,70.0,30.17,302.0,414.56,86.0
2011,Male,M40,21,2297.0,13.66,362.0,4.33,261.0,8.3,384.0,1.28,237.0,71.0,117.0,19.56,385.0,16.91,215.0,2.0,140.0,21.7,184.0,456.68,12.0
2011,Male,M40,22,2278.0,14.49,246.0,4.16,232.0,6.88,300.0,1.4,317.0,71.22,113.0,20.41,318.0,17.72,230.0,2.0,140.0,23.15,204.0,382.96,178.0
2011,Male,M40,23,2230.0,14.24,279.0,4.43,278.0,5.95,246.0,1.36,290.0,70.69,124.0,20.61,303.0,21.51,300.0,1.6,70.0,24.06,217.0,400.52,123.0
2011,Male,M40,24,2139.0,13.11,449.0,4.31,257.0,8.73,410.0,1.2,188.0,80.21,4.0,,,25.11,369.0,1.6,70.0,28.18,274.0,402.34,118.0
2011,Male,M40,25,1979.0,14.62,230.0,4.36,266.0,5.64,228.0,1.4,317.0,67.99,182.0,22.26,193.0,15.48,189.0,1.4,40.0,20.67,170.0,387.24,164.0
2011,Male,M40,26,1965.0,,,4.07,217.0,7.82,356.0,1.48,374.0,71.73,104.0,20.96,277.0,,,2.6,264.0,,,335.52,373.0
2011,Male,M40,27,1936.0,14.77,212.0,4.5,290.0,7.09,313.0,1.28,237.0,74.46,59.0,26.26,27.0,17.9,233.0,2.2,179.0,26.01,243.0,393.64,143.0
2011,Male,M40,28,1911.0,15.15,169.0,4.12,225.0,7.02,308.0,1.32,263.0,72.9,83.0,22.58,174.0,18.13,237.0,1.8,103.0,21.89,187.0,387.74,162.0
2011,Male,M40,29,1910.0,15.92,95.0,3.69,158.0,7.4,331.0,1.4,317.0,77.6,22.0,23.07,147.0,20.88,289.0,1.8,103.0,29.95,299.0,391.74,149.0
2011,Male,M40,30,1745.0,14.76,213.0,4.08,219.0,8.39,389.0,1.32,263.0,75.84,41.0,22.16,199.0,18.25,239.0,,,21.55,182.0,,
2011,Male,M40,31,1671.0,13.03,463.0,,,8.56,400.0,,,,,,,22.6,321.0,2.4,220.0,27.71,267.0,,
2011,Male,M40,32,1670.0,15.65,119.0,3.88,187.0,7.65,346.0,1.32,263.0,77.97,19.0,23.62,120.0,16.63,210.0,1.4,40.0,30.39,305.0,425.64,61.0
2011,Male,M40,33,1613.0,14.89,198.0,3.78,171.0,8.23,380.0,,,76.44,34.0,22.63,171.0,17.0,216.0,2.2,179.0,23.27,206.0,427.08,58.0
2011,Male,M40,34,1532.0,15.58,125.0,4.22,242.0,5.71,232.0,1.44,345.0,87.12,0.0,22.49,179.0,16.87,214.0,1.8,103.0,13.44,75.0,452.72,17.0
2011,Male,M40,35,1370.0,15.5,133.0,4.02,209.0,7.21,320.0,1.24,212.0,84.09,0.0,24.97,64.0,18.01,235.0,,,22.64,197.0,,
2011,Male,M40,36,837.0,15.32,151.0,3.93,195.0,6.45,275.0,1.08,121.0,72.22,95.0,,,,,,,,,,
2011,Male,M40,37,727.0,13.98,315.0,4.01,207.0,5.24,205.0,,,,,,,,,,,,,,
2011,Male,M40,38,686.0,14.47,249.0,,,,,,,72.46,91.0,,,13.83,159.0,,,21.93,187.0,,
2011,Male,M40,39,670.0,19.58,0.0,3.05,72.0,7.45,334.0,,,,,,,13.09,146.0,,,16.77,118.0,,
2011,Male,M40,40,554.0,14.24,279.0,,,6.45,275.0,,,,,,,,,,,,,,
2011,Male,M50,1,3058.0,13.3,418.0,4.67,321.0,8.32,385.0,1.2,188.0,68.03,181.0,19.07,426.0,23.95,347.0,3.0,357.0,30.95,313.0,400.86,122.0
2011,Male,M50,2,2416.0,15.34,149.0,4.06,215.0,8.89,419.0,1.36,290.0,73.44,74.0,21.1,267.0,25.63,379.0,2.2,179.0,30.65,308.0,396.0,136.0
2011,Male,M50,3,2407.0,15.03,182.0,4.33,261.0,7.47,335.0,1.36,290.0,69.08,157.0,22.05,205.0,22.45,318.0,1.8,103.0,27.58,265.0,353.46,291.0
2011,Male,M50,4,2387.0,14.82,206.0,4.31,257.0,7.36,328.0,1.28,237.0,67.07,205.0,21.96,211.0,16.54,208.0,1.8,103.0,24.8,227.0,328.95,405.0
2011,Male,M50,5,2178.0,15.24,159.0,3.98,203.0,7.98,365.0,1.4,317.0,69.47,149.0,23.0,151.0,18.19,238.0,2.0,140.0,23.52,209.0,364.16,247.0
2011,Male,M50,6,1748.0,16.27,68.0,3.8,174.0,8.23,380.0,1.28,237.0,81.66,0.0,23.74,114.0,24.4,356.0,1.8,103.0,31.17,316.0,,
2011,Male,M50,7,1739.0,15.13,171.0,3.4,116.0,7.65,346.0,1.16,165.0,75.94,40.0,23.09,146.0,21.14,293.0,2.2,179.0,27.0,257.0,445.56,26.0
2011,Male,M60,1,1533.0,15.16,168.0,4.03,211.0,7.82,356.0,1.28,237.0,88.75,0.0,25.6,44.0,18.78,249.0,1.8,103.0,20.29,165.0,490.68,0.0
2011,Male,M60,2,1210.0,17.48,7.0,3.12,80.0,6.22,262.0,1.28,237.0,,,,,16.35,205.0,1.8,103.0,20.07,162.0,390.16,154.0
2011,Male,M60,3,543.0,17.17,18.0,,,,,,,88.23,0.0,,,19.56,264.0,1.8,103.0,19.78,158.0,,
2011,Male,M60,4,439.0,,,2.36,6.0,7.08,312.0,1.08,121.0,,,,,,,,,,,,
2012,Female,W,1,4459.0,14.02,601.0,4.32,384.0,9.8,516.0,1.32,429.0,72.13,292.0,19.63,534.0,35.59,569.0,2.4,348.0,33.78,548.0,413.76,238.0
2012,Female,W,2,4283.0,14.25,566.0,4.44,413.0,7.2,348.0,1.36,470.0,64.12,543.0,19.51,544.0,18.07,243.0,2.2,282.0,23.0,345.0,349.61,529.0
2012,Female,W,3,3150.0,15.1,443.0,4.12,336.0,7.8,386.0,1.36,470.0,68.5,397.0,22.35,330.0,16.99,224.0,1.8,163.0,18.12,254.0,441.1,147.0
2012,Female,W,4,2845.0,15.91,339.0,3.71,244.0,6.7,316.0,1.32,429.0,80.3,109.0,22.02,352.0,19.18,263.0,2.0,221.0,20.41,297.0,404.0,275.0
2012,Female,W,5,2429.0,15.46,395.0,3.51,202.0,6.84,325.0,1.28,389.0,,,21.81,367.0,15.39,196.0,2.2,282.0,19.13,273.0,,
2012,Female,W,6,2374.0,15.52,388.0,3.83,270.0,5.63,248.0,1.16,275.0,76.09,194.0,24.66,192.0,15.8,203.0,1.6,110.0,18.44,260.0,414.88,234.0
2012,Female,W,7,2307.0,15.44,398.0,3.31,163.0,6.91,329.0,1.16,275.0,72.9,271.0,23.51,257.0,13.04,155.0,1.4,64.0,15.0,197.0,424.94,198.0
2012,Female,W,8,2229.0,16.01,327.0,3.58,216.0,4.74,192.0,1.16,275.0,74.6,228.0,23.67,247.0,11.1,123.0,1.2,25.0,13.32,166.0,368.86,430.0
2012,Female,W,9,2067.0,16.46,276.0,3.62,225.0,5.06,212.0,1.28,389.0,78.28,147.0,25.24,163.0,11.81,135.0,1.6,110.0,13.36,167.0,412.46,243.0
2012,Female,W,10,1932.0,16.93,226.0,3.44,188.0,5.33,229.0,1.2,312.0,83.14,65.0,25.56,148.0,15.69,201.0,1.8,163.0,13.86,176.0,417.51,224.0
2012,Female,W,11,1907.0,17.0,219.0,3.33,167.0,5.07,213.0,1.16,275.0,80.83,100.0,25.1,170.0,16.21,210.0,1.6,110.0,15.87,213.0,415.75,230.0
2012,Female,W,12,1894.0,16.52,269.0,3.78,259.0,5.83,261.0,1.24,350.0,88.16,13.0,27.34,76.0,14.32,177.0,1.6,110.0,14.57,189.0,427.26,190.0
2012,Female,W,13,1873.0,16.79,240.0,3.4,180.0,6.44,299.0,1.24,350.0,86.02,31.0,24.57,197.0,16.12,209.0,1.6,110.0,14.28,183.0,469.6,74.0
2012,Female,W,14,1760.0,16.85,234.0,3.21,144.0,5.86,262.0,1.24,350.0,84.1,52.0,28.07,53.0,15.6,200.0,1.2,25.0,16.07,216.0,417.57,224.0
2012,Female,W,15,1620.0,15.4,403.0,3.9,285.0,5.17,219.0,1.24,350.0,,,29.06,28.0,10.47,112.0,1.8,163.0,7.38,60.0,,
2012,Female,W,16,1477.0,17.2,200.0,3.26,153.0,5.38,232.0,1.16,275.0,85.42,37.0,27.1,85.0,11.61,131.0,,,12.9,158.0,422.6,206.0
2012,Female,W,17,1349.0,18.07,124.0,3.02,110.0,5.8,259.0,1.08,205.0,89.76,4.0,30.44,6.0,16.66,218.0,1.4,64.0,17.6,244.0,452.34,115.0
2012,Female,W,18,1322.0,16.74,246.0,3.06,117.0,4.48,176.0,1.12,239.0,81.51,89.0,27.2,81.0,13.43,162.0,,,11.09,126.0,464.1,86.0
2012,Female,W,19,1322.0,18.0,130.0,2.89,89.0,6.14,280.0,1.24,350.0,95.67,0.0,28.1,52.0,14.44,179.0,1.2,25.0,15.26,201.0,505.65,16.0
2012,Female,W,20,1090.0,17.2,200.0,3.09,122.0,5.25,224.0,1.04,172.0,90.07,3.0,,,13.38,161.0,1.2,25.0,9.0,88.0,460.41,95.0
2012,Female,W,21,1005.0,16.47,275.0,3.24,150.0,6.18,283.0,1.16,275.0,87.0,22.0,,,,,,,,,,
2012,Female,W,22,900.0,19.91,20.0,3.09,122.0,5.54,242.0,0.96,111.0,89.09,7.0,31.56,0.0,13.81,169.0,,,12.68,154.0,469.35,75.0
2012,Female,W,23,719.0,15.44,398.0,,,,,,,,,,,16.22,211.0,1.6,110.0,,,,
2012,Female,W,24,652.0,19.27,48.0,3.22,146.0,4.91,203.0,,,86.44,27.0,,,11.98,137.0,,,9.15,91.0,,
2012,Female,W,25,557.0,19.62,31.0,2.39,21.0,4.94,204.0,0.92,84.0,104.93,0.0,35.21,0.0,9.82,101.0,,,10.38,113.0,521.77,3.0
2012,Female,W,26,301.0,18.02,128.0,,,,,,,88.8,9.0,,,11.61,131.0,,,5.82,33.0,,
2012,Female,W40,1,3508.0,14.91,469.0,4.1,331.0,7.89,392.0,1.44,555.0,76.08,194.0,21.21,410.0,23.46,341.0,2.0,221.0,22.84,342.0,409.7,253.0
2012,Female,W40,2,3267.0,14.78,488.0,4.35,391.0,6.97,333.0,1.24,350.0,72.56,280.0,20.66,452.0,19.2,263.0,1.8,163.0,17.27,238.0,395.68,309.0
2012,Female,W40,3,3173.0,15.72,362.0,3.79,261.0,7.23,350.0,1.28,389.0,73.74,250.0,21.24,408.0,17.05,225.0,1.8,163.0,16.6,226.0,347.66,539.0
2012,Female,W40,4,3065.0,15.81,351.0,3.71,244.0,6.97,333.0,1.24,350.0,74.5,231.0,22.08,348.0,18.36,248.0,2.0,221.0,20.25,294.0,365.82,445.0
2012,Female,W40,5,3060.0,15.64,372.0,3.67,235.0,8.59,438.0,1.36,470.0,81.88,83.0,20.82,439.0,20.86,293.0,2.0,221.0,23.91,362.0,440.95,147.0
2012,Female,W40,6,2745.0,15.24,424.0,3.54,208.0,9.93,525.0,1.32,429.0,88.46,11.0,21.22,409.0,21.45,304.0,1.6,110.0,20.17,292.0,492.01,33.0
2012,Female,W40,7,868.0,18.7,80.0,2.62,49.0,5.72,254.0,1.04,172.0,,,27.38,75.0,12.81,151.0,,,8.9,86.0,525.71,1.0
2012,Female,W40,8,502.0,20.06,15.0,2.42,25.0,4.9,202.0,0.96,111.0,102.72,0.0,30.2,8.0,9.85,102.0,,,6.19,39.0,,
2012,Female,W50,1,1362.0,17.96,133.0,2.66,55.0,5.58,245.0,1.08,205.0,92.76,0.0,24.55,198.0,14.84,186.0,1.6,110.0,15.04,197.0,492.43,33.0
2012,Male,M,1,4853.0,11.36,782.0,5.99,584.0,9.33,445.0,1.68,528.0,54.71,611.0,17.28,595.0,27.6,417.0,2.6,264.0,38.82,425.0,376.26,202.0
2012,Male,M,2,4496.0,12.2,612.0,5.01,384.0,8.73,410.0,1.76,593.0,55.54,577.0,17.12,612.0,23.11,331.0,2.8,309.0,30.09,300.0,336.5,368.0
2012,Male,M,3,4224.0,12.6,538.0,5.08,398.0,8.8,414.0,1.64,496.0,57.02,520.0,17.43,580.0,20.59,283.0,2.2,179.0,26.53,251.0,299.11,565.0
2012,Male,M,4,4079.0,12.5,556.0,5.49,479.0,9.38,448.0,1.6,464.0,59.08,445.0,19.75,369.0,21.1,293.0,2.6,264.0,29.27,289.0,315.9,472.0
2012,Male,M,5,3942.0,12.67,525.0,4.74,333.0,9.86,477.0,1.56,434.0,60.54,395.0,20.32,324.0,24.98,367.0,2.6,264.0,37.26,403.0,325.89,420.0
2012,Male,M,6,3889.0,12.6,538.0,5.24,429.0,8.73,410.0,1.64,496.0,60.16,408.0,18.91,440.0,18.9,252.0,2.6,264.0,29.9,298.0,339.34,354.0
2012,Male,M,7,3826.0,13.21,433.0,4.34,262.0,8.93,422.0,1.56,434.0,59.5,430.0,21.2,261.0,23.14,331.0,2.6,264.0,33.35,347.0,286.19,642.0
2012,Male,M,8,3740.0,12.78,506.0,4.85,354.0,8.39,389.0,1.56,434.0,59.82,419.0,19.9,357.0,24.38,355.0,2.4,220.0,30.38,305.0,329.7,401.0
2012,Male,M,9,3645.0,12.84,495.0,4.49,288.0,7.57,341.0,1.52,404.0,58.02,483.0,19.14,420.0,19.26,258.0,2.4,220.0,30.31,304.0,323.58,432.0
2012,Male,M,10,3631.0,12.87,490.0,4.95,373.0,7.72,350.0,1.6,464.0,60.2,406.0,20.9,282.0,19.69,266.0,2.2,179.0,33.24,345.0,315.14,476.0
2012,Male,M,11,3622.0,13.08,454.0,4.95,373.0,8.0,366.0,1.48,374.0,60.04,412.0,19.31,406.0,18.93,252.0,2.6,264.0,30.33,304.0,326.49,417.0
2012,Male,M,12,3585.0,12.36,582.0,4.67,321.0,7.7,349.0,1.56,434.0,60.65,391.0,17.31,592.0,24.0,348.0,2.0,140.0,21.9,187.0,365.72,241.0
2012,Male,M,13,3572.0,12.57,543.0,5.05,392.0,7.49,336.0,1.64,496.0,58.98,449.0,20.29,327.0,18.27,240.0,,,24.1,217.0,297.91,572.0
2012,Male,M,14,3518.0,13.32,415.0,4.82,348.0,10.38,508.0,1.68,528.0,66.72,213.0,18.98,434.0,28.2,429.0,2.2,179.0,35.29,374.0,412.98,90.0
2012,Male,M,15,3375.0,13.22,431.0,4.52,294.0,7.38,330.0,1.36,290.0,59.73,422.0,19.88,359.0,18.48,244.0,2.4,220.0,27.73,267.0,307.4,518.0
2012,Male,M,16,3375.0,13.34,412.0,5.2,421.0,9.66,465.0,1.52,404.0,63.32,307.0,21.47,242.0,19.96,271.0,,,42.07,472.0,333.74,381.0
2012,Male,M,17,3275.0,12.83,497.0,4.69,324.0,6.45,275.0,1.48,374.0,57.48,503.0,21.8,221.0,17.43,224.0,1.6,70.0,24.2,218.0,298.38,569.0
2012,Male,M,18,3257.0,13.07,456.0,4.7,326.0,8.54,398.0,1.6,464.0,63.72,295.0,19.72,372.0,18.47,244.0,2.0,140.0,26.28,247.0,348.11,315.0
2012,Male,M,19,3175.0,13.36,409.0,4.77,339.0,7.15,316.0,1.56,434.0,65.64,242.0,18.53,474.0,18.34,241.0,2.4,220.0,27.0,257.0,365.26,243.0
2012,Male,M,20,3153.0,13.55,379.0,4.85,354.0,9.72,469.0,1.48,374.0,64.62,270.0,21.08,269.0,25.93,385.0,2.0,140.0,31.5,320.0,378.54,193.0
2012,Male,M,21,3135.0,13.38,405.0,4.42,276.0,9.46,453.0,1.4,317.0,67.34,198.0,20.5,311.0,26.84,403.0,2.6,264.0,35.95,384.0,400.32,124.0
2012,Male,M,22,3081.0,13.02,464.0,4.45,281.0,6.29,266.0,1.48,374.0,61.16,375.0,19.98,351.0,14.86,177.0,2.4,220.0,29.8,296.0,356.98,277.0
2012,Male,M,23,3029.0,13.6,371.0,4.56,301.0,8.52,397.0,1.48,374.0,64.89,262.0,21.8,221.0,27.0,406.0,2.2,179.0,26.93,256.0,360.42,262.0
2012,Male,M,24,3025.0,13.58,374.0,5.15,411.0,7.41,331.0,1.6,464.0,64.42,275.0,20.7,296.0,17.39,224.0,2.4,220.0,23.55,210.0,371.33,220.0
2012,Male,M,25,3005.0,13.75,348.0,4.47,285.0,7.76,352.0,1.44,345.0,63.82,292.0,21.14,265.0,14.53,172.0,2.8,309.0,27.13,259.0,334.42,378.0
2012,Male,M,26,2970.0,14.01,311.0,4.52,294.0,8.7,408.0,1.44,345.0,67.46,195.0,21.15,264.0,22.11,312.0,2.4,220.0,30.16,301.0,346.85,320.0
2012,Male,M,27,2952.0,12.94,478.0,5.27,435.0,7.54,339.0,1.6,464.0,65.74,239.0,20.69,297.0,17.45,225.0,1.2,15.0,28.89,284.0,383.56,176.0
2012,Male,M,28,2863.0,13.9,327.0,4.54,297.0,7.48,336.0,1.56,434.0,65.38,249.0,21.64,231.0,17.16,219.0,2.4,220.0,20.94,174.0,334.7,376.0
2012,Male,M,29,2761.0,13.28,421.0,5.0,382.0,6.24,263.0,1.56,434.0,62.29,339.0,20.94,279.0,12.54,136.0,1.6,70.0,16.09,109.0,345.16,328.0
2012,Male,M,30,2732.0,13.61,370.0,5.1,402.0,8.18,377.0,1.52,404.0,69.32,152.0,20.82,287.0,18.58,246.0,2.2,179.0,31.13,315.0,,
2012,Male,M,31,2695.0,14.03,308.0,4.47,285.0,6.85,298.0,1.4,317.0,65.27,252.0,22.55,176.0,17.68,229.0,2.0,140.0,24.42,222.0,316.51,468.0
2012,Male,M,32,2674.0,14.01,311.0,4.15,230.0,7.06,311.0,1.44,345.0,64.1,284.0,21.63,232.0,16.17,201.0,2.0,140.0,23.88,214.0,328.68,406.0
2012,Male,M,33,2661.0,13.58,374.0,4.2,239.0,6.73,291.0,1.36,290.0,62.28,339.0,22.56,175.0,14.0,162.0,2.4,220.0,23.64,211.0,338.14,360.0
2012,Male,M,34,2651.0,13.36,409.0,4.12,225.0,6.94,304.0,1.44,345.0,68.24,176.0,21.38,248.0,19.54,263.0,1.8,103.0,25.65,238.0,342.45,340.0
2012,Male,M,35,2633.0,13.65,363.0,4.18,235.0,8.15,375.0,1.4,317.0,67.16,202.0,24.72,73.0,22.26,315.0,2.2,179.0,27.87,269.0,350.26,305.0
2012,Male,M,36,2609.0,13.85,334.0,4.31,257.0,7.28,324.0,1.48,374.0,64.44,275.0,23.96,104.0,18.21,239.0,1.8,103.0,23.84,214.0,332.9,385.0
2012,Male,M,37,2606.0,13.43,397.0,5.04,390.0,6.69,289.0,1.36,290.0,65.3,251.0,22.3,190.0,16.08,200.0,1.8,103.0,27.14,259.0,366.72,237.0
2012,Male,M,38,2593.0,14.2,284.0,4.38,269.0,6.31,267.0,1.4,317.0,69.32,152.0,21.34,251.0,19.87,270.0,2.6,264.0,27.4,263.0,361.94,256.0
2012,Male,M,39,2560.0,13.11,449.0,4.62,312.0,7.32,326.0,1.44,345.0,62.43,334.0,21.71,227.0,16.21,202.0,1.6,70.0,,,352.52,295.0
2012,Male,M,40,2526.0,13.62,368.0,4.41,274.0,5.86,241.0,1.44,345.0,65.48,246.0,22.44,182.0,21.7,304.0,2.2,179.0,28.23,274.0,404.02,113.0
2012,Male,M,41,2520.0,14.83,205.0,4.09,220.0,6.83,297.0,1.52,404.0,65.17,254.0,24.29,90.0,13.5,153.0,2.2,179.0,19.41,153.0,299.01,565.0
2012,Male,M,42,2517.0,13.82,338.0,4.4,273.0,8.44,392.0,1.44,345.0,71.14,115.0,21.43,245.0,20.7,285.0,1.6,70.0,22.84,200.0,362.6,254.0
2012,Male,M,43,2509.0,13.58,374.0,4.56,301.0,7.72,350.0,1.56,434.0,67.94,183.0,21.99,209.0,17.34,223.0,1.2,15.0,24.75,226.0,378.46,194.0
2012,Male,M,44,2495.0,14.66,225.0,4.6,308.0,7.12,314.0,1.44,345.0,68.28,175.0,23.22,140.0,18.31,241.0,2.0,140.0,35.04,371.0,367.16,236.0
2012,Male,M,45,2485.0,13.68,359.0,4.46,283.0,6.7,290.0,1.48,374.0,68.9,161.0,25.75,40.0,16.13,200.0,1.8,103.0,31.7,323.0,339.83,352.0
2012,Male,M,46,2459.0,13.89,328.0,4.54,297.0,6.57,282.0,1.44,345.0,65.2,253.0,23.46,128.0,17.69,229.0,1.8,103.0,27.29,261.0,367.84,233.0
2012,Male,M,47,2459.0,13.64,365.0,4.53,295.0,7.92,362.0,1.32,263.0,66.16,228.0,24.8,70.0,18.64,247.0,2.4,220.0,23.14,204.0,375.44,205.0
2012,Male,M,48,2444.0,14.03,308.0,4.63,313.0,8.69,407.0,1.4,317.0,70.11,135.0,21.73,225.0,17.83,232.0,1.8,103.0,22.86,200.0,375.7,204.0
2012,Male,M,49,2428.0,13.87,331.0,4.15,230.0,8.47,394.0,1.56,434.0,69.17,155.0,22.24,194.0,19.22,257.0,1.8,103.0,22.99,202.0,398.88,128.0
2012,Male,M,50,2419.0,13.82,338.0,4.07,217.0,7.65,346.0,1.44,345.0,66.62,216.0,21.29,254.0,15.26,185.0,1.4,40.0,21.48,181.0,352.06,297.0
2012,Male,M,51,2413.0,13.89,328.0,4.69,324.0,7.26,323.0,1.36,290.0,68.13,179.0,21.29,254.0,18.03,235.0,1.4,40.0,28.6,280.0,388.38,160.0
2012,Male,M,52,2385.0,14.74,215.0,4.45,281.0,6.19,260.0,1.52,404.0,66.45,220.0,22.41,184.0,17.23,221.0,1.2,15.0,21.53,182.0,329.24,403.0
2012,Male,M,53,2383.0,14.0,312.0,4.12,225.0,7.8,354.0,1.36,290.0,68.38,173.0,22.23,194.0,23.02,329.0,1.8,103.0,23.1,203.0,376.61,200.0
2012,Male,M,54,2349.0,14.12,295.0,4.39,271.0,7.67,347.0,1.4,317.0,69.47,149.0,22.16,199.0,15.71,193.0,2.0,140.0,26.46,250.0,379.98,188.0
2012,Male,M,55,2341.0,14.02,309.0,4.5,290.0,6.06,252.0,1.4,317.0,67.12,203.0,21.0,274.0,16.15,201.0,1.6,70.0,23.5,209.0,372.42,216.0
2012,Male,M,56,2326.0,13.62,368.0,4.38,269.0,8.48,395.0,1.36,290.0,66.12,229.0,25.62,43.0,18.95,252.0,2.2,179.0,21.71,184.0,402.76,117.0
2012,Male,M,57,2325.0,14.84,204.0,3.98,203.0,6.72,291.0,1.48,374.0,69.73,143.0,22.6,173.0,15.25,185.0,2.0,140.0,29.21,288.0,345.94,324.0
2012,Male,M,58,2309.0,14.27,275.0,4.56,301.0,7.52,338.0,1.4,317.0,69.92,139.0,22.8,162.0,19.28,259.0,1.8,103.0,23.47,208.0,374.86,207.0
2012,Male,M,59,2305.0,13.86,332.0,4.14,229.0,6.82,297.0,1.48,374.0,64.35,277.0,22.82,161.0,15.52,189.0,1.2,15.0,,,323.76,431.0
2012,Male,M,60,2295.0,14.0,312.0,4.27,250.0,6.55,281.0,1.4,317.0,66.9,209.0,23.06,148.0,13.87,160.0,2.2,179.0,24.54,223.0,372.28,216.0
2012,Male,M,61,2270.0,14.0,312.0,4.75,335.0,8.91,420.0,1.44,345.0,69.83,141.0,23.57,122.0,17.95,234.0,1.8,103.0,20.38,166.0,411.9,92.0
2012,Male,M,62,2250.0,13.83,337.0,4.72,330.0,6.48,277.0,1.28,237.0,64.96,260.0,23.44,129.0,13.57,154.0,1.6,70.0,20.19,164.0,353.36,292.0
2012,Male,M,63,2240.0,13.59,373.0,4.24,245.0,6.2,260.0,1.32,263.0,70.16,134.0,22.78,163.0,18.29,240.0,1.8,103.0,22.33,193.0,359.62,266.0
2012,Male,M,64,2224.0,14.7,220.0,4.28,252.0,7.05,310.0,1.36,290.0,66.6,216.0,23.76,113.0,15.58,190.0,1.6,70.0,26.26,247.0,347.78,316.0
2012,Male,M,65,2158.0,14.06,304.0,4.45,281.0,6.91,302.0,1.36,290.0,68.22,177.0,24.64,76.0,17.21,220.0,2.0,140.0,19.6,156.0,373.28,212.0
2012,Male,M,66,2127.0,14.52,243.0,4.28,252.0,7.42,332.0,1.4,317.0,69.9,140.0,25.53,46.0,18.25,239.0,2.0,140.0,29.68,295.0,400.5,123.0
2012,Male,M,67,2085.0,14.8,208.0,3.87,185.0,6.63,286.0,1.28,237.0,67.87,185.0,21.96,211.0,14.35,168.0,1.4,40.0,21.8,186.0,334.08,379.0
2012,Male,M,68,2079.0,13.72,353.0,4.46,283.0,6.83,297.0,1.24,212.0,64.48,273.0,23.19,141.0,13.94,161.0,1.2,15.0,17.89,133.0,373.64,211.0
2012,Male,M,69,2069.0,,,5.4,461.0,9.81,474.0,1.6,464.0,,,20.07,344.0,,,,,,,345.54,326.0
2012,Male,M,70,2062.0,15.37,146.0,4.29,254.0,8.09,372.0,1.28,237.0,70.24,133.0,27.61,4.0,17.66,229.0,1.8,103.0,27.51,264.0,346.94,320.0
2012,Male,M,71,2041.0,14.66,225.0,3.83,179.0,7.23,321.0,1.4,317.0,68.3,175.0,,,18.02,235.0,1.6,70.0,25.57,237.0,355.7,282.0
2012,Male,M,72,2038.0,14.23,280.0,4.39,271.0,6.21,261.0,1.36,290.0,71.36,111.0,22.13,200.0,19.37,260.0,1.6,70.0,19.97,161.0,396.8,134.0
2012,Male,M,73,2015.0,14.91,195.0,3.55,137.0,7.05,310.0,1.28,237.0,71.4,110.0,24.04,101.0,20.66,284.0,1.6,70.0,27.37,262.0,349.48,309.0
2012,Male,M,74,2005.0,14.3,271.0,4.29,254.0,6.93,303.0,1.2,188.0,68.78,164.0,23.6,121.0,16.78,212.0,1.2,15.0,24.95,229.0,364.13,248.0
2012,Male,M,75,1913.0,14.46,250.0,4.4,273.0,7.62,344.0,1.24,212.0,69.61,146.0,24.28,91.0,17.56,227.0,1.6,70.0,21.24,178.0,400.98,122.0
2012,Male,M,76,1890.0,13.8,341.0,4.1,222.0,6.41,273.0,1.44,345.0,81.28,0.0,22.66,170.0,16.68,211.0,2.2,179.0,19.08,149.0,485.3,0.0
2012,Male,M,77,1850.0,14.22,282.0,4.41,274.0,6.18,259.0,1.36,290.0,74.07,65.0,22.61,172.0,18.5,244.0,1.4,40.0,24.58,224.0,,
2012,Male,M,78,1811.0,14.7,220.0,4.32,259.0,6.09,254.0,1.36,290.0,73.12,80.0,25.22,56.0,14.2,166.0,1.8,103.0,23.02,202.0,381.98,181.0
2012,Male,M,79,1761.0,13.96,318.0,3.74,165.0,6.65,287.0,1.44,345.0,70.12,135.0,23.77,113.0,15.56,190.0,1.4,40.0,14.45,88.0,416.82,80.0
2012,Male,M,80,1746.0,14.93,193.0,4.01,207.0,8.42,391.0,1.24,212.0,,,34.76,0.0,24.99,367.0,1.8,103.0,28.1,273.0,,
2012,Male,M,81,1686.0,14.62,230.0,4.12,225.0,7.93,362.0,1.32,263.0,72.62,88.0,24.82,70.0,12.5,135.0,2.2,179.0,17.92,134.0,,
2012,Male,M,82,1645.0,14.2,284.0,3.91,191.0,7.18,318.0,1.16,165.0,70.16,134.0,,,18.3,240.0,1.2,15.0,23.36,207.0,412.46,91.0
2012,Male,M,83,1595.0,16.01,88.0,3.42,119.0,6.66,287.0,1.36,290.0,74.18,63.0,25.5,47.0,20.05,273.0,1.8,103.0,24.68,225.0,408.88,100.0
2012,Male,M,84,1593.0,15.26,157.0,3.71,161.0,6.78,294.0,1.24,212.0,73.94,67.0,26.7,17.0,16.75,212.0,1.8,103.0,23.75,212.0,388.88,158.0
2012,Male,M,85,1576.0,12.7,520.0,,,,,,,63.32,307.0,,,18.98,253.0,2.4,220.0,28.35,276.0,,
2012,Male,M,86,1564.0,15.59,124.0,4.25,247.0,7.18,318.0,1.32,263.0,76.3,35.0,27.72,3.0,12.67,138.0,2.0,140.0,18.09,136.0,388.54,160.0
2012,Male,M,87,1519.0,13.78,344.0,3.87,185.0,7.72,350.0,0.8,8.0,71.6,106.0,22.68,168.0,14.56,172.0,,,21.83,186.0,,
2012,Male,M,88,1496.0,15.37,146.0,3.27,99.0,7.34,327.0,1.24,212.0,75.93,40.0,23.22,140.0,18.71,248.0,1.2,15.0,23.11,204.0,423.4,65.0
2012,Male,M,89,1489.0,15.34,149.0,3.49,129.0,7.42,332.0,1.24,212.0,76.88,29.0,28.98,0.0,18.44,243.0,1.8,103.0,23.29,206.0,414.41,86.0
2012,Male,M,90,1488.0,14.7,220.0,4.1,222.0,5.48,219.0,1.28,237.0,72.65,87.0,22.87,158.0,12.32,132.0,1.8,103.0,,,405.07,110.0
2012,Male,M,91,1457.0,15.02,183.0,3.95,198.0,6.94,304.0,1.36,290.0,74.74,55.0,28.8,0.0,17.21,220.0,,,16.16,110.0,410.08,97.0
2012,Male,M,92,1443.0,15.43,140.0,4.07,217.0,6.34,269.0,1.32,263.0,76.77,30.0,,,18.39,242.0,1.8,103.0,20.68,171.0,460.86,8.0
2012,Male,M,93,1441.0,13.52,383.0,4.46,283.0,8.58,401.0,1.48,374.0,86.7,0.0,,,,,,,,,,
2012,Male,M,94,1440.0,14.96,190.0,3.9,190.0,6.3,266.0,1.36,290.0,76.51,33.0,25.46,48.0,12.97,144.0,1.6,70.0,18.42,140.0,421.82,69.0
2012,Male,M,95,1421.0,15.33,150.0,3.71,161.0,6.74,292.0,1.24,212.0,76.86,29.0,24.12,97.0,15.87,196.0,1.8,103.0,16.95,121.0,425.83,60.0
2012,Male,M,96,1385.0,15.19,165.0,3.33,107.0,5.44,216.0,1.36,290.0,73.51,73.0,24.31,89.0,13.1,146.0,1.8,103.0,,,377.96,196.0
2012,Male,M,97,1375.0,,,4.26,249.0,9.32,445.0,1.4,317.0,,,21.51,240.0,,,,,,,400.18,124.0
2012,Male,M,98,1365.0,15.35,148.0,3.46,125.0,6.82,297.0,1.32,263.0,73.5,73.0,30.56,0.0,14.76,176.0,1.2,15.0,16.61,116.0,391.04,152.0
2012,Male,M,99,1329.0,15.34,149.0,3.71,161.0,6.34,269.0,1.12,142.0,72.64,88.0,28.41,0.0,12.76,140.0,2.0,140.0,15.94,108.0,397.34,132.0
2012,Male,M,100,1317.0,15.32,151.0,3.76,168.0,6.26,264.0,1.28,237.0,76.59,32.0,24.67,75.0,13.56,154.0,1.6,70.0,18.68,144.0,448.0,22.0
2012,Male,M,101,1263.0,14.78,211.0,3.63,149.0,6.54,280.0,1.24,212.0,73.56,73.0,29.65,0.0,14.02,162.0,1.6,70.0,15.85,106.0,,
2012,Male,M,102,1228.0,15.31,152.0,3.43,121.0,6.95,304.0,1.28,237.0,,,,,16.92,215.0,,,22.81,199.0,,
2012,Male,M,103,1201.0,13.86,332.0,,,,,,,63.45,303.0,,,16.92,215.0,1.8,103.0,26.33,248.0,,
2012,Male,M,104,1179.0,14.99,186.0,3.29,102.0,5.5,220.0,1.24,212.0,76.96,28.0,26.22,27.0,12.09,128.0,2.0,140.0,18.13,136.0,,
2012,Male,M,105,1154.0,20.85,0.0,3.68,156.0,6.83,297.0,1.28,237.0,89.48,0.0,,,18.0,235.0,,,24.97,229.0,,
2012,Male,M,106,1130.0,14.77,212.0,4.22,242.0,7.88,359.0,1.4,317.0,,,,,,,,,,,,
2012,Male,M,107,1119.0,13.69,357.0,,,,,,,67.52,194.0,,,19.34,260.0,1.4,40.0,27.75,268.0,,
2012,Male,M,108,1092.0,17.98,0.0,3.07,74.0,5.88,242.0,1.24,212.0,83.32,0.0,28.58,0.0,13.62,155.0,1.6,70.0,18.65,143.0,377.74,196.0
2012,Male,M,109,1082.0,14.65,226.0,,,6.07,253.0,1.12,142.0,76.61,32.0,24.45,84.0,10.4,99.0,1.8,103.0,18.63,143.0,,
2012,Male,M,110,1026.0,16.62,45.0,3.43,121.0,7.06,311.0,1.2,188.0,87.16,0.0,,,15.86,196.0,1.2,15.0,19.19,150.0,474.27,0.0
2012,Male,M,111,990.0,15.68,116.0,3.38,114.0,6.09,254.0,1.2,188.0,76.84,29.0,,,12.56,136.0,,,17.06,122.0,442.16,31.0
2012,Male,M,112,904.0,14.88,199.0,,,,,,,76.28,36.0,,,16.76,212.0,2.4,220.0,25.56,237.0,,
2012,Male,M,113,794.0,17.96,0.0,3.2,90.0,5.58,224.0,1.16,165.0,113.79,0.0,,,13.43,152.0,,,20.16,163.0,621.29,0.0
2012,Male,M,114,646.0,14.84,204.0,,,,,,,,,,,13.47,153.0,1.6,70.0,24.23,219.0,,
2012,Male,M,115,634.0,17.11,20.0,2.82,46.0,5.29,208.0,1.12,142.0,91.07,0.0,,,12.65,138.0,,,13.8,80.0,475.26,0.0
2012,Male,M,116,617.0,15.26,157.0,,,,,,,79.12,10.0,,,18.86,251.0,1.8,103.0,15.08,96.0,,
2012,Male,M,117,572.0,15.41,142.0,,,,,,,74.11,64.0,,,11.78,123.0,2.0,140.0,15.6,103.0,,
2012,Male,M,118,464.0,,,,,,,,,,,,,29.96,464.0,,,,,,
2012,Male,M,119,320.0,15.22,161.0,,,,,,,,,,,,,1.4,40.0,16.79,119.0,,
2012,Male,M40,1,5130.0,12.36,582.0,5.99,584.0,10.85,537.0,1.68,528.0,58.24,475.0,16.06,726.0,26.8,402.0,3.2,406.0,44.0,500.0,332.0,390.0
2012,Male,M40,2,4219.0,12.98,471.0,5.21,423.0,9.67,466.0,1.44,345.0,59.14,443.0,18.14,511.0,26.94,405.0,2.6,264.0,34.48,363.0,305.6,528.0
2012,Male,M40,3,4057.0,13.29,420.0,5.2,421.0,10.16,495.0,1.56,434.0,63.09,314.0,18.51,476.0,25.99,386.0,3.0,357.0,38.56,421.0,343.97,333.0
2012,Male,M40,4,3888.0,13.3,418.0,5.16,413.0,8.1,372.0,1.48,374.0,58.46,467.0,18.36,490.0,22.7,323.0,1.8,103.0,28.63,280.0,285.12,648.0
2012,Male,M40,5,3838.0,13.2,434.0,4.9,363.0,8.75,411.0,1.44,345.0,61.05,378.0,18.18,507.0,26.37,394.0,2.6,264.0,31.92,326.0,326.58,416.0
2012,Male,M40,6,3656.0,13.2,434.0,4.9,363.0,8.81,414.0,1.48,374.0,65.03,258.0,17.92,532.0,23.06,330.0,3.0,357.0,31.19,316.0,356.67,278.0
2012,Male,M40,7,3618.0,12.83,497.0,4.78,341.0,8.58,401.0,1.6,464.0,63.07,315.0,19.86,360.0,18.84,250.0,2.6,264.0,28.11,273.0,319.4,453.0
2012,Male,M40,8,3393.0,12.72,516.0,5.11,404.0,7.49,336.0,1.48,374.0,65.58,243.0,17.7,553.0,18.86,251.0,2.2,179.0,28.23,274.0,360.3,263.0
2012,Male,M40,9,3328.0,13.89,328.0,4.82,348.0,8.22,379.0,1.52,404.0,64.56,271.0,20.16,337.0,22.79,325.0,2.6,264.0,28.68,281.0,331.6,391.0
2012,Male,M40,10,3323.0,13.5,387.0,5.0,382.0,7.71,349.0,1.64,496.0,63.52,301.0,20.59,304.0,19.09,255.0,2.6,264.0,29.01,285.0,351.48,300.0
2012,Male,M40,11,3319.0,13.98,315.0,4.91,365.0,9.56,459.0,1.52,404.0,62.82,322.0,20.62,302.0,18.09,236.0,1.8,103.0,30.62,308.0,309.7,505.0
2012,Male,M40,12,3222.0,13.62,368.0,4.91,365.0,9.73,469.0,1.48,374.0,65.84,236.0,18.51,476.0,24.4,356.0,1.4,40.0,34.31,360.0,383.0,178.0
2012,Male,M40,13,3133.0,13.68,359.0,4.54,297.0,10.71,528.0,1.56,434.0,67.78,187.0,19.8,365.0,28.05,426.0,2.4,220.0,31.27,317.0,,
2012,Male,M40,14,3041.0,12.83,497.0,4.82,348.0,9.68,466.0,1.4,317.0,,,18.5,477.0,24.69,361.0,2.6,264.0,30.86,311.0,,
2012,Male,M40,15,3012.0,14.44,253.0,4.29,254.0,8.69,407.0,1.44,345.0,65.2,253.0,20.71,295.0,22.91,327.0,2.6,264.0,30.18,302.0,348.72,312.0
2012,Male,M40,16,3011.0,13.44,396.0,4.78,341.0,9.72,469.0,1.44,345.0,65.78,238.0,21.36,250.0,24.47,357.0,2.0,140.0,32.43,334.0,394.3,141.0
2012,Male,M40,17,2939.0,14.09,300.0,4.38,269.0,7.1,313.0,1.48,374.0,65.0,259.0,20.84,286.0,21.9,308.0,2.2,179.0,27.67,267.0,333.04,384.0
2012,Male,M40,18,2923.0,15.0,185.0,4.31,257.0,7.67,347.0,1.64,496.0,67.98,183.0,22.12,201.0,20.04,273.0,2.6,264.0,30.8,310.0,328.54,407.0
2012,Male,M40,19,2898.0,13.78,344.0,4.61,310.0,9.46,453.0,1.36,290.0,63.82,292.0,20.4,318.0,21.15,294.0,1.8,103.0,21.0,175.0,347.1,319.0
2012,Male,M40,20,2852.0,14.24,279.0,4.53,295.0,8.55,399.0,1.44,345.0,66.92,208.0,21.61,233.0,25.28,372.0,2.0,140.0,29.23,288.0,353.12,293.0
2012,Male,M40,21,2736.0,14.18,287.0,4.51,292.0,7.64,345.0,1.24,212.0,64.7,267.0,21.56,236.0,20.14,275.0,2.0,140.0,29.28,289.0,331.26,393.0
2012,Male,M40,22,2706.0,14.16,290.0,4.07,217.0,8.44,392.0,1.32,263.0,65.64,242.0,20.97,277.0,19.84,269.0,2.0,140.0,25.62,238.0,334.38,378.0
2012,Male,M40,23,2646.0,13.93,322.0,4.51,292.0,7.33,327.0,1.48,374.0,64.92,261.0,19.36,401.0,14.28,167.0,2.0,140.0,22.37,193.0,385.7,169.0
2012,Male,M40,24,2644.0,14.72,218.0,4.0,206.0,7.81,355.0,1.52,404.0,68.58,169.0,20.08,343.0,19.49,263.0,2.4,220.0,30.18,302.0,387.26,164.0
2012,Male,M40,25,2601.0,14.0,312.0,5.17,415.0,7.66,346.0,1.32,263.0,65.01,259.0,20.36,321.0,13.62,155.0,1.8,103.0,20.55,169.0,361.6,258.0
2012,Male,M40,26,2358.0,14.54,240.0,3.3,103.0,8.15,375.0,1.36,290.0,75.72,42.0,21.04,272.0,19.66,266.0,2.6,264.0,23.28,206.0,351.46,300.0
2012,Male,M40,27,2301.0,14.06,304.0,4.3,255.0,8.65,405.0,1.48,374.0,68.89,162.0,22.31,190.0,19.68,266.0,1.4,40.0,26.33,248.0,427.2,57.0
2012,Male,M40,28,2173.0,14.11,297.0,4.16,232.0,9.23,440.0,1.32,263.0,69.87,140.0,21.47,242.0,22.42,318.0,1.2,15.0,24.78,226.0,,
2012,Male,M40,29,2143.0,14.49,246.0,4.31,257.0,6.31,267.0,1.36,290.0,67.78,187.0,23.35,133.0,16.17,201.0,2.0,140.0,17.98,134.0,354.36,288.0
2012,Male,M40,30,2122.0,13.68,359.0,4.01,207.0,7.88,359.0,1.24,212.0,75.18,49.0,19.6,381.0,18.94,252.0,1.8,103.0,22.38,194.0,464.26,6.0
2012,Male,M40,31,2106.0,14.43,254.0,4.24,245.0,6.75,293.0,1.36,290.0,69.43,150.0,22.2,196.0,17.7,229.0,1.2,15.0,23.4,208.0,369.72,226.0
2012,Male,M40,32,2081.0,14.59,234.0,3.52,133.0,7.41,331.0,1.36,290.0,79.11,10.0,20.72,295.0,19.81,268.0,2.6,264.0,25.28,233.0,447.52,23.0
2012,Male,M40,33,2033.0,13.88,329.0,4.26,249.0,7.46,334.0,1.36,290.0,72.01,99.0,23.08,147.0,15.5,189.0,1.6,70.0,27.7,267.0,426.58,59.0
2012,Male,M40,34,2029.0,14.96,190.0,4.27,250.0,6.28,265.0,1.28,237.0,71.0,117.0,20.79,289.0,18.51,244.0,1.8,103.0,20.77,172.0,387.76,162.0
2012,Male,M40,35,2008.0,15.08,176.0,3.65,152.0,6.53,280.0,1.32,263.0,71.76,103.0,22.81,161.0,17.47,225.0,2.2,179.0,23.09,203.0,359.62,266.0
2012,Male,M40,36,2001.0,14.51,244.0,4.31,257.0,6.49,277.0,1.32,263.0,73.02,81.0,21.6,234.0,22.15,313.0,1.8,103.0,24.97,229.0,,
2012,Male,M40,37,1865.0,15.11,173.0,3.69,158.0,8.04,369.0,1.44,345.0,75.27,48.0,22.67,169.0,16.8,213.0,1.8,103.0,23.09,203.0,415.31,84.0
2012,Male,M40,38,1616.0,15.54,129.0,3.8,174.0,7.49,336.0,1.24,212.0,80.08,5.0,22.97,153.0,15.75,194.0,1.6,70.0,31.15,315.0,444.02,28.0
2012,Male,M40,39,1542.0,14.49,246.0,3.56,139.0,6.58,283.0,1.24,212.0,74.46,59.0,25.38,51.0,13.49,153.0,1.8,103.0,16.92,120.0,383.55,176.0
2012,Male,M40,40,1460.0,15.28,155.0,3.83,179.0,5.66,229.0,1.4,317.0,86.05,0.0,22.94,154.0,14.64,174.0,2.0,140.0,16.23,111.0,473.3,1.0
2012,Male,M40,41,1379.0,14.42,255.0,4.02,209.0,8.04,369.0,1.32,263.0,81.2,1.0,,,15.13,182.0,,,15.35,100.0,,
2012,Male,M40,42,1232.0,15.15,169.0,3.07,74.0,5.6,226.0,1.24,212.0,69.37,151.0,29.34,0.0,11.67,121.0,,,,,356.41,279.0
2012,Male,M40,43,1092.0,15.55,128.0,3.21,91.0,7.78,353.0,1.08,121.0,,,,,17.95,234.0,1.6,70.0,14.96,95.0,,
2012,Male,M40,44,1056.0,15.08,176.0,,,7.01,308.0,,,,,,,17.76,230.0,2.0,140.0,22.98,202.0,,
2012,Male,M40,45,860.0,15.54,129.0,3.91,191.0,7.75,352.0,1.2,188.0,81.22,0.0,,,,,,,,,,
2012,Male,M40,46,445.0,,,,,,,,,,,,,18.74,249.0,1.2,15.0,21.43,181.0,,
2012,Male,M40,47,175.0,21.21,0.0,,,,,,,,,,,14.74,175.0,,,,,,
2012,Male,M50,1,3248.0,13.49,388.0,4.11,224.0,9.4,450.0,1.48,374.0,65.22,253.0,18.43,484.0,26.12,389.0,3.0,357.0,32.09,329.0,,
2012,Male,M50,2,2287.0,14.68,223.0,4.29,254.0,7.92,362.0,1.4,317.0,70.66,124.0,22.78,163.0,20.61,284.0,1.8,103.0,22.32,193.0,360.08,264.0
2012,Male,M50,3,2202.0,15.0,185.0,3.87,185.0,8.69,407.0,1.32,263.0,74.73,55.0,21.78,222.0,23.01,329.0,2.2,179.0,28.86,283.0,411.16,94.0
2012,Male,M50,4,2039.0,14.1,298.0,4.34,262.0,8.03,368.0,1.32,263.0,69.81,142.0,21.44,244.0,20.75,286.0,1.4,40.0,18.13,136.0,,
2012,Male,M50,5,2004.0,15.5,133.0,4.04,212.0,7.45,334.0,1.32,263.0,73.74,70.0,23.1,146.0,20.69,285.0,1.6,70.0,27.85,269.0,370.77,222.0
2012,Male,M50,6,1832.0,15.13,171.0,3.4,116.0,7.54,339.0,1.2,188.0,73.54,73.0,22.91,156.0,20.8,287.0,2.4,220.0,25.32,234.0,431.8,48.0
2012,Male,M50,7,1624.0,19.05,0.0,4.01,207.0,7.05,310.0,1.44,345.0,83.4,0.0,24.88,67.0,17.18,220.0,1.8,103.0,27.3,261.0,404.78,111.0
2012,Male,M50,8,1563.0,15.02,183.0,3.82,177.0,6.87,300.0,1.2,188.0,71.83,102.0,25.95,34.0,18.51,244.0,1.8,103.0,16.18,111.0,401.22,121.0
2012,Male,M50,9,1534.0,15.12,172.0,3.35,110.0,7.31,326.0,,,71.37,110.0,22.53,177.0,20.36,279.0,1.6,70.0,18.22,138.0,391.06,152.0
2012,Male,M50,10,1511.0,16.44,56.0,3.59,143.0,8.4,390.0,1.28,237.0,,,27.31,8.0,21.71,304.0,1.8,103.0,27.94,270.0,,
2012,Male,M50,11,1310.0,17.24,15.0,3.63,149.0,6.6,284.0,1.24,212.0,83.1,0.0,25.76,39.0,17.35,223.0,1.8,103.0,23.06,203.0,416.13,82.0
2012,Male,M50,12,1103.0,14.02,309.0,,,,,,,,,18.57,471.0,22.7,323.0,,,,,475.42,0.0
2012,Male,M50,13,949.0,14.98,188.0,,,,,,,78.24,16.0,,,24.8,363.0,2.2,179.0,23.07,203.0,,
2012,Male,M60,1,1834.0,14.63,229.0,4.28,252.0,6.48,277.0,1.36,290.0,78.1,18.0,23.82,111.0,17.65,228.0,1.8,103.0,25.9,242.0,415.22,84.0
2012,Male,M60,2,1351.0,15.26,157.0,3.85,182.0,7.34,327.0,1.16,165.0,76.18,37.0,28.42,0.0,16.69,211.0,1.4,40.0,25.21,232.0,,
2012,Male,M60,3,1188.0,17.27,14.0,3.23,94.0,6.29,266.0,1.2,188.0,87.87,0.0,28.2,0.0,17.13,219.0,1.6,70.0,22.84,200.0,395.68,137.0
2013,Female,W,1,4961.0,14.17,578.0,5.0,559.0,10.2,543.0,1.36,470.0,69.81,357.0,18.28,652.0,36.27,582.0,2.6,417.0,34.78,567.0,414.2,236.0
2013,Female,W,2,4334.0,14.42,540.0,4.4,403.0,7.13,343.0,1.36,470.0,65.81,485.0,19.07,582.0,19.47,268.0,2.4,348.0,24.78,378.0,351.86,517.0
2013,Female,W,3,3544.0,14.4,543.0,4.43,411.0,7.28,353.0,1.28,389.0,74.12,240.0,20.96,429.0,21.67,308.0,2.6,417.0,14.39,185.0,405.48,269.0
2013,Female,W,4,3328.0,15.1,443.0,4.12,336.0,7.12,343.0,1.44,555.0,73.34,260.0,21.84,365.0,20.91,294.0,2.0,221.0,23.54,355.0,438.18,156.0
2013,Female,W,5,3113.0,14.7,499.0,4.11,333.0,7.14,344.0,1.28,389.0,79.93,116.0,21.28,405.0,17.5,233.0,1.8,163.0,28.23,443.0,428.06,188.0
2013,Female,W,6,2988.0,14.83,481.0,4.24,364.0,6.7,316.0,1.32,429.0,77.59,161.0,20.26,483.0,15.65,201.0,1.6,110.0,16.08,216.0,416.72,227.0
2013,Female,W,7,2605.0,15.26,422.0,3.7,242.0,7.32,356.0,1.32,429.0,79.77,119.0,22.6,313.0,15.67,201.0,2.0,221.0,16.91,232.0,471.73,70.0
2013,Female,W,8,2350.0,15.18,432.0,3.64,229.0,6.2,284.0,1.2,312.0,75.0,219.0,23.7,245.0,15.59,200.0,1.4,64.0,16.72,228.0,444.49,137.0
2013,Female,W,9,2280.0,15.89,342.0,3.84,272.0,6.86,326.0,1.24,350.0,78.34,146.0,25.6,146.0,14.2,175.0,1.8,163.0,12.71,155.0,422.9,205.0
2013,Female,W,10,1902.0,17.02,217.0,3.25,151.0,6.65,313.0,1.2,312.0,99.17,0.0,,,19.35,266.0,2.0,221.0,19.04,271.0,439.8,151.0
2013,Female,W,11,1897.0,15.33,412.0,3.25,151.0,6.44,299.0,,,81.44,90.0,22.29,334.0,19.24,264.0,,,16.31,221.0,448.44,126.0
2013,Female,W,12,1866.0,15.84,348.0,3.65,231.0,7.0,335.0,1.04,172.0,80.88,99.0,24.28,213.0,13.24,159.0,,,16.96,233.0,468.64,76.0
2013,Female,W,13,1838.0,16.77,242.0,3.2,142.0,5.62,247.0,1.16,275.0,80.56,105.0,24.6,195.0,13.97,171.0,1.6,110.0,16.17,218.0,445.78,133.0
2013,Female,W,14,1821.0,15.94,335.0,3.38,176.0,5.91,266.0,1.12,239.0,83.94,54.0,25.38,156.0,15.38,196.0,1.4,64.0,18.03,252.0,465.64,83.0
2013,Female,W,15,1800.0,16.37,286.0,3.56,212.0,5.3,227.0,1.12,239.0,82.4,76.0,25.08,171.0,13.41,162.0,,,16.53,225.0,423.87,202.0
2013,Female,W,16,1745.0,16.38,284.0,3.4,180.0,5.51,240.0,1.16,275.0,92.5,0.0,26.25,118.0,10.53,113.0,1.8,163.0,16.78,229.0,442.4,143.0
2013,Female,W,17,1728.0,16.77,242.0,3.31,163.0,5.42,235.0,1.2,312.0,84.22,51.0,26.26,117.0,14.1,174.0,1.4,64.0,14.07,180.0,427.27,190.0
2013,Female,W,18,1686.0,16.23,301.0,3.55,210.0,6.56,307.0,1.12,239.0,92.02,0.0,24.05,225.0,15.89,205.0,1.4,64.0,11.62,135.0,,
2013,Female,W,19,1478.0,16.78,241.0,2.9,91.0,5.53,242.0,1.04,172.0,79.1,131.0,29.6,18.0,13.19,158.0,,,14.3,184.0,412.94,241.0
2013,Female,W,20,1392.0,16.5,271.0,3.4,180.0,6.34,293.0,1.32,429.0,,,,,16.71,219.0,,,,,,
2013,Female,W,21,1380.0,16.07,320.0,3.36,172.0,5.01,209.0,1.12,239.0,82.04,81.0,,,14.79,186.0,1.4,64.0,10.19,109.0,,
2013,Female,W,22,1341.0,17.92,136.0,3.0,107.0,6.8,322.0,1.2,312.0,90.77,1.0,28.93,31.0,13.5,163.0,1.4,64.0,14.67,191.0,507.33,14.0
2013,Female,W,23,1074.0,17.65,159.0,2.88,87.0,6.12,279.0,1.04,172.0,98.81,0.0,28.44,43.0,11.75,134.0,,,15.17,200.0,,
2013,Female,W,24,1069.0,17.71,154.0,2.92,94.0,5.96,269.0,,,91.51,0.0,30.1,10.0,13.13,157.0,1.4,64.0,16.0,215.0,455.85,106.0
2013,Female,W,25,1064.0,16.93,226.0,2.97,102.0,5.38,232.0,0.88,58.0,82.39,76.0,,,10.38,111.0,,,11.43,132.0,448.0,127.0
2013,Female,W,26,811.0,,,3.67,235.0,4.38,170.0,1.2,312.0,,,26.84,94.0,,,,,,,,
2013,Female,W,27,798.0,18.44,97.0,2.78,72.0,4.51,178.0,1.04,172.0,92.48,0.0,,,9.95,104.0,,,8.34,77.0,459.32,98.0
2013,Female,W,28,739.0,17.82,144.0,2.53,37.0,6.47,301.0,,,104.47,0.0,,,12.6,148.0,,,10.19,109.0,,
2013,Female,W,29,698.0,17.78,148.0,3.03,112.0,5.91,266.0,1.04,172.0,91.84,0.0,,,,,,,,,,
2013,Female,W,30,291.0,18.95,65.0,,,,,,,92.8,0.0,,,10.22,108.0,,,10.68,118.0,,
2013,Female,W,31,285.0,18.8,74.0,,,5.04,211.0,,,,,,,,,,,,,,
2013,Female,W,32,207.0,24.22,0.0,,,,,,,125.63,0.0,,,8.5,80.0,,,11.18,127.0,,
2013,Female,W40,1,4286.0,14.56,519.0,4.67,472.0,9.39,490.0,1.4,512.0,74.38,234.0,18.22,658.0,23.55,342.0,1.8,163.0,33.14,536.0,384.0,360.0
2013,Female,W40,2,3524.0,15.39,404.0,3.78,259.0,7.22,349.0,1.28,389.0,72.54,281.0,20.16,491.0,18.6,253.0,2.0,221.0,20.56,299.0,340.58,578.0
2013,Female,W40,3,3306.0,14.9,471.0,4.35,391.0,6.86,326.0,1.24,350.0,71.78,301.0,19.32,560.0,19.22,264.0,1.8,163.0,17.05,234.0,411.62,246.0
2013,Female,W40,4,2698.0,15.49,392.0,3.86,276.0,7.0,335.0,1.16,275.0,75.29,212.0,20.32,478.0,14.34,178.0,1.6,110.0,17.84,249.0,426.38,193.0
2013,Female,W40,5,578.0,19.44,39.0,2.56,41.0,4.52,178.0,0.96,111.0,106.61,0.0,31.55,0.0,11.91,136.0,,,8.13,73.0,,
2013,Female,W40,6,205.0,21.12,0.0,,,,,,,132.22,0.0,,,10.76,117.0,,,9.0,88.0,,
2013,Female,W50,1,667.0,19.5,37.0,2.38,20.0,5.45,237.0,1.0,141.0,112.07,0.0,31.2,0.0,11.26,125.0,,,10.07,107.0,537.94,0.0
2013,Male,M,1,5263.0,11.19,819.0,5.98,582.0,10.89,539.0,1.76,593.0,54.06,637.0,16.5,677.0,28.38,433.0,2.8,309.0,39.5,435.0,366.24,239.0
2013,Male,M,2,4406.0,12.29,595.0,4.74,333.0,8.18,377.0,1.68,528.0,55.81,567.0,16.38,691.0,21.29,296.0,2.8,309.0,29.78,296.0,327.1,414.0
2013,Male,M,3,4338.0,12.9,485.0,4.83,350.0,8.73,410.0,1.76,593.0,56.52,539.0,16.73,653.0,21.66,303.0,2.4,220.0,25.66,239.0,302.48,546.0
2013,Male,M,4,4274.0,12.16,620.0,5.88,561.0,9.18,437.0,1.8,627.0,63.99,287.0,16.21,709.0,19.9,270.0,2.8,309.0,28.32,276.0,383.04,178.0
2013,Male,M,5,4197.0,12.66,527.0,5.46,473.0,9.14,434.0,1.6,464.0,62.56,330.0,17.16,608.0,29.12,447.0,2.8,309.0,37.31,403.0,376.12,202.0
2013,Male,M,6,4012.0,11.88,675.0,5.62,506.0,7.37,329.0,1.56,434.0,54.85,605.0,17.84,540.0,17.89,233.0,2.2,179.0,21.28,179.0,344.2,332.0
2013,Male,M,7,4007.0,11.65,721.0,4.64,315.0,8.15,375.0,1.64,496.0,61.34,369.0,17.91,533.0,21.96,309.0,2.6,264.0,32.16,330.0,352.69,295.0
2013,Male,M,8,3905.0,12.48,560.0,5.44,469.0,7.8,354.0,1.52,404.0,56.66,534.0,20.4,318.0,17.0,216.0,2.2,179.0,27.42,263.0,291.72,608.0
2013,Male,M,9,3861.0,11.78,695.0,5.79,542.0,8.62,403.0,1.56,434.0,60.75,388.0,20.46,314.0,21.29,296.0,2.4,220.0,26.25,247.0,346.42,322.0
2013,Male,M,10,3764.0,12.45,565.0,5.27,435.0,9.64,464.0,1.56,434.0,62.82,322.0,19.11,423.0,21.53,301.0,2.0,140.0,29.87,297.0,333.38,383.0
2013,Male,M,11,3577.0,12.16,620.0,4.39,271.0,7.47,335.0,1.52,404.0,59.65,425.0,16.7,656.0,19.89,270.0,2.0,140.0,24.54,223.0,367.72,233.0
2013,Male,M,12,3569.0,12.52,552.0,5.14,409.0,7.99,366.0,1.52,404.0,65.62,242.0,19.67,376.0,18.0,235.0,2.2,179.0,34.15,358.0,320.44,448.0
2013,Male,M,13,3556.0,12.67,525.0,5.23,427.0,6.56,281.0,1.64,496.0,59.91,416.0,18.91,440.0,17.14,219.0,1.8,103.0,31.02,314.0,343.56,335.0
2013,Male,M,14,3513.0,12.98,471.0,5.07,396.0,8.24,381.0,1.44,345.0,61.26,371.0,19.97,352.0,19.62,265.0,2.6,264.0,27.05,258.0,327.9,410.0
2013,Male,M,15,3441.0,12.79,504.0,4.28,252.0,8.63,404.0,1.32,263.0,57.95,486.0,20.64,300.0,22.68,323.0,1.4,40.0,36.1,386.0,313.82,483.0
2013,Male,M,16,3394.0,12.83,497.0,5.16,413.0,7.97,365.0,1.6,464.0,63.24,310.0,20.86,284.0,19.45,262.0,2.2,179.0,24.27,219.0,329.67,401.0
2013,Male,M,17,3382.0,13.39,404.0,4.76,337.0,7.3,325.0,1.56,434.0,62.61,329.0,21.31,253.0,20.0,272.0,2.4,220.0,34.23,359.0,320.2,449.0
2013,Male,M,18,3366.0,13.06,458.0,4.57,303.0,9.57,460.0,1.48,374.0,65.06,257.0,20.39,319.0,25.65,380.0,2.6,264.0,40.08,443.0,405.92,108.0
2013,Male,M,19,3347.0,13.24,428.0,4.6,308.0,8.17,376.0,1.48,374.0,61.29,370.0,20.11,341.0,21.25,296.0,2.4,220.0,26.5,250.0,333.24,384.0
2013,Male,M,20,3338.0,13.21,433.0,4.83,350.0,7.16,317.0,1.56,434.0,64.02,287.0,18.8,450.0,16.77,212.0,2.4,220.0,22.28,192.0,321.38,443.0
2013,Male,M,21,3327.0,13.42,399.0,4.61,310.0,7.21,320.0,1.4,317.0,60.09,410.0,19.66,377.0,18.09,236.0,2.4,220.0,30.09,300.0,322.34,438.0
2013,Male,M,22,3286.0,12.88,488.0,5.28,437.0,6.83,297.0,1.72,560.0,62.29,339.0,20.59,304.0,16.76,212.0,2.2,179.0,23.0,202.0,358.96,268.0
2013,Male,M,23,3192.0,13.91,325.0,4.58,304.0,7.45,334.0,1.48,374.0,64.5,273.0,19.1,424.0,18.0,235.0,3.0,357.0,25.83,241.0,345.86,325.0
2013,Male,M,24,3158.0,13.18,438.0,4.92,367.0,7.34,327.0,1.4,317.0,60.7,390.0,20.17,336.0,19.21,257.0,2.2,179.0,24.0,216.0,344.47,331.0
2013,Male,M,25,3065.0,13.53,382.0,5.23,427.0,7.47,335.0,1.64,496.0,65.62,242.0,20.71,295.0,18.0,235.0,2.4,220.0,25.3,234.0,376.98,199.0
2013,Male,M,26,3026.0,13.35,410.0,4.94,371.0,8.73,410.0,1.48,374.0,61.38,367.0,20.56,306.0,21.39,298.0,2.2,179.0,30.82,311.0,,
2013,Male,M,27,2966.0,13.64,365.0,4.76,337.0,7.67,347.0,1.48,374.0,68.06,181.0,18.75,455.0,18.55,245.0,2.2,179.0,27.39,263.0,371.3,220.0
2013,Male,M,28,2925.0,13.39,404.0,4.44,280.0,7.34,327.0,1.6,464.0,67.22,201.0,21.24,258.0,15.24,184.0,2.0,140.0,33.61,350.0,347.5,317.0
2013,Male,M,29,2923.0,13.52,383.0,4.4,273.0,7.46,334.0,1.52,404.0,60.3,403.0,21.12,266.0,12.09,128.0,2.0,140.0,21.93,187.0,328.8,405.0
2013,Male,M,30,2915.0,13.52,383.0,4.58,304.0,7.35,328.0,1.4,317.0,66.84,210.0,19.78,367.0,20.93,290.0,2.4,220.0,23.49,209.0,354.5,287.0
2013,Male,M,31,2883.0,13.6,371.0,4.65,317.0,8.98,425.0,1.4,317.0,62.41,335.0,23.02,150.0,22.2,314.0,2.4,220.0,22.22,191.0,365.36,243.0
2013,Male,M,32,2863.0,13.2,434.0,4.14,229.0,6.83,297.0,1.56,434.0,65.94,234.0,20.88,283.0,19.5,263.0,2.4,220.0,26.3,247.0,370.74,222.0
2013,Male,M,33,2835.0,13.16,441.0,5.32,445.0,6.51,279.0,1.52,404.0,61.98,348.0,21.72,226.0,12.86,142.0,2.0,140.0,16.85,119.0,353.64,291.0
2013,Male,M,34,2824.0,13.03,463.0,4.53,295.0,8.8,414.0,1.44,345.0,68.92,161.0,19.79,366.0,21.66,303.0,2.4,220.0,26.19,246.0,458.07,11.0
2013,Male,M,35,2815.0,12.97,473.0,5.36,453.0,6.61,284.0,1.6,464.0,67.77,188.0,21.04,272.0,17.0,216.0,2.0,140.0,15.55,102.0,370.43,223.0
2013,Male,M,36,2779.0,13.53,382.0,4.67,321.0,6.78,294.0,1.44,345.0,63.65,297.0,21.33,252.0,15.58,190.0,1.8,103.0,25.23,233.0,337.82,362.0
2013,Male,M,37,2747.0,13.26,425.0,4.57,303.0,8.03,368.0,1.44,345.0,64.75,266.0,22.88,158.0,17.83,232.0,2.0,140.0,24.54,223.0,354.5,287.0
2013,Male,M,38,2719.0,13.96,318.0,4.71,328.0,7.47,335.0,1.56,434.0,64.02,287.0,23.38,132.0,17.1,218.0,1.6,70.0,25.16,232.0,337.17,365.0
2013,Male,M,39,2687.0,14.02,309.0,4.45,281.0,6.67,288.0,1.4,317.0,69.16,156.0,22.58,174.0,18.81,250.0,2.8,309.0,27.14,259.0,341.6,344.0
2013,Male,M,40,2640.0,13.94,321.0,4.84,352.0,7.7,349.0,1.44,345.0,71.72,104.0,22.45,182.0,20.08,274.0,1.8,103.0,41.53,464.0,392.83,146.0
2013,Male,M,41,2636.0,12.62,534.0,4.98,378.0,7.74,351.0,1.36,290.0,72.31,93.0,20.64,300.0,17.54,226.0,2.4,220.0,26.03,244.0,,
2013,Male,M,42,2617.0,14.07,302.0,4.58,304.0,7.65,346.0,1.4,317.0,67.3,199.0,23.41,130.0,19.37,260.0,2.6,264.0,27.15,259.0,367.08,236.0
2013,Male,M,43,2600.0,13.44,396.0,5.1,402.0,7.47,335.0,1.68,528.0,67.22,201.0,24.76,72.0,12.68,139.0,1.6,70.0,19.43,154.0,350.68,303.0
2013,Male,M,44,2584.0,13.62,368.0,4.37,267.0,7.41,331.0,1.44,345.0,67.98,183.0,21.2,261.0,16.7,211.0,2.0,140.0,28.95,284.0,378.28,194.0
2013,Male,M,45,2583.0,14.02,309.0,4.94,371.0,5.92,244.0,1.48,374.0,64.8,264.0,22.98,152.0,15.27,185.0,1.8,103.0,26.66,252.0,345.0,329.0
2013,Male,M,46,2573.0,13.93,322.0,4.44,280.0,7.2,319.0,1.44,345.0,65.26,252.0,22.01,208.0,19.38,260.0,2.2,179.0,22.0,188.0,371.24,220.0
2013,Male,M,47,2569.0,13.16,441.0,4.46,283.0,6.98,306.0,1.32,263.0,64.29,279.0,25.5,47.0,16.3,204.0,2.6,264.0,28.82,283.0,377.08,199.0
2013,Male,M,48,2548.0,13.84,335.0,4.8,345.0,7.88,359.0,1.48,374.0,67.59,192.0,20.73,294.0,18.99,253.0,2.0,140.0,21.16,177.0,417.33,79.0
2013,Male,M,49,2514.0,13.74,350.0,4.58,304.0,8.23,380.0,1.48,374.0,70.14,135.0,22.9,156.0,19.24,258.0,1.6,70.0,26.42,249.0,366.54,238.0
2013,Male,M,50,2507.0,13.28,421.0,4.5,290.0,7.77,353.0,1.32,263.0,66.49,219.0,27.3,8.0,17.68,229.0,1.4,40.0,37.14,401.0,355.56,283.0
2013,Male,M,51,2500.0,13.77,346.0,4.54,297.0,9.6,462.0,1.52,404.0,71.08,116.0,23.23,139.0,20.74,286.0,2.0,140.0,25.99,243.0,422.6,67.0
2013,Male,M,52,2485.0,14.14,293.0,4.45,281.0,6.86,299.0,1.48,374.0,68.44,172.0,22.9,156.0,17.81,231.0,2.0,140.0,26.94,256.0,355.56,283.0
2013,Male,M,53,2426.0,14.1,298.0,4.03,211.0,5.9,243.0,1.4,317.0,65.18,254.0,22.1,202.0,13.0,144.0,2.0,140.0,23.09,203.0,327.0,414.0
2013,Male,M,54,2418.0,13.58,374.0,4.3,255.0,7.23,321.0,1.4,317.0,73.58,72.0,21.74,225.0,23.12,331.0,2.2,179.0,30.57,307.0,438.08,37.0
2013,Male,M,55,2371.0,13.74,350.0,4.11,224.0,6.73,291.0,1.36,290.0,64.5,273.0,22.26,193.0,12.88,142.0,2.4,220.0,26.4,249.0,395.04,139.0
2013,Male,M,56,2362.0,14.32,268.0,4.26,249.0,6.98,306.0,1.4,317.0,67.98,183.0,20.9,282.0,18.11,237.0,1.8,103.0,26.44,249.0,385.9,168.0
2013,Male,M,57,2305.0,13.6,371.0,4.77,339.0,7.62,344.0,1.4,317.0,74.28,62.0,21.69,228.0,17.45,225.0,1.8,103.0,28.35,276.0,436.54,40.0
2013,Male,M,58,2286.0,14.1,298.0,4.11,224.0,7.57,341.0,1.28,237.0,66.62,216.0,22.16,199.0,22.6,321.0,1.6,70.0,22.37,193.0,380.48,187.0
2013,Male,M,59,2280.0,14.01,311.0,4.69,324.0,7.45,334.0,1.4,317.0,69.81,142.0,22.27,192.0,19.24,258.0,1.2,15.0,26.86,255.0,397.38,132.0
2013,Male,M,60,2280.0,13.71,354.0,3.76,168.0,6.6,284.0,1.4,317.0,66.48,219.0,22.76,164.0,17.46,225.0,2.2,179.0,19.48,154.0,372.38,216.0
2013,Male,M,61,2258.0,13.52,383.0,4.74,333.0,5.98,248.0,1.28,237.0,66.37,222.0,23.36,133.0,12.18,130.0,1.2,15.0,21.69,184.0,335.34,373.0
2013,Male,M,62,2241.0,13.71,354.0,3.95,198.0,7.26,323.0,1.44,345.0,69.11,157.0,22.18,197.0,15.71,193.0,1.8,103.0,18.0,135.0,367.14,236.0
2013,Male,M,63,2205.0,14.16,290.0,4.35,264.0,6.88,300.0,1.48,374.0,68.68,166.0,23.27,137.0,11.17,112.0,1.2,15.0,23.42,208.0,342.72,339.0
2013,Male,M,64,2169.0,14.22,282.0,4.12,225.0,6.72,291.0,1.36,290.0,69.16,156.0,23.53,124.0,19.26,258.0,2.0,140.0,28.96,285.0,402.15,118.0
2013,Male,M,65,2150.0,14.36,263.0,4.2,239.0,6.61,284.0,1.32,263.0,69.16,156.0,22.68,168.0,16.6,209.0,2.0,140.0,21.19,177.0,363.37,251.0
2013,Male,M,66,2143.0,14.61,231.0,4.11,224.0,7.78,353.0,1.44,345.0,70.43,129.0,25.47,48.0,19.31,259.0,2.2,179.0,23.33,207.0,385.9,168.0
2013,Male,M,67,2134.0,13.86,332.0,4.44,280.0,6.6,284.0,1.48,374.0,68.92,161.0,22.26,193.0,13.07,145.0,1.6,70.0,,,352.63,295.0
2013,Male,M,68,2056.0,14.09,300.0,4.33,261.0,6.6,284.0,1.32,263.0,72.44,91.0,22.82,161.0,19.7,266.0,1.8,103.0,26.86,255.0,420.6,72.0
2013,Male,M,69,2050.0,14.38,261.0,4.41,274.0,8.27,382.0,1.44,345.0,75.46,46.0,25.1,60.0,18.76,249.0,1.8,103.0,22.11,190.0,394.9,140.0
2013,Male,M,70,2049.0,14.87,200.0,4.2,239.0,8.24,381.0,1.36,290.0,74.12,64.0,21.47,242.0,22.32,316.0,1.8,103.0,18.53,142.0,420.56,72.0
2013,Male,M,71,2023.0,14.2,284.0,4.38,269.0,5.86,241.0,1.24,212.0,64.94,261.0,23.63,120.0,15.52,189.0,1.6,70.0,18.36,139.0,366.54,238.0
2013,Male,M,72,1974.0,14.18,287.0,4.41,274.0,6.63,286.0,1.28,237.0,69.11,157.0,,,15.43,188.0,1.8,103.0,20.38,166.0,357.03,276.0
2013,Male,M,73,1962.0,13.73,351.0,4.11,224.0,6.82,297.0,1.52,404.0,71.95,100.0,24.62,77.0,13.15,147.0,1.4,40.0,19.65,157.0,386.84,165.0
2013,Male,M,74,1961.0,13.14,444.0,4.77,339.0,8.29,384.0,1.48,374.0,,,,,19.06,254.0,1.2,15.0,19.22,151.0,,
2013,Male,M,75,1946.0,13.62,368.0,3.82,177.0,7.23,321.0,1.28,237.0,64.58,271.0,,,19.1,255.0,1.6,70.0,25.75,240.0,462.38,7.0
2013,Male,M,76,1939.0,14.37,262.0,,,8.45,393.0,,,71.64,105.0,,,22.8,325.0,,,31.37,319.0,304.27,535.0
2013,Male,M,77,1892.0,14.56,238.0,4.35,264.0,6.48,277.0,1.36,290.0,69.72,143.0,24.27,91.0,17.71,229.0,2.2,179.0,14.77,92.0,413.1,89.0
2013,Male,M,78,1884.0,14.28,274.0,3.89,188.0,8.9,420.0,1.2,188.0,74.14,64.0,30.58,0.0,23.21,333.0,2.0,140.0,28.4,277.0,,
2013,Male,M,79,1875.0,14.64,228.0,4.0,206.0,9.13,434.0,1.36,290.0,82.36,0.0,29.34,0.0,26.02,387.0,1.8,103.0,24.84,227.0,,
2013,Male,M,80,1821.0,14.85,202.0,4.1,222.0,6.54,280.0,1.44,345.0,73.5,73.0,27.14,10.0,18.78,249.0,1.8,103.0,25.07,230.0,406.24,107.0
2013,Male,M,81,1802.0,14.74,215.0,3.42,119.0,6.21,261.0,1.08,121.0,71.16,114.0,23.59,121.0,16.55,208.0,2.0,140.0,17.48,128.0,335.02,375.0
2013,Male,M,82,1731.0,13.61,370.0,4.27,250.0,6.22,262.0,1.4,317.0,73.16,79.0,26.2,28.0,13.14,147.0,1.8,103.0,19.46,154.0,449.36,21.0
2013,Male,M,83,1715.0,14.61,231.0,3.87,185.0,7.31,326.0,1.28,237.0,70.62,125.0,22.35,187.0,14.13,164.0,1.6,70.0,,,379.62,190.0
2013,Male,M,84,1650.0,14.32,268.0,4.36,266.0,6.86,299.0,1.28,237.0,73.45,74.0,,,15.42,188.0,1.4,40.0,28.5,278.0,,
2013,Male,M,85,1556.0,15.2,163.0,3.72,162.0,6.91,302.0,1.24,212.0,75.16,49.0,24.75,72.0,17.66,229.0,2.0,140.0,17.76,131.0,410.32,96.0
2013,Male,M,86,1500.0,15.76,109.0,4.04,212.0,7.12,314.0,1.36,290.0,85.38,0.0,24.24,92.0,13.78,158.0,2.0,140.0,19.53,155.0,442.7,30.0
2013,Male,M,87,1482.0,15.88,99.0,3.67,155.0,6.8,296.0,1.4,317.0,80.93,1.0,25.96,34.0,20.11,274.0,1.6,70.0,25.49,236.0,,
2013,Male,M,88,1293.0,16.34,63.0,3.85,182.0,4.42,158.0,1.12,142.0,70.77,122.0,27.92,2.0,10.74,105.0,1.4,40.0,11.79,55.0,325.1,424.0
2013,Male,M,89,1225.0,15.17,167.0,3.73,164.0,7.57,341.0,1.04,100.0,108.12,0.0,,,16.52,208.0,,,26.09,245.0,584.23,0.0
2013,Male,M,90,1185.0,15.09,175.0,3.93,195.0,4.89,185.0,1.16,165.0,74.86,53.0,,,10.9,108.0,1.8,103.0,,,376.4,201.0
2013,Male,M,91,1127.0,15.84,102.0,3.41,118.0,6.75,293.0,1.2,188.0,89.61,0.0,35.92,0.0,16.24,202.0,1.4,40.0,21.67,184.0,,
2013,Male,M,92,1091.0,13.35,410.0,4.71,328.0,7.78,353.0,,,,,,,,,,,,,,
2013,Male,M,93,1066.0,14.02,309.0,4.01,207.0,7.1,313.0,1.28,237.0,,,,,,,,,,,,
2013,Male,M,94,899.0,13.58,374.0,,,,,,,,,,,18.93,252.0,2.0,140.0,17.84,133.0,,
2013,Male,M,95,861.0,15.7,114.0,3.7,159.0,5.99,248.0,1.12,142.0,79.48,8.0,,,14.4,169.0,1.2,15.0,,,463.56,6.0
2013,Male,M,96,805.0,17.78,1.0,3.04,70.0,5.35,211.0,1.2,188.0,100.98,0.0,,,12.63,138.0,,,22.66,197.0,567.15,0.0
2013,Male,M,97,803.0,13.17,439.0,,,,,,,,,,,15.35,186.0,,,21.24,178.0,,
2013,Male,M,98,765.0,17.84,0.0,2.99,65.0,5.88,242.0,1.12,142.0,102.24,0.0,,,15.52,189.0,1.4,40.0,14.33,87.0,,
2013,Male,M,99,763.0,17.0,25.0,3.31,104.0,6.0,249.0,1.08,121.0,85.26,0.0,,,13.35,150.0,1.2,15.0,15.21,98.0,472.32,1.0
2013,Male,M,100,738.0,16.44,56.0,2.58,23.0,5.98,248.0,1.2,188.0,88.56,0.0,,,13.11,146.0,,,13.58,77.0,486.07,0.0
2013,Male,M,101,611.0,17.07,22.0,3.04,70.0,5.14,199.0,0.92,47.0,92.62,0.0,,,11.87,124.0,1.2,15.0,17.95,134.0,,
2013,Male,M,102,554.0,12.51,554.0,,,,,,,,,,,,,,,,,,
2013,Male,M,103,374.0,14.99,186.0,,,,,,,,,,,14.61,173.0,1.2,15.0,,,,
2013,Male,M,104,269.0,,,,,,,,,,,,,16.93,215.0,,,11.71,54.0,,
2013,Male,M,105,6.0,,,,,,,,,79.8,6.0,,,,,,,,,,
2013,Male,M40,1,4737.0,12.73,515.0,5.53,487.0,9.62,463.0,1.52,404.0,55.89,564.0,16.72,654.0,28.2,429.0,2.6,264.0,33.01,342.0,290.56,615.0
2013,Male,M40,2,3832.0,13.56,377.0,5.11,404.0,9.56,459.0,1.56,434.0,64.03,286.0,18.57,471.0,25.56,378.0,2.6,264.0,39.32,432.0,345.3,327.0
2013,Male,M40,3,3793.0,13.31,417.0,5.2,421.0,8.0,366.0,1.64,496.0,62.82,322.0,18.42,485.0,22.5,319.0,2.6,264.0,29.97,299.0,329.1,404.0
2013,Male,M40,4,3563.0,13.29,420.0,4.98,378.0,8.67,406.0,1.52,404.0,65.44,247.0,17.52,571.0,25.5,377.0,3.2,406.0,33.88,354.0,,
2013,Male,M40,5,3526.0,12.98,471.0,4.41,274.0,8.61,403.0,1.4,317.0,58.59,462.0,18.5,477.0,23.69,342.0,1.8,103.0,35.57,378.0,351.79,299.0
2013,Male,M40,6,3293.0,14.03,308.0,5.17,415.0,8.97,424.0,1.52,404.0,64.0,287.0,19.98,351.0,20.73,286.0,1.6,70.0,28.25,275.0,315.66,473.0
2013,Male,M40,7,3270.0,13.09,453.0,5.33,447.0,8.35,387.0,1.56,434.0,56.57,537.0,18.32,494.0,20.16,275.0,,,25.97,243.0,,
2013,Male,M40,8,3224.0,13.08,454.0,4.91,365.0,7.52,338.0,1.52,404.0,65.34,250.0,18.15,510.0,17.01,217.0,2.2,179.0,26.59,252.0,362.28,255.0
2013,Male,M40,9,3116.0,14.01,311.0,4.24,245.0,8.46,394.0,1.44,345.0,66.08,230.0,19.03,430.0,24.48,357.0,2.4,220.0,34.0,356.0,369.2,228.0
2013,Male,M40,10,2866.0,13.37,407.0,4.75,335.0,9.2,438.0,1.48,374.0,66.36,223.0,20.84,286.0,19.2,257.0,2.2,179.0,28.07,272.0,410.64,95.0
2013,Male,M40,11,2837.0,14.16,290.0,4.69,324.0,7.82,356.0,1.48,374.0,67.85,186.0,20.6,303.0,22.11,312.0,2.2,179.0,24.2,218.0,352.66,295.0
2013,Male,M40,12,2834.0,14.57,236.0,4.4,273.0,6.74,292.0,1.56,434.0,66.34,223.0,21.9,215.0,18.67,247.0,2.0,140.0,25.78,240.0,304.59,534.0
2013,Male,M40,13,2801.0,13.89,328.0,4.67,321.0,8.3,384.0,1.4,317.0,65.39,248.0,19.74,370.0,20.0,272.0,1.8,103.0,19.57,156.0,351.08,302.0
2013,Male,M40,14,2694.0,14.55,239.0,4.39,271.0,7.64,345.0,1.28,237.0,65.1,256.0,21.4,247.0,21.92,308.0,1.8,103.0,29.7,295.0,331.31,393.0
2013,Male,M40,15,2646.0,13.8,341.0,3.97,201.0,8.39,389.0,1.4,317.0,67.74,188.0,21.77,223.0,17.36,223.0,2.2,179.0,34.48,363.0,370.71,222.0
2013,Male,M40,16,2373.0,14.11,297.0,4.52,294.0,8.1,372.0,1.36,290.0,70.06,136.0,20.61,303.0,20.13,274.0,1.8,103.0,23.93,215.0,413.05,89.0
2013,Male,M40,17,2340.0,14.33,267.0,4.55,299.0,6.56,281.0,1.36,290.0,67.26,200.0,21.86,217.0,15.65,192.0,2.0,140.0,19.92,160.0,352.9,294.0
2013,Male,M40,18,2220.0,14.12,295.0,4.42,276.0,6.31,267.0,1.4,317.0,69.42,150.0,20.78,290.0,14.36,168.0,1.8,103.0,19.32,152.0,376.02,202.0
2013,Male,M40,19,2172.0,13.79,343.0,4.41,274.0,7.72,350.0,1.28,237.0,73.16,79.0,19.52,388.0,21.01,291.0,1.4,40.0,20.33,166.0,467.18,4.0
2013,Male,M40,20,2130.0,14.21,283.0,4.7,326.0,8.92,421.0,1.4,317.0,,,,,21.29,296.0,2.0,140.0,33.37,347.0,,
2013,Male,M40,21,2047.0,15.12,172.0,3.66,153.0,6.28,265.0,1.4,317.0,70.44,129.0,21.32,252.0,16.0,198.0,1.8,103.0,26.94,256.0,376.14,202.0
2013,Male,M40,22,2010.0,14.6,233.0,4.3,255.0,6.34,269.0,1.36,290.0,77.0,28.0,21.79,222.0,23.03,329.0,1.8,103.0,24.3,220.0,425.68,61.0
2013,Male,M40,23,1992.0,14.5,245.0,4.07,217.0,6.79,295.0,1.36,290.0,69.26,153.0,21.74,225.0,17.03,217.0,1.2,15.0,21.15,177.0,388.88,158.0
2013,Male,M40,24,1985.0,14.8,208.0,4.02,209.0,7.07,311.0,1.28,237.0,72.22,95.0,20.92,280.0,17.01,217.0,2.2,179.0,20.22,164.0,414.8,85.0
2013,Male,M40,25,1920.0,15.01,184.0,3.88,187.0,7.53,339.0,1.28,237.0,71.61,106.0,22.47,180.0,19.51,263.0,1.8,103.0,24.26,219.0,408.1,102.0
2013,Male,M40,26,1914.0,14.56,238.0,3.87,185.0,7.16,317.0,1.24,212.0,71.78,103.0,22.16,199.0,18.44,243.0,1.8,103.0,23.36,207.0,406.16,107.0
2013,Male,M40,27,1865.0,14.96,190.0,3.89,188.0,7.37,329.0,1.44,345.0,77.39,24.0,21.22,259.0,16.16,201.0,1.6,70.0,24.4,221.0,437.5,38.0
2013,Male,M40,28,1823.0,14.26,276.0,3.9,190.0,9.59,461.0,1.28,237.0,72.89,83.0,,,23.38,336.0,,,25.73,240.0,,
2013,Male,M40,29,1803.0,15.55,128.0,3.79,173.0,7.0,307.0,1.32,263.0,73.24,78.0,23.89,108.0,19.77,268.0,2.0,140.0,21.36,180.0,389.14,158.0
2013,Male,M40,30,1797.0,15.77,108.0,3.71,161.0,8.07,370.0,1.36,290.0,77.88,19.0,24.0,103.0,22.38,317.0,1.8,103.0,23.4,208.0,402.12,118.0
2013,Male,M40,31,1743.0,14.77,212.0,3.67,155.0,6.89,301.0,1.4,317.0,71.24,113.0,21.89,215.0,16.68,211.0,1.4,40.0,21.3,179.0,,
2013,Male,M40,32,1697.0,14.84,204.0,3.83,179.0,7.89,360.0,1.4,317.0,77.99,18.0,24.67,75.0,18.56,245.0,2.0,140.0,19.83,159.0,,
2013,Male,M40,33,1692.0,15.53,130.0,3.55,137.0,7.08,312.0,1.2,188.0,70.72,123.0,22.58,174.0,18.06,236.0,1.8,103.0,15.56,103.0,380.78,186.0
2013,Male,M40,34,1360.0,15.23,160.0,3.67,155.0,5.9,243.0,1.36,290.0,90.14,0.0,22.8,162.0,13.8,158.0,1.8,103.0,14.55,89.0,474.26,0.0
2013,Male,M40,35,1315.0,19.06,0.0,2.83,47.0,8.39,389.0,1.32,263.0,78.66,13.0,24.0,103.0,19.95,271.0,,,24.95,229.0,,
2013,Male,M40,36,928.0,19.71,0.0,2.34,5.0,7.37,329.0,1.2,188.0,117.17,0.0,,,19.11,255.0,1.2,15.0,18.13,136.0,,
2013,Male,M40,37,864.0,15.62,122.0,3.94,196.0,7.45,334.0,1.24,212.0,82.23,0.0,,,,,,,,,,
2013,Male,M40,38,792.0,19.15,0.0,2.68,32.0,8.06,370.0,,,,,,,18.37,242.0,,,19.0,148.0,,
2013,Male,M40,39,644.0,16.87,31.0,3.63,149.0,5.56,223.0,,,86.57,0.0,28.13,0.0,12.31,132.0,1.2,15.0,14.59,90.0,467.14,4.0
2013,Male,M40,40,280.0,,,,,,,,,,,,,20.4,280.0,,,,,,
2013,Male,M50,1,4268.0,13.04,461.0,4.98,378.0,10.52,517.0,1.44,345.0,59.94,415.0,17.47,576.0,32.73,518.0,2.6,264.0,36.55,392.0,329.46,402.0
2013,Male,M50,2,3427.0,13.68,359.0,4.71,328.0,9.63,463.0,1.52,404.0,64.65,269.0,18.05,519.0,25.37,374.0,2.8,309.0,28.69,281.0,401.04,121.0
2013,Male,M50,3,3153.0,14.11,297.0,4.52,294.0,8.3,384.0,1.4,317.0,67.74,188.0,17.77,546.0,25.92,385.0,3.0,357.0,20.15,163.0,370.78,222.0
2013,Male,M50,4,3152.0,14.72,218.0,4.56,301.0,7.914,361.0,1.64,496.0,65.7,240.0,20.72,295.0,20.27,277.0,2.6,264.0,30.54,307.0,331.32,393.0
2013,Male,M50,5,2886.0,13.84,335.0,4.3,255.0,8.86,417.0,1.44,345.0,67.78,187.0,18.08,516.0,24.4,356.0,1.8,103.0,25.61,238.0,396.92,134.0
2013,Male,M50,6,1928.0,16.16,76.0,3.58,142.0,8.02,367.0,1.44,345.0,84.26,0.0,23.18,142.0,24.2,352.0,1.8,103.0,29.54,293.0,405.96,108.0
2013,Male,M50,7,1906.0,15.28,155.0,3.51,132.0,7.35,328.0,1.2,188.0,74.84,54.0,21.09,268.0,21.77,305.0,2.2,179.0,25.58,238.0,426.32,59.0
2013,Male,M50,8,1831.0,15.25,158.0,3.9,190.0,7.37,329.0,1.28,237.0,73.34,76.0,22.4,184.0,18.82,250.0,1.8,103.0,18.7,144.0,388.5,160.0
2013,Male,M50,9,1597.0,15.69,115.0,3.58,142.0,7.42,332.0,1.28,237.0,83.68,0.0,20.51,310.0,18.82,250.0,1.6,70.0,18.12,136.0,464.7,5.0
2013,Male,M50,10,1579.0,15.79,106.0,3.75,167.0,5.61,226.0,1.32,263.0,78.28,16.0,21.44,244.0,15.11,182.0,1.6,70.0,17.88,133.0,384.86,172.0
2013,Male,M50,11,1474.0,16.76,37.0,3.26,98.0,8.08,371.0,1.28,237.0,,,,,23.63,341.0,1.8,103.0,29.14,287.0,,
2013,Male,M50,12,1012.0,16.88,31.0,3.45,123.0,6.5,278.0,,,83.91,0.0,26.24,27.0,18.28,240.0,1.8,103.0,23.56,210.0,,
2013,Male,M60,1,2399.0,15.18,166.0,4.15,230.0,8.78,413.0,1.36,290.0,73.28,77.0,20.53,309.0,23.86,345.0,2.0,140.0,28.1,273.0,389.66,156.0
2013,Male,M60,2,861.0,17.71,2.0,3.25,96.0,6.39,272.0,1.12,142.0,,,,,15.12,182.0,1.2,15.0,19.07,149.0,469.0,3.0
2013,Male,M60,3,471.0,17.61,4.0,,,,,,,101.96,0.0,,,18.62,246.0,1.6,70.0,19.24,151.0,,
2014,Female,W,1,4459.0,14.68,502.0,4.73,487.0,8.43,427.0,1.44,555.0,65.12,508.0,18.99,589.0,23.86,348.0,2.2,282.0,19.24,275.0,357.7,486.0
2014,Female,W,2,4159.0,14.86,476.0,4.25,367.0,7.04,338.0,1.36,470.0,66.46,463.0,19.48,547.0,18.96,259.0,2.2,282.0,22.96,344.0,334.57,613.0
2014,Female,W,3,3368.0,15.04,451.0,3.84,272.0,8.31,419.0,1.36,470.0,71.31,314.0,21.37,398.0,18.81,256.0,1.8,163.0,27.18,423.0,423.93,202.0
2014,Female,W,4,3341.0,15.68,367.0,3.86,276.0,8.53,434.0,1.48,599.0,79.13,131.0,20.67,451.0,21.01,296.0,2.0,221.0,25.61,394.0,432.75,172.0
2014,Female,W,5,2690.0,15.22,427.0,4.03,315.0,7.3,354.0,1.32,429.0,82.2,79.0,22.27,335.0,18.47,250.0,2.0,221.0,16.7,228.0,481.04,52.0
2014,Female,W,6,2464.0,15.38,406.0,3.89,283.0,6.38,295.0,1.24,350.0,80.31,109.0,21.42,395.0,14.73,185.0,1.4,64.0,20.07,290.0,463.92,87.0
2014,Female,W,7,2325.0,15.14,438.0,3.69,239.0,6.54,306.0,1.12,239.0,76.68,181.0,23.16,278.0,15.1,191.0,1.6,110.0,16.46,223.0,450.52,120.0
2014,Female,W,8,1980.0,16.26,298.0,3.47,194.0,5.96,269.0,1.28,389.0,86.55,26.0,25.91,132.0,15.36,195.0,1.8,163.0,16.91,232.0,465.87,82.0
2014,Female,W,9,1931.0,15.92,338.0,3.4,180.0,6.44,299.0,1.24,350.0,84.78,44.0,26.66,101.0,17.53,234.0,1.6,110.0,19.24,275.0,536.04,0.0
2014,Female,W,10,1669.0,16.88,231.0,3.23,148.0,5.98,270.0,1.16,275.0,83.08,66.0,24.78,186.0,13.14,157.0,1.4,64.0,14.48,187.0,464.6,85.0
2014,Female,W,11,1613.0,17.94,135.0,3.07,119.0,4.95,205.0,1.08,205.0,83.4,61.0,26.41,111.0,13.32,160.0,1.4,64.0,14.91,195.0,384.38,358.0
2014,Female,W,12,1492.0,15.38,406.0,3.52,204.0,4.74,192.0,1.16,275.0,80.85,100.0,,,12.12,140.0,1.4,64.0,10.28,111.0,,
2014,Female,W,13,1430.0,16.76,243.0,3.34,168.0,5.52,241.0,1.16,275.0,87.64,16.0,27.04,87.0,12.02,138.0,1.4,64.0,15.1,198.0,,
2014,Female,W,14,1392.0,18.75,77.0,3.06,117.0,6.65,313.0,1.16,275.0,95.04,0.0,27.76,63.0,16.09,208.0,1.4,64.0,15.76,211.0,474.54,64.0
2014,Female,W,15,1364.0,17.16,203.0,3.17,137.0,4.7,190.0,1.24,350.0,90.53,1.0,26.29,116.0,12.75,150.0,,,11.06,125.0,461.8,92.0
2014,Female,W,16,1203.0,18.08,124.0,3.2,142.0,5.7,252.0,1.08,205.0,93.33,0.0,28.7,36.0,14.09,173.0,1.4,64.0,15.59,207.0,,
2014,Female,W,17,1152.0,17.98,132.0,2.92,94.0,6.55,306.0,1.04,172.0,105.77,0.0,29.64,17.0,15.35,195.0,1.4,64.0,13.64,172.0,593.26,0.0
2014,Female,W,18,1006.0,17.6,163.0,2.37,19.0,5.0,208.0,1.04,172.0,86.3,28.0,28.72,36.0,12.26,142.0,1.4,64.0,12.97,160.0,507.74,14.0
2014,Female,W,19,991.0,19.42,40.0,2.83,80.0,5.22,222.0,1.0,141.0,95.37,0.0,31.27,0.0,15.74,202.0,,,14.23,183.0,449.55,123.0
2014,Female,W,20,923.0,,,,,,,,,,,23.06,284.0,13.38,161.0,1.6,110.0,15.89,213.0,438.43,155.0
2014,Female,W,21,874.0,17.69,155.0,3.15,133.0,3.64,124.0,,,,,,,12.82,152.0,1.4,64.0,10.2,110.0,445.02,136.0
2014,Female,W,22,863.0,19.26,48.0,2.9,91.0,5.63,248.0,1.04,172.0,,,31.35,0.0,14.84,186.0,,,10.65,118.0,,
2014,Female,W,23,755.0,18.68,81.0,2.58,44.0,4.52,178.0,1.0,141.0,97.75,0.0,,,13.12,157.0,,,10.39,113.0,487.21,41.0
2014,Female,W,24,687.0,19.34,44.0,2.638,52.0,4.69,189.0,1.0,141.0,104.46,0.0,30.72,3.0,12.22,141.0,1.2,25.0,9.23,92.0,557.27,0.0
2014,Female,W40,1,3953.0,14.9,471.0,4.34,388.0,8.64,441.0,1.4,512.0,75.29,212.0,18.37,644.0,21.79,310.0,1.6,110.0,32.43,523.0,388.06,342.0
2014,Female,W40,2,2950.0,15.58,380.0,4.06,322.0,6.75,319.0,1.2,312.0,74.36,234.0,19.78,522.0,17.21,228.0,1.8,163.0,18.44,260.0,421.38,210.0
2014,Female,W40,3,2925.0,15.56,383.0,3.63,227.0,8.21,413.0,1.36,470.0,79.05,132.0,21.82,366.0,20.2,281.0,2.0,221.0,22.45,335.0,459.52,97.0
2014,Female,W40,4,2642.0,16.22,303.0,3.8,263.0,7.05,338.0,1.28,389.0,72.92,271.0,21.4,396.0,16.71,219.0,2.0,221.0,17.45,242.0,,
2014,Female,W50,1,1374.0,18.96,64.0,3.14,131.0,5.78,257.0,1.12,239.0,95.98,0.0,23.86,236.0,13.3,160.0,1.4,64.0,15.15,199.0,499.11,24.0
2014,Male,M,1,5151.0,11.67,717.0,5.94,574.0,10.85,537.0,1.72,560.0,54.13,634.0,16.49,679.0,28.3,431.0,2.8,309.0,39.5,435.0,357.34,275.0
2014,Male,M,2,4590.0,12.35,584.0,5.09,400.0,8.91,420.0,1.76,593.0,55.34,585.0,17.94,530.0,24.65,360.0,2.8,309.0,35.62,379.0,323.82,430.0
2014,Male,M,3,4112.0,12.77,508.0,5.12,405.0,9.8,474.0,1.44,345.0,56.58,537.0,19.03,430.0,23.26,334.0,2.2,179.0,36.23,388.0,308.41,512.0
2014,Male,M,4,4032.0,12.81,501.0,5.85,554.0,9.51,456.0,1.68,528.0,59.98,414.0,21.48,242.0,27.02,406.0,2.2,179.0,35.91,383.0,336.28,369.0
2014,Male,M,5,3891.0,12.55,547.0,5.33,447.0,7.72,350.0,1.64,496.0,59.54,429.0,19.02,431.0,18.2,239.0,2.2,179.0,34.07,357.0,326.66,416.0
2014,Male,M,6,3834.0,12.9,485.0,5.0,382.0,8.4,390.0,1.56,434.0,60.69,390.0,18.47,480.0,23.21,333.0,2.6,264.0,32.9,340.0,343.28,336.0
2014,Male,M,7,3826.0,12.77,508.0,4.95,373.0,7.44,333.0,1.4,317.0,56.9,525.0,19.81,364.0,20.48,281.0,2.4,220.0,29.34,290.0,290.61,615.0
2014,Male,M,8,3757.0,12.96,475.0,4.7,326.0,9.39,449.0,1.68,528.0,58.38,470.0,18.51,476.0,20.8,287.0,2.6,264.0,27.41,263.0,371.58,219.0
2014,Male,M,9,3738.0,12.52,552.0,4.98,378.0,7.57,341.0,1.6,464.0,62.39,335.0,16.54,673.0,20.74,286.0,2.4,220.0,26.96,257.0,368.22,232.0
2014,Male,M,10,3680.0,13.28,421.0,5.01,384.0,9.67,466.0,1.56,434.0,58.98,449.0,21.53,238.0,21.0,291.0,2.0,140.0,31.34,318.0,303.6,539.0
2014,Male,M,11,3600.0,12.83,497.0,4.87,358.0,7.58,341.0,1.48,374.0,56.33,546.0,17.35,588.0,17.53,226.0,2.8,309.0,34.34,361.0,,
2014,Male,M,12,3489.0,12.84,495.0,5.09,400.0,8.34,386.0,1.56,434.0,63.91,290.0,20.08,343.0,23.0,329.0,2.6,264.0,31.15,315.0,367.82,233.0
2014,Male,M,13,3489.0,12.44,567.0,4.78,341.0,6.88,300.0,1.52,404.0,57.29,510.0,19.81,364.0,20.34,278.0,1.8,103.0,24.88,228.0,331.18,394.0
2014,Male,M,14,3479.0,12.62,534.0,5.19,419.0,8.52,397.0,1.68,528.0,56.66,534.0,18.23,502.0,15.41,187.0,2.0,140.0,25.58,238.0,,
2014,Male,M,15,3357.0,13.23,430.0,5.05,392.0,6.61,284.0,1.56,434.0,60.18,407.0,20.37,321.0,16.38,205.0,2.4,220.0,23.47,208.0,318.92,456.0
2014,Male,M,16,3324.0,13.37,407.0,4.39,271.0,7.66,346.0,1.56,434.0,63.42,304.0,19.31,406.0,18.68,247.0,2.0,140.0,33.91,355.0,327.14,414.0
2014,Male,M,17,3316.0,13.13,446.0,5.31,443.0,7.6,343.0,1.52,404.0,62.66,327.0,20.21,333.0,18.9,252.0,2.4,220.0,31.38,319.0,368.92,229.0
2014,Male,M,18,3167.0,13.69,357.0,4.78,341.0,7.7,349.0,1.52,404.0,66.92,208.0,18.71,458.0,20.0,272.0,2.2,179.0,31.26,317.0,355.62,282.0
2014,Male,M,19,3160.0,14.12,295.0,4.48,287.0,7.65,346.0,1.52,404.0,65.42,247.0,19.35,402.0,17.42,224.0,3.0,357.0,26.07,244.0,339.44,354.0
2014,Male,M,20,3099.0,14.64,228.0,4.68,323.0,7.81,355.0,1.56,434.0,66.47,220.0,20.72,295.0,17.74,230.0,2.2,179.0,35.93,383.0,319.6,452.0
2014,Male,M,21,3084.0,12.72,516.0,4.41,274.0,6.93,303.0,1.56,434.0,60.65,391.0,17.8,543.0,20.44,280.0,2.0,140.0,23.09,203.0,,
2014,Male,M,22,3028.0,14.18,287.0,4.63,313.0,7.49,336.0,1.4,317.0,68.81,163.0,20.88,283.0,19.87,270.0,3.2,406.0,30.87,311.0,342.06,342.0
2014,Male,M,23,3012.0,13.0,468.0,5.16,413.0,7.12,314.0,1.64,496.0,71.59,106.0,19.34,403.0,15.84,195.0,2.2,179.0,24.41,221.0,372.15,217.0
2014,Male,M,24,3004.0,13.74,350.0,5.01,384.0,7.88,359.0,1.64,496.0,67.26,200.0,20.42,317.0,18.41,242.0,2.4,220.0,24.83,227.0,374.35,209.0
2014,Male,M,25,2977.0,13.78,344.0,4.47,285.0,7.52,338.0,1.56,434.0,66.9,209.0,20.72,295.0,19.65,266.0,2.4,220.0,31.7,323.0,360.28,263.0
2014,Male,M,26,2963.0,14.13,294.0,5.1,402.0,6.98,306.0,1.6,464.0,68.55,169.0,20.31,325.0,22.89,327.0,2.4,220.0,16.57,116.0,342.54,340.0
2014,Male,M,27,2940.0,13.13,446.0,5.1,402.0,7.41,331.0,1.36,290.0,62.69,326.0,18.79,451.0,20.6,283.0,2.6,264.0,18.91,147.0,,
2014,Male,M,28,2893.0,13.7,356.0,4.49,288.0,6.97,306.0,1.6,464.0,65.52,245.0,20.88,283.0,20.81,287.0,2.0,140.0,22.03,189.0,343.63,335.0
2014,Male,M,29,2853.0,13.63,367.0,4.81,346.0,7.59,342.0,1.4,317.0,62.3,338.0,19.65,377.0,20.45,281.0,2.2,179.0,19.98,161.0,393.23,145.0
2014,Male,M,30,2838.0,13.71,354.0,4.62,312.0,6.32,267.0,1.4,317.0,60.36,401.0,23.32,135.0,17.91,233.0,2.2,179.0,26.24,247.0,331.32,393.0
2014,Male,M,31,2831.0,14.2,284.0,4.41,274.0,9.09,431.0,1.4,317.0,61.85,352.0,22.73,166.0,20.88,289.0,2.2,179.0,28.6,280.0,361.32,259.0
2014,Male,M,32,2786.0,13.27,423.0,4.55,299.0,6.7,290.0,1.4,317.0,64.28,279.0,21.32,252.0,18.05,236.0,2.0,140.0,21.19,177.0,335.42,373.0
2014,Male,M,33,2749.0,14.15,291.0,4.45,281.0,6.94,304.0,1.52,404.0,66.62,216.0,21.48,242.0,17.5,226.0,2.6,264.0,24.73,226.0,352.72,295.0
2014,Male,M,34,2744.0,13.44,396.0,4.38,269.0,8.76,411.0,1.52,404.0,70.19,134.0,20.63,301.0,23.09,330.0,2.4,220.0,24.85,227.0,429.7,52.0
2014,Male,M,35,2741.0,13.73,351.0,4.96,375.0,8.21,379.0,1.44,345.0,63.49,302.0,21.09,268.0,19.43,261.0,2.0,140.0,31.49,320.0,,
2014,Male,M,36,2739.0,14.04,307.0,4.97,377.0,8.59,401.0,1.52,404.0,72.28,94.0,21.13,265.0,17.83,232.0,2.2,179.0,27.89,270.0,373.88,210.0
2014,Male,M,37,2688.0,13.95,319.0,4.15,230.0,7.1,313.0,1.44,345.0,68.55,169.0,20.55,307.0,16.18,201.0,2.4,220.0,26.37,248.0,343.44,336.0
2014,Male,M,38,2685.0,14.28,274.0,4.58,304.0,8.6,402.0,1.44,345.0,70.58,126.0,21.62,232.0,21.84,307.0,1.6,70.0,40.42,448.0,383.44,177.0
2014,Male,M,39,2509.0,14.37,262.0,4.36,266.0,7.63,344.0,1.44,345.0,66.8,211.0,22.09,203.0,15.78,194.0,2.4,220.0,20.18,164.0,351.43,300.0
2014,Male,M,40,2495.0,14.31,270.0,4.02,209.0,8.52,397.0,1.44,345.0,70.86,120.0,22.21,196.0,22.48,319.0,2.0,140.0,25.93,242.0,361.78,257.0
2014,Male,M,41,2493.0,14.15,291.0,4.43,278.0,8.26,382.0,1.44,345.0,69.74,143.0,22.62,172.0,22.05,311.0,1.4,40.0,28.36,276.0,362.26,255.0
2014,Male,M,42,2460.0,13.77,346.0,4.35,264.0,7.87,359.0,1.4,317.0,73.99,66.0,23.7,116.0,21.86,307.0,2.4,220.0,31.51,321.0,393.42,144.0
2014,Male,M,43,2456.0,13.94,321.0,4.02,209.0,8.41,391.0,1.4,317.0,67.12,203.0,22.26,193.0,16.27,203.0,2.0,140.0,28.37,276.0,375.79,203.0
2014,Male,M,44,2443.0,14.74,215.0,4.65,317.0,7.5,337.0,1.4,317.0,71.32,111.0,22.03,207.0,18.59,246.0,2.0,140.0,28.09,272.0,356.0,281.0
2014,Male,M,45,2435.0,14.38,261.0,4.4,273.0,8.51,397.0,1.4,317.0,71.96,100.0,21.3,254.0,20.07,273.0,2.4,220.0,28.87,283.0,427.62,57.0
2014,Male,M,46,2408.0,13.23,430.0,4.53,295.0,6.44,274.0,1.44,345.0,66.02,231.0,21.84,218.0,15.22,184.0,1.8,103.0,32.03,328.0,,
2014,Male,M,47,2388.0,14.13,294.0,4.59,306.0,4.83,181.0,1.4,317.0,64.64,269.0,20.87,284.0,14.09,164.0,1.8,103.0,15.74,105.0,337.16,365.0
2014,Male,M,48,2384.0,13.56,377.0,4.67,321.0,6.72,291.0,1.56,434.0,64.75,266.0,22.61,172.0,15.0,180.0,2.2,179.0,20.2,164.0,,
2014,Male,M,49,2327.0,14.89,198.0,4.15,230.0,7.54,339.0,1.44,345.0,68.56,169.0,23.16,143.0,20.49,281.0,1.4,40.0,32.07,328.0,362.6,254.0
2014,Male,M,50,2299.0,14.53,241.0,3.98,203.0,7.54,339.0,1.44,345.0,70.82,121.0,21.61,233.0,17.16,219.0,1.6,70.0,28.02,271.0,361.78,257.0
2014,Male,M,51,2258.0,14.42,255.0,3.85,182.0,5.96,246.0,1.28,237.0,66.18,227.0,23.36,133.0,15.84,195.0,2.0,140.0,16.54,115.0,305.58,528.0
2014,Male,M,52,2243.0,14.24,279.0,4.57,303.0,7.25,322.0,1.36,290.0,68.61,168.0,22.5,179.0,17.26,221.0,2.4,220.0,25.3,234.0,444.9,27.0
2014,Male,M,53,2231.0,14.75,214.0,4.12,225.0,8.97,424.0,1.48,374.0,71.68,105.0,23.01,151.0,21.29,296.0,2.0,140.0,22.85,200.0,408.19,102.0
2014,Male,M,54,2189.0,13.38,405.0,4.79,343.0,5.93,245.0,1.44,345.0,65.52,245.0,21.56,236.0,13.73,157.0,1.8,103.0,16.16,110.0,,
2014,Male,M,55,2178.0,14.51,244.0,4.05,214.0,8.01,367.0,1.4,317.0,69.85,141.0,22.78,163.0,18.65,247.0,1.8,103.0,20.71,171.0,373.56,211.0
2014,Male,M,56,2112.0,14.33,267.0,4.0,206.0,7.34,327.0,1.48,374.0,69.06,158.0,22.54,176.0,16.77,212.0,1.4,40.0,21.7,184.0,385.84,168.0
2014,Male,M,57,2106.0,15.02,183.0,4.24,245.0,7.06,311.0,1.32,263.0,71.44,109.0,23.09,146.0,17.76,230.0,1.8,103.0,28.02,271.0,364.77,245.0
2014,Male,M,58,2105.0,14.29,272.0,4.61,310.0,6.41,273.0,1.36,290.0,69.59,146.0,22.85,159.0,18.06,236.0,1.2,15.0,25.85,241.0,387.47,163.0
2014,Male,M,59,2077.0,14.61,231.0,3.96,199.0,9.22,439.0,1.4,317.0,70.66,124.0,22.13,200.0,19.29,259.0,1.6,70.0,23.24,205.0,440.96,33.0
2014,Male,M,60,2065.0,14.7,220.0,4.51,292.0,7.31,326.0,1.52,404.0,69.1,157.0,27.84,2.0,14.4,169.0,2.0,140.0,21.83,186.0,385.72,169.0
2014,Male,M,61,2037.0,15.26,157.0,3.97,201.0,6.08,253.0,1.36,290.0,69.36,151.0,22.62,172.0,12.79,141.0,1.8,103.0,14.97,95.0,315.49,474.0
2014,Male,M,62,2006.0,15.19,165.0,4.4,273.0,6.22,262.0,1.44,345.0,70.8,121.0,,,20.9,289.0,1.8,103.0,25.76,240.0,374.51,208.0
2014,Male,M,63,1950.0,14.77,212.0,3.912,192.0,7.03,309.0,1.16,165.0,63.94,289.0,29.17,0.0,12.81,141.0,,,15.79,106.0,304.22,536.0
2014,Male,M,64,1925.0,13.72,353.0,4.25,247.0,5.23,204.0,1.32,263.0,62.47,333.0,21.82,220.0,10.97,109.0,1.6,70.0,17.37,126.0,,
2014,Male,M,65,1904.0,14.71,219.0,4.0,206.0,7.88,359.0,1.32,263.0,73.64,71.0,21.52,239.0,20.92,289.0,1.6,70.0,20.41,167.0,449.28,21.0
2014,Male,M,66,1885.0,14.7,220.0,3.86,184.0,7.6,343.0,1.36,290.0,78.5,14.0,25.33,52.0,17.63,228.0,2.0,140.0,28.46,278.0,396.14,136.0
2014,Male,M,67,1840.0,14.63,229.0,3.92,193.0,7.94,363.0,1.32,263.0,77.94,19.0,23.73,115.0,16.96,216.0,2.2,179.0,27.27,261.0,470.72,2.0
2014,Male,M,68,1797.0,14.06,304.0,4.38,269.0,6.33,268.0,1.4,317.0,76.67,31.0,23.48,127.0,14.78,176.0,1.8,103.0,21.21,178.0,446.6,24.0
2014,Male,M,69,1730.0,14.92,194.0,3.89,188.0,7.8,354.0,1.4,317.0,74.28,62.0,23.89,108.0,19.48,262.0,1.8,103.0,18.53,142.0,,
2014,Male,M,70,1631.0,14.53,241.0,3.86,184.0,7.13,315.0,1.32,263.0,79.07,10.0,24.5,82.0,17.76,230.0,1.6,70.0,25.47,236.0,,
2014,Male,M,71,1603.0,14.76,213.0,4.08,219.0,5.08,196.0,1.36,290.0,82.61,0.0,22.52,178.0,13.54,154.0,1.8,103.0,21.36,180.0,421.34,70.0
2014,Male,M,72,1536.0,15.56,127.0,3.68,156.0,6.88,300.0,1.32,263.0,71.28,112.0,28.01,1.0,17.19,220.0,1.6,70.0,17.38,126.0,388.11,161.0
2014,Male,M,73,1433.0,14.89,198.0,4.32,259.0,6.69,289.0,1.24,212.0,80.75,2.0,,,15.04,181.0,2.0,140.0,18.58,142.0,458.82,10.0
2014,Male,M,74,1367.0,13.49,388.0,,,,,,,67.68,190.0,,,19.3,259.0,2.6,264.0,27.63,266.0,,
2014,Male,M,75,1280.0,15.8,105.0,2.86,50.0,6.88,300.0,1.24,212.0,82.21,0.0,29.36,0.0,21.73,305.0,1.6,70.0,25.61,238.0,,
2014,Male,M,76,1241.0,12.62,534.0,4.47,285.0,8.94,422.0,,,,,,,,,,,,,,
2014,Male,M,77,1211.0,,,3.65,152.0,7.06,311.0,1.28,237.0,,,,,15.54,190.0,2.2,179.0,18.54,142.0,,
2014,Male,M,78,1186.0,13.63,367.0,,,,,,,70.77,122.0,,,17.02,217.0,1.8,103.0,35.48,377.0,,
2014,Male,M,79,1185.0,14.94,192.0,3.72,162.0,7.03,309.0,1.2,188.0,85.34,0.0,,,15.08,181.0,,,19.35,153.0,522.25,0.0
2014,Male,M,80,999.0,15.94,94.0,3.17,86.0,7.9,360.0,,,91.72,0.0,,,16.55,208.0,1.4,40.0,23.67,211.0,513.28,0.0
2014,Male,M,81,997.0,16.13,78.0,3.5,130.0,5.91,244.0,1.16,165.0,79.99,5.0,,,15.24,184.0,1.2,15.0,21.07,176.0,,
2014,Male,M,82,957.0,15.39,144.0,3.67,155.0,6.03,251.0,1.16,165.0,79.26,9.0,,,8.48,67.0,,,18.31,139.0,445.04,27.0
2014,Male,M,83,793.0,18.51,0.0,3.1,78.0,5.11,197.0,1.16,165.0,105.2,0.0,,,12.16,129.0,1.2,15.0,23.51,209.0,524.72,0.0
2014,Male,M,84,718.0,18.2,0.0,3.04,70.0,5.9,243.0,1.0,81.0,,,,,15.6,191.0,1.4,40.0,14.86,93.0,,
2014,Male,M,85,652.0,14.59,234.0,,,,,,,83.22,0.0,,,19.21,257.0,,,19.99,161.0,,
2014,Male,M,86,622.0,13.48,390.0,4.16,232.0,,,,,,,,,,,,,,,,
2014,Male,M,87,592.0,15.44,139.0,,,,,,,83.97,0.0,,,16.88,214.0,1.4,40.0,22.76,199.0,,
2014,Male,M,88,181.0,33.0,0.0,,,,,,,,,,,15.04,181.0,,,,,,
2014,Male,M40,1,4316.0,12.93,480.0,5.35,451.0,10.08,490.0,1.52,404.0,60.34,402.0,16.63,663.0,26.28,392.0,2.8,309.0,37.36,404.0,346.58,321.0
2014,Male,M40,2,3961.0,13.58,374.0,4.95,373.0,7.47,335.0,1.52,404.0,60.56,394.0,19.87,360.0,24.22,352.0,3.2,406.0,35.58,378.0,295.68,585.0
2014,Male,M40,3,3947.0,13.02,464.0,5.25,431.0,8.83,416.0,1.44,345.0,56.82,528.0,17.02,622.0,28.28,431.0,3.0,357.0,33.83,353.0,,
2014,Male,M40,4,3721.0,13.39,404.0,5.08,398.0,8.0,366.0,1.64,496.0,64.16,283.0,18.4,486.0,24.49,357.0,2.6,264.0,28.62,280.0,332.44,387.0
2014,Male,M40,5,3451.0,13.39,404.0,4.78,341.0,9.12,433.0,1.44,345.0,65.48,246.0,17.59,564.0,25.77,382.0,3.2,406.0,32.15,330.0,,
2014,Male,M40,6,3437.0,13.87,331.0,4.57,303.0,10.19,497.0,1.52,404.0,62.73,325.0,21.3,254.0,31.18,488.0,3.4,457.0,35.54,378.0,,
2014,Male,M40,7,3397.0,13.84,335.0,4.9,363.0,9.72,469.0,1.44,345.0,64.81,264.0,18.17,508.0,27.11,408.0,2.8,309.0,36.79,396.0,,
2014,Male,M40,8,3284.0,14.1,298.0,4.94,371.0,8.6,402.0,1.48,374.0,65.71,240.0,18.78,452.0,24.52,358.0,2.2,179.0,30.35,304.0,350.12,306.0
2014,Male,M40,9,2989.0,14.03,308.0,4.66,319.0,8.61,403.0,1.4,317.0,65.34,250.0,19.9,357.0,19.48,262.0,2.2,179.0,24.66,225.0,336.28,369.0
2014,Male,M40,10,2808.0,13.93,322.0,4.37,267.0,7.3,325.0,1.44,345.0,63.54,301.0,19.88,359.0,17.3,222.0,1.8,103.0,25.23,233.0,344.4,331.0
2014,Male,M40,11,2731.0,14.68,223.0,4.29,254.0,7.62,344.0,1.48,374.0,66.54,218.0,21.06,270.0,22.22,314.0,2.2,179.0,25.14,231.0,346.1,324.0
2014,Male,M40,12,2681.0,14.36,263.0,4.41,274.0,7.49,336.0,1.4,317.0,67.74,188.0,20.03,347.0,18.96,253.0,1.6,70.0,32.53,335.0,351.92,298.0
2014,Male,M40,13,2632.0,14.68,223.0,4.19,237.0,7.62,344.0,1.32,263.0,67.12,203.0,21.61,233.0,21.3,297.0,2.2,179.0,27.93,270.0,333.32,383.0
2014,Male,M40,14,2619.0,14.21,283.0,4.72,330.0,7.73,350.0,1.4,317.0,66.68,214.0,19.76,368.0,18.88,251.0,1.8,103.0,25.62,238.0,386.96,165.0
2014,Male,M40,15,2580.0,14.0,312.0,4.43,278.0,6.72,291.0,1.44,345.0,71.08,116.0,19.08,425.0,17.66,229.0,2.4,220.0,22.9,201.0,387.52,163.0
2014,Male,M40,16,2541.0,14.54,240.0,3.97,201.0,7.93,362.0,1.4,317.0,65.13,255.0,21.96,211.0,22.11,312.0,1.8,103.0,25.92,242.0,352.02,298.0
2014,Male,M40,17,2536.0,14.13,294.0,4.12,225.0,6.77,294.0,1.36,290.0,66.01,232.0,20.07,344.0,18.82,250.0,2.2,179.0,20.4,167.0,360.73,261.0
2014,Male,M40,18,2356.0,14.88,199.0,4.06,215.0,6.54,280.0,1.44,345.0,69.26,153.0,20.68,297.0,15.64,192.0,2.0,140.0,24.39,221.0,348.18,314.0
2014,Male,M40,19,2262.0,13.98,315.0,4.52,294.0,8.65,405.0,1.28,237.0,73.24,78.0,19.8,365.0,20.04,273.0,1.4,40.0,24.44,222.0,440.82,33.0
2014,Male,M40,20,2196.0,14.84,204.0,4.05,214.0,7.29,324.0,1.32,263.0,70.84,121.0,22.39,185.0,16.25,203.0,2.2,179.0,26.61,252.0,363.22,251.0
2014,Male,M40,21,2123.0,14.01,311.0,4.52,294.0,6.73,291.0,1.36,290.0,66.96,207.0,21.13,265.0,14.02,162.0,1.8,103.0,22.82,200.0,,
2014,Male,M40,22,2116.0,15.11,173.0,3.41,118.0,5.87,241.0,1.36,290.0,65.33,250.0,22.12,201.0,13.98,162.0,1.8,103.0,17.91,133.0,320.94,445.0
2014,Male,M40,23,2114.0,15.25,158.0,3.72,162.0,6.8,296.0,1.4,317.0,68.05,181.0,23.07,147.0,15.0,180.0,1.8,103.0,30.02,299.0,358.42,271.0
2014,Male,M40,24,2099.0,14.33,267.0,3.88,187.0,8.25,381.0,1.16,165.0,70.66,124.0,22.18,197.0,21.46,300.0,2.0,140.0,24.34,220.0,402.33,118.0
2014,Male,M40,25,1995.0,14.54,240.0,4.26,249.0,6.38,271.0,1.36,290.0,67.3,199.0,21.92,213.0,16.74,212.0,2.0,140.0,21.45,181.0,,
2014,Male,M40,26,1856.0,13.29,420.0,,,,,,,64.7,267.0,,,29.14,448.0,3.2,406.0,31.1,315.0,,
2014,Male,M40,27,1784.0,14.16,290.0,4.4,273.0,7.32,326.0,1.36,290.0,,,,,22.23,314.0,1.8,103.0,21.97,188.0,,
2014,Male,M40,28,1736.0,13.08,454.0,4.73,332.0,7.46,334.0,1.48,374.0,65.62,242.0,,,,,,,,,,
2014,Male,M40,29,1715.0,14.63,229.0,3.83,179.0,7.56,340.0,1.24,212.0,82.46,0.0,22.43,183.0,19.77,268.0,1.8,103.0,22.93,201.0,,
2014,Male,M40,30,1708.0,15.44,139.0,3.94,196.0,6.18,259.0,1.32,263.0,,,21.93,213.0,21.74,305.0,2.0,140.0,22.31,193.0,,
2014,Male,M40,31,1428.0,16.09,82.0,3.88,187.0,5.98,248.0,1.4,317.0,91.25,0.0,23.24,139.0,16.2,202.0,2.0,140.0,16.33,113.0,495.03,0.0
2014,Male,M40,32,1389.0,15.58,125.0,3.65,152.0,7.63,344.0,,,79.63,7.0,23.17,142.0,19.16,256.0,2.0,140.0,23.28,206.0,452.36,17.0
2014,Male,M40,33,925.0,20.2,0.0,2.68,32.0,7.29,324.0,1.16,165.0,,,,,20.03,273.0,,,17.72,131.0,,
2014,Male,M40,34,737.0,15.09,175.0,,,,,,,75.26,48.0,,,18.82,250.0,1.8,103.0,20.0,161.0,,
2014,Male,M40,35,527.0,17.9,0.0,3.6,145.0,4.9,185.0,1.2,188.0,79.24,9.0,,,,,,,,,,
2014,Male,M50,1,3488.0,13.31,417.0,4.73,332.0,10.28,502.0,1.4,317.0,61.71,357.0,17.43,580.0,29.46,454.0,2.2,179.0,33.6,350.0,,
2014,Male,M50,2,3020.0,14.03,308.0,4.45,281.0,9.49,455.0,1.48,374.0,71.44,109.0,19.0,432.0,24.91,365.0,3.0,357.0,32.8,339.0,,
2014,Male,M50,3,2965.0,15.36,147.0,4.37,267.0,8.39,389.0,1.6,464.0,70.42,129.0,20.76,292.0,24.84,364.0,2.4,220.0,35.06,371.0,346.46,322.0
2014,Male,M50,4,2150.0,14.32,268.0,3.13,81.0,9.12,433.0,1.48,374.0,74.98,52.0,,,24.81,363.0,2.4,220.0,34.21,359.0,,
2014,Male,M50,5,1875.0,15.86,100.0,3.9,190.0,7.12,314.0,1.24,212.0,73.81,69.0,22.41,184.0,16.6,209.0,2.0,140.0,24.17,218.0,366.36,239.0
2014,Male,M50,6,1800.0,15.28,155.0,3.92,193.0,6.87,300.0,1.28,237.0,72.59,88.0,22.93,155.0,20.92,289.0,1.8,103.0,16.69,117.0,387.56,163.0
2014,Male,M50,7,1618.0,16.81,34.0,3.59,143.0,9.09,431.0,1.2,188.0,83.3,0.0,23.75,114.0,25.62,379.0,1.8,103.0,24.72,226.0,,
2014,Male,M50,8,1599.0,17.04,23.0,3.34,108.0,7.76,352.0,1.32,263.0,85.89,0.0,22.91,156.0,21.94,309.0,1.8,103.0,29.01,285.0,,
2014,Male,M50,9,1496.0,16.3,66.0,3.6,145.0,6.01,249.0,1.28,237.0,78.26,16.0,21.72,226.0,15.58,190.0,1.2,15.0,18.84,146.0,375.06,206.0
2014,Male,M50,10,1424.0,14.44,253.0,3.65,152.0,9.23,440.0,,,,,,,28.06,426.0,,,19.36,153.0,,
2014,Male,M50,11,1423.0,16.58,47.0,3.73,164.0,6.78,294.0,1.28,237.0,87.45,0.0,21.47,242.0,19.37,260.0,1.2,15.0,20.23,164.0,478.83,0.0
2014,Male,M50,12,1269.0,16.33,64.0,3.06,73.0,7.23,321.0,1.08,121.0,81.72,0.0,23.98,104.0,19.89,270.0,1.8,103.0,23.59,210.0,467.9,3.0
2014,Male,M50,13,1152.0,15.39,144.0,1.82,0.0,6.95,304.0,1.0,81.0,83.62,0.0,22.08,204.0,16.65,210.0,1.4,40.0,20.54,169.0,,
2014,Male,M50,14,583.0,16.77,36.0,3.66,153.0,8.47,394.0,,,,,,,,,,,,,,
2014,Male,M60,1,2295.0,15.36,147.0,3.96,199.0,9.6,462.0,1.28,237.0,77.79,20.0,21.18,262.0,28.52,435.0,2.2,179.0,28.36,276.0,417.84,78.0
2014,Male,M60,2,1185.0,18.3,0.0,3.22,93.0,7.86,358.0,1.2,188.0,93.44,0.0,26.5,21.0,17.89,233.0,1.6,70.0,20.22,164.0,427.0,58.0
2014,Male,M60,3,937.0,17.94,0.0,3.11,79.0,6.48,277.0,1.16,165.0,96.52,0.0,25.6,44.0,18.14,237.0,1.4,40.0,14.95,95.0,,
2015,Female,W,1,3547.0,15.72,362.0,3.72,246.0,7.28,353.0,1.2,312.0,68.08,410.0,21.25,407.0,16.55,216.0,2.2,282.0,23.02,345.0,334.34,614.0
2015,Female,W,2,2927.0,15.09,445.0,3.88,281.0,5.62,247.0,1.24,350.0,71.22,317.0,21.8,368.0,16.02,207.0,1.6,110.0,16.14,218.0,378.6,384.0
2015,Female,W,3,2902.0,16.1,317.0,3.75,252.0,8.73,447.0,1.24,350.0,76.52,184.0,24.1,223.0,26.29,393.0,1.4,64.0,23.5,354.0,393.59,318.0
2015,Female,W,4,2619.0,15.88,343.0,4.1,331.0,7.08,340.0,1.28,389.0,82.06,81.0,21.41,395.0,18.68,254.0,1.8,163.0,15.94,214.0,454.76,109.0
2015,Female,W,5,2495.0,16.94,225.0,3.85,274.0,6.8,322.0,1.16,275.0,82.41,75.0,23.33,267.0,21.09,297.0,2.0,221.0,19.42,278.0,407.74,261.0
2015,Female,W,6,2322.0,15.59,379.0,3.59,218.0,7.27,352.0,1.16,275.0,85.41,37.0,21.99,354.0,18.47,250.0,,,20.93,306.0,439.8,151.0
2015,Female,W,7,2221.0,16.28,296.0,3.74,250.0,7.0,335.0,1.24,350.0,90.22,2.0,22.28,335.0,14.86,187.0,1.8,163.0,20.62,300.0,523.04,3.0
2015,Female,W,8,2152.0,16.88,231.0,3.1,124.0,6.88,327.0,1.28,389.0,,,25.19,166.0,17.72,237.0,1.8,163.0,17.5,243.0,404.76,272.0
2015,Female,W,9,2106.0,16.73,247.0,3.5,200.0,6.65,313.0,1.24,350.0,78.53,142.0,25.95,131.0,17.82,239.0,,,17.2,237.0,411.24,247.0
2015,Female,W,10,1947.0,17.28,192.0,3.37,174.0,7.39,360.0,1.12,239.0,83.41,61.0,26.86,94.0,14.63,183.0,1.4,64.0,20.3,294.0,401.35,286.0
2015,Female,W,11,1887.0,16.08,319.0,3.3,161.0,5.82,260.0,1.2,312.0,77.76,158.0,27.77,62.0,11.94,137.0,1.2,25.0,13.76,174.0,403.11,279.0
2015,Female,W,12,1721.0,18.34,104.0,3.31,163.0,5.08,213.0,1.12,239.0,81.5,89.0,26.7,100.0,13.19,158.0,1.4,64.0,18.05,253.0,388.78,338.0
2015,Female,W,13,1674.0,16.17,308.0,3.24,150.0,4.03,148.0,1.16,275.0,80.09,113.0,,,13.39,161.0,,,13.63,172.0,386.82,347.0
2015,Female,W,14,1621.0,16.03,325.0,3.78,259.0,5.71,253.0,1.16,275.0,83.38,62.0,,,17.34,230.0,,,12.98,160.0,478.12,57.0
2015,Female,W,15,1343.0,17.67,157.0,2.81,76.0,5.03,210.0,1.12,239.0,94.04,0.0,25.73,140.0,13.88,170.0,1.4,64.0,12.0,142.0,441.74,145.0
2015,Female,W,16,1270.0,17.55,167.0,3.25,151.0,5.99,271.0,1.16,275.0,89.58,5.0,,,14.1,174.0,1.2,25.0,15.3,202.0,,
2015,Female,W,17,1267.0,17.29,191.0,3.04,114.0,4.52,178.0,1.2,312.0,91.99,0.0,28.12,52.0,14.48,180.0,,,12.72,155.0,464.9,85.0
2015,Female,W,18,1218.0,17.8,146.0,3.15,133.0,5.37,231.0,1.12,239.0,,,28.16,51.0,12.55,147.0,1.4,64.0,12.44,150.0,478.21,57.0
2015,Female,W,19,1205.0,17.72,153.0,2.93,95.0,5.2,221.0,1.16,275.0,,,26.81,95.0,14.2,175.0,,,11.71,137.0,479.66,54.0
2015,Female,W,20,766.0,17.86,141.0,2.86,84.0,4.45,174.0,,,100.97,0.0,30.95,1.0,12.01,138.0,1.4,64.0,11.63,135.0,495.41,29.0
2015,Female,W,21,401.0,17.71,154.0,,,5.61,247.0,,,,,,,,,,,,,,
2015,Female,W,22,324.0,20.04,16.0,,,,,,,104.04,0.0,,,14.14,174.0,1.2,25.0,10.15,109.0,,
2015,Female,W40,1,3758.0,15.42,401.0,4.35,391.0,8.68,443.0,1.4,512.0,76.07,194.0,19.72,527.0,22.95,331.0,1.6,110.0,30.06,478.0,381.52,371.0
2015,Female,W40,2,2807.0,15.99,330.0,3.64,229.0,8.16,410.0,1.32,429.0,79.27,128.0,23.54,255.0,21.52,305.0,2.2,282.0,20.4,296.0,442.46,143.0
2015,Female,W40,3,2607.0,16.23,301.0,3.63,227.0,8.07,404.0,1.36,470.0,87.64,16.0,21.85,364.0,19.02,260.0,2.0,221.0,19.9,287.0,478.22,57.0
2015,Female,W40,4,1844.0,16.83,236.0,3.53,206.0,6.96,332.0,1.12,239.0,98.01,0.0,24.1,223.0,19.3,265.0,1.8,163.0,14.09,180.0,553.04,0.0
2015,Female,W40,5,1712.0,17.0,219.0,2.96,100.0,5.35,230.0,1.12,239.0,,,23.19,276.0,13.47,163.0,1.2,25.0,10.99,124.0,389.34,336.0
2015,Female,W40,6,1266.0,18.44,97.0,2.97,102.0,6.3,290.0,1.04,172.0,95.94,0.0,26.1,124.0,15.58,199.0,1.2,25.0,16.62,226.0,493.37,31.0
2015,Female,W50,1,2747.0,17.01,218.0,3.46,192.0,6.69,315.0,1.2,312.0,75.58,205.0,22.52,319.0,15.96,206.0,2.0,221.0,16.91,232.0,350.01,527.0
2015,Female,W50,2,2392.0,16.41,281.0,3.78,259.0,7.57,372.0,1.08,205.0,79.01,133.0,21.59,382.0,16.43,214.0,1.6,110.0,17.0,233.0,423.38,203.0
2015,Female,W60,1,599.0,21.18,0.0,2.52,36.0,5.51,240.0,0.96,111.0,120.13,0.0,32.45,0.0,11.87,136.0,,,8.32,76.0,591.98,0.0
2015,Female,W60,2,388.0,19.4,41.0,2.98,104.0,5.55,243.0,,,,,,,,,,,,,,
2015,Male,M,1,5405.0,11.95,661.0,5.77,537.0,9.12,433.0,1.84,661.0,52.94,684.0,15.8,755.0,26.08,388.0,3.0,357.0,35.2,373.0,300.7,556.0
2015,Male,M,2,4863.0,12.45,565.0,5.7,523.0,9.66,465.0,1.72,560.0,57.46,504.0,17.17,607.0,25.76,382.0,3.4,457.0,42.38,477.0,346.33,323.0
2015,Male,M,3,4720.0,11.59,734.0,5.92,569.0,9.05,429.0,1.64,496.0,53.96,641.0,16.2,710.0,26.47,395.0,2.8,309.0,39.68,437.0,507.27,0.0
2015,Male,M,4,4515.0,12.45,565.0,5.18,417.0,10.07,490.0,1.72,560.0,58.12,479.0,16.66,660.0,25.06,368.0,2.8,309.0,35.08,371.0,352.4,296.0
2015,Male,M,5,4501.0,12.89,487.0,5.08,398.0,8.64,404.0,1.56,434.0,57.25,511.0,17.4,583.0,21.98,309.0,3.2,406.0,35.83,382.0,295.27,587.0
2015,Male,M,6,4015.0,13.01,466.0,5.12,405.0,9.67,466.0,1.6,464.0,60.03,412.0,19.07,426.0,22.8,325.0,2.8,309.0,32.08,329.0,327.2,413.0
2015,Male,M,7,3736.0,13.39,404.0,4.51,292.0,8.72,409.0,1.48,374.0,60.8,386.0,19.33,404.0,19.11,255.0,2.6,264.0,35.5,377.0,297.98,571.0
2015,Male,M,8,3724.0,13.36,409.0,4.88,360.0,10.72,529.0,1.52,404.0,59.16,442.0,21.05,271.0,23.72,343.0,2.2,179.0,30.22,302.0,313.36,485.0
2015,Male,M,9,3700.0,12.88,488.0,4.99,380.0,8.84,416.0,1.44,345.0,58.7,458.0,19.67,376.0,24.17,351.0,2.4,220.0,26.8,254.0,327.48,412.0
2015,Male,M,10,3654.0,13.19,436.0,4.84,352.0,7.83,356.0,1.68,528.0,63.63,298.0,17.64,559.0,20.76,286.0,2.4,220.0,31.48,320.0,351.62,299.0
2015,Male,M,11,3548.0,13.5,387.0,4.82,348.0,7.78,353.0,1.48,374.0,63.85,292.0,19.48,391.0,24.55,358.0,3.0,357.0,27.66,266.0,325.5,422.0
2015,Male,M,12,3530.0,13.2,434.0,5.09,400.0,7.58,341.0,1.52,404.0,62.6,329.0,19.11,423.0,17.26,221.0,2.8,309.0,32.65,337.0,344.16,332.0
2015,Male,M,13,3511.0,13.41,401.0,4.87,358.0,7.43,333.0,1.72,560.0,61.09,377.0,19.86,360.0,18.47,244.0,2.0,140.0,30.82,311.0,324.46,427.0
2015,Male,M,14,3410.0,13.06,458.0,4.93,369.0,9.01,426.0,1.44,345.0,58.92,451.0,21.84,218.0,21.36,298.0,1.6,70.0,30.27,303.0,315.85,472.0
2015,Male,M,15,3342.0,18.06,0.0,5.1,402.0,7.43,333.0,1.52,404.0,57.23,512.0,19.18,417.0,21.64,303.0,2.2,179.0,25.72,239.0,301.12,553.0
2015,Male,M,16,3168.0,14.65,226.0,4.72,330.0,7.48,336.0,1.48,374.0,64.74,266.0,19.87,360.0,18.42,243.0,2.2,179.0,32.57,336.0,307.45,518.0
2015,Male,M,17,3136.0,14.05,305.0,4.55,299.0,9.62,463.0,1.52,404.0,65.76,238.0,21.38,248.0,22.61,321.0,2.6,264.0,30.53,307.0,354.58,287.0
2015,Male,M,18,3115.0,12.84,495.0,4.6,308.0,10.11,492.0,1.44,345.0,67.55,193.0,19.41,397.0,20.75,286.0,2.4,220.0,30.49,306.0,419.83,73.0
2015,Male,M,19,3091.0,13.88,329.0,4.17,234.0,7.89,360.0,1.24,212.0,61.15,375.0,22.16,199.0,22.29,315.0,2.2,179.0,26.03,244.0,285.77,644.0
2015,Male,M,20,3084.0,13.53,382.0,4.58,304.0,9.29,443.0,1.4,317.0,71.36,111.0,19.96,352.0,27.76,421.0,2.6,264.0,36.62,393.0,409.86,97.0
2015,Male,M,21,3076.0,14.11,297.0,4.05,214.0,8.36,388.0,1.32,263.0,63.09,314.0,22.9,156.0,21.58,302.0,2.4,220.0,29.04,286.0,287.22,636.0
2015,Male,M,22,3063.0,12.99,470.0,3.98,203.0,5.85,240.0,1.56,434.0,63.97,288.0,20.38,320.0,19.42,261.0,2.4,220.0,29.79,296.0,344.36,331.0
2015,Male,M,23,2996.0,13.37,407.0,4.74,333.0,5.52,221.0,1.52,404.0,62.2,341.0,19.62,380.0,13.73,157.0,1.8,103.0,29.42,291.0,338.37,359.0
2015,Male,M,24,2995.0,12.71,518.0,4.68,323.0,6.98,306.0,1.44,345.0,63.15,312.0,20.44,315.0,16.38,205.0,1.8,103.0,23.33,207.0,338.0,361.0
2015,Male,M,25,2985.0,13.22,431.0,4.78,341.0,7.3,325.0,1.52,404.0,63.54,301.0,20.2,334.0,16.77,212.0,2.0,140.0,20.71,171.0,345.61,326.0
2015,Male,M,26,2984.0,13.16,441.0,4.13,227.0,7.35,328.0,1.4,317.0,60.63,392.0,19.88,359.0,20.19,276.0,2.2,179.0,25.92,242.0,370.5,223.0
2015,Male,M,27,2962.0,13.62,368.0,4.94,371.0,7.25,322.0,1.4,317.0,62.46,333.0,21.06,270.0,18.65,247.0,2.2,179.0,25.63,238.0,347.48,317.0
2015,Male,M,28,2960.0,13.6,371.0,4.89,361.0,7.28,324.0,1.32,263.0,63.7,296.0,21.04,272.0,17.88,233.0,2.2,179.0,31.61,322.0,342.64,339.0
2015,Male,M,29,2956.0,13.3,418.0,4.62,312.0,7.31,326.0,1.52,404.0,62.91,319.0,20.94,279.0,13.99,162.0,1.6,70.0,25.76,240.0,324.68,426.0
2015,Male,M,30,2956.0,13.2,434.0,4.62,312.0,8.45,393.0,1.4,317.0,64.81,264.0,20.09,342.0,21.7,304.0,1.8,103.0,24.67,225.0,360.57,262.0
2015,Male,M,31,2950.0,13.92,324.0,4.74,333.0,8.36,388.0,1.4,317.0,65.69,240.0,20.8,289.0,22.13,312.0,2.4,220.0,26.25,247.0,356.1,280.0
2015,Male,M,32,2946.0,13.39,404.0,5.23,427.0,8.04,369.0,1.56,434.0,72.97,82.0,21.12,266.0,13.76,158.0,2.6,264.0,31.71,323.0,371.5,219.0
2015,Male,M,33,2916.0,13.64,365.0,4.46,283.0,6.79,295.0,1.56,434.0,63.62,298.0,21.43,245.0,19.04,254.0,2.2,179.0,24.18,218.0,341.38,345.0
2015,Male,M,34,2872.0,13.87,331.0,4.42,276.0,8.77,412.0,1.44,345.0,66.76,212.0,22.59,174.0,23.7,342.0,2.4,220.0,36.61,393.0,386.13,167.0
2015,Male,M,35,2841.0,14.28,274.0,4.25,247.0,7.8,354.0,1.4,317.0,66.78,212.0,20.74,293.0,17.97,234.0,3.0,357.0,25.96,243.0,349.19,310.0
2015,Male,M,36,2818.0,13.65,363.0,4.55,299.0,6.04,251.0,1.44,345.0,61.43,366.0,21.16,263.0,12.91,143.0,1.8,103.0,23.2,205.0,314.38,480.0
2015,Male,M,37,2817.0,13.48,390.0,5.25,431.0,7.3,325.0,1.56,434.0,67.93,184.0,20.29,327.0,18.76,249.0,2.0,140.0,24.28,220.0,402.72,117.0
2015,Male,M,38,2804.0,13.05,459.0,4.8,345.0,5.68,230.0,1.52,404.0,63.3,308.0,20.67,298.0,12.8,141.0,2.0,140.0,20.07,162.0,347.54,317.0
2015,Male,M,39,2803.0,14.22,282.0,4.63,313.0,8.16,376.0,1.44,345.0,67.38,197.0,22.88,158.0,27.72,420.0,2.4,220.0,26.96,257.0,367.2,235.0
2015,Male,M,40,2787.0,13.31,417.0,4.99,380.0,6.87,300.0,1.48,374.0,63.24,310.0,21.32,252.0,13.2,148.0,1.8,103.0,20.77,172.0,344.41,331.0
2015,Male,M,41,2767.0,14.24,279.0,4.52,294.0,7.62,344.0,1.6,464.0,66.09,230.0,21.16,263.0,19.89,270.0,2.4,220.0,22.6,197.0,375.09,206.0
2015,Male,M,42,2713.0,13.74,350.0,4.52,294.0,6.15,258.0,1.32,263.0,63.37,306.0,20.58,305.0,14.48,171.0,2.0,140.0,21.0,175.0,319.86,451.0
2015,Male,M,43,2710.0,13.78,344.0,4.52,294.0,8.0,366.0,1.32,263.0,67.68,190.0,23.28,137.0,21.48,300.0,2.0,140.0,28.0,271.0,328.87,405.0
2015,Male,M,44,2709.0,14.0,312.0,4.3,255.0,7.72,350.0,1.48,374.0,64.64,269.0,23.9,107.0,20.52,282.0,2.2,179.0,25.92,242.0,342.66,339.0
2015,Male,M,45,2682.0,13.46,393.0,4.68,323.0,9.15,435.0,1.48,374.0,75.07,51.0,20.68,297.0,23.45,337.0,2.4,220.0,25.99,243.0,460.04,9.0
2015,Male,M,46,2671.0,14.1,298.0,4.45,281.0,7.45,334.0,1.48,374.0,70.0,138.0,20.45,314.0,19.72,267.0,2.2,179.0,27.26,261.0,370.05,225.0
2015,Male,M,47,2670.0,13.92,324.0,4.7,326.0,7.87,359.0,1.44,345.0,64.03,286.0,28.27,0.0,22.13,312.0,2.2,179.0,27.57,265.0,357.55,274.0
2015,Male,M,48,2637.0,13.7,356.0,4.81,346.0,7.41,331.0,1.36,290.0,63.72,295.0,22.4,184.0,17.44,224.0,1.4,40.0,24.4,221.0,340.34,350.0
2015,Male,M,49,2625.0,14.54,240.0,4.25,247.0,6.45,275.0,1.36,290.0,63.38,305.0,21.95,212.0,18.83,250.0,2.4,220.0,23.6,210.0,334.89,376.0
2015,Male,M,50,2523.0,14.44,253.0,4.41,274.0,8.23,380.0,1.44,345.0,70.45,128.0,22.48,180.0,22.0,310.0,2.2,179.0,28.09,272.0,376.15,202.0
2015,Male,M,51,2500.0,13.87,331.0,4.37,267.0,8.81,414.0,1.4,317.0,68.69,166.0,22.83,160.0,20.39,279.0,1.8,103.0,29.55,293.0,385.42,170.0
2015,Male,M,52,2482.0,14.06,304.0,4.47,285.0,6.77,294.0,1.44,345.0,67.59,192.0,23.84,110.0,19.1,255.0,2.2,179.0,25.55,237.0,355.92,281.0
2015,Male,M,53,2444.0,13.86,332.0,4.28,252.0,8.59,401.0,1.56,434.0,70.94,119.0,21.99,209.0,22.55,320.0,1.2,15.0,32.05,328.0,440.0,34.0
2015,Male,M,54,2442.0,14.25,278.0,4.25,247.0,6.29,266.0,1.24,212.0,64.45,274.0,24.09,99.0,14.36,168.0,1.4,40.0,27.96,271.0,295.27,587.0
2015,Male,M,55,2440.0,14.63,229.0,4.39,271.0,7.9,360.0,1.4,317.0,68.12,179.0,22.59,174.0,16.34,204.0,2.2,179.0,23.23,205.0,346.38,322.0
2015,Male,M,56,2435.0,15.02,183.0,4.21,240.0,8.08,371.0,1.4,317.0,68.02,182.0,23.47,127.0,21.15,294.0,2.0,140.0,33.12,343.0,366.6,238.0
2015,Male,M,57,2389.0,13.6,371.0,4.65,317.0,6.1,255.0,1.4,317.0,71.09,116.0,20.66,299.0,18.42,243.0,2.2,179.0,21.17,177.0,403.3,115.0
2015,Male,M,58,2378.0,13.89,328.0,4.34,262.0,7.15,316.0,1.44,345.0,62.81,323.0,21.87,217.0,14.96,179.0,1.8,103.0,14.04,83.0,370.78,222.0
2015,Male,M,59,2346.0,13.87,331.0,3.88,187.0,7.69,348.0,1.36,290.0,,,20.98,276.0,23.09,330.0,2.2,179.0,28.75,282.0,400.55,123.0
2015,Male,M,60,2308.0,13.51,385.0,4.42,276.0,6.74,292.0,1.32,263.0,66.13,229.0,21.76,223.0,15.8,194.0,2.0,140.0,17.43,127.0,382.83,179.0
2015,Male,M,61,2302.0,14.34,266.0,3.95,198.0,6.82,297.0,1.48,374.0,69.2,155.0,22.47,180.0,17.0,216.0,2.4,220.0,21.73,185.0,373.75,211.0
2015,Male,M,62,2223.0,14.38,261.0,3.91,191.0,4.9,185.0,1.32,263.0,64.36,277.0,21.67,229.0,12.08,128.0,2.0,140.0,15.35,100.0,320.21,449.0
2015,Male,M,63,2166.0,15.09,175.0,4.46,283.0,7.88,359.0,1.4,317.0,74.31,61.0,23.69,117.0,20.97,290.0,1.8,103.0,35.16,372.0,413.01,89.0
2015,Male,M,64,2104.0,15.24,159.0,4.15,230.0,6.89,301.0,1.44,345.0,69.35,151.0,22.75,165.0,18.55,245.0,1.2,15.0,29.1,287.0,375.14,206.0
2015,Male,M,65,2082.0,12.03,645.0,,,,,,,59.33,436.0,,,21.9,308.0,2.8,309.0,35.96,384.0,,
2015,Male,M,66,2075.0,14.94,192.0,3.94,196.0,6.85,298.0,1.44,345.0,73.9,67.0,22.08,204.0,17.55,227.0,2.0,140.0,27.44,263.0,393.87,143.0
2015,Male,M,67,2073.0,15.25,158.0,4.02,209.0,6.4,272.0,1.32,263.0,68.59,168.0,,,18.55,245.0,1.8,103.0,26.73,253.0,329.49,402.0
2015,Male,M,68,2000.0,15.41,142.0,4.27,250.0,6.88,300.0,1.28,237.0,73.64,71.0,22.48,180.0,16.31,204.0,2.0,140.0,28.37,276.0,376.64,200.0
2015,Male,M,69,1979.0,14.68,223.0,4.15,230.0,7.27,323.0,1.4,317.0,64.3,279.0,23.14,144.0,16.02,198.0,,,27.58,265.0,,
2015,Male,M,70,1899.0,15.17,167.0,4.19,237.0,6.82,297.0,1.28,237.0,74.88,53.0,23.06,148.0,17.7,229.0,2.0,140.0,29.07,286.0,406.96,105.0
2015,Male,M,71,1872.0,14.9,197.0,3.92,193.0,6.94,304.0,1.36,290.0,72.83,84.0,23.03,150.0,17.28,222.0,1.4,40.0,23.98,215.0,383.38,177.0
2015,Male,M,72,1847.0,15.11,173.0,3.86,184.0,9.93,481.0,1.32,263.0,92.91,0.0,,,20.91,289.0,2.0,140.0,25.8,241.0,418.62,76.0
2015,Male,M,73,1829.0,14.81,207.0,4.34,262.0,8.25,381.0,1.28,237.0,74.78,55.0,25.62,43.0,19.08,255.0,1.8,103.0,21.54,182.0,407.3,104.0
2015,Male,M,74,1811.0,14.76,213.0,4.07,217.0,6.35,269.0,1.24,212.0,70.22,133.0,22.1,202.0,15.72,193.0,1.8,103.0,27.82,269.0,,
2015,Male,M,75,1698.0,14.81,207.0,4.357,265.0,6.54,280.0,1.28,237.0,70.99,118.0,23.92,106.0,15.2,184.0,,,20.11,163.0,395.42,138.0
2015,Male,M,76,1643.0,15.24,159.0,3.85,182.0,6.15,258.0,1.32,263.0,75.83,41.0,25.03,62.0,16.19,202.0,2.0,140.0,24.34,220.0,403.08,116.0
2015,Male,M,77,1559.0,15.26,157.0,3.8,174.0,7.8,354.0,1.32,263.0,83.44,0.0,24.35,88.0,17.27,221.0,1.8,103.0,22.81,199.0,486.52,0.0
2015,Male,M,78,1558.0,15.07,178.0,3.54,136.0,6.17,259.0,1.16,165.0,69.91,139.0,24.22,93.0,12.51,136.0,2.0,140.0,19.74,158.0,390.3,154.0
2015,Male,M,79,1550.0,14.86,201.0,4.31,257.0,8.08,371.0,1.4,317.0,79.18,10.0,27.83,2.0,15.75,194.0,,,20.98,175.0,447.8,23.0
2015,Male,M,80,1537.0,13.06,458.0,,,,,,,65.07,257.0,,,25.17,370.0,1.8,103.0,33.52,349.0,,
2015,Male,M,81,1394.0,15.75,110.0,3.65,152.0,5.86,241.0,1.2,188.0,72.33,93.0,26.74,17.0,12.58,137.0,1.6,70.0,20.09,163.0,370.48,223.0
2015,Male,M,82,1354.0,13.45,394.0,4.43,278.0,8.89,419.0,1.32,263.0,,,,,,,,,,,,
2015,Male,M,83,1349.0,14.99,186.0,3.96,199.0,6.1,255.0,1.16,165.0,82.6,0.0,25.56,45.0,17.28,222.0,2.0,140.0,17.92,134.0,468.98,3.0
2015,Male,M,84,1298.0,15.66,118.0,3.28,100.0,7.52,338.0,1.24,212.0,,,,,17.62,228.0,1.8,103.0,20.79,172.0,444.54,27.0
2015,Male,M,85,1288.0,15.12,172.0,3.7,159.0,7.13,315.0,1.24,212.0,82.65,0.0,,,19.44,262.0,,,20.53,168.0,495.4,0.0
2015,Male,M,86,1277.0,16.5,52.0,3.21,91.0,7.16,317.0,1.04,100.0,81.57,0.0,,,19.23,258.0,2.0,140.0,29.12,287.0,441.65,32.0
2015,Male,M,87,1190.0,14.67,224.0,4.03,211.0,5.85,240.0,1.12,142.0,77.78,20.0,,,15.45,188.0,1.4,40.0,17.24,125.0,,
2015,Male,M,88,1184.0,15.79,106.0,3.76,168.0,7.13,315.0,1.2,188.0,91.09,0.0,31.64,0.0,16.58,209.0,1.2,15.0,18.65,143.0,436.6,40.0
2015,Male,M,89,1176.0,17.48,7.0,3.07,74.0,8.41,391.0,1.2,188.0,,,,,21.32,297.0,,,24.23,219.0,,
2015,Male,M,90,1027.0,15.22,161.0,4.11,224.0,6.86,299.0,1.32,263.0,73.08,80.0,,,,,,,,,,
2015,Male,M,91,782.0,14.79,209.0,,,,,,,,,,,17.03,217.0,2.0,140.0,24.01,216.0,,
2015,Male,M,92,716.0,17.35,11.0,2.92,57.0,5.74,234.0,1.16,165.0,93.16,0.0,,,12.91,143.0,,,15.86,106.0,510.65,0.0
2015,Male,M,93,671.0,18.46,0.0,2.7,34.0,5.38,213.0,1.08,121.0,106.3,0.0,,,14.71,175.0,1.4,40.0,14.47,88.0,586.33,0.0
2015,Male,M,94,660.0,13.28,421.0,4.2,239.0,,,,,,,,,,,,,,,,
2015,Male,M,95,599.0,20.85,0.0,3.28,100.0,5.0,191.0,,,146.17,0.0,,,11.72,122.0,1.2,15.0,20.71,171.0,663.9,0.0
2015,Male,M,96,516.0,14.14,293.0,,,,,,,,,,,17.34,223.0,,,,,,
2015,Male,M,97,434.0,16.03,86.0,,,,,,,88.89,0.0,,,13.46,152.0,1.4,40.0,19.6,156.0,,
2015,Male,M40,1,4252.0,12.79,504.0,5.06,394.0,8.78,413.0,1.68,528.0,58.98,449.0,16.83,642.0,21.14,293.0,2.2,179.0,29.4,291.0,300.08,559.0
2015,Male,M40,2,3840.0,14.13,294.0,4.87,358.0,9.56,459.0,1.4,317.0,63.25,309.0,19.72,372.0,33.02,524.0,3.2,406.0,36.56,393.0,328.34,408.0
2015,Male,M40,3,3450.0,13.12,448.0,4.76,337.0,8.4,390.0,1.68,528.0,66.02,231.0,19.62,380.0,22.37,317.0,2.2,179.0,34.32,360.0,356.16,280.0
2015,Male,M40,4,3367.0,13.65,363.0,4.78,341.0,9.08,431.0,1.36,290.0,61.9,351.0,20.64,300.0,25.06,368.0,2.6,264.0,30.13,301.0,338.63,358.0
2015,Male,M40,5,3149.0,14.33,267.0,4.45,281.0,9.05,429.0,1.32,263.0,66.21,226.0,19.73,371.0,25.46,376.0,2.4,220.0,35.07,371.0,341.48,345.0
2015,Male,M40,6,2965.0,14.52,243.0,4.81,346.0,8.86,417.0,1.4,317.0,68.34,174.0,19.41,397.0,22.68,323.0,2.4,220.0,30.4,305.0,370.56,223.0
2015,Male,M40,7,2887.0,14.69,221.0,4.63,313.0,8.96,423.0,1.52,404.0,64.48,273.0,21.04,272.0,17.86,232.0,1.4,40.0,27.46,264.0,321.0,445.0
2015,Male,M40,8,2749.0,14.65,226.0,4.33,261.0,7.02,308.0,1.44,345.0,67.55,193.0,20.17,336.0,19.41,261.0,2.2,179.0,35.05,371.0,358.76,269.0
2015,Male,M40,9,2632.0,14.97,189.0,4.43,278.0,7.54,339.0,1.44,345.0,68.98,160.0,20.94,279.0,19.02,254.0,2.2,179.0,23.7,212.0,330.56,397.0
2015,Male,M40,10,2587.0,14.33,267.0,4.26,249.0,7.8,354.0,1.32,263.0,66.24,226.0,20.76,292.0,20.37,279.0,2.0,140.0,20.85,173.0,341.71,344.0
2015,Male,M40,11,2538.0,12.96,475.0,4.18,235.0,6.81,296.0,1.44,345.0,62.17,342.0,17.82,542.0,19.5,263.0,1.4,40.0,,,,
2015,Male,M40,12,2393.0,13.81,340.0,4.5,290.0,7.5,337.0,1.32,263.0,70.78,122.0,19.59,382.0,18.67,247.0,2.0,140.0,19.6,156.0,403.11,116.0
2015,Male,M40,13,2237.0,15.05,180.0,3.95,198.0,7.8,354.0,1.32,263.0,68.93,161.0,22.61,172.0,19.77,268.0,2.2,179.0,27.15,259.0,375.95,203.0
2015,Male,M40,14,2226.0,14.63,229.0,4.06,215.0,6.63,286.0,1.36,290.0,68.94,160.0,20.48,312.0,19.22,257.0,2.2,179.0,21.8,186.0,404.41,112.0
2015,Male,M40,15,2225.0,14.33,267.0,4.3,255.0,7.63,344.0,1.32,263.0,72.12,97.0,21.03,272.0,21.66,303.0,1.8,103.0,24.1,217.0,407.56,104.0
2015,Male,M40,16,2063.0,14.68,223.0,4.07,217.0,7.9,360.0,,,68.46,171.0,22.28,191.0,22.2,314.0,,,28.62,280.0,349.88,307.0
2015,Male,M40,17,1961.0,15.1,174.0,3.7,159.0,6.94,304.0,1.28,237.0,69.53,148.0,23.8,112.0,16.31,204.0,2.2,179.0,21.25,178.0,359.53,266.0
2015,Male,M40,18,1873.0,14.47,249.0,3.75,167.0,8.47,394.0,1.16,165.0,75.68,43.0,25.11,59.0,23.11,331.0,1.8,103.0,25.18,232.0,398.07,130.0
2015,Male,M40,19,1672.0,14.99,186.0,3.94,196.0,6.88,300.0,1.36,290.0,70.75,122.0,23.26,138.0,17.97,234.0,1.4,40.0,20.37,166.0,,
2015,Male,M40,20,1642.0,14.75,214.0,4.11,224.0,7.98,365.0,1.0,81.0,,,,,19.04,254.0,1.2,15.0,31.21,316.0,384.43,173.0
2015,Male,M40,21,1583.0,16.22,72.0,3.79,173.0,8.19,378.0,1.24,212.0,77.56,22.0,25.9,35.0,17.05,217.0,1.6,70.0,24.08,217.0,380.26,187.0
2015,Male,M40,22,1516.0,16.1,81.0,3.52,133.0,6.74,292.0,1.24,212.0,75.04,51.0,25.28,54.0,16.93,215.0,2.0,140.0,23.05,203.0,396.57,135.0
2015,Male,M40,23,1314.0,15.6,124.0,3.74,165.0,5.61,226.0,1.32,263.0,93.73,0.0,23.62,120.0,16.56,208.0,1.8,103.0,15.73,105.0,527.18,0.0
2015,Male,M40,24,1288.0,14.63,229.0,4.16,232.0,9.06,429.0,1.44,345.0,74.93,53.0,,,,,,,,,,
2015,Male,M40,25,1223.0,17.27,14.0,3.11,79.0,7.62,344.0,1.2,188.0,89.72,0.0,25.18,57.0,21.24,295.0,1.2,15.0,19.95,161.0,421.26,70.0
2015,Male,M40,26,1103.0,16.59,47.0,3.45,123.0,7.26,323.0,1.16,165.0,85.74,0.0,25.77,39.0,14.18,165.0,1.4,40.0,22.79,199.0,469.59,2.0
2015,Male,M40,27,1030.0,14.52,243.0,4.15,230.0,8.05,369.0,1.2,188.0,,,,,,,,,,,,
2015,Male,M40,28,934.0,15.3,153.0,3.92,193.0,8.96,423.0,1.16,165.0,,,,,,,,,,,,
2015,Male,M40,29,923.0,20.87,0.0,2.55,20.0,7.32,326.0,1.24,212.0,,,,,19.27,258.0,,,15.87,107.0,,
2015,Male,M50,1,3806.0,13.78,344.0,4.11,224.0,11.63,584.0,1.36,290.0,66.56,217.0,17.36,587.0,34.7,558.0,3.4,457.0,33.23,345.0,376.82,200.0
2015,Male,M50,2,3486.0,13.31,417.0,4.35,264.0,10.04,488.0,1.32,263.0,63.88,291.0,17.64,559.0,29.98,464.0,2.6,264.0,27.39,263.0,373.27,213.0
2015,Male,M50,3,3319.0,14.94,192.0,4.65,317.0,8.57,400.0,1.6,464.0,67.53,193.0,19.26,410.0,22.29,315.0,2.6,264.0,32.44,334.0,323.88,430.0
2015,Male,M50,4,2950.0,14.33,267.0,4.29,254.0,9.21,438.0,1.4,317.0,70.67,124.0,18.1,515.0,26.22,391.0,2.4,220.0,29.09,286.0,395.43,138.0
2015,Male,M50,5,2878.0,14.11,297.0,4.61,310.0,8.33,386.0,1.48,374.0,72.56,89.0,19.4,398.0,25.76,382.0,2.2,179.0,34.93,369.0,411.04,94.0
2015,Male,M50,6,2205.0,14.63,229.0,4.29,254.0,7.27,323.0,1.28,237.0,69.52,148.0,20.34,323.0,17.47,225.0,2.0,140.0,18.52,142.0,381.12,184.0
2015,Male,M50,7,1922.0,16.32,65.0,4.12,225.0,10.85,537.0,1.44,345.0,86.2,0.0,,,26.18,390.0,2.0,140.0,24.29,220.0,,
2015,Male,M50,8,1817.0,15.35,148.0,3.6,145.0,8.11,373.0,1.32,263.0,76.89,29.0,21.82,220.0,19.91,270.0,2.2,179.0,19.08,149.0,436.02,41.0
2015,Male,M50,9,1504.0,17.03,24.0,3.22,93.0,7.8,354.0,1.24,212.0,87.34,0.0,26.35,24.0,25.82,383.0,1.8,103.0,30.86,311.0,,
2015,Male,M50,10,1300.0,16.8,35.0,2.95,60.0,5.97,247.0,1.12,142.0,74.77,55.0,23.86,109.0,13.43,152.0,1.4,40.0,15.15,97.0,337.43,363.0
2015,Male,M50,11,1214.0,16.14,78.0,3.51,132.0,6.92,303.0,1.16,165.0,79.94,5.0,27.23,9.0,19.86,269.0,1.6,70.0,16.69,117.0,423.18,66.0
2015,Male,M50,12,1189.0,16.62,45.0,3.31,104.0,6.45,275.0,1.16,165.0,90.56,0.0,23.99,103.0,16.54,208.0,1.8,103.0,21.85,186.0,,
2015,Male,M60,1,2424.0,15.79,106.0,4.02,209.0,9.84,476.0,1.32,263.0,76.3,35.0,20.54,308.0,29.15,448.0,2.4,220.0,24.31,220.0,395.1,139.0
2015,Male,M60,2,1279.0,17.21,16.0,3.3,103.0,8.08,371.0,1.16,165.0,83.84,0.0,24.65,76.0,18.12,237.0,1.8,103.0,20.35,166.0,435.25,42.0
2015,Male,M60,3,1061.0,18.78,0.0,2.89,53.0,6.77,294.0,1.2,188.0,98.56,0.0,27.26,8.0,18.25,239.0,1.6,70.0,19.74,158.0,430.4,51.0
2015,Male,M60,4,1058.0,21.62,0.0,2.74,38.0,9.41,450.0,1.04,100.0,123.53,0.0,,,20.9,289.0,1.2,15.0,20.34,166.0,639.12,0.0
2015,Male,M60,5,517.0,19.06,0.0,,,,,,,103.39,0.0,,,20.25,277.0,1.8,103.0,18.15,137.0,,
2016,Female,W,1,4701.0,13.91,618.0,4.67,472.0,9.91,524.0,1.36,470.0,70.81,328.0,18.25,655.0,33.0,519.0,2.4,348.0,33.2,537.0,415.87,230.0
2016,Female,W,2,4231.0,13.41,699.0,4.72,485.0,7.81,387.0,1.4,512.0,62.75,593.0,19.45,549.0,16.35,213.0,1.8,163.0,15.97,214.0,371.73,416.0
2016,Female,W,3,3713.0,15.88,343.0,3.78,259.0,6.9,329.0,1.32,429.0,68.04,412.0,20.71,448.0,15.56,199.0,2.2,282.0,23.08,346.0,325.4,666.0
2016,Female,W,4,2621.0,16.72,248.0,3.67,235.0,6.51,304.0,1.28,389.0,75.91,198.0,23.5,257.0,17.17,227.0,1.8,163.0,15.87,213.0,378.02,387.0
2016,Female,W,5,2605.0,15.63,374.0,3.81,265.0,7.0,335.0,1.24,350.0,79.69,120.0,21.74,372.0,14.93,188.0,1.8,163.0,13.39,167.0,405.0,271.0
2016,Female,W,6,2345.0,15.99,330.0,3.75,252.0,6.06,275.0,1.32,429.0,83.11,65.0,22.67,309.0,14.98,189.0,1.8,163.0,13.15,163.0,433.46,170.0
2016,Female,W,7,2325.0,16.67,253.0,3.26,153.0,7.222,349.0,1.12,239.0,80.46,107.0,24.41,206.0,16.96,224.0,1.4,64.0,24.41,371.0,384.11,359.0
2016,Female,W,8,2259.0,15.67,369.0,3.49,198.0,6.64,312.0,1.2,312.0,92.27,0.0,21.8,368.0,17.09,226.0,1.8,163.0,21.17,311.0,,
2016,Female,W,9,2243.0,16.25,299.0,3.86,276.0,5.87,263.0,1.36,470.0,80.74,102.0,25.31,160.0,10.38,111.0,1.6,110.0,10.32,112.0,388.32,340.0
2016,Female,W,10,1884.0,18.07,124.0,3.26,153.0,5.71,253.0,1.24,350.0,78.57,141.0,28.88,32.0,12.68,149.0,,,16.375,222.0,362.92,460.0
2016,Female,W,11,1681.0,16.27,297.0,4.01,310.0,6.52,304.0,1.12,239.0,87.72,16.0,28.48,42.0,13.11,157.0,1.4,64.0,13.65,172.0,467.04,80.0
2016,Female,W,12,1640.0,16.33,290.0,3.37,174.0,6.08,276.0,1.12,239.0,81.52,89.0,27.51,71.0,13.26,159.0,1.2,25.0,10.6,117.0,424.39,200.0
2016,Female,W,13,1542.0,16.62,258.0,3.41,182.0,5.58,245.0,1.12,239.0,84.34,49.0,28.69,37.0,14.09,173.0,,,14.94,196.0,435.86,163.0
2016,Female,W,14,1497.0,16.97,222.0,3.72,246.0,6.18,283.0,1.2,312.0,86.66,25.0,31.67,0.0,13.79,168.0,1.2,25.0,11.73,137.0,467.6,79.0
2016,Female,W,15,1495.0,17.28,192.0,3.26,153.0,6.27,288.0,1.16,275.0,92.18,0.0,28.22,49.0,12.89,153.0,1.4,64.0,16.66,227.0,460.71,94.0
2016,Female,W,16,1322.0,17.09,210.0,3.34,168.0,5.27,225.0,1.12,239.0,90.94,0.0,26.2,120.0,16.14,209.0,,,9.11,90.0,475.95,61.0
2016,Female,W,17,1280.0,17.4,181.0,3.19,140.0,5.53,242.0,1.08,205.0,83.78,56.0,,,9.01,88.0,,,10.45,114.0,409.31,254.0
2016,Female,W,18,1248.0,17.11,208.0,3.14,131.0,5.01,209.0,1.12,239.0,86.22,29.0,27.1,85.0,10.62,115.0,,,11.79,138.0,460.72,94.0
2016,Female,W,19,1164.0,17.54,168.0,3.43,186.0,5.14,217.0,1.12,239.0,93.04,0.0,29.45,20.0,12.37,144.0,1.2,25.0,10.72,119.0,483.88,46.0
2016,Female,W,20,1119.0,17.03,216.0,3.64,229.0,8.0,399.0,1.16,275.0,,,,,,,,,,,,
2016,Female,W,21,873.0,18.76,76.0,2.92,94.0,4.65,186.0,1.12,239.0,93.09,0.0,28.98,30.0,10.42,111.0,,,,,444.44,137.0
2016,Female,W,22,811.0,16.42,280.0,,,,,,,88.52,10.0,,,17.91,240.0,1.2,25.0,18.22,256.0,,
2016,Female,W,23,563.0,18.07,124.0,,,,,,,108.07,0.0,,,14.08,173.0,1.4,64.0,15.28,202.0,,
2016,Female,W40,1,2988.0,15.57,381.0,3.97,301.0,8.2,412.0,1.36,470.0,83.66,58.0,22.48,321.0,21.73,309.0,2.2,282.0,22.25,331.0,449.69,123.0
2016,Female,W40,2,2497.0,15.99,330.0,3.57,214.0,7.6,374.0,1.2,312.0,80.04,114.0,20.44,469.0,16.89,222.0,1.2,25.0,16.37,222.0,419.95,215.0
2016,Female,W40,3,1283.0,17.88,140.0,3.06,117.0,5.36,231.0,1.24,350.0,93.68,0.0,31.27,0.0,13.72,167.0,1.2,25.0,15.83,212.0,487.14,41.0
2016,Female,W40,4,635.0,24.67,0.0,1.2,0.0,5.96,269.0,0.96,111.0,142.3,0.0,,,12.96,154.0,,,9.71,101.0,822.64,0.0
2016,Female,W50,1,2761.0,17.22,198.0,3.38,176.0,6.48,302.0,1.28,389.0,75.89,198.0,22.55,317.0,15.8,203.0,2.0,221.0,17.5,243.0,352.5,514.0
2016,Male,M,1,5108.0,12.04,643.0,5.42,465.0,9.73,469.0,1.76,593.0,55.64,573.0,15.41,801.0,25.79,382.0,3.0,357.0,38.26,417.0,328.25,408.0
2016,Male,M,2,4308.0,12.24,605.0,5.41,463.0,7.64,345.0,1.6,464.0,54.19,632.0,17.33,590.0,23.09,330.0,2.6,264.0,21.1,176.0,322.12,439.0
2016,Male,M,3,4146.0,13.07,456.0,4.76,337.0,9.5,456.0,1.6,464.0,58.4,469.0,18.45,482.0,27.15,409.0,2.2,179.0,33.15,344.0,301.76,550.0
2016,Male,M,4,4091.0,12.19,614.0,5.33,447.0,10.06,489.0,1.64,496.0,57.67,496.0,20.77,291.0,25.25,372.0,1.6,70.0,40.06,443.0,335.35,373.0
2016,Male,M,5,3970.0,12.57,543.0,5.8,544.0,8.38,389.0,1.56,434.0,59.4,434.0,18.64,464.0,18.25,239.0,2.8,309.0,32.29,332.0,355.68,282.0
2016,Male,M,6,3739.0,12.73,515.0,5.15,411.0,7.15,316.0,1.52,404.0,58.68,459.0,19.87,360.0,20.62,284.0,2.4,220.0,26.1,245.0,306.2,525.0
2016,Male,M,7,3728.0,13.68,359.0,4.85,354.0,7.72,350.0,1.52,404.0,63.27,309.0,18.57,471.0,23.47,338.0,3.2,406.0,31.2,316.0,325.64,421.0
2016,Male,M,8,3723.0,13.2,434.0,4.88,360.0,9.92,481.0,1.48,374.0,59.15,443.0,20.81,288.0,24.9,365.0,1.6,70.0,34.84,368.0,303.52,540.0
2016,Male,M,9,3702.0,13.39,404.0,4.45,281.0,9.02,427.0,1.56,434.0,60.93,382.0,19.92,356.0,17.85,232.0,2.6,264.0,34.83,368.0,301.07,554.0
2016,Male,M,10,3666.0,12.66,527.0,5.26,433.0,8.04,369.0,1.52,404.0,61.68,358.0,19.2,415.0,18.37,242.0,2.4,220.0,33.77,353.0,341.44,345.0
2016,Male,M,11,3657.0,12.34,586.0,5.16,413.0,7.36,328.0,1.44,345.0,58.28,474.0,19.68,375.0,17.58,227.0,2.2,179.0,27.75,268.0,317.75,462.0
2016,Male,M,12,3494.0,12.72,516.0,4.77,339.0,6.51,279.0,1.6,464.0,61.32,369.0,19.26,410.0,20.3,278.0,2.4,220.0,29.61,294.0,345.76,325.0
2016,Male,M,13,3449.0,12.81,501.0,4.81,346.0,7.37,329.0,1.48,374.0,60.08,410.0,18.75,455.0,17.93,234.0,2.4,220.0,25.46,236.0,341.63,344.0
2016,Male,M,14,3389.0,13.43,397.0,4.63,313.0,7.28,324.0,1.48,374.0,60.92,382.0,20.35,322.0,16.01,198.0,2.4,220.0,37.7,409.0,320.1,450.0
2016,Male,M,15,3249.0,13.13,446.0,4.95,373.0,7.13,315.0,1.52,404.0,58.86,453.0,21.52,239.0,17.44,224.0,1.8,103.0,27.14,259.0,323.28,433.0
2016,Male,M,16,3182.0,13.14,444.0,5.25,431.0,6.45,275.0,1.56,434.0,61.96,349.0,19.69,374.0,14.06,163.0,2.2,179.0,29.15,287.0,364.54,246.0
2016,Male,M,17,3156.0,13.45,394.0,5.01,384.0,8.14,375.0,1.4,317.0,64.56,271.0,21.53,238.0,23.49,338.0,2.2,179.0,28.65,280.0,333.87,380.0
2016,Male,M,18,3102.0,13.62,368.0,4.81,346.0,9.58,460.0,1.44,345.0,65.92,234.0,20.63,301.0,26.04,387.0,2.4,220.0,24.4,221.0,371.16,220.0
2016,Male,M,19,3096.0,13.74,350.0,4.75,335.0,8.44,392.0,1.44,345.0,65.35,249.0,20.51,310.0,19.93,271.0,2.4,220.0,33.12,343.0,355.9,281.0
2016,Male,M,20,3091.0,13.38,405.0,4.97,377.0,5.95,246.0,1.48,374.0,62.24,340.0,21.63,232.0,14.44,170.0,2.6,264.0,25.26,233.0,320.08,450.0
2016,Male,M,21,3074.0,13.04,461.0,4.63,313.0,7.89,360.0,1.48,374.0,69.0,159.0,20.76,292.0,20.57,283.0,2.6,264.0,31.39,319.0,363.63,249.0
2016,Male,M,22,3066.0,13.82,338.0,4.8,345.0,7.62,344.0,1.6,464.0,66.04,231.0,19.36,401.0,19.3,259.0,2.4,220.0,25.54,237.0,369.29,227.0
2016,Male,M,23,3052.0,13.37,407.0,4.46,283.0,7.15,316.0,1.48,374.0,61.3,370.0,20.35,322.0,18.91,252.0,1.8,103.0,29.12,287.0,343.02,338.0
2016,Male,M,24,3014.0,13.62,368.0,4.44,280.0,6.9,301.0,1.56,434.0,64.0,287.0,21.04,272.0,20.13,274.0,2.2,179.0,25.41,235.0,333.22,384.0
2016,Male,M,25,3009.0,13.3,418.0,4.52,294.0,5.55,223.0,1.52,404.0,60.44,398.0,19.42,396.0,12.35,133.0,2.0,140.0,15.26,99.0,309.92,504.0
2016,Male,M,26,2960.0,14.39,259.0,4.44,280.0,8.06,370.0,1.48,374.0,65.64,242.0,22.14,200.0,17.36,223.0,2.4,220.0,33.01,342.0,319.96,450.0
2016,Male,M,27,2934.0,13.35,410.0,4.66,319.0,8.94,422.0,1.48,374.0,62.96,318.0,23.3,136.0,20.63,284.0,2.2,179.0,24.8,227.0,359.73,265.0
2016,Male,M,28,2928.0,13.59,373.0,4.65,317.0,8.77,412.0,1.4,317.0,71.13,115.0,19.86,360.0,25.78,382.0,2.4,220.0,35.6,379.0,429.54,53.0
2016,Male,M,29,2921.0,14.04,307.0,4.53,295.0,6.95,304.0,1.44,345.0,62.82,322.0,21.37,249.0,16.15,201.0,1.8,103.0,23.05,203.0,294.41,592.0
2016,Male,M,30,2878.0,13.95,319.0,4.89,361.0,7.75,352.0,1.44,345.0,62.92,319.0,21.93,213.0,21.56,301.0,2.0,140.0,21.06,176.0,339.89,352.0
2016,Male,M,31,2863.0,13.64,365.0,4.42,276.0,9.27,442.0,1.52,404.0,67.77,188.0,21.72,226.0,20.29,277.0,2.2,179.0,33.93,355.0,391.18,151.0
2016,Male,M,32,2816.0,13.37,407.0,4.45,281.0,7.52,338.0,1.44,345.0,67.94,183.0,20.69,297.0,19.69,266.0,2.2,179.0,25.94,243.0,356.84,277.0
2016,Male,M,33,2790.0,14.04,307.0,4.4,273.0,8.69,407.0,1.44,345.0,65.32,250.0,21.74,225.0,21.91,308.0,2.0,140.0,21.95,188.0,340.89,347.0
2016,Male,M,34,2757.0,13.47,391.0,4.33,261.0,8.53,398.0,1.4,317.0,62.96,318.0,21.01,274.0,21.66,303.0,,,28.09,272.0,370.55,223.0
2016,Male,M,35,2756.0,13.66,362.0,4.58,304.0,7.44,333.0,1.4,317.0,64.85,263.0,21.7,227.0,18.57,245.0,1.6,70.0,26.4,249.0,332.8,386.0
2016,Male,M,36,2728.0,14.31,270.0,5.0,382.0,7.24,321.0,1.6,464.0,69.35,151.0,20.44,315.0,18.12,237.0,2.4,220.0,22.87,200.0,386.08,168.0
2016,Male,M,37,2704.0,13.31,417.0,4.87,358.0,7.69,348.0,1.24,212.0,63.99,287.0,22.92,155.0,22.03,310.0,1.4,40.0,25.75,240.0,343.18,337.0
2016,Male,M,38,2677.0,14.37,262.0,4.8,345.0,6.67,288.0,1.36,290.0,64.44,275.0,22.82,161.0,19.83,269.0,1.4,40.0,34.63,365.0,333.54,382.0
2016,Male,M,39,2638.0,13.47,391.0,4.39,271.0,7.88,359.0,1.32,263.0,67.52,194.0,23.55,123.0,22.31,316.0,2.2,179.0,34.31,360.0,381.74,182.0
2016,Male,M,40,2633.0,13.1,451.0,4.55,299.0,6.0,249.0,1.44,345.0,64.52,272.0,21.33,252.0,12.77,140.0,2.0,140.0,22.82,200.0,354.93,285.0
2016,Male,M,41,2607.0,13.85,334.0,4.73,332.0,6.38,271.0,1.48,374.0,68.15,179.0,21.81,220.0,17.49,225.0,2.4,220.0,22.21,191.0,360.85,261.0
2016,Male,M,42,2596.0,13.79,343.0,4.12,225.0,8.17,376.0,1.4,317.0,63.06,315.0,23.01,151.0,18.19,238.0,2.2,179.0,27.51,264.0,380.13,188.0
2016,Male,M,43,2580.0,14.03,308.0,4.86,356.0,7.67,347.0,1.32,263.0,64.6,270.0,22.07,204.0,20.43,280.0,2.0,140.0,26.07,244.0,386.08,168.0
2016,Male,M,44,2566.0,13.46,393.0,4.41,274.0,6.71,290.0,1.44,345.0,64.32,278.0,21.68,229.0,18.52,244.0,1.6,70.0,16.98,121.0,346.4,322.0
2016,Male,M,45,2561.0,14.44,253.0,4.44,280.0,7.44,333.0,1.48,374.0,68.05,181.0,22.35,187.0,16.05,199.0,2.4,220.0,23.45,208.0,345.49,326.0
2016,Male,M,46,2549.0,13.6,371.0,3.98,203.0,6.72,291.0,1.56,434.0,66.0,232.0,24.05,100.0,17.84,232.0,2.4,220.0,22.9,201.0,359.86,265.0
2016,Male,M,47,2535.0,13.31,417.0,3.97,201.0,7.0,307.0,1.44,345.0,64.9,262.0,20.6,303.0,15.84,195.0,2.0,140.0,19.39,153.0,373.32,212.0
2016,Male,M,48,2451.0,14.44,253.0,4.71,328.0,8.68,407.0,1.4,317.0,70.8,121.0,23.35,133.0,20.65,284.0,2.2,179.0,25.22,233.0,377.96,196.0
2016,Male,M,49,2414.0,13.21,433.0,4.9,363.0,7.23,321.0,1.44,345.0,67.8,187.0,22.03,207.0,14.14,165.0,2.2,179.0,,,372.98,214.0
2016,Male,M,50,2376.0,14.21,283.0,4.39,271.0,8.26,382.0,1.32,263.0,64.86,263.0,24.72,73.0,16.95,215.0,1.8,103.0,24.34,220.0,350.7,303.0
2016,Male,M,51,2375.0,13.8,341.0,4.53,295.0,5.86,241.0,1.44,345.0,63.35,306.0,21.85,218.0,13.68,156.0,,,18.69,144.0,344.92,329.0
2016,Male,M,52,2366.0,13.59,373.0,4.73,332.0,7.13,315.0,1.52,404.0,66.44,221.0,,,16.35,205.0,2.6,264.0,26.62,252.0,,
2016,Male,M,53,2358.0,14.16,290.0,4.45,281.0,7.85,357.0,1.36,290.0,67.74,188.0,22.6,173.0,20.07,273.0,1.6,70.0,31.52,321.0,403.5,115.0
2016,Male,M,54,2305.0,14.74,215.0,4.31,257.0,8.05,369.0,1.44,345.0,75.4,46.0,23.52,125.0,23.9,346.0,2.0,140.0,35.78,381.0,416.38,81.0
2016,Male,M,55,2289.0,13.96,318.0,4.88,360.0,7.79,354.0,1.32,263.0,80.5,3.0,20.89,282.0,19.26,258.0,2.0,140.0,25.85,241.0,421.1,70.0
2016,Male,M,56,2268.0,14.13,294.0,4.64,315.0,7.74,351.0,1.32,263.0,72.56,89.0,23.99,103.0,22.68,323.0,2.0,140.0,27.22,260.0,398.1,130.0
2016,Male,M,57,2265.0,13.37,407.0,4.71,328.0,7.68,347.0,1.36,290.0,72.21,95.0,23.58,122.0,17.36,223.0,1.8,103.0,29.9,298.0,430.01,52.0
2016,Male,M,58,2190.0,15.05,180.0,4.25,247.0,8.16,376.0,1.32,263.0,69.84,141.0,23.34,134.0,20.61,284.0,1.6,70.0,25.0,230.0,359.82,265.0
2016,Male,M,59,2130.0,13.73,351.0,4.28,252.0,7.42,332.0,1.12,142.0,68.24,176.0,23.36,133.0,19.32,259.0,1.6,70.0,29.8,296.0,401.98,119.0
2016,Male,M,60,2100.0,14.8,208.0,4.44,280.0,6.55,281.0,1.4,317.0,71.0,117.0,23.18,142.0,15.52,189.0,2.0,140.0,22.21,191.0,367.34,235.0
2016,Male,M,61,2088.0,14.12,295.0,4.5,290.0,7.45,334.0,1.28,237.0,68.9,161.0,25.4,50.0,20.39,279.0,1.4,40.0,32.66,337.0,423.59,65.0
2016,Male,M,62,1992.0,14.25,278.0,4.22,242.0,5.83,239.0,1.52,404.0,72.76,86.0,21.75,224.0,12.84,141.0,1.8,103.0,19.55,155.0,401.5,120.0
2016,Male,M,63,1947.0,15.2,163.0,4.27,250.0,6.67,288.0,1.32,263.0,71.8,102.0,24.49,82.0,14.63,173.0,2.2,179.0,26.6,252.0,378.21,195.0
2016,Male,M,64,1846.0,14.42,255.0,4.04,212.0,5.59,225.0,1.24,212.0,66.69,214.0,24.95,65.0,13.26,149.0,1.6,70.0,,,321.23,444.0
2016,Male,M,65,1826.0,14.06,304.0,4.44,280.0,5.54,222.0,1.44,345.0,75.11,50.0,22.96,153.0,15.62,191.0,2.0,140.0,17.05,122.0,450.44,19.0
2016,Male,M,66,1810.0,14.2,284.0,4.32,259.0,6.04,251.0,1.24,212.0,68.65,167.0,22.74,165.0,17.81,231.0,1.2,15.0,15.72,105.0,401.21,121.0
2016,Male,M,67,1773.0,14.22,282.0,4.17,234.0,6.52,279.0,1.2,188.0,70.18,134.0,22.89,157.0,13.66,156.0,1.8,103.0,15.36,100.0,394.85,140.0
2016,Male,M,68,1763.0,14.27,275.0,4.24,245.0,7.71,349.0,1.44,345.0,80.91,1.0,26.79,16.0,15.31,186.0,1.8,103.0,25.98,243.0,477.01,0.0
2016,Male,M,69,1757.0,15.04,181.0,4.28,252.0,8.1,372.0,1.28,237.0,79.22,9.0,23.5,126.0,16.85,214.0,1.6,70.0,25.8,241.0,428.25,55.0
2016,Male,M,70,1655.0,15.63,121.0,3.85,182.0,7.19,318.0,1.2,188.0,71.57,107.0,23.89,108.0,13.32,150.0,1.8,103.0,19.25,151.0,369.36,227.0
2016,Male,M,71,1654.0,,,,,9.59,461.0,1.52,404.0,,,,,19.95,271.0,2.2,179.0,32.78,339.0,,
2016,Male,M,72,1624.0,15.08,176.0,3.54,136.0,5.65,228.0,1.4,317.0,72.58,89.0,24.03,101.0,13.59,155.0,1.2,15.0,18.08,136.0,358.21,271.0
2016,Male,M,73,1614.0,15.58,125.0,3.95,198.0,7.83,356.0,1.28,237.0,78.56,14.0,23.94,105.0,19.37,260.0,1.8,103.0,23.67,211.0,464.78,5.0
2016,Male,M,74,1597.0,14.88,199.0,4.16,232.0,6.43,274.0,1.24,212.0,75.39,46.0,24.98,64.0,18.65,247.0,2.0,140.0,18.48,141.0,435.55,42.0
2016,Male,M,75,1544.0,15.83,103.0,4.34,262.0,7.0,307.0,,,70.05,137.0,21.94,212.0,18.08,236.0,1.8,103.0,21.65,184.0,,
2016,Male,M,76,1533.0,14.34,266.0,3.88,187.0,6.83,297.0,1.4,317.0,79.88,5.0,33.52,0.0,16.77,212.0,1.6,70.0,20.28,165.0,455.1,14.0
2016,Male,M,77,1513.0,14.59,234.0,4.39,271.0,6.15,258.0,1.28,237.0,73.04,81.0,,,15.35,186.0,1.6,70.0,21.07,176.0,,
2016,Male,M,78,1479.0,14.56,238.0,4.4,273.0,6.45,275.0,,,72.18,96.0,28.36,0.0,16.93,215.0,1.8,103.0,24.21,219.0,425.98,60.0
2016,Male,M,79,1419.0,14.64,228.0,3.81,176.0,6.82,297.0,1.32,263.0,79.02,11.0,26.28,26.0,16.08,200.0,1.8,103.0,15.36,100.0,454.5,15.0
2016,Male,M,80,1395.0,13.42,399.0,,,,,,,63.09,314.0,,,19.27,258.0,1.8,103.0,31.57,321.0,,
2016,Male,M,81,1307.0,13.15,443.0,,,,,,,62.71,326.0,,,16.04,199.0,1.8,103.0,25.44,236.0,,
2016,Male,M,82,1283.0,16.44,56.0,2.99,65.0,7.15,316.0,1.12,142.0,79.79,6.0,,,19.98,272.0,1.8,103.0,29.48,292.0,442.3,31.0
2016,Male,M,83,1265.0,13.14,444.0,,,,,,,69.54,147.0,,,19.34,260.0,2.2,179.0,25.38,235.0,,
2016,Male,M,84,1247.0,17.39,10.0,3.23,94.0,8.09,372.0,1.24,212.0,87.61,0.0,,,23.05,330.0,,,24.95,229.0,546.04,0.0
2016,Male,M,85,1239.0,13.45,394.0,,,,,,,72.79,85.0,,,20.14,275.0,2.2,179.0,30.48,306.0,,
2016,Male,M,86,1205.0,15.88,99.0,3.48,127.0,8.14,375.0,1.12,142.0,83.02,0.0,,,17.37,223.0,,,25.7,239.0,,
2016,Male,M,87,1064.0,,,4.37,267.0,7.98,365.0,1.36,290.0,,,24.73,73.0,,,,,,,421.58,69.0
2016,Male,M,88,912.0,14.59,234.0,,,,,,,,,,,20.0,272.0,2.2,179.0,24.8,227.0,,
2016,Male,M,89,891.0,15.11,173.0,3.75,167.0,6.53,280.0,1.32,263.0,79.49,8.0,,,,,,,,,,
2016,Male,M,90,821.0,17.26,14.0,3.1,78.0,5.32,209.0,1.2,188.0,102.21,0.0,,,15.27,185.0,1.4,40.0,15.93,107.0,570.61,0.0
2016,Male,M,91,711.0,19.62,0.0,3.05,72.0,5.04,193.0,1.16,165.0,116.6,0.0,,,12.25,131.0,,,19.18,150.0,654.81,0.0
2016,Male,M,92,634.0,17.67,3.0,2.99,65.0,5.33,210.0,1.12,142.0,97.31,0.0,,,12.4,134.0,,,13.78,80.0,560.8,0.0
2016,Male,M40,1,4620.0,13.52,383.0,5.4,461.0,8.96,423.0,1.64,496.0,58.66,460.0,18.35,491.0,32.43,512.0,3.4,457.0,37.05,400.0,304.02,537.0
2016,Male,M40,2,4297.0,13.03,463.0,4.97,377.0,8.74,410.0,1.72,560.0,57.31,509.0,16.77,648.0,22.42,318.0,2.2,179.0,26.9,256.0,296.96,577.0
2016,Male,M40,3,3967.0,14.03,308.0,5.03,388.0,8.55,399.0,1.48,374.0,63.88,291.0,18.77,453.0,31.31,490.0,3.4,457.0,37.12,401.0,328.6,406.0
2016,Male,M40,4,3928.0,12.89,487.0,4.76,337.0,8.41,391.0,1.68,528.0,59.12,444.0,18.94,438.0,22.33,316.0,2.8,309.0,34.76,367.0,349.0,311.0
2016,Male,M40,5,3503.0,14.08,301.0,4.73,332.0,8.97,424.0,1.4,317.0,65.47,246.0,17.98,526.0,23.54,339.0,2.8,309.0,35.32,375.0,343.73,334.0
2016,Male,M40,6,3342.0,14.26,276.0,4.82,348.0,8.89,419.0,1.4,317.0,65.74,239.0,18.76,454.0,26.7,400.0,2.6,264.0,31.38,319.0,350.02,306.0
2016,Male,M40,7,3324.0,13.58,374.0,4.7,326.0,8.21,379.0,1.64,496.0,66.51,219.0,18.89,442.0,19.07,255.0,2.6,264.0,28.87,283.0,354.67,286.0
2016,Male,M40,8,3293.0,14.29,272.0,4.22,242.0,6.91,302.0,1.52,404.0,63.94,289.0,18.34,492.0,19.62,265.0,2.8,309.0,26.5,250.0,316.58,468.0
2016,Male,M40,9,3215.0,13.88,329.0,4.6,308.0,7.82,356.0,1.48,374.0,64.19,282.0,18.45,482.0,17.75,230.0,2.8,309.0,25.26,233.0,348.75,312.0
2016,Male,M40,10,3062.0,14.11,297.0,4.91,365.0,8.59,401.0,1.52,404.0,64.51,273.0,20.93,279.0,19.85,269.0,1.6,70.0,30.38,305.0,330.04,399.0
2016,Male,M40,11,3030.0,13.49,388.0,5.02,386.0,7.08,312.0,1.52,404.0,64.04,286.0,20.98,276.0,15.82,195.0,2.2,179.0,25.22,233.0,335.83,371.0
2016,Male,M40,12,2708.0,14.25,278.0,4.62,312.0,7.6,343.0,1.4,317.0,67.24,200.0,19.29,407.0,18.97,253.0,2.0,140.0,27.46,264.0,378.4,194.0
2016,Male,M40,13,2653.0,14.41,257.0,3.93,195.0,6.16,258.0,1.36,290.0,64.26,280.0,20.56,306.0,17.0,216.0,2.2,179.0,27.49,264.0,328.28,408.0
2016,Male,M40,14,2600.0,13.29,420.0,4.5,290.0,7.72,350.0,1.4,317.0,67.97,183.0,19.81,364.0,19.69,266.0,1.8,103.0,22.92,201.0,406.78,106.0
2016,Male,M40,15,2585.0,14.7,220.0,4.5,290.0,8.22,379.0,1.4,317.0,69.73,143.0,21.12,266.0,19.92,271.0,2.0,140.0,26.29,247.0,348.71,312.0
2016,Male,M40,16,2209.0,14.38,261.0,4.11,224.0,7.23,321.0,1.36,290.0,66.93,208.0,,,15.37,187.0,2.2,179.0,23.02,202.0,343.03,337.0
2016,Male,M40,17,2166.0,14.49,246.0,4.3,255.0,7.51,337.0,1.32,263.0,70.72,123.0,21.19,261.0,21.72,304.0,1.6,70.0,23.98,215.0,412.01,92.0
2016,Male,M40,18,2159.0,14.23,280.0,4.33,261.0,8.21,379.0,1.28,237.0,78.75,12.0,19.64,378.0,20.12,274.0,1.8,103.0,22.15,190.0,433.41,45.0
2016,Male,M40,19,2094.0,14.95,191.0,4.5,290.0,6.96,305.0,1.44,345.0,73.4,75.0,23.25,138.0,15.52,189.0,2.2,179.0,24.11,217.0,387.0,165.0
2016,Male,M40,20,2057.0,14.87,200.0,4.02,209.0,7.34,327.0,1.36,290.0,73.36,76.0,21.44,244.0,18.58,246.0,2.2,179.0,18.37,140.0,392.72,146.0
2016,Male,M40,21,2044.0,15.21,162.0,4.25,247.0,7.56,340.0,1.32,263.0,71.17,114.0,24.18,95.0,17.08,218.0,1.6,70.0,22.98,202.0,344.02,333.0
2016,Male,M40,22,2028.0,15.63,121.0,3.93,195.0,6.76,293.0,1.64,496.0,75.67,43.0,22.57,175.0,18.42,243.0,1.6,70.0,23.56,210.0,381.94,182.0
2016,Male,M40,23,1912.0,14.9,197.0,4.1,222.0,7.24,321.0,1.28,237.0,69.3,153.0,25.1,60.0,18.51,244.0,1.2,15.0,19.55,155.0,349.72,308.0
2016,Male,M40,24,1906.0,14.42,255.0,4.0,206.0,5.74,234.0,1.36,290.0,69.7,144.0,23.67,118.0,16.46,207.0,1.8,103.0,21.66,184.0,386.94,165.0
2016,Male,M40,25,1885.0,14.55,239.0,3.99,204.0,9.43,451.0,1.32,263.0,80.59,2.0,26.44,23.0,21.17,294.0,1.8,103.0,30.51,306.0,,
2016,Male,M40,26,1858.0,12.8,502.0,4.47,285.0,6.93,303.0,1.28,237.0,,,,,19.82,269.0,,,27.36,262.0,,
2016,Male,M40,27,1830.0,14.89,198.0,3.68,156.0,7.25,322.0,,,68.59,168.0,22.1,202.0,18.48,244.0,1.6,70.0,23.12,204.0,359.46,266.0
2016,Male,M40,28,1761.0,14.57,236.0,3.88,187.0,6.32,267.0,1.44,345.0,74.23,62.0,22.57,175.0,14.16,165.0,1.2,15.0,20.46,168.0,394.45,141.0
2016,Male,M40,29,1555.0,16.324,64.0,3.72,162.0,7.89,360.0,1.24,212.0,82.71,0.0,24.62,77.0,19.45,262.0,1.6,70.0,23.2,205.0,393.76,143.0
2016,Male,M40,30,1328.0,16.53,51.0,3.58,142.0,6.11,255.0,1.24,212.0,80.53,3.0,24.98,64.0,16.52,208.0,2.0,140.0,21.85,186.0,422.59,67.0
2016,Male,M40,31,1283.0,15.08,176.0,3.73,164.0,7.3,325.0,1.28,237.0,73.65,71.0,,,,,,,17.27,125.0,380.84,185.0
2016,Male,M40,32,1148.0,14.54,240.0,3.48,127.0,6.16,258.0,1.24,212.0,,,,,14.16,165.0,,,18.84,146.0,,
2016,Male,M40,33,1101.0,16.4,59.0,3.46,125.0,6.59,283.0,1.2,188.0,85.52,0.0,25.52,46.0,16.2,202.0,,,21.7,184.0,455.26,14.0
2016,Male,M40,34,1097.0,17.12,20.0,3.33,107.0,6.24,263.0,1.2,188.0,82.5,0.0,24.86,68.0,16.4,205.0,,,23.85,214.0,441.62,32.0
2016,Male,M40,35,747.0,14.51,244.0,4.08,219.0,6.6,284.0,,,,,,,,,,,,,,
2016,Male,M40,36,715.0,17.22,16.0,3.39,115.0,4.59,168.0,1.0,81.0,83.39,0.0,31.09,0.0,11.04,110.0,1.4,40.0,,,380.84,185.0
2016,Male,M50,1,4237.0,13.07,456.0,5.43,467.0,9.43,451.0,1.44,345.0,57.87,489.0,18.18,507.0,28.32,432.0,2.6,264.0,35.35,375.0,319.8,451.0
2016,Male,M50,2,4007.0,13.52,383.0,4.34,262.0,11.76,592.0,1.44,345.0,64.48,273.0,18.26,499.0,36.4,592.0,3.4,457.0,33.75,352.0,363.03,252.0
2016,Male,M50,3,3315.0,14.84,204.0,4.53,295.0,8.77,412.0,1.64,496.0,66.28,225.0,20.38,320.0,21.4,298.0,2.8,309.0,34.86,368.0,332.37,388.0
2016,Male,M50,4,2367.0,14.28,274.0,4.12,225.0,7.85,357.0,1.4,317.0,69.96,138.0,21.45,244.0,24.95,366.0,2.0,140.0,20.21,164.0,394.1,142.0
2016,Male,M50,5,2263.0,14.58,235.0,4.35,264.0,6.42,273.0,1.32,263.0,66.9,209.0,22.26,193.0,16.9,215.0,2.2,179.0,17.53,128.0,350.43,304.0
2016,Male,M50,6,2129.0,14.55,239.0,,,8.11,373.0,1.4,317.0,71.35,111.0,19.62,380.0,23.78,344.0,,,29.43,291.0,419.53,74.0
2016,Male,M50,7,1744.0,15.6,124.0,3.7,159.0,8.37,388.0,1.28,237.0,76.62,32.0,25.03,62.0,19.95,271.0,2.4,220.0,22.44,194.0,427.55,57.0
2016,Male,M50,8,1616.0,15.78,107.0,3.49,129.0,5.1,197.0,1.24,212.0,69.52,148.0,22.3,190.0,13.78,158.0,,,14.2,85.0,331.87,390.0
2016,Male,M50,9,1458.0,15.12,172.0,4.26,249.0,7.45,334.0,1.28,237.0,83.68,0.0,,,21.49,300.0,,,20.38,166.0,,
2016,Male,M50,10,1398.0,17.55,5.0,3.11,79.0,8.64,404.0,1.28,237.0,88.7,0.0,25.83,37.0,22.16,313.0,1.8,103.0,21.44,181.0,437.2,39.0
2016,Male,M50,11,1391.0,16.81,34.0,3.28,100.0,7.5,337.0,1.12,142.0,78.57,14.0,,,20.2,276.0,2.2,179.0,24.92,228.0,416.5,81.0
2016,Male,M50,12,1370.0,16.21,72.0,3.52,133.0,6.4,272.0,1.28,237.0,73.2,78.0,,,18.03,235.0,1.6,70.0,16.75,118.0,390.02,155.0
2016,Male,M50,13,1360.0,15.35,148.0,3.55,137.0,6.34,269.0,1.36,290.0,91.73,0.0,23.94,105.0,18.23,239.0,1.6,70.0,15.54,102.0,514.02,0.0
2016,Male,M50,14,1320.0,15.72,113.0,3.15,84.0,7.29,324.0,1.32,263.0,,,,,20.33,278.0,1.8,103.0,19.56,155.0,,
2016,Male,M50,15,1278.0,16.8,35.0,3.12,80.0,5.74,234.0,1.2,188.0,76.04,38.0,,,13.54,154.0,1.6,70.0,14.59,90.0,332.02,389.0
2016,Male,M60,1,2266.0,15.79,106.0,3.4,116.0,8.87,418.0,1.2,188.0,,,19.43,396.0,31.65,497.0,2.8,309.0,18.44,140.0,410.44,96.0
2016,Male,M60,2,2177.0,15.93,94.0,3.86,184.0,9.57,460.0,1.28,237.0,77.12,27.0,21.23,259.0,24.06,349.0,2.4,220.0,27.65,266.0,416.46,81.0
2016,Male,M60,3,1761.0,16.04,85.0,3.49,129.0,7.15,316.0,1.12,142.0,74.18,63.0,21.33,252.0,26.24,391.0,1.6,70.0,14.92,94.0,371.64,219.0
2016,Male,M60,4,611.0,20.88,0.0,2.82,46.0,9.3,444.0,1.08,121.0,,,,,,,,,,,,
2017,Female,W,1,4407.0,14.16,579.0,4.68,474.0,9.74,512.0,1.32,429.0,71.8,301.0,18.98,590.0,32.14,503.0,2.2,282.0,32.45,523.0,420.45,214.0
2017,Female,W,2,3498.0,15.97,332.0,3.63,227.0,6.81,323.0,1.28,389.0,69.52,366.0,21.45,392.0,18.37,249.0,2.0,221.0,24.1,365.0,330.94,634.0
2017,Female,W,3,3213.0,13.98,607.0,4.16,345.0,5.99,271.0,1.28,389.0,69.59,364.0,20.4,472.0,15.22,193.0,1.6,110.0,17.85,249.0,420.57,213.0
2017,Female,W,4,3023.0,14.44,537.0,3.81,265.0,7.09,341.0,1.32,429.0,71.07,321.0,22.16,343.0,19.21,264.0,1.4,64.0,17.89,250.0,421.85,209.0
2017,Female,W,5,2935.0,14.95,464.0,3.96,299.0,8.57,436.0,1.24,350.0,71.34,313.0,25.54,149.0,19.0,260.0,1.8,163.0,25.57,393.0,455.35,108.0
2017,Female,W,6,2873.0,15.82,350.0,4.15,343.0,7.56,371.0,1.32,429.0,83.82,56.0,22.11,346.0,17.88,240.0,1.8,163.0,26.52,411.0,435.46,164.0
2017,Female,W,7,2575.0,15.59,379.0,3.88,281.0,6.21,285.0,1.12,239.0,76.69,180.0,22.0,354.0,14.41,179.0,1.8,163.0,16.95,232.0,402.02,283.0
2017,Female,W,8,2549.0,15.65,371.0,3.88,281.0,6.24,287.0,1.36,470.0,79.76,119.0,22.78,302.0,15.57,199.0,1.8,163.0,12.14,145.0,421.02,212.0
2017,Female,W,9,2456.0,16.97,222.0,3.28,157.0,5.88,264.0,1.24,350.0,74.66,227.0,25.46,153.0,12.98,154.0,1.2,25.0,19.94,288.0,334.04,616.0
2017,Female,W,10,2239.0,16.33,290.0,3.62,225.0,5.8,259.0,1.36,470.0,79.18,130.0,24.62,194.0,11.9,136.0,1.6,110.0,12.74,155.0,405.28,270.0
2017,Female,W,11,2124.0,16.5,271.0,3.8,263.0,8.43,427.0,1.2,312.0,84.36,49.0,27.4,74.0,18.08,243.0,1.4,64.0,16.21,219.0,423.9,202.0
2017,Female,W,12,2075.0,16.66,254.0,3.45,190.0,7.63,375.0,1.2,312.0,85.67,34.0,27.66,66.0,15.83,204.0,1.6,110.0,19.97,288.0,412.7,242.0
2017,Female,W,13,2061.0,17.36,185.0,3.23,148.0,6.63,311.0,1.28,389.0,81.68,87.0,24.06,225.0,18.91,258.0,,,14.46,187.0,405.17,271.0
2017,Female,W,14,1250.0,17.42,179.0,3.39,178.0,5.04,211.0,1.08,205.0,93.61,0.0,27.19,82.0,12.23,142.0,1.4,64.0,11.66,136.0,480.31,53.0
2017,Female,W,15,1233.0,16.26,298.0,3.63,227.0,7.81,387.0,1.12,239.0,81.94,82.0,,,,,,,,,,
2017,Female,W,16,1216.0,17.74,151.0,3.18,139.0,4.99,208.0,1.16,275.0,93.56,0.0,27.0,88.0,16.59,217.0,,,10.85,121.0,505.09,17.0
2017,Female,W,17,1042.0,17.78,148.0,3.28,157.0,5.47,238.0,1.0,141.0,92.58,0.0,28.92,31.0,11.84,135.0,1.4,64.0,9.27,93.0,490.72,35.0
2017,Female,W,18,758.0,19.52,36.0,2.75,67.0,4.93,204.0,1.04,172.0,99.08,0.0,,,9.21,91.0,,,14.52,188.0,528.95,0.0
2017,Female,W,19,646.0,19.48,38.0,2.72,63.0,3.88,139.0,0.92,84.0,93.51,0.0,,,12.59,148.0,,,9.18,91.0,465.52,83.0
2017,Female,W,20,508.0,19.03,60.0,2.7,60.0,6.09,277.0,0.96,111.0,,,,,,,,,,,,
2017,Female,W40,1,2780.0,15.78,355.0,3.8,263.0,7.55,370.0,1.2,312.0,78.38,145.0,21.4,396.0,17.51,233.0,1.8,163.0,18.63,263.0,402.86,280.0
2017,Female,W40,2,1618.0,16.97,222.0,3.28,157.0,7.58,372.0,1.08,205.0,100.15,0.0,25.91,132.0,17.09,226.0,1.6,110.0,14.85,194.0,538.77,0.0
2017,Female,W40,3,1319.0,17.96,133.0,2.83,80.0,5.88,264.0,1.16,275.0,88.64,10.0,25.84,135.0,11.02,121.0,1.2,25.0,15.07,198.0,467.89,78.0
2017,Female,W40,4,1041.0,19.2,51.0,2.94,97.0,5.72,254.0,0.88,58.0,102.06,0.0,27.27,79.0,16.46,215.0,1.4,64.0,16.25,220.0,522.87,3.0
2017,Female,W40,5,645.0,21.8,0.0,1.76,0.0,5.78,257.0,1.0,141.0,128.68,0.0,,,12.52,147.0,,,9.65,100.0,663.85,0.0
2017,Female,W50,1,2720.0,17.05,214.0,3.7,242.0,6.53,305.0,1.24,350.0,75.68,203.0,22.74,304.0,14.9,187.0,1.8,163.0,17.2,237.0,352.31,515.0
2017,Female,W60,1,576.0,21.29,0.0,2.41,23.0,5.41,234.0,0.92,84.0,121.1,0.0,35.12,0.0,13.37,161.0,,,8.19,74.0,613.96,0.0
2017,Male,M,1,5140.0,12.21,610.0,5.61,504.0,10.21,498.0,1.8,627.0,55.48,580.0,15.42,799.0,26.89,404.0,2.8,309.0,36.69,394.0,326.78,415.0
2017,Male,M,2,5057.0,12.44,567.0,5.6,502.0,10.15,495.0,1.76,593.0,55.39,583.0,16.31,698.0,29.56,456.0,2.8,309.0,31.81,325.0,305.35,529.0
2017,Male,M,3,4480.0,11.64,723.0,5.5,481.0,8.85,417.0,1.52,404.0,56.53,539.0,16.63,663.0,27.5,416.0,2.8,309.0,29.83,297.0,368.28,231.0
2017,Male,M,4,4471.0,12.13,626.0,5.21,423.0,8.66,406.0,1.64,496.0,54.54,617.0,17.11,613.0,23.17,332.0,2.4,220.0,27.32,262.0,315.02,476.0
2017,Male,M,5,4184.0,13.2,434.0,4.82,348.0,8.85,417.0,1.56,434.0,57.48,503.0,17.77,546.0,26.15,389.0,3.0,357.0,36.68,394.0,337.82,362.0
2017,Male,M,6,4141.0,12.71,518.0,4.83,350.0,9.62,463.0,1.52,404.0,59.03,447.0,19.31,406.0,31.32,490.0,3.0,357.0,34.1,357.0,340.44,349.0
2017,Male,M,7,3903.0,12.71,518.0,5.61,504.0,7.73,350.0,1.6,464.0,59.77,421.0,18.04,520.0,16.8,213.0,2.8,309.0,28.95,284.0,346.84,320.0
2017,Male,M,8,3723.0,13.17,439.0,5.14,409.0,6.89,301.0,1.6,464.0,59.39,434.0,20.46,314.0,19.82,269.0,2.0,140.0,41.44,463.0,312.39,490.0
2017,Male,M,9,3602.0,12.84,495.0,4.92,367.0,7.39,330.0,1.52,404.0,58.2,476.0,19.18,417.0,20.34,278.0,2.4,220.0,29.02,285.0,344.73,330.0
2017,Male,M,10,3596.0,13.58,374.0,4.41,274.0,10.19,497.0,1.64,496.0,62.89,320.0,20.73,294.0,24.8,363.0,2.6,264.0,32.58,336.0,334.43,378.0
2017,Male,M,11,3478.0,12.81,501.0,4.45,281.0,6.59,283.0,1.52,404.0,57.51,502.0,19.34,403.0,16.66,210.0,2.2,179.0,17.7,131.0,295.9,584.0
2017,Male,M,12,3474.0,13.65,363.0,4.67,321.0,7.63,344.0,1.48,374.0,63.96,288.0,18.83,447.0,21.95,309.0,2.8,309.0,31.32,318.0,329.76,401.0
2017,Male,M,13,3455.0,12.77,508.0,4.61,310.0,7.74,351.0,1.52,404.0,60.72,389.0,19.46,393.0,20.3,278.0,2.6,264.0,30.22,302.0,362.12,256.0
2017,Male,M,14,3367.0,13.27,423.0,4.58,304.0,10.02,487.0,1.6,464.0,65.46,246.0,21.52,239.0,24.22,352.0,2.0,140.0,37.62,408.0,350.56,304.0
2017,Male,M,15,3363.0,13.37,407.0,4.62,312.0,8.19,378.0,1.56,434.0,61.94,350.0,19.39,399.0,18.92,252.0,2.2,179.0,27.14,259.0,331.34,393.0
2017,Male,M,16,3320.0,13.38,405.0,4.42,276.0,8.5,396.0,1.52,404.0,58.87,452.0,20.95,278.0,20.3,278.0,2.4,220.0,20.35,166.0,321.0,445.0
2017,Male,M,17,3308.0,13.13,446.0,5.02,386.0,6.73,291.0,1.52,404.0,63.18,311.0,20.37,321.0,16.33,204.0,2.0,140.0,32.32,332.0,315.7,473.0
2017,Male,M,18,3295.0,12.9,485.0,4.87,358.0,8.69,407.0,1.56,434.0,67.74,188.0,19.96,352.0,16.69,211.0,2.6,264.0,35.64,379.0,372.14,217.0
2017,Male,M,19,3248.0,13.15,443.0,4.79,343.0,8.51,397.0,1.52,404.0,60.3,403.0,21.55,237.0,15.73,193.0,2.4,220.0,32.06,328.0,356.2,280.0
2017,Male,M,20,3132.0,13.34,412.0,5.0,382.0,7.26,323.0,1.56,434.0,66.83,211.0,20.6,303.0,18.56,245.0,2.2,179.0,30.3,303.0,342.39,340.0
2017,Male,M,21,3055.0,13.25,426.0,4.71,328.0,7.44,333.0,1.44,345.0,67.2,201.0,20.32,324.0,19.65,266.0,2.4,220.0,31.15,315.0,352.26,297.0
2017,Male,M,22,3023.0,13.54,380.0,4.57,303.0,7.48,336.0,1.56,434.0,68.47,171.0,19.54,386.0,19.12,256.0,2.4,220.0,31.49,320.0,372.07,217.0
2017,Male,M,23,3004.0,13.57,376.0,4.55,299.0,8.27,382.0,1.48,374.0,61.62,360.0,23.28,137.0,20.22,276.0,1.6,70.0,28.343,276.0,319.31,454.0
2017,Male,M,24,2976.0,13.64,365.0,4.31,257.0,8.59,401.0,1.32,263.0,64.94,261.0,20.3,326.0,20.27,277.0,2.4,220.0,31.89,326.0,356.22,280.0
2017,Male,M,25,2918.0,13.3,418.0,4.26,249.0,7.0,307.0,1.52,404.0,62.8,323.0,19.58,383.0,15.54,190.0,2.0,140.0,22.8,199.0,350.4,305.0
2017,Male,M,26,2816.0,13.8,341.0,4.57,303.0,6.84,298.0,1.36,290.0,65.4,248.0,21.18,262.0,16.75,212.0,2.2,179.0,29.75,296.0,332.56,387.0
2017,Male,M,27,2800.0,14.33,267.0,4.81,346.0,7.17,317.0,1.48,374.0,64.56,271.0,21.62,232.0,23.56,339.0,2.2,179.0,20.6,169.0,350.02,306.0
2017,Male,M,28,2701.0,14.08,301.0,4.05,214.0,7.3,325.0,1.48,374.0,64.16,283.0,22.73,166.0,16.9,215.0,2.4,220.0,30.52,307.0,352.27,296.0
2017,Male,M,29,2630.0,13.64,365.0,4.25,247.0,7.23,321.0,1.32,263.0,63.42,304.0,21.64,231.0,20.73,286.0,2.2,179.0,27.0,257.0,383.28,177.0
2017,Male,M,30,2609.0,13.65,363.0,4.17,234.0,6.5,278.0,1.24,212.0,62.5,332.0,22.53,177.0,15.38,187.0,2.0,140.0,19.45,154.0,304.82,532.0
2017,Male,M,31,2600.0,13.8,341.0,4.56,301.0,6.72,291.0,1.48,374.0,69.17,155.0,21.6,234.0,20.46,281.0,2.0,140.0,26.9,256.0,369.34,227.0
2017,Male,M,32,2588.0,14.17,289.0,4.7,326.0,7.11,314.0,1.44,345.0,64.44,275.0,21.84,218.0,14.5,171.0,2.0,140.0,,,308.81,510.0
2017,Male,M,33,2585.0,14.05,305.0,4.76,337.0,5.84,240.0,1.44,345.0,63.32,307.0,21.84,218.0,14.64,174.0,1.8,103.0,22.05,189.0,336.74,367.0
2017,Male,M,34,2538.0,13.74,350.0,4.38,269.0,7.72,350.0,1.32,263.0,73.02,81.0,21.06,270.0,20.55,282.0,2.0,140.0,35.98,384.0,391.94,149.0
2017,Male,M,35,2531.0,13.81,340.0,4.18,235.0,7.17,317.0,1.56,434.0,68.35,174.0,22.07,204.0,18.62,246.0,2.2,179.0,24.66,225.0,383.27,177.0
2017,Male,M,36,2491.0,13.88,329.0,4.95,373.0,7.18,318.0,1.48,374.0,69.0,159.0,22.38,186.0,17.43,224.0,2.2,179.0,20.07,162.0,380.48,187.0
2017,Male,M,37,2374.0,13.74,350.0,4.19,237.0,6.54,280.0,1.4,317.0,65.48,246.0,22.14,200.0,15.83,195.0,1.8,103.0,24.0,216.0,368.62,230.0
2017,Male,M,38,2373.0,14.64,228.0,3.61,146.0,9.12,433.0,1.4,317.0,70.35,130.0,22.06,205.0,22.55,320.0,2.0,140.0,29.29,289.0,386.83,165.0
2017,Male,M,39,2371.0,14.18,287.0,4.25,247.0,7.8,354.0,1.36,290.0,71.65,105.0,22.96,153.0,20.92,289.0,2.2,179.0,31.57,321.0,392.95,146.0
2017,Male,M,40,2353.0,13.39,404.0,4.37,267.0,6.37,270.0,1.36,290.0,68.05,181.0,21.17,263.0,16.65,210.0,1.8,103.0,21.19,177.0,379.99,188.0
2017,Male,M,41,2240.0,14.32,268.0,4.03,211.0,7.23,321.0,1.32,263.0,70.86,120.0,23.71,116.0,19.16,256.0,2.0,140.0,26.12,245.0,351.54,300.0
2017,Male,M,42,2238.0,14.74,215.0,4.23,244.0,7.72,350.0,1.44,345.0,76.13,37.0,23.3,136.0,24.1,350.0,2.2,179.0,26.86,255.0,399.0,127.0
2017,Male,M,43,2130.0,14.37,262.0,4.12,225.0,9.78,472.0,1.44,345.0,72.6,88.0,25.74,40.0,20.03,273.0,1.8,103.0,26.47,250.0,420.18,72.0
2017,Male,M,44,2107.0,14.1,298.0,4.29,254.0,6.3,266.0,1.52,404.0,68.0,182.0,23.12,145.0,13.1,146.0,2.2,179.0,13.0,70.0,387.4,163.0
2017,Male,M,45,2103.0,14.91,195.0,3.85,182.0,7.67,347.0,1.28,237.0,69.3,153.0,22.76,164.0,16.08,200.0,2.0,140.0,29.41,291.0,378.48,194.0
2017,Male,M,46,2038.0,13.66,362.0,4.24,245.0,6.18,259.0,1.48,374.0,72.92,83.0,22.54,176.0,14.6,173.0,2.0,140.0,20.49,168.0,426.79,58.0
2017,Male,M,47,1895.0,13.43,397.0,,,7.14,316.0,1.08,121.0,60.19,407.0,22.46,181.0,14.02,162.0,2.0,140.0,20.69,171.0,,
2017,Male,M,48,1756.0,15.52,131.0,4.14,229.0,7.82,356.0,1.28,237.0,78.9,11.0,24.01,102.0,16.76,212.0,2.0,140.0,24.99,229.0,405.64,109.0
2017,Male,M,49,1746.0,14.85,202.0,4.23,244.0,6.03,251.0,1.36,290.0,70.78,122.0,23.34,134.0,13.54,154.0,1.2,15.0,20.0,161.0,384.54,173.0
2017,Male,M,50,1713.0,13.97,316.0,4.65,317.0,5.31,209.0,1.44,345.0,72.62,88.0,25.02,62.0,10.7,104.0,1.4,40.0,20.17,164.0,422.38,68.0
2017,Male,M,51,1708.0,13.02,464.0,4.08,219.0,7.01,308.0,1.44,345.0,61.23,372.0,,,,,,,,,,
2017,Male,M,52,1670.0,14.22,282.0,4.35,264.0,7.12,314.0,1.44,345.0,73.9,67.0,,,17.12,219.0,2.2,179.0,,,,
2017,Male,M,53,1637.0,14.68,223.0,4.17,234.0,7.78,353.0,1.24,212.0,77.09,27.0,27.56,5.0,22.76,324.0,1.6,70.0,22.06,189.0,,
2017,Male,M,54,1636.0,14.83,205.0,3.9,190.0,6.3,266.0,1.28,237.0,74.46,59.0,23.88,108.0,17.96,234.0,1.2,15.0,25.54,237.0,414.81,85.0
2017,Male,M,55,1629.0,15.67,117.0,3.64,150.0,6.9,301.0,1.24,212.0,73.01,81.0,25.17,57.0,13.24,148.0,1.6,70.0,23.66,211.0,355.72,282.0
2017,Male,M,56,1546.0,14.74,215.0,4.09,220.0,6.14,257.0,1.32,263.0,77.02,28.0,24.62,77.0,16.78,212.0,2.0,140.0,17.92,134.0,,
2017,Male,M,57,1498.0,15.06,179.0,3.95,198.0,5.74,234.0,1.12,142.0,71.06,116.0,23.32,135.0,14.5,171.0,2.0,140.0,16.1,110.0,419.8,73.0
2017,Male,M,58,1423.0,13.52,383.0,4.17,234.0,6.04,251.0,1.28,237.0,62.95,318.0,,,,,,,,,,
2017,Male,M,59,1258.0,16.37,61.0,3.33,107.0,6.89,301.0,1.16,165.0,80.43,3.0,,,17.55,227.0,1.8,103.0,25.76,240.0,430.42,51.0
2017,Male,M,60,1212.0,14.46,250.0,4.27,250.0,5.96,246.0,1.4,317.0,69.48,149.0,,,,,,,,,,
2017,Male,M,61,1210.0,14.78,211.0,3.82,177.0,6.38,271.0,1.28,237.0,73.53,73.0,,,16.14,201.0,1.4,40.0,,,,
2017,Male,M,62,1181.0,14.24,279.0,,,,,,,61.56,362.0,,,19.22,257.0,2.0,140.0,18.65,143.0,,
2017,Male,M,63,1091.0,15.9,97.0,3.59,143.0,6.13,256.0,1.28,237.0,71.34,111.0,34.32,0.0,13.54,154.0,,,11.56,52.0,435.86,41.0
2017,Male,M,64,1069.0,15.72,113.0,3.7,159.0,6.13,256.0,1.2,188.0,,,26.21,28.0,12.73,139.0,,,21.08,176.0,459.07,10.0
2017,Male,M,65,1008.0,14.95,191.0,3.87,185.0,7.59,342.0,1.36,290.0,,,,,,,,,,,,
2017,Male,M,66,987.0,15.71,113.0,3.31,104.0,5.75,234.0,1.0,81.0,86.48,0.0,,,15.12,182.0,1.6,70.0,20.23,164.0,437.16,39.0
2017,Male,M,67,870.0,15.56,127.0,3.88,187.0,5.79,237.0,1.28,237.0,72.97,82.0,,,,,,,,,,
2017,Male,M,68,861.0,16.38,60.0,3.63,149.0,4.27,149.0,1.0,81.0,76.64,32.0,,,9.91,91.0,,,12.26,60.0,366.36,239.0
2017,Male,M,69,809.0,17.18,17.0,3.0,66.0,5.8,237.0,1.16,165.0,111.99,0.0,,,14.52,171.0,1.4,40.0,16.33,113.0,,
2017,Male,M,70,687.0,17.62,4.0,2.73,37.0,5.79,237.0,1.16,165.0,,,,,13.17,147.0,,,15.1,97.0,536.36,0.0
2017,Male,M,71,219.0,,,,,,,,,,,,,13.12,146.0,,,13.28,73.0,693.3,0.0
2017,Male,M40,1,3862.0,13.1,451.0,4.77,339.0,8.4,390.0,1.68,528.0,58.74,457.0,17.81,543.0,20.42,280.0,2.2,179.0,24.17,218.0,314.86,477.0
2017,Male,M40,2,3636.0,12.92,481.0,4.64,315.0,9.1,432.0,1.64,496.0,62.65,327.0,19.24,412.0,24.82,364.0,2.6,264.0,31.57,321.0,370.18,224.0
2017,Male,M40,3,3424.0,13.45,394.0,4.44,280.0,7.98,365.0,1.36,290.0,61.34,369.0,20.3,326.0,23.32,335.0,2.2,179.0,27.76,268.0,290.12,618.0
2017,Male,M40,4,3260.0,14.02,309.0,4.81,346.0,8.94,422.0,1.4,317.0,66.19,227.0,18.75,455.0,26.6,398.0,2.6,264.0,32.47,334.0,380.0,188.0
2017,Male,M40,5,3107.0,14.5,245.0,4.23,244.0,8.91,420.0,1.36,290.0,68.62,168.0,18.88,443.0,22.29,315.0,2.6,264.0,35.21,373.0,341.47,345.0
2017,Male,M40,6,2855.0,14.04,307.0,4.72,330.0,7.22,320.0,1.44,345.0,65.9,235.0,20.1,341.0,19.21,257.0,1.6,70.0,33.24,345.0,350.26,305.0
2017,Male,M40,7,2832.0,13.68,359.0,5.0,382.0,7.87,359.0,1.64,496.0,66.84,210.0,18.89,442.0,20.66,284.0,1.4,40.0,27.17,260.0,,
2017,Male,M40,8,2706.0,14.47,249.0,4.57,303.0,8.61,403.0,1.44,345.0,67.49,194.0,20.86,284.0,17.86,232.0,1.8,103.0,29.1,287.0,350.06,306.0
2017,Male,M40,9,2643.0,13.99,314.0,4.53,295.0,5.09,196.0,1.32,263.0,64.59,270.0,20.51,310.0,15.59,191.0,2.0,140.0,25.77,240.0,325.07,424.0
2017,Male,M40,10,2639.0,13.18,438.0,4.22,242.0,7.17,317.0,1.56,434.0,64.02,287.0,19.2,415.0,18.3,240.0,,,27.63,266.0,,
2017,Male,M40,11,2459.0,14.69,221.0,4.26,249.0,8.23,380.0,1.24,212.0,68.19,178.0,21.3,254.0,19.72,267.0,1.8,103.0,22.69,198.0,330.39,397.0
2017,Male,M40,12,2337.0,14.7,220.0,4.29,254.0,7.39,330.0,1.32,263.0,69.94,139.0,21.58,235.0,20.09,274.0,2.4,220.0,22.58,196.0,375.1,206.0
2017,Male,M40,13,2317.0,14.7,220.0,4.16,232.0,8.49,395.0,1.4,317.0,,,19.96,352.0,23.28,334.0,2.2,179.0,29.17,288.0,,
2017,Male,M40,14,2243.0,14.42,255.0,4.46,283.0,7.32,326.0,1.44,345.0,73.38,75.0,21.38,248.0,17.53,226.0,2.4,220.0,27.53,265.0,495.65,0.0
2017,Male,M40,15,2140.0,14.9,197.0,4.11,224.0,6.97,306.0,1.44,345.0,70.1,136.0,21.54,238.0,17.22,220.0,2.0,140.0,21.35,180.0,390.24,154.0
2017,Male,M40,16,2047.0,14.8,208.0,4.26,249.0,7.16,317.0,1.48,374.0,74.95,52.0,20.82,287.0,18.22,239.0,1.4,40.0,21.0,175.0,406.73,106.0
2017,Male,M40,17,1956.0,14.62,230.0,,,7.42,332.0,1.4,317.0,68.91,161.0,,,17.03,217.0,2.8,309.0,23.34,207.0,381.66,183.0
2017,Male,M40,18,1915.0,15.16,168.0,4.09,220.0,6.52,279.0,1.44,345.0,76.34,35.0,21.56,236.0,15.29,185.0,2.0,140.0,23.65,211.0,410.62,96.0
2017,Male,M40,19,1891.0,14.7,220.0,3.9,190.0,8.55,399.0,1.52,404.0,68.8,164.0,,,20.49,281.0,1.2,15.0,24.19,218.0,,
2017,Male,M40,20,1837.0,14.49,246.0,4.18,235.0,7.01,308.0,1.28,237.0,83.0,0.0,20.29,327.0,19.35,260.0,1.4,40.0,20.78,172.0,456.85,12.0
2017,Male,M40,21,1547.0,14.47,249.0,4.06,215.0,6.07,253.0,1.28,237.0,73.68,71.0,25.46,48.0,16.94,215.0,1.8,103.0,14.63,91.0,423.7,65.0
2017,Male,M40,22,1519.0,15.21,162.0,3.81,176.0,6.87,300.0,1.24,212.0,73.87,68.0,25.63,43.0,15.72,193.0,1.8,103.0,25.57,237.0,446.36,25.0
2017,Male,M40,23,1447.0,16.13,78.0,3.77,170.0,7.86,358.0,1.16,165.0,77.82,20.0,26.5,21.0,19.83,269.0,1.6,70.0,23.33,207.0,413.33,89.0
2017,Male,M40,24,1396.0,14.49,246.0,,,9.08,431.0,,,,,,,27.18,409.0,1.4,40.0,27.93,270.0,,
2017,Male,M40,25,1371.0,15.75,110.0,3.6,145.0,6.31,267.0,1.28,237.0,75.96,39.0,24.11,98.0,13.88,160.0,1.6,70.0,21.37,180.0,423.37,65.0
2017,Male,M40,26,1334.0,16.16,76.0,3.17,86.0,6.22,262.0,1.28,237.0,78.16,17.0,23.12,145.0,16.96,216.0,1.2,15.0,20.98,175.0,407.06,105.0
2017,Male,M40,27,1211.0,16.46,55.0,3.48,127.0,5.89,242.0,1.0,81.0,73.86,68.0,29.08,0.0,12.54,136.0,1.4,40.0,15.73,105.0,338.77,357.0
2017,Male,M40,28,1189.0,16.1,81.0,3.04,70.0,7.01,308.0,1.2,188.0,,,,,17.83,232.0,2.0,140.0,20.63,170.0,,
2017,Male,M40,29,1060.0,,,,,8.56,400.0,1.2,188.0,,,,,18.76,249.0,,,24.5,223.0,,
2017,Male,M40,30,1053.0,16.32,65.0,3.54,136.0,6.45,275.0,1.2,188.0,80.46,3.0,26.48,22.0,13.05,145.0,,,14.74,92.0,399.14,127.0
2017,Male,M50,1,3828.0,13.54,380.0,4.34,262.0,10.9,540.0,1.4,317.0,63.63,298.0,18.72,457.0,33.54,535.0,3.4,457.0,30.56,307.0,357.39,275.0
2017,Male,M50,2,2817.0,14.89,198.0,4.51,292.0,8.63,404.0,1.52,404.0,69.85,141.0,20.69,297.0,20.88,289.0,2.6,264.0,35.52,378.0,391.56,150.0
2017,Male,M50,3,2507.0,14.66,225.0,4.0,206.0,8.95,423.0,1.32,263.0,69.12,156.0,20.26,329.0,20.8,287.0,2.4,220.0,22.01,189.0,374.2,209.0
2017,Male,M50,4,2506.0,14.14,293.0,4.13,227.0,9.04,428.0,1.32,263.0,68.12,179.0,21.44,244.0,25.33,373.0,2.0,140.0,19.08,149.0,373.88,210.0
2017,Male,M50,5,2343.0,16.53,51.0,4.53,295.0,7.94,363.0,1.32,263.0,76.53,33.0,21.48,242.0,26.83,402.0,2.4,220.0,35.42,376.0,409.48,98.0
2017,Male,M50,6,2286.0,15.2,163.0,4.22,242.0,9.22,439.0,1.44,345.0,75.64,43.0,19.08,425.0,23.23,333.0,,,29.8,296.0,,
2017,Male,M50,7,2090.0,14.94,192.0,4.25,247.0,6.93,303.0,1.32,263.0,69.54,147.0,22.28,191.0,17.63,228.0,2.2,179.0,17.5,128.0,373.44,212.0
2017,Male,M50,8,1968.0,14.95,191.0,4.1,222.0,7.6,343.0,1.2,188.0,70.34,131.0,22.58,174.0,20.8,287.0,1.6,70.0,24.56,223.0,395.25,139.0
2017,Male,M50,9,1688.0,15.44,139.0,4.0,206.0,8.15,375.0,1.32,263.0,82.42,0.0,23.28,137.0,22.27,315.0,1.8,103.0,19.16,150.0,,
2017,Male,M50,10,1538.0,16.79,35.0,3.43,121.0,8.41,391.0,1.28,237.0,88.08,0.0,26.16,29.0,22.85,326.0,2.0,140.0,24.32,220.0,436.9,39.0
2017,Male,M50,11,1413.0,18.52,0.0,3.26,98.0,7.96,364.0,1.28,237.0,,,26.48,22.0,20.55,282.0,1.6,70.0,30.03,300.0,436.66,40.0
2017,Male,M50,12,1337.0,16.33,64.0,3.67,155.0,6.5,278.0,1.36,290.0,117.71,0.0,25.88,36.0,19.89,270.0,2.0,140.0,15.66,104.0,,
2017,Male,M50,13,1191.0,16.9,30.0,3.05,72.0,5.46,218.0,1.08,121.0,75.17,49.0,,,11.9,125.0,1.6,70.0,17.41,127.0,334.15,379.0
2017,Male,M50,14,1133.0,16.42,58.0,3.28,100.0,7.11,314.0,1.24,212.0,,,,,16.9,215.0,1.8,103.0,17.75,131.0,,
2017,Male,M50,15,1055.0,17.6,4.0,3.18,88.0,6.6,284.0,1.12,142.0,82.73,0.0,25.91,35.0,18.34,241.0,,,16.03,109.0,390.88,152.0
2017,Male,M50,16,720.0,15.37,146.0,,,,,,,,,,,20.25,277.0,2.0,140.0,19.66,157.0,,
2017,Male,M50,17,639.0,15.28,155.0,4.0,206.0,6.5,278.0,,,,,,,,,,,,,,
2017,Male,M60,1,2037.0,16.27,68.0,3.69,158.0,9.39,449.0,1.28,237.0,84.52,0.0,21.16,263.0,28.76,440.0,2.2,179.0,25.35,234.0,460.06,9.0
2017,Male,M60,2,1445.0,16.14,78.0,3.78,171.0,7.56,340.0,1.28,237.0,76.34,35.0,25.96,34.0,18.15,238.0,1.8,103.0,15.44,101.0,406.02,108.0
2017,Male,M60,3,1253.0,16.81,34.0,3.18,88.0,6.01,249.0,1.2,188.0,81.66,0.0,23.27,137.0,17.72,230.0,1.6,70.0,15.92,107.0,391.49,150.0
2017,Male,M60,4,577.0,21.54,0.0,,,6.64,286.0,0.92,47.0,,,,,17.0,216.0,,,9.63,28.0,,
2017,Male,M60,5,457.0,19.98,0.0,,,,,,,115.55,0.0,,,18.55,245.0,1.6,70.0,18.57,142.0,,
2018,Female,W,1,4390.0,15.29,418.0,4.47,421.0,9.38,489.0,1.4,512.0,70.44,339.0,18.38,643.0,26.032,388.0,2.6,417.0,26.85,417.0,387.13,346.0
2018,Female,W,2,4082.0,14.94,465.0,4.51,431.0,9.75,513.0,1.28,389.0,74.85,222.0,18.86,600.0,33.23,524.0,2.4,348.0,29.37,465.0,448.78,125.0
2018,Female,W,3,3233.0,15.08,446.0,3.86,276.0,6.19,283.0,1.24,350.0,67.31,435.0,22.55,317.0,16.14,209.0,1.4,64.0,21.52,317.0,348.25,536.0
2018,Female,W,4,2689.0,15.91,339.0,3.31,163.0,6.93,331.0,1.28,389.0,76.24,190.0,22.27,335.0,16.41,214.0,1.6,110.0,25.99,401.0,419.59,217.0
2018,Female,W,5,2668.0,15.28,419.0,3.81,265.0,6.6,309.0,1.28,389.0,64.27,538.0,23.58,252.0,13.65,166.0,1.4,64.0,13.52,170.0,460.16,96.0
2018,Female,W,6,2508.0,15.82,350.0,3.89,283.0,8.98,463.0,1.4,512.0,,,,,22.7,327.0,1.8,163.0,26.47,410.0,,
2018,Female,W,7,2430.0,16.61,259.0,3.74,250.0,7.34,357.0,1.32,429.0,82.05,81.0,22.46,323.0,16.69,219.0,1.4,64.0,13.96,178.0,405.19,270.0
2018,Female,W,8,2296.0,15.39,404.0,3.98,303.0,4.76,193.0,1.28,389.0,74.44,232.0,21.04,423.0,10.05,105.0,,,9.24,93.0,438.84,154.0
2018,Female,W,9,2171.0,17.12,207.0,3.69,239.0,6.58,308.0,1.16,275.0,78.45,144.0,23.67,247.0,13.09,156.0,1.2,25.0,15.33,203.0,382.26,367.0
2018,Female,W,10,2151.0,15.84,348.0,3.77,257.0,5.54,242.0,1.32,429.0,77.64,160.0,22.13,345.0,14.61,182.0,,,12.15,145.0,486.09,43.0
2018,Female,W,11,2137.0,16.51,270.0,,,5.95,268.0,1.12,239.0,75.24,213.0,22.37,329.0,15.6,200.0,,,15.73,210.0,373.58,408.0
2018,Female,W,12,1910.0,18.11,121.0,3.32,165.0,5.69,252.0,1.28,389.0,85.73,34.0,23.76,242.0,13.13,157.0,1.6,110.0,14.15,181.0,408.06,259.0
2018,Female,W,13,1282.0,17.95,134.0,3.27,155.0,5.4,233.0,1.12,239.0,88.53,10.0,27.85,60.0,13.73,167.0,1.2,25.0,12.01,142.0,451.64,117.0
2018,Female,W,14,1198.0,19.62,31.0,3.18,139.0,5.35,230.0,1.04,172.0,92.32,0.0,27.74,63.0,13.76,168.0,1.4,64.0,13.82,175.0,438.02,156.0
2018,Female,W,15,1109.0,19.02,61.0,2.77,70.0,5.67,250.0,1.2,312.0,93.72,0.0,30.15,9.0,12.02,138.0,1.4,64.0,12.63,153.0,481.02,52.0
2018,Female,W,16,1053.0,18.83,72.0,2.8,75.0,6.31,291.0,1.08,205.0,91.29,0.0,30.15,9.0,11.63,132.0,1.2,25.0,14.29,184.0,476.45,60.0
2018,Female,W,17,1036.0,20.33,8.0,3.93,292.0,4.48,176.0,1.08,205.0,96.64,0.0,29.91,12.0,13.8,168.0,,,10.13,108.0,472.85,67.0
2018,Female,W,18,794.0,19.54,35.0,2.81,76.0,5.41,234.0,0.92,84.0,96.14,0.0,28.22,49.0,12.59,148.0,,,10.2,110.0,477.63,58.0
2018,Female,W,19,785.0,18.62,85.0,2.91,92.0,5.25,224.0,1.04,172.0,107.44,0.0,,,11.3,126.0,,,8.87,86.0,,
2018,Female,W,20,755.0,20.57,3.0,2.6,46.0,5.15,218.0,1.0,141.0,100.45,0.0,,,10.01,105.0,,,15.64,208.0,491.51,34.0
2018,Female,W,21,709.0,20.87,0.0,2.51,35.0,5.52,241.0,0.96,111.0,107.59,0.0,,,13.91,170.0,,,10.82,121.0,493.82,31.0
2018,Female,W,22,354.0,18.94,66.0,,,,,,,85.89,32.0,,,9.68,99.0,1.4,64.0,9.26,93.0,,
2018,Female,W40,1,550.0,22.73,0.0,1.85,0.0,5.52,241.0,0.96,111.0,138.1,0.0,,,11.96,137.0,,,7.45,61.0,678.25,0.0
2018,Female,W50,1,2718.0,17.41,180.0,3.58,216.0,6.37,295.0,1.24,350.0,77.69,159.0,22.21,339.0,15.8,203.0,2.0,221.0,17.4,241.0,352.43,514.0
2018,Female,W50,2,710.0,20.8,0.0,2.42,25.0,5.54,242.0,0.88,58.0,98.21,0.0,25.94,131.0,9.76,100.0,,,9.95,105.0,482.71,49.0
2018,Female,W50,3,514.0,21.52,0.0,2.35,17.0,4.96,206.0,0.92,84.0,115.86,0.0,31.92,0.0,11.25,125.0,,,8.65,82.0,725.64,0.0
2018,Female,W60,1,618.0,21.84,0.0,2.56,41.0,5.18,220.0,0.96,111.0,120.89,0.0,30.69,3.0,11.96,137.0,,,10.0,106.0,604.55,0.0
2018,Female,W60,2,471.0,22.26,0.0,2.19,4.0,4.72,191.0,1.0,141.0,109.2,0.0,29.77,15.0,6.6,50.0,,,7.96,70.0,601.56,0.0
2018,Male,M,1,4652.0,12.99,470.0,5.56,494.0,9.5,456.0,1.68,528.0,56.98,522.0,18.22,503.0,24.92,366.0,2.8,309.0,35.1,372.0,287.78,632.0
2018,Male,M,2,4611.0,12.93,480.0,5.72,527.0,9.54,458.0,1.76,593.0,58.62,461.0,15.32,811.0,24.19,352.0,3.0,357.0,32.38,333.0,366.2,239.0
2018,Male,M,3,4526.0,12.97,473.0,5.25,431.0,8.58,401.0,1.56,434.0,56.26,549.0,17.02,622.0,26.06,388.0,3.0,357.0,33.99,356.0,307.96,515.0
2018,Male,M,4,4345.0,13.2,434.0,5.92,569.0,8.31,385.0,1.64,496.0,56.64,535.0,17.59,564.0,22.43,318.0,2.4,220.0,30.96,313.0,308.67,511.0
2018,Male,M,5,3792.0,13.11,449.0,5.12,405.0,9.6,462.0,1.56,434.0,59.41,433.0,18.56,472.0,20.01,272.0,2.6,264.0,30.63,308.0,353.17,293.0
2018,Male,M,6,3747.0,13.57,376.0,4.94,371.0,8.82,415.0,1.6,464.0,59.93,416.0,18.38,488.0,22.61,321.0,2.4,220.0,32.79,339.0,343.06,337.0
2018,Male,M,7,3693.0,13.42,399.0,5.14,409.0,7.17,317.0,1.64,496.0,57.61,498.0,18.98,434.0,15.85,195.0,2.6,264.0,21.8,186.0,311.54,495.0
2018,Male,M,8,3581.0,13.5,387.0,4.98,378.0,8.72,409.0,1.52,404.0,60.84,385.0,18.2,505.0,20.58,283.0,2.6,264.0,33.13,343.0,370.44,223.0
2018,Male,M,9,3455.0,13.49,388.0,4.82,348.0,9.36,447.0,1.48,374.0,64.66,268.0,19.32,405.0,28.52,435.0,2.6,264.0,27.31,262.0,359.92,264.0
2018,Male,M,10,3186.0,13.58,374.0,4.78,341.0,6.88,300.0,1.52,404.0,60.17,407.0,19.29,407.0,19.42,261.0,2.2,179.0,24.16,218.0,352.72,295.0
2018,Male,M,11,3183.0,13.83,337.0,4.41,274.0,8.7,408.0,1.44,345.0,61.42,366.0,20.3,326.0,14.93,179.0,1.8,103.0,32.05,328.0,307.53,517.0
2018,Male,M,12,3120.0,14.34,266.0,4.65,317.0,7.63,344.0,1.44,345.0,65.52,245.0,18.64,464.0,20.31,278.0,2.8,309.0,25.46,236.0,347.79,316.0
2018,Male,M,13,3112.0,13.92,324.0,4.66,319.0,7.26,323.0,1.48,374.0,65.62,242.0,19.81,364.0,26.33,393.0,2.0,140.0,29.31,290.0,341.9,343.0
2018,Male,M,14,2935.0,13.82,338.0,4.53,295.0,9.01,426.0,1.44,345.0,62.73,325.0,21.03,272.0,20.45,281.0,1.2,15.0,30.94,312.0,345.55,326.0
2018,Male,M,15,2874.0,14.04,307.0,4.66,319.0,7.01,308.0,1.32,263.0,61.29,370.0,22.04,206.0,17.34,223.0,2.0,140.0,34.66,365.0,335.34,373.0
2018,Male,M,16,2874.0,12.99,470.0,5.92,569.0,5.73,233.0,1.6,464.0,60.13,409.0,,,14.85,177.0,1.4,40.0,23.31,206.0,350.03,306.0
2018,Male,M,17,2868.0,14.15,291.0,4.23,244.0,8.12,373.0,1.48,374.0,64.63,269.0,20.83,287.0,20.59,283.0,2.2,179.0,24.68,225.0,341.8,343.0
2018,Male,M,18,2838.0,13.2,434.0,5.2,421.0,6.74,292.0,1.64,496.0,64.95,260.0,20.44,315.0,17.59,227.0,1.6,70.0,20.0,161.0,387.68,162.0
2018,Male,M,19,2799.0,13.4,402.0,4.99,380.0,10.02,487.0,1.6,464.0,,,,,25.15,370.0,2.6,264.0,39.31,432.0,,
2018,Male,M,20,2734.0,14.65,226.0,4.47,285.0,6.87,300.0,1.52,404.0,65.96,233.0,20.94,279.0,20.18,275.0,2.2,179.0,25.03,230.0,346.27,323.0
2018,Male,M,21,2577.0,14.62,230.0,4.29,254.0,8.51,397.0,1.52,404.0,63.27,309.0,20.42,317.0,19.94,271.0,2.2,179.0,24.03,216.0,,
2018,Male,M,22,2543.0,14.38,261.0,3.82,177.0,6.52,279.0,1.44,345.0,66.05,231.0,19.32,405.0,13.67,156.0,2.2,179.0,24.33,220.0,353.71,290.0
2018,Male,M,23,2423.0,14.35,264.0,4.75,335.0,7.4,331.0,1.36,290.0,74.46,59.0,20.86,284.0,20.3,278.0,1.8,103.0,31.83,325.0,390.34,154.0
2018,Male,M,24,2405.0,14.1,298.0,4.79,343.0,6.33,268.0,1.44,345.0,67.92,184.0,22.62,172.0,20.73,286.0,1.6,70.0,23.31,206.0,367.89,233.0
2018,Male,M,25,2384.0,14.22,282.0,4.33,261.0,7.33,327.0,1.36,290.0,66.32,224.0,20.86,284.0,12.27,131.0,2.4,220.0,17.75,131.0,367.6,234.0
2018,Male,M,26,2307.0,13.85,334.0,4.55,299.0,5.59,225.0,1.44,345.0,67.05,205.0,21.96,211.0,13.66,156.0,2.4,220.0,22.24,192.0,401.55,120.0
2018,Male,M,27,2272.0,13.96,318.0,4.2,239.0,8.2,378.0,1.52,404.0,63.4,305.0,21.54,238.0,20.82,287.0,1.8,103.0,,,492.28,0.0
2018,Male,M,28,2235.0,14.93,193.0,3.81,176.0,8.47,394.0,1.44,345.0,69.93,139.0,22.02,207.0,20.82,287.0,2.0,140.0,18.12,136.0,371.79,218.0
2018,Male,M,29,2130.0,13.93,322.0,,,8.87,418.0,1.4,317.0,69.04,158.0,21.7,227.0,18.86,251.0,1.4,40.0,32.35,332.0,423.81,65.0
2018,Male,M,30,1940.0,15.7,114.0,3.97,201.0,8.63,404.0,1.36,290.0,79.56,7.0,23.37,132.0,23.79,344.0,1.8,103.0,25.83,241.0,407.35,104.0
2018,Male,M,31,1837.0,15.76,109.0,4.16,232.0,8.19,378.0,1.36,290.0,78.4,15.0,23.04,149.0,16.9,215.0,2.2,179.0,22.42,194.0,418.72,76.0
2018,Male,M,32,1824.0,14.25,278.0,,,7.0,307.0,1.56,434.0,70.42,129.0,22.11,202.0,15.6,191.0,2.2,179.0,,,407.54,104.0
2018,Male,M,33,1728.0,14.38,261.0,4.43,278.0,4.84,182.0,1.48,374.0,69.4,150.0,24.8,70.0,16.06,199.0,1.4,40.0,16.66,117.0,427.26,57.0
2018,Male,M,34,1693.0,16.12,79.0,3.67,155.0,7.47,335.0,1.36,290.0,76.77,30.0,25.04,62.0,19.0,253.0,2.0,140.0,24.5,223.0,399.43,126.0
2018,Male,M,35,1687.0,14.71,219.0,4.03,211.0,6.93,303.0,1.2,188.0,66.49,219.0,23.11,145.0,19.71,267.0,,,,,396.35,135.0
2018,Male,M,36,1681.0,14.86,201.0,4.19,237.0,7.65,346.0,1.4,317.0,71.93,100.0,26.26,27.0,14.06,163.0,,,15.64,104.0,380.67,186.0
2018,Male,M,37,1605.0,15.1,174.0,4.19,237.0,5.77,235.0,1.28,237.0,71.94,100.0,24.99,63.0,18.12,237.0,1.8,103.0,15.24,98.0,401.31,121.0
2018,Male,M,38,1605.0,15.17,167.0,4.16,232.0,5.11,197.0,1.48,374.0,74.01,66.0,22.62,172.0,11.2,113.0,1.6,70.0,16.54,115.0,409.19,99.0
2018,Male,M,39,1556.0,14.6,233.0,4.21,240.0,7.09,313.0,1.28,237.0,71.99,99.0,23.76,113.0,13.55,154.0,,,17.06,122.0,433.88,45.0
2018,Male,M,40,1515.0,14.86,201.0,4.2,239.0,8.34,386.0,1.52,404.0,78.82,12.0,24.48,83.0,15.53,190.0,,,,,,
2018,Male,M,41,1476.0,15.24,159.0,3.82,177.0,6.53,280.0,1.32,263.0,71.07,116.0,24.23,93.0,14.71,175.0,1.4,40.0,13.48,76.0,409.95,97.0
2018,Male,M,42,1431.0,16.21,72.0,3.64,150.0,5.45,217.0,1.4,317.0,72.05,98.0,24.89,67.0,12.01,127.0,,,17.86,133.0,363.53,250.0
2018,Male,M,43,1354.0,14.9,197.0,3.94,196.0,6.63,286.0,1.36,290.0,74.98,52.0,24.26,91.0,12.85,142.0,,,11.65,53.0,432.73,47.0
2018,Male,M,44,1352.0,15.34,149.0,3.8,174.0,5.85,240.0,1.24,212.0,78.95,11.0,25.08,60.0,16.84,213.0,1.8,103.0,22.1,190.0,,
2018,Male,M,45,1272.0,16.06,84.0,3.71,161.0,5.91,244.0,1.16,165.0,74.14,64.0,29.83,0.0,12.2,130.0,1.2,15.0,20.71,171.0,366.6,238.0
2018,Male,M,46,1202.0,15.83,103.0,3.67,155.0,7.02,308.0,1.28,237.0,,,28.74,0.0,18.08,236.0,,,20.14,163.0,519.57,0.0
2018,Male,M,47,1160.0,,,,,7.56,340.0,,,,,,,20.18,275.0,,,26.02,244.0,351.19,301.0
2018,Male,M,48,1120.0,16.72,39.0,3.68,156.0,6.79,295.0,1.24,212.0,77.58,22.0,28.8,0.0,17.66,229.0,,,19.18,150.0,452.11,17.0
2018,Male,M,49,923.0,17.37,11.0,3.47,126.0,4.7,174.0,1.12,142.0,80.06,5.0,,,10.01,92.0,,,12.69,66.0,349.79,307.0
2018,Male,M,50,891.0,17.1,21.0,3.52,133.0,5.62,227.0,1.24,212.0,82.26,0.0,,,10.71,104.0,1.4,40.0,18.54,142.0,456.92,12.0
2018,Male,M,51,747.0,18.7,0.0,3.0,66.0,5.7,231.0,1.08,121.0,109.38,0.0,,,15.13,182.0,1.4,40.0,15.91,107.0,,
2018,Male,M,52,688.0,19.85,0.0,2.0,0.0,6.16,258.0,1.0,81.0,113.09,0.0,,,16.92,215.0,,,17.98,134.0,757.82,0.0
2018,Male,M,53,572.0,22.43,0.0,2.52,18.0,5.24,205.0,1.0,81.0,,,33.34,0.0,11.32,115.0,,,19.36,153.0,,
2018,Male,M,54,218.0,21.24,0.0,,,,,,,,,,,12.56,136.0,,,13.98,82.0,,
2018,Male,M40,1,4285.0,13.82,338.0,4.92,367.0,8.62,403.0,1.64,496.0,61.08,377.0,18.18,507.0,32.39,512.0,3.4,457.0,33.61,350.0,314.73,478.0
2018,Male,M40,2,3882.0,13.38,405.0,5.24,429.0,10.42,511.0,1.48,374.0,63.4,305.0,18.17,508.0,28.66,438.0,2.6,264.0,37.91,412.0,367.04,236.0
2018,Male,M40,3,3766.0,13.67,360.0,5.01,384.0,8.29,384.0,1.68,528.0,60.45,398.0,17.84,540.0,17.39,224.0,2.4,220.0,25.45,236.0,312.07,492.0
2018,Male,M40,4,3504.0,13.2,434.0,4.65,317.0,9.3,444.0,1.56,434.0,61.98,348.0,19.24,412.0,24.63,360.0,2.6,264.0,30.56,307.0,381.31,184.0
2018,Male,M40,5,3209.0,14.45,251.0,4.3,255.0,8.53,398.0,1.36,290.0,62.68,327.0,19.77,368.0,22.79,325.0,2.4,220.0,27.19,260.0,307.96,515.0
2018,Male,M40,6,3164.0,14.72,218.0,4.77,339.0,9.28,443.0,1.48,374.0,68.17,178.0,19.42,396.0,26.14,389.0,2.6,264.0,34.49,363.0,376.7,200.0
2018,Male,M40,7,2934.0,15.25,158.0,4.39,271.0,8.32,385.0,1.4,317.0,70.34,131.0,19.77,368.0,21.42,299.0,2.8,309.0,36.36,390.0,349.99,306.0
2018,Male,M40,8,2865.0,14.2,284.0,4.54,297.0,8.65,405.0,1.52,404.0,64.83,264.0,21.76,223.0,20.9,289.0,2.4,220.0,27.11,259.0,371.16,220.0
2018,Male,M40,9,2765.0,14.51,244.0,4.77,339.0,7.95,363.0,1.48,374.0,67.5,194.0,20.71,295.0,19.47,262.0,1.8,103.0,29.06,286.0,350.3,305.0
2018,Male,M40,10,2764.0,14.38,261.0,4.56,301.0,6.12,256.0,1.32,263.0,63.4,305.0,19.61,381.0,15.03,181.0,1.6,70.0,30.16,301.0,320.92,445.0
2018,Male,M40,11,2713.0,14.45,251.0,4.32,259.0,7.15,316.0,1.44,345.0,68.74,165.0,19.09,425.0,17.04,217.0,2.8,309.0,23.47,208.0,371.87,218.0
2018,Male,M40,12,2708.0,15.03,182.0,4.39,271.0,7.42,332.0,1.6,464.0,69.19,155.0,19.63,379.0,20.15,275.0,2.2,179.0,28.14,273.0,377.32,198.0
2018,Male,M40,13,2604.0,14.49,246.0,4.28,252.0,7.01,308.0,1.36,290.0,67.36,197.0,19.25,411.0,19.01,254.0,1.6,70.0,30.57,307.0,358.73,269.0
2018,Male,M40,14,2514.0,15.52,131.0,4.03,211.0,8.44,392.0,1.36,290.0,67.85,186.0,19.26,410.0,24.05,349.0,2.0,140.0,25.33,234.0,385.14,171.0
2018,Male,M40,15,2428.0,14.97,189.0,4.74,333.0,7.18,318.0,1.32,263.0,68.21,177.0,19.51,389.0,19.08,255.0,1.8,103.0,24.02,216.0,381.04,185.0
2018,Male,M40,16,2135.0,14.04,307.0,4.72,330.0,7.28,324.0,1.32,263.0,66.56,217.0,21.24,258.0,14.59,173.0,1.4,40.0,,,370.47,223.0
2018,Male,M40,17,2028.0,15.4,143.0,4.12,225.0,6.86,299.0,1.4,317.0,74.19,63.0,20.87,284.0,18.87,251.0,2.0,140.0,20.41,167.0,395.16,139.0
2018,Male,M40,18,1615.0,16.69,41.0,3.98,203.0,7.66,346.0,1.2,188.0,77.23,26.0,24.08,99.0,20.86,288.0,1.6,70.0,21.78,185.0,385.63,169.0
2018,Male,M40,19,1592.0,16.18,75.0,3.54,136.0,6.49,277.0,1.32,263.0,76.98,28.0,22.25,193.0,18.03,235.0,1.2,15.0,25.22,233.0,395.7,137.0
2018,Male,M40,20,1543.0,,,,,,,,,,,18.61,467.0,23.77,343.0,2.6,264.0,28.08,272.0,377.42,197.0
2018,Male,M40,21,1498.0,14.79,209.0,4.22,242.0,8.74,410.0,1.24,212.0,,,27.67,4.0,15.72,193.0,1.2,15.0,23.82,213.0,,
2018,Male,M40,22,1343.0,16.44,56.0,3.62,147.0,8.25,381.0,1.28,237.0,,,,,18.98,253.0,1.4,40.0,24.93,229.0,,
2018,Male,M40,23,1189.0,15.1,174.0,3.4,116.0,8.48,395.0,1.48,374.0,70.35,130.0,,,,,,,,,,
2018,Male,M40,24,1094.0,19.83,0.0,2.91,56.0,8.43,392.0,1.24,212.0,,,,,18.25,239.0,,,22.51,195.0,,
2018,Male,M40,25,1094.0,17.03,24.0,2.75,39.0,6.71,290.0,1.28,237.0,,,,,17.03,217.0,1.8,103.0,21.66,184.0,,
2018,Male,M40,26,889.0,18.26,0.0,3.2,90.0,6.36,270.0,1.28,237.0,86.41,0.0,29.82,0.0,12.08,128.0,,,16.85,119.0,433.68,45.0
2018,Male,M40,27,300.0,19.56,0.0,2.41,10.0,4.98,190.0,1.04,100.0,117.27,0.0,,,,,,,,,,
2018,Male,M40,28,72.0,16.22,72.0,,,,,,,,,,,,,,,,,,
2018,Male,M50,1,3763.0,13.78,344.0,4.78,341.0,9.39,449.0,1.4,317.0,60.73,389.0,18.91,440.0,28.72,439.0,2.8,309.0,32.96,341.0,331.14,394.0
2018,Male,M50,2,2991.0,16.16,76.0,4.43,278.0,8.56,400.0,1.56,434.0,71.9,101.0,20.66,299.0,24.53,358.0,2.8,309.0,35.07,371.0,337.09,365.0
2018,Male,M50,3,2564.0,14.57,236.0,3.98,203.0,7.05,310.0,1.4,317.0,67.94,183.0,21.19,261.0,31.46,493.0,2.0,140.0,20.25,165.0,362.09,256.0
2018,Male,M50,4,2321.0,15.02,183.0,4.31,257.0,8.59,401.0,1.2,188.0,71.02,117.0,21.23,259.0,22.14,312.0,2.2,179.0,21.72,185.0,366.06,240.0
2018,Male,M50,5,1888.0,15.38,145.0,3.95,198.0,5.31,209.0,1.24,212.0,67.88,185.0,22.55,176.0,15.13,182.0,1.8,103.0,18.92,147.0,344.56,331.0
2018,Male,M50,6,1811.0,15.4,143.0,4.21,240.0,6.27,265.0,1.36,290.0,71.5,108.0,26.37,24.0,16.38,205.0,2.0,140.0,19.55,155.0,365.91,241.0
2018,Male,M50,7,1740.0,17.48,7.0,4.03,211.0,8.24,381.0,1.24,212.0,79.56,7.0,20.1,341.0,24.3,354.0,1.2,15.0,21.07,176.0,439.13,36.0
2018,Male,M50,8,1579.0,17.11,20.0,3.29,102.0,7.83,356.0,1.32,263.0,84.21,0.0,24.72,73.0,26.46,395.0,2.0,140.0,20.99,175.0,428.31,55.0
2018,Male,M50,9,1255.0,17.19,17.0,3.86,184.0,6.14,257.0,1.36,290.0,105.72,0.0,25.11,59.0,18.92,252.0,1.8,103.0,14.79,93.0,501.41,0.0
2018,Male,M50,10,1037.0,18.04,0.0,2.82,46.0,6.93,303.0,1.24,212.0,,,,,18.42,243.0,1.8,103.0,17.63,130.0,,
2018,Male,M50,11,957.0,17.28,14.0,3.55,137.0,6.72,291.0,1.12,142.0,79.24,9.0,24.79,71.0,13.46,152.0,,,14.3,86.0,428.21,55.0
2018,Male,M50,12,943.0,15.55,128.0,4.0,206.0,7.6,343.0,1.2,188.0,73.22,78.0,,,,,,,,,,
2018,Male,M50,13,807.0,15.99,89.0,3.6,145.0,6.49,277.0,1.28,237.0,81.98,0.0,,,,,,,12.17,59.0,,
2018,Male,M50,14,636.0,17.74,2.0,3.09,76.0,4.84,182.0,1.04,100.0,80.41,3.0,28.25,0.0,9.17,78.0,1.2,15.0,15.28,99.0,416.46,81.0
2018,Male,M60,1,3247.0,14.08,301.0,4.53,295.0,8.24,381.0,1.4,317.0,67.17,202.0,17.4,583.0,30.19,468.0,2.4,220.0,26.5,250.0,368.62,230.0
2018,Male,M60,2,1746.0,17.25,15.0,3.36,111.0,9.46,453.0,1.2,188.0,89.77,0.0,21.79,222.0,27.1,408.0,2.0,140.0,23.15,204.0,464.79,5.0
2018,Male,M60,3,1422.0,17.13,19.0,3.43,121.0,7.39,330.0,1.28,237.0,81.49,0.0,23.84,110.0,21.6,302.0,1.6,70.0,18.32,139.0,411.33,94.0
2018,Male,M60,4,843.0,21.38,0.0,2.89,53.0,7.06,311.0,1.08,121.0,,,,,15.35,186.0,1.2,15.0,19.67,157.0,539.25,0.0
2018,Male,M60,5,410.0,20.12,0.0,,,,,,,109.76,0.0,,,16.15,201.0,1.6,70.0,18.31,139.0,,
2019,Female,W,1,4309.0,14.6,514.0,4.64,464.0,10.02,531.0,1.32,429.0,73.62,253.0,18.61,622.0,32.37,507.0,2.2,282.0,33.25,538.0,433.97,169.0
2019,Female,W,2,3793.0,14.51,527.0,4.9,532.0,6.65,313.0,1.44,555.0,70.45,339.0,20.63,454.0,15.14,192.0,1.8,163.0,21.86,324.0,376.4,394.0
2019,Female,W,3,2806.0,15.24,424.0,3.83,270.0,7.24,350.0,1.36,470.0,74.08,241.0,22.28,335.0,16.49,215.0,1.2,25.0,16.16,218.0,408.34,258.0
2019,Female,W,4,2781.0,17.23,197.0,3.59,218.0,6.45,300.0,1.24,350.0,76.15,192.0,22.34,331.0,15.87,204.0,2.0,221.0,17.44,241.0,350.01,527.0
2019,Female,W,5,2449.0,16.28,296.0,3.8,263.0,6.9,329.0,1.12,239.0,75.56,206.0,25.06,172.0,15.22,193.0,1.4,64.0,17.9,250.0,367.54,437.0
2019,Female,W,6,2288.0,16.61,259.0,3.5,200.0,7.73,382.0,1.2,312.0,82.14,79.0,22.99,288.0,18.14,244.0,1.6,110.0,14.01,179.0,414.54,235.0
2019,Female,W,7,2135.0,15.92,338.0,3.48,196.0,6.07,276.0,1.0,141.0,78.91,135.0,22.21,339.0,13.65,166.0,1.8,163.0,15.36,203.0,430.93,178.0
2019,Female,W,8,2105.0,17.3,190.0,3.22,146.0,8.39,425.0,1.24,350.0,91.69,0.0,22.54,317.0,19.09,261.0,1.6,110.0,18.73,265.0,487.04,41.0
2019,Female,W,9,1937.0,16.15,311.0,3.47,194.0,5.9,265.0,1.2,312.0,80.17,112.0,27.39,75.0,16.95,223.0,,,13.11,162.0,401.9,283.0
2019,Female,W,10,1919.0,15.53,386.0,3.85,274.0,7.65,377.0,,,79.83,118.0,25.83,136.0,16.32,212.0,,,11.36,130.0,401.28,286.0
2019,Female,W,11,1900.0,16.65,255.0,3.14,131.0,6.01,272.0,1.16,275.0,79.3,127.0,28.42,44.0,15.56,199.0,2.0,221.0,11.45,132.0,411.97,244.0
2019,Female,W,12,1739.0,17.99,131.0,3.17,137.0,6.1,278.0,,,83.99,54.0,22.71,306.0,15.99,207.0,1.8,163.0,15.83,212.0,410.13,251.0
2019,Female,W,13,1604.0,16.99,220.0,3.31,163.0,6.8,322.0,0.96,111.0,99.15,0.0,23.72,244.0,19.74,273.0,1.4,64.0,15.54,207.0,529.11,0.0
2019,Female,W,14,1584.0,16.43,279.0,3.6,220.0,6.12,279.0,1.2,312.0,81.39,91.0,25.72,141.0,11.09,122.0,,,11.86,140.0,,
2019,Female,W,15,1578.0,17.55,167.0,3.42,184.0,6.3,290.0,1.16,275.0,89.11,7.0,25.41,155.0,14.75,185.0,,,16.42,223.0,461.77,92.0
2019,Female,W,16,1553.0,16.91,228.0,3.62,225.0,5.26,225.0,1.2,312.0,88.24,12.0,27.12,84.0,16.4,214.0,,,11.33,130.0,449.46,123.0
2019,Female,W,17,1464.0,16.97,222.0,2.99,105.0,7.09,341.0,1.0,141.0,103.89,0.0,28.73,36.0,20.46,286.0,,,22.36,333.0,648.33,0.0
2019,Female,W,18,1077.0,17.97,132.0,3.21,144.0,5.05,211.0,1.04,172.0,93.26,0.0,28.84,33.0,15.74,202.0,,,11.97,142.0,487.03,41.0
2019,Female,W,19,1012.0,16.98,221.0,3.07,119.0,7.39,360.0,1.2,312.0,,,,,,,,,,,,
2019,Female,W,20,982.0,18.35,104.0,2.71,62.0,4.23,160.0,1.08,205.0,87.86,15.0,29.85,13.0,14.07,173.0,,,11.44,132.0,451.25,118.0
2019,Female,W,21,982.0,16.26,298.0,3.46,192.0,,,,,84.29,50.0,26.36,113.0,14.1,174.0,,,12.71,155.0,,
2019,Female,W,22,980.0,16.88,231.0,3.38,176.0,4.81,196.0,1.16,275.0,80.72,102.0,,,,,,,,,,
2019,Female,W,23,585.0,16.1,317.0,,,,,,,94.71,0.0,,,12.03,138.0,,,11.35,130.0,,
2019,Female,W,24,327.0,20.75,1.0,1.65,0.0,4.58,182.0,,,117.48,0.0,,,7.42,63.0,,,8.42,78.0,522.97,3.0
2019,Female,W,25,107.0,19.98,18.0,,,,,,,,,,,9.07,89.0,,,,,,
2019,Female,W40,1,2824.0,15.78,355.0,3.95,296.0,7.43,363.0,1.16,275.0,76.49,185.0,21.25,407.0,18.28,247.0,1.8,163.0,20.27,294.0,413.32,239.0
2019,Female,W40,2,2088.0,16.87,232.0,3.7,242.0,7.05,338.0,1.08,205.0,85.53,36.0,21.18,412.0,15.8,203.0,1.4,64.0,17.55,244.0,453.8,112.0
2019,Female,W40,3,1121.0,18.71,80.0,2.76,69.0,6.26,288.0,1.0,141.0,103.28,0.0,26.92,91.0,15.55,199.0,1.4,64.0,14.58,189.0,533.2,0.0
2019,Female,W50,1,557.0,20.24,10.0,2.71,62.0,5.16,218.0,,,104.86,0.0,27.92,58.0,11.3,126.0,,,8.71,83.0,,
2019,Female,W60,1,783.0,19.43,40.0,2.75,67.0,5.5,240.0,0.96,111.0,99.34,0.0,28.75,35.0,12.6,148.0,,,11.99,142.0,607.35,0.0
2019,Male,M,1,4930.0,12.31,591.0,5.34,449.0,9.1,432.0,1.64,496.0,55.21,590.0,16.76,650.0,26.67,399.0,3.0,357.0,34.08,357.0,291.66,609.0
2019,Male,M,2,4890.0,12.2,612.0,5.82,548.0,10.05,489.0,1.68,528.0,55.83,566.0,15.63,775.0,24.29,353.0,3.0,357.0,33.5,349.0,348.54,313.0
2019,Male,M,3,4281.0,12.25,603.0,5.37,455.0,8.38,389.0,1.6,464.0,56.2,551.0,17.08,616.0,24.68,361.0,2.0,140.0,27.9,270.0,323.49,432.0
2019,Male,M,4,4270.0,12.49,558.0,5.57,496.0,8.26,382.0,1.56,434.0,58.99,448.0,18.22,503.0,18.84,250.0,3.4,457.0,34.05,357.0,332.88,385.0
2019,Male,M,5,3983.0,12.15,622.0,5.07,396.0,6.64,286.0,1.68,528.0,56.26,549.0,18.41,486.0,17.9,233.0,2.4,220.0,19.42,154.0,308.96,509.0
2019,Male,M,6,3848.0,13.22,431.0,4.88,360.0,8.43,392.0,1.64,496.0,58.98,449.0,17.62,561.0,17.02,217.0,2.2,179.0,23.91,214.0,301.88,549.0
2019,Male,M,7,3642.0,12.55,547.0,5.07,396.0,7.91,361.0,1.64,496.0,62.41,335.0,17.87,537.0,19.19,257.0,1.4,40.0,32.75,338.0,343.58,335.0
2019,Male,M,8,3569.0,12.93,480.0,5.12,405.0,9.06,429.0,1.52,404.0,61.42,366.0,19.57,384.0,20.63,284.0,2.6,264.0,29.84,297.0,361.94,256.0
2019,Male,M,9,3563.0,13.21,433.0,4.53,295.0,9.35,447.0,1.44,345.0,60.66,391.0,20.17,336.0,19.46,262.0,2.0,140.0,33.74,352.0,299.63,562.0
2019,Male,M,10,3522.0,12.28,597.0,5.16,413.0,9.62,463.0,1.6,464.0,55.13,594.0,16.8,645.0,23.91,346.0,,,,,,
2019,Male,M,11,3502.0,13.19,436.0,5.03,388.0,7.65,346.0,1.44,345.0,63.38,305.0,21.94,212.0,20.98,290.0,3.0,357.0,30.48,306.0,307.56,517.0
2019,Male,M,12,3386.0,13.27,423.0,4.63,313.0,8.46,394.0,1.48,374.0,62.72,325.0,20.45,314.0,30.95,483.0,2.4,220.0,25.47,236.0,350.51,304.0
2019,Male,M,13,3383.0,12.55,547.0,4.37,267.0,8.4,390.0,1.6,464.0,60.81,386.0,22.39,185.0,20.99,291.0,2.6,264.0,29.93,298.0,353.44,291.0
2019,Male,M,14,3349.0,13.61,370.0,4.73,332.0,6.74,292.0,1.52,404.0,60.58,394.0,20.7,296.0,20.91,289.0,2.0,140.0,39.59,436.0,330.63,396.0
2019,Male,M,15,3315.0,13.78,344.0,5.0,382.0,10.0,486.0,1.56,434.0,64.32,278.0,20.18,335.0,21.95,309.0,1.6,70.0,28.24,275.0,329.44,402.0
2019,Male,M,16,3287.0,13.14,444.0,4.83,350.0,7.21,320.0,1.6,464.0,61.34,369.0,20.47,313.0,19.99,272.0,2.2,179.0,25.54,237.0,342.62,339.0
2019,Male,M,17,3253.0,13.05,459.0,5.12,405.0,8.1,372.0,1.56,434.0,63.81,293.0,20.2,334.0,15.36,187.0,2.2,179.0,24.1,217.0,335.37,373.0
2019,Male,M,18,3228.0,12.88,488.0,4.5,290.0,8.18,377.0,1.4,317.0,58.5,466.0,21.36,250.0,18.73,248.0,1.2,15.0,23.13,204.0,297.76,573.0
2019,Male,M,19,3205.0,13.18,438.0,4.75,335.0,7.91,361.0,1.52,404.0,63.54,301.0,20.65,300.0,25.47,376.0,2.0,140.0,24.58,224.0,345.48,326.0
2019,Male,M,20,3171.0,13.46,393.0,5.2,421.0,10.16,495.0,1.68,528.0,81.58,0.0,21.89,215.0,24.93,366.0,2.4,220.0,31.16,316.0,372.15,217.0
2019,Male,M,21,3142.0,13.21,433.0,4.69,324.0,8.84,416.0,1.4,317.0,60.95,381.0,20.17,336.0,15.98,198.0,2.0,140.0,19.32,152.0,320.92,445.0
2019,Male,M,22,3134.0,13.5,387.0,4.6,308.0,6.53,280.0,1.56,434.0,60.98,380.0,22.3,190.0,19.57,264.0,1.8,103.0,34.95,369.0,326.02,419.0
2019,Male,M,23,2988.0,14.4,258.0,4.08,219.0,6.25,263.0,1.48,374.0,66.03,231.0,18.41,486.0,17.78,231.0,2.6,264.0,23.9,214.0,320.42,448.0
2019,Male,M,24,2976.0,14.67,224.0,4.38,269.0,8.7,408.0,1.28,237.0,70.4,129.0,18.72,457.0,20.53,282.0,2.6,264.0,36.25,388.0,347.43,318.0
2019,Male,M,25,2892.0,13.68,359.0,4.65,317.0,7.9,360.0,1.48,374.0,64.03,286.0,21.83,219.0,21.12,293.0,2.2,179.0,24.91,228.0,356.9,277.0
2019,Male,M,26,2872.0,13.87,331.0,4.4,273.0,7.47,335.0,1.6,464.0,70.15,134.0,18.43,484.0,19.67,266.0,2.0,140.0,27.22,260.0,380.89,185.0
2019,Male,M,27,2733.0,13.92,324.0,4.14,229.0,8.25,381.0,1.44,345.0,65.95,233.0,22.57,175.0,21.95,309.0,2.0,140.0,28.57,279.0,347.41,318.0
2019,Male,M,28,2720.0,14.49,246.0,4.34,262.0,8.85,417.0,1.36,290.0,68.55,169.0,20.5,311.0,24.05,349.0,2.0,140.0,26.05,244.0,353.29,292.0
2019,Male,M,29,2716.0,13.25,426.0,4.7,326.0,8.34,386.0,1.4,317.0,66.97,207.0,22.68,168.0,19.54,263.0,2.0,140.0,32.6,336.0,392.45,147.0
2019,Male,M,30,2707.0,14.32,268.0,3.7,159.0,8.18,377.0,1.36,290.0,65.1,256.0,21.88,216.0,21.78,306.0,2.0,140.0,26.68,253.0,321.46,442.0
2019,Male,M,31,2689.0,14.31,270.0,5.08,398.0,7.01,308.0,1.76,593.0,73.58,72.0,21.23,259.0,18.06,236.0,2.6,264.0,21.02,175.0,403.61,114.0
2019,Male,M,32,2666.0,13.43,397.0,5.05,392.0,6.83,297.0,1.44,345.0,67.42,196.0,19.49,391.0,16.47,207.0,1.6,70.0,18.99,148.0,370.34,223.0
2019,Male,M,33,2662.0,13.36,409.0,4.61,310.0,6.26,264.0,1.4,317.0,60.14,408.0,21.45,244.0,16.97,216.0,1.6,70.0,17.67,130.0,352.78,294.0
2019,Male,M,34,2661.0,15.05,180.0,4.0,206.0,9.65,465.0,1.36,290.0,,,19.96,352.0,31.35,491.0,3.0,357.0,31.49,320.0,,
2019,Male,M,35,2621.0,13.61,370.0,4.63,313.0,7.4,331.0,1.44,345.0,66.72,213.0,21.13,265.0,16.16,201.0,1.8,103.0,20.93,174.0,350.16,306.0
2019,Male,M,36,2579.0,13.54,380.0,4.61,310.0,7.94,363.0,1.44,345.0,67.36,197.0,22.03,207.0,18.49,244.0,2.2,179.0,22.18,191.0,387.48,163.0
2019,Male,M,37,2579.0,13.72,353.0,4.24,245.0,6.07,253.0,1.52,404.0,67.78,187.0,21.91,214.0,20.62,284.0,2.0,140.0,24.94,229.0,358.48,270.0
2019,Male,M,38,2577.0,14.25,278.0,4.49,288.0,7.44,333.0,1.4,317.0,71.44,109.0,21.38,248.0,21.76,305.0,2.6,264.0,27.98,271.0,387.33,164.0
2019,Male,M,39,2573.0,13.34,412.0,4.67,321.0,7.58,341.0,1.36,290.0,65.74,239.0,22.34,188.0,15.86,196.0,1.8,103.0,21.05,176.0,349.87,307.0
2019,Male,M,40,2549.0,14.57,236.0,4.5,290.0,7.01,308.0,1.4,317.0,71.94,100.0,19.19,416.0,17.08,218.0,2.6,264.0,23.83,213.0,380.33,187.0
2019,Male,M,41,2482.0,13.95,319.0,4.79,343.0,6.24,263.0,1.4,317.0,66.22,226.0,22.12,201.0,16.66,210.0,2.2,179.0,24.98,229.0,378.15,195.0
2019,Male,M,42,2474.0,14.75,214.0,4.7,326.0,7.65,346.0,1.44,345.0,68.37,173.0,20.96,277.0,17.7,229.0,1.8,103.0,21.65,184.0,356.97,277.0
2019,Male,M,43,2439.0,,,4.43,278.0,8.66,406.0,1.36,290.0,65.6,243.0,21.95,212.0,21.25,296.0,2.0,140.0,26.9,256.0,347.36,318.0
2019,Male,M,44,2311.0,13.77,346.0,4.76,337.0,6.81,296.0,1.36,290.0,65.9,235.0,22.46,181.0,14.03,163.0,1.4,40.0,19.0,148.0,357.43,275.0
2019,Male,M,45,2265.0,13.59,373.0,4.53,295.0,6.26,264.0,1.48,374.0,67.56,193.0,24.17,95.0,19.17,257.0,1.4,40.0,22.42,194.0,382.32,180.0
2019,Male,M,46,2259.0,14.66,225.0,4.13,227.0,8.58,401.0,1.4,317.0,73.94,67.0,22.15,199.0,21.33,297.0,1.8,103.0,29.36,290.0,396.94,133.0
2019,Male,M,47,2224.0,13.43,397.0,4.54,297.0,7.38,330.0,1.56,434.0,71.02,117.0,21.22,259.0,15.1,182.0,2.0,140.0,12.83,68.0,,
2019,Male,M,48,2172.0,13.45,394.0,4.15,230.0,6.62,285.0,1.24,212.0,63.92,290.0,22.22,195.0,13.0,144.0,1.4,40.0,15.6,103.0,356.35,279.0
2019,Male,M,49,2146.0,15.18,166.0,4.12,225.0,7.73,350.0,1.4,317.0,69.1,157.0,23.52,125.0,20.24,277.0,2.2,179.0,25.93,242.0,406.03,108.0
2019,Male,M,50,1978.0,14.45,251.0,4.15,230.0,7.52,338.0,1.32,263.0,77.19,26.0,22.5,179.0,20.05,273.0,1.8,103.0,22.97,202.0,404.23,113.0
2019,Male,M,51,1977.0,14.31,270.0,3.95,198.0,8.02,367.0,1.36,290.0,,,,,24.51,358.0,2.6,264.0,25.0,230.0,,
2019,Male,M,52,1945.0,14.47,249.0,4.39,271.0,6.73,291.0,1.44,345.0,67.12,203.0,24.23,93.0,15.99,198.0,1.6,70.0,24.67,225.0,,
2019,Male,M,53,1943.0,14.85,202.0,4.15,230.0,7.01,308.0,1.36,290.0,74.64,57.0,23.12,145.0,16.37,205.0,1.8,103.0,21.69,184.0,371.66,219.0
2019,Male,M,54,1906.0,15.15,169.0,3.91,191.0,6.2,260.0,1.44,345.0,71.85,101.0,24.93,66.0,16.16,201.0,1.4,40.0,19.42,154.0,334.1,379.0
2019,Male,M,55,1840.0,15.31,152.0,3.89,188.0,9.07,430.0,1.24,212.0,81.34,0.0,23.1,146.0,24.54,358.0,2.0,140.0,23.26,206.0,461.35,8.0
2019,Male,M,56,1805.0,15.64,120.0,4.03,211.0,5.98,248.0,1.28,237.0,72.46,91.0,22.14,200.0,15.85,195.0,2.0,140.0,18.78,145.0,371.92,218.0
2019,Male,M,57,1801.0,13.91,325.0,4.31,257.0,8.42,391.0,1.28,237.0,,,22.89,157.0,18.46,243.0,,,18.62,143.0,432.06,48.0
2019,Male,M,58,1750.0,17.16,18.0,3.86,184.0,7.36,328.0,1.4,317.0,72.77,85.0,22.86,159.0,18.06,236.0,2.0,140.0,23.45,208.0,418.98,75.0
2019,Male,M,59,1677.0,14.37,262.0,3.61,146.0,6.93,303.0,1.32,263.0,70.37,130.0,23.05,148.0,15.15,183.0,1.6,70.0,15.76,105.0,422.82,67.0
2019,Male,M,60,1674.0,14.65,226.0,3.87,185.0,5.73,233.0,1.4,317.0,71.38,110.0,22.54,176.0,16.33,204.0,1.4,40.0,13.06,70.0,404.21,113.0
2019,Male,M,61,1609.0,15.54,129.0,3.57,140.0,7.05,310.0,1.24,212.0,85.04,0.0,22.14,200.0,20.13,274.0,1.8,103.0,25.86,241.0,510.57,0.0
2019,Male,M,62,1605.0,15.12,172.0,4.26,249.0,6.41,273.0,1.4,317.0,83.86,0.0,21.52,239.0,14.33,168.0,1.6,70.0,15.91,107.0,459.57,10.0
2019,Male,M,63,1587.0,15.15,169.0,4.3,255.0,6.55,281.0,1.32,263.0,74.68,56.0,,,16.89,214.0,1.8,103.0,17.38,126.0,401.57,120.0
2019,Male,M,64,1576.0,14.24,279.0,4.3,255.0,8.95,423.0,1.48,374.0,,,,,18.55,245.0,,,,,,
2019,Male,M,65,1511.0,,,,,,,,,,,19.11,423.0,23.73,343.0,2.6,264.0,27.69,267.0,372.91,214.0
2019,Male,M,66,1496.0,14.38,261.0,4.46,283.0,7.24,321.0,1.32,263.0,,,,,14.67,174.0,,,22.4,194.0,,
2019,Male,M,67,1460.0,14.61,231.0,3.98,203.0,,,,,65.73,239.0,20.98,276.0,18.1,237.0,1.2,15.0,27.1,259.0,,
2019,Male,M,68,1453.0,15.77,108.0,3.52,133.0,8.33,386.0,1.2,188.0,,,,,24.15,351.0,1.4,40.0,26.28,247.0,,
2019,Male,M,69,1406.0,,,,,,,,,,,,,27.28,411.0,3.2,406.0,29.96,299.0,353.84,290.0
2019,Male,M,70,1391.0,16.12,79.0,3.48,127.0,7.87,359.0,1.2,188.0,79.92,5.0,27.95,1.0,19.88,270.0,1.6,70.0,22.55,196.0,410.63,96.0
2019,Male,M,71,1309.0,,,,,7.19,318.0,1.36,290.0,,,,,23.07,330.0,2.2,179.0,22.27,192.0,,
2019,Male,M,72,1251.0,16.51,52.0,3.32,106.0,7.17,317.0,1.28,237.0,84.22,0.0,26.29,26.0,18.55,245.0,1.8,103.0,20.27,165.0,,
2019,Male,M,73,1223.0,15.5,133.0,3.52,133.0,6.3,266.0,1.28,237.0,77.72,21.0,,,13.45,152.0,,,22.22,191.0,412.95,90.0
2019,Male,M,74,1121.0,16.5,52.0,,,6.39,272.0,1.28,237.0,96.73,0.0,,,21.55,301.0,2.0,140.0,16.85,119.0,,
2019,Male,M,75,1086.0,,,,,7.05,310.0,1.4,317.0,,,,,15.46,188.0,1.6,70.0,22.9,201.0,,
2019,Male,M,76,1002.0,16.07,83.0,3.37,112.0,4.46,160.0,1.04,100.0,75.92,40.0,,,11.0,109.0,,,14.34,87.0,348.89,311.0
2019,Male,M,77,967.0,15.67,117.0,4.01,207.0,4.73,176.0,1.2,188.0,81.81,0.0,28.79,0.0,12.7,139.0,,,15.4,100.0,436.34,40.0
2019,Male,M,78,891.0,,,,,,,,,,,20.54,308.0,17.94,234.0,1.8,103.0,26.18,246.0,,
2019,Male,M,79,721.0,17.3,13.0,2.38,8.0,6.71,290.0,0.88,32.0,139.68,0.0,,,19.06,254.0,,,17.21,124.0,839.49,0.0
2019,Male,M,80,706.0,17.71,2.0,2.97,62.0,5.67,230.0,1.04,100.0,108.87,0.0,,,15.08,181.0,1.4,40.0,14.67,91.0,617.52,0.0
2019,Male,M,81,705.0,16.01,88.0,,,,,,,,,,,26.57,397.0,,,24.32,220.0,,
2019,Male,M40,1,3491.0,13.36,409.0,4.85,354.0,9.43,451.0,1.4,317.0,61.06,378.0,21.99,209.0,27.06,407.0,2.4,220.0,32.46,334.0,327.5,412.0
2019,Male,M40,2,3096.0,15.3,153.0,4.41,274.0,8.46,394.0,1.6,464.0,68.75,165.0,19.73,371.0,21.39,298.0,2.6,264.0,32.31,332.0,333.74,381.0
2019,Male,M40,3,3042.0,13.67,360.0,4.5,290.0,9.35,447.0,1.4,317.0,68.83,163.0,19.24,412.0,23.87,345.0,2.6,264.0,27.17,260.0,381.17,184.0
2019,Male,M40,4,2913.0,12.92,481.0,5.0,382.0,7.78,353.0,1.36,290.0,64.97,260.0,20.57,306.0,17.44,224.0,2.0,140.0,25.02,230.0,364.27,247.0
2019,Male,M40,5,2537.0,14.18,287.0,4.23,244.0,6.72,291.0,1.4,317.0,68.18,178.0,20.8,289.0,20.41,280.0,1.6,70.0,27.33,262.0,347.08,319.0
2019,Male,M40,6,2442.0,14.22,282.0,3.92,193.0,5.98,248.0,1.2,188.0,63.05,315.0,20.32,324.0,14.17,165.0,1.8,103.0,23.68,211.0,327.3,413.0
2019,Male,M40,7,2131.0,15.29,154.0,4.16,232.0,5.58,224.0,1.28,237.0,69.89,140.0,21.46,243.0,18.12,237.0,1.8,103.0,21.58,183.0,334.29,378.0
2019,Male,M40,8,1910.0,15.19,165.0,3.57,140.0,6.98,306.0,1.32,263.0,72.3,93.0,21.83,219.0,17.06,218.0,1.6,70.0,26.48,250.0,380.61,186.0
2019,Male,M40,9,1651.0,13.7,356.0,,,7.03,309.0,1.32,263.0,70.68,124.0,,,18.9,252.0,2.0,140.0,23.33,207.0,,
2019,Male,M40,10,1573.0,17.01,24.0,3.42,119.0,8.44,392.0,1.28,237.0,89.71,0.0,25.01,63.0,26.53,397.0,1.8,103.0,23.12,204.0,439.83,34.0
2019,Male,M40,11,1545.0,14.83,205.0,3.51,132.0,7.23,321.0,1.12,142.0,73.91,67.0,24.16,96.0,20.83,288.0,1.8,103.0,22.2,191.0,475.45,0.0
2019,Male,M40,12,1374.0,16.18,75.0,3.48,127.0,7.39,330.0,1.2,188.0,81.25,0.0,25.11,59.0,19.38,260.0,1.6,70.0,20.2,164.0,408.67,101.0
2019,Male,M40,13,999.0,18.15,0.0,3.19,89.0,6.89,301.0,1.08,121.0,,,,,21.92,308.0,1.4,40.0,18.41,140.0,,
2019,Male,M40,14,371.0,,,,,,,,,,,,,15.5,189.0,,,21.51,182.0,,
2019,Male,M50,1,2531.0,14.04,307.0,3.96,199.0,7.96,364.0,1.32,263.0,69.9,140.0,20.41,318.0,26.98,405.0,2.0,140.0,20.89,173.0,370.86,222.0
2019,Male,M50,2,1869.0,15.13,171.0,3.85,182.0,8.79,413.0,1.36,290.0,77.73,21.0,24.46,83.0,20.37,279.0,2.0,140.0,21.63,183.0,406.24,107.0
2019,Male,M50,3,1777.0,16.64,44.0,3.43,121.0,9.1,432.0,1.24,212.0,86.13,0.0,22.16,199.0,25.95,385.0,2.2,179.0,23.23,205.0,485.38,0.0
2019,Male,M60,1,3300.0,13.73,351.0,4.44,280.0,8.88,419.0,1.48,374.0,64.29,279.0,17.54,569.0,29.26,450.0,,,28.43,277.0,351.17,301.0
2019,Male,M60,2,837.0,17.84,0.0,2.94,59.0,6.8,296.0,1.04,100.0,100.01,0.0,26.71,17.0,15.07,181.0,1.4,40.0,18.7,144.0,561.94,0.0
2021,Female,W,1,5009.0,13.98,607.0,4.8,506.0,9.37,488.0,1.48,599.0,69.46,368.0,18.0,678.0,27.66,418.0,2.8,488.0,29.95,476.0,379.38,381.0
2021,Female,W,2,3928.0,13.91,618.0,4.79,503.0,7.41,361.0,1.36,470.0,70.12,348.0,21.25,407.0,17.01,224.0,1.8,163.0,24.94,381.0,364.34,453.0
2021,Female,W,3,3334.0,15.39,404.0,3.96,299.0,9.09,470.0,1.36,470.0,78.94,134.0,22.67,309.0,26.74,401.0,1.8,163.0,30.82,492.0,426.77,192.0
2021,Female,W,4,2694.0,14.98,460.0,3.85,274.0,6.57,308.0,1.4,512.0,76.14,193.0,22.22,339.0,15.52,198.0,1.8,163.0,13.57,171.0,468.95,76.0
2021,Female,W,5,2546.0,16.72,248.0,3.54,208.0,7.61,374.0,1.28,389.0,,,22.86,297.0,19.43,268.0,1.8,163.0,19.09,272.0,391.43,327.0
2021,Female,W,6,2286.0,15.47,394.0,3.76,254.0,6.1,278.0,1.24,350.0,78.39,145.0,22.34,331.0,12.92,153.0,1.6,110.0,14.72,192.0,467.26,79.0
2021,Female,W,7,2030.0,16.37,286.0,3.15,133.0,6.33,292.0,1.04,172.0,79.23,129.0,23.91,233.0,15.55,199.0,1.6,110.0,16.76,229.0,411.18,247.0
2021,Female,W,8,1483.0,16.67,253.0,3.04,114.0,5.47,238.0,1.24,350.0,89.4,6.0,25.06,172.0,14.8,186.0,,,13.19,164.0,570.94,0.0
2021,Female,W,9,1399.0,17.23,197.0,2.99,105.0,6.41,297.0,1.04,172.0,83.56,59.0,27.23,80.0,15.42,197.0,,,16.12,217.0,469.28,75.0
2021,Female,W,10,1037.0,17.76,149.0,2.81,76.0,6.38,295.0,1.04,172.0,86.54,26.0,,,8.58,81.0,,,12.8,157.0,466.58,81.0
2021,Female,W40,1,3459.0,14.47,533.0,4.24,364.0,7.89,392.0,1.32,429.0,70.91,326.0,19.58,538.0,18.05,243.0,,,19.35,277.0,384.56,357.0
2021,Female,W40,2,2894.0,15.8,352.0,3.936,293.0,7.31,355.0,1.2,312.0,75.53,206.0,20.78,442.0,16.1,208.0,1.6,110.0,20.45,297.0,393.24,319.0
2021,Female,W40,3,2371.0,15.92,338.0,3.5,200.0,6.95,332.0,1.24,350.0,76.65,181.0,23.89,234.0,14.5,181.0,1.4,64.0,18.13,254.0,413.89,237.0
2021,Female,W40,4,1912.0,17.78,148.0,3.2,142.0,5.29,226.0,1.04,172.0,78.14,150.0,24.64,193.0,11.46,129.0,,,11.81,139.0,334.48,613.0
2021,Female,W40,5,370.0,21.59,0.0,2.2,4.0,4.82,197.0,0.8,16.0,133.85,0.0,30.43,6.0,6.77,53.0,,,9.3,94.0,,
2021,Female,W50,1,938.0,17.17,202.0,,,,,,,83.5,60.0,,,18.7,254.0,1.8,163.0,18.4,259.0,,
2021,Female,W60,1,644.0,19.85,22.0,2.26,9.0,5.85,262.0,1.0,141.0,119.16,0.0,31.28,0.0,9.68,99.0,,,10.26,111.0,662.64,0.0
2021,Male,M,1,4718.0,12.36,582.0,5.14,409.0,8.73,410.0,1.68,528.0,57.29,510.0,17.11,613.0,26.78,402.0,3.0,357.0,34.66,365.0,303.12,542.0
2021,Male,M,2,4236.0,12.28,597.0,5.52,485.0,7.7,349.0,1.64,496.0,56.35,546.0,17.47,576.0,23.64,341.0,2.0,140.0,27.56,265.0,321.78,441.0
2021,Male,M,3,4209.0,13.03,463.0,5.55,492.0,11.26,562.0,1.8,627.0,62.36,336.0,20.6,303.0,27.2,410.0,2.6,264.0,38.45,420.0,344.33,332.0
2021,Male,M,4,4205.0,12.01,649.0,5.06,394.0,7.34,327.0,1.64,496.0,55.36,584.0,17.72,551.0,18.87,251.0,2.6,264.0,17.03,122.0,298.75,567.0
2021,Male,M,5,4092.0,12.89,487.0,5.04,390.0,8.71,408.0,1.52,404.0,60.76,388.0,19.31,406.0,24.53,358.0,3.0,357.0,31.4,319.0,297.3,575.0
2021,Male,M,6,3789.0,12.51,554.0,5.03,388.0,7.32,326.0,1.68,528.0,60.75,388.0,18.18,507.0,20.75,286.0,2.2,179.0,32.13,329.0,350.63,304.0
2021,Male,M,7,3486.0,13.1,451.0,5.4,461.0,8.97,424.0,1.56,434.0,62.48,333.0,21.36,250.0,24.38,355.0,2.4,220.0,24.29,220.0,342.84,338.0
2021,Male,M,8,3400.0,13.22,431.0,4.47,285.0,7.34,327.0,1.48,374.0,62.7,326.0,20.27,328.0,23.78,344.0,2.4,220.0,40.76,453.0,348.76,312.0
2021,Male,M,9,3183.0,13.42,399.0,4.64,315.0,8.27,382.0,1.52,404.0,62.83,322.0,20.03,347.0,24.06,349.0,1.8,103.0,30.74,310.0,363.12,252.0
2021,Male,M,10,3150.0,13.15,443.0,4.64,315.0,7.67,347.0,1.48,374.0,62.84,322.0,20.65,300.0,22.29,315.0,2.2,179.0,26.74,254.0,351.19,301.0
2021,Male,M,11,3103.0,13.29,420.0,4.51,292.0,9.46,453.0,1.52,404.0,67.02,206.0,21.8,221.0,23.9,346.0,2.0,140.0,29.52,292.0,344.89,329.0
2021,Male,M,12,3087.0,12.54,549.0,5.09,400.0,8.4,390.0,1.28,237.0,61.2,373.0,22.29,191.0,22.17,313.0,1.8,103.0,24.04,216.0,347.99,315.0
2021,Male,M,13,3017.0,13.23,430.0,4.77,339.0,8.5,396.0,1.48,374.0,62.74,325.0,21.41,246.0,20.97,290.0,2.2,179.0,16.46,114.0,346.1,324.0
2021,Male,M,14,2919.0,13.45,394.0,4.68,323.0,6.57,282.0,1.48,374.0,63.49,302.0,20.8,289.0,15.49,189.0,2.2,179.0,25.51,237.0,340.22,350.0
2021,Male,M,15,2840.0,14.25,278.0,4.46,283.0,7.58,341.0,1.4,317.0,70.84,121.0,20.01,348.0,23.78,344.0,2.6,264.0,27.01,257.0,354.39,287.0
2021,Male,M,16,2766.0,13.4,402.0,4.64,315.0,7.42,332.0,1.32,263.0,65.79,238.0,19.95,353.0,19.87,270.0,2.0,140.0,31.09,315.0,395.36,138.0
2021,Male,M,17,2757.0,13.29,420.0,4.95,373.0,7.36,328.0,1.52,404.0,68.44,172.0,21.76,223.0,12.87,142.0,2.4,220.0,24.43,222.0,362.85,253.0
2021,Male,M,18,2708.0,13.83,337.0,4.86,356.0,8.08,371.0,1.76,593.0,69.73,143.0,22.95,154.0,23.15,332.0,2.4,220.0,22.78,199.0,469.28,3.0
2021,Male,M,19,2538.0,14.0,312.0,4.15,230.0,8.92,421.0,1.24,212.0,66.09,230.0,23.25,138.0,21.63,303.0,2.0,140.0,27.18,260.0,353.35,292.0
2021,Male,M,20,2453.0,13.74,350.0,4.24,245.0,7.51,337.0,1.32,263.0,69.86,141.0,22.2,196.0,22.74,324.0,2.0,140.0,31.95,327.0,398.03,130.0
2021,Male,M,21,2377.0,14.08,301.0,4.56,301.0,6.99,307.0,1.44,345.0,76.8,30.0,20.77,291.0,19.02,254.0,2.0,140.0,27.7,267.0,394.44,141.0
2021,Male,M,22,2356.0,13.87,331.0,4.61,310.0,8.03,368.0,1.28,237.0,68.81,163.0,24.13,97.0,17.32,222.0,1.8,103.0,34.51,363.0,387.95,162.0
2021,Male,M,23,2342.0,13.23,430.0,4.74,333.0,7.24,321.0,1.32,263.0,67.21,201.0,22.11,202.0,17.27,221.0,2.0,140.0,25.13,231.0,,
2021,Male,M,24,2331.0,14.86,201.0,4.18,235.0,7.36,328.0,1.48,374.0,68.79,164.0,23.08,147.0,17.68,229.0,2.0,140.0,27.09,258.0,362.15,255.0
2021,Male,M,25,2231.0,14.01,311.0,4.46,283.0,6.46,276.0,1.48,374.0,68.94,160.0,24.27,91.0,17.98,234.0,1.4,40.0,25.48,236.0,369.76,226.0
2021,Male,M,26,1996.0,14.11,297.0,4.37,267.0,7.38,330.0,1.4,317.0,70.46,128.0,25.24,55.0,16.89,214.0,1.4,40.0,18.58,142.0,375.18,206.0
2021,Male,M,27,1951.0,18.85,0.0,4.75,335.0,5.45,217.0,1.48,374.0,76.79,30.0,19.85,361.0,13.9,160.0,2.2,179.0,25.1,231.0,424.24,64.0
2021,Male,M,28,1840.0,14.02,309.0,3.94,196.0,6.84,298.0,1.4,317.0,68.78,164.0,24.73,73.0,12.25,131.0,1.2,15.0,17.54,129.0,374.61,208.0
2021,Male,M,29,1656.0,14.69,221.0,4.5,290.0,6.01,249.0,1.2,188.0,70.43,129.0,22.85,159.0,14.92,179.0,2.0,140.0,15.11,97.0,466.74,4.0
2021,Male,M,30,1557.0,14.93,193.0,3.67,155.0,5.91,244.0,1.24,212.0,72.65,87.0,26.93,13.0,15.99,198.0,1.6,70.0,23.3,206.0,382.75,179.0
2021,Male,M,31,946.0,14.75,214.0,3.83,179.0,5.87,241.0,1.28,237.0,73.4,75.0,,,,,,,,,,
2021,Male,M,32,871.0,,,4.09,220.0,5.67,230.0,1.24,212.0,,,24.69,74.0,,,,,,,396.3,135.0
2021,Male,M,33,867.0,,,,,8.02,367.0,,,,,,,16.87,214.0,,,29.05,286.0,,
2021,Male,M,34,719.0,17.99,0.0,3.45,123.0,4.66,172.0,1.16,165.0,73.18,79.0,,,12.35,133.0,,,11.15,47.0,490.21,0.0
2021,Male,M,35,674.0,19.77,0.0,2.16,0.0,6.68,289.0,0.92,47.0,160.81,0.0,,,17.69,229.0,,,16.08,109.0,882.05,0.0
2021,Male,M40,1,4025.0,12.95,476.0,4.99,380.0,8.49,395.0,1.64,496.0,61.78,355.0,16.78,647.0,20.32,278.0,2.2,179.0,26.94,256.0,299.45,563.0
2021,Male,M40,2,3574.0,13.3,418.0,4.72,330.0,8.49,395.0,1.48,374.0,63.33,307.0,19.29,407.0,31.64,497.0,2.4,220.0,27.18,260.0,336.9,366.0
2021,Male,M40,3,2673.0,13.85,334.0,4.44,280.0,6.98,306.0,1.56,434.0,69.43,150.0,19.64,378.0,18.84,250.0,2.2,179.0,27.29,261.0,408.62,101.0
2021,Male,M40,4,2643.0,14.11,297.0,4.55,299.0,8.2,378.0,1.6,464.0,74.26,62.0,20.63,301.0,19.96,271.0,2.4,220.0,23.97,215.0,395.99,136.0
2021,Male,M40,5,2599.0,14.19,286.0,4.44,280.0,6.93,303.0,1.4,317.0,67.14,203.0,20.82,287.0,21.25,296.0,1.4,40.0,30.46,306.0,355.8,281.0
2021,Male,M40,6,2503.0,13.99,314.0,3.89,188.0,6.54,280.0,1.32,263.0,67.52,194.0,20.52,309.0,22.38,317.0,2.2,179.0,28.73,281.0,383.08,178.0
2021,Male,M40,7,2417.0,14.31,270.0,4.19,237.0,7.91,361.0,1.32,263.0,72.78,85.0,20.57,306.0,24.11,350.0,2.0,140.0,30.03,300.0,406.97,105.0
2021,Male,M40,8,2226.0,14.7,220.0,4.04,212.0,7.07,311.0,1.32,263.0,72.25,94.0,21.09,268.0,19.04,254.0,2.6,264.0,25.25,233.0,406.33,107.0
2021,Male,M40,9,1907.0,15.2,163.0,4.1,222.0,6.29,266.0,1.32,263.0,71.73,104.0,22.45,182.0,17.49,225.0,,,23.83,213.0,358.91,269.0
2021,Male,M40,10,1746.0,15.86,100.0,4.3,255.0,7.92,362.0,1.44,345.0,86.5,0.0,24.06,100.0,19.25,258.0,1.6,70.0,26.88,256.0,480.3,0.0
2021,Male,M40,11,1503.0,15.13,171.0,3.8,174.0,8.78,413.0,1.2,188.0,98.82,0.0,26.61,19.0,18.83,250.0,2.0,140.0,19.02,148.0,569.83,0.0
2021,Male,M40,12,1334.0,15.11,173.0,3.41,118.0,7.03,309.0,1.2,188.0,79.72,6.0,23.78,113.0,14.14,165.0,1.6,70.0,19.82,159.0,440.95,33.0
2021,Male,M40,13,1052.0,20.8,0.0,3.04,70.0,7.86,358.0,1.12,142.0,,,,,21.23,295.0,,,21.91,187.0,,
2021,Male,M50,1,3429.0,13.5,387.0,4.66,319.0,10.5,516.0,1.32,263.0,66.56,217.0,19.78,367.0,33.45,533.0,3.0,357.0,29.89,298.0,384.82,172.0
2021,Male,M50,2,3295.0,13.95,319.0,4.68,323.0,10.1,492.0,1.36,290.0,68.5,170.0,19.15,419.0,30.4,472.0,2.4,220.0,36.84,397.0,378.65,193.0
2021,Male,M50,3,2594.0,14.24,279.0,3.88,187.0,6.8,296.0,1.32,263.0,65.08,257.0,20.54,308.0,15.72,193.0,2.2,179.0,25.08,231.0,329.62,401.0
2021,Male,M50,4,2460.0,14.97,189.0,4.7,326.0,8.96,423.0,1.44,345.0,73.27,77.0,20.88,283.0,19.4,261.0,1.6,70.0,24.65,225.0,360.79,261.0
2021,Male,M50,5,2393.0,13.72,353.0,4.45,281.0,7.94,363.0,1.4,317.0,73.55,73.0,20.64,300.0,23.74,343.0,2.0,140.0,20.83,173.0,430.84,50.0
2021,Male,M50,6,2161.0,14.79,209.0,4.03,211.0,8.59,401.0,1.28,237.0,76.12,37.0,22.34,188.0,22.33,316.0,2.0,140.0,22.6,197.0,369.93,225.0
2021,Male,M50,7,2072.0,14.95,191.0,4.23,244.0,8.6,402.0,1.44,345.0,72.26,94.0,23.11,145.0,17.92,233.0,1.8,103.0,21.42,181.0,396.79,134.0
2021,Male,M50,8,2024.0,15.18,166.0,4.0,206.0,5.72,233.0,1.2,188.0,68.38,173.0,22.2,196.0,17.59,227.0,1.4,40.0,23.8,213.0,333.52,382.0
2021,Male,M50,9,1530.0,15.27,156.0,4.25,247.0,6.19,260.0,1.28,237.0,75.96,39.0,26.09,31.0,16.0,198.0,1.8,103.0,15.69,104.0,389.94,155.0
2021,Male,M50,10,1301.0,17.64,4.0,3.26,98.0,7.84,357.0,1.24,212.0,114.77,0.0,26.26,27.0,24.28,353.0,1.8,103.0,18.94,147.0,547.67,0.0
2021,Male,M50,11,1154.0,16.92,29.0,3.59,143.0,5.95,246.0,1.28,237.0,102.32,0.0,28.83,0.0,20.54,282.0,1.8,103.0,16.4,114.0,561.6,0.0
2021,Male,M50,12,1046.0,16.88,31.0,3.23,94.0,6.9,301.0,1.28,237.0,93.4,0.0,29.08,0.0,15.78,194.0,1.6,70.0,16.79,119.0,590.12,0.0
2021,Male,M60,1,2536.0,15.04,181.0,4.1,222.0,8.85,417.0,1.44,345.0,77.46,23.0,19.0,432.0,25.48,376.0,2.6,264.0,16.19,111.0,386.9,165.0
2021,Male,M60,2,1313.0,18.11,0.0,2.98,63.0,8.28,383.0,1.16,165.0,97.3,0.0,25.16,58.0,25.48,376.0,1.6,70.0,22.71,198.0,513.95,0.0
2021,Male,M60,3,1254.0,16.74,38.0,3.07,74.0,7.63,344.0,1.2,188.0,83.58,0.0,26.59,19.0,22.54,320.0,1.4,40.0,19.42,154.0,418.23,77.0
2021,Male,M60,4,753.0,17.72,2.0,2.87,51.0,6.51,279.0,1.12,142.0,216.94,0.0,29.43,0.0,13.76,158.0,1.4,40.0,13.85,81.0,624.98,0.0
2022,Male,M,1,5469.0,11.8,691.0,6.06,600.0,12.06,610.0,1.84,661.0,55.58,576.0,15.45,796.0,27.5,416.0,3.2,406.0,37.8,410.0,350.81,303.0
2022,Male,M,2,4216.0,12.05,641.0,5.31,443.0,8.15,375.0,1.68,528.0,56.34,546.0,17.79,544.0,19.98,272.0,2.4,220.0,19.02,148.0,310.9,499.0
2022,Male,M,3,4072.0,12.49,558.0,5.25,431.0,8.66,406.0,1.56,434.0,61.7,357.0,18.79,451.0,20.49,281.0,3.0,357.0,38.07,414.0,333.42,383.0
2022,Male,M,4,4031.0,12.24,605.0,6.04,595.0,8.08,371.0,1.48,374.0,59.65,425.0,17.93,531.0,22.56,320.0,2.2,179.0,30.8,310.0,346.74,321.0
2022,Male,M,5,3968.0,13.18,438.0,5.18,417.0,7.78,353.0,1.52,404.0,59.01,447.0,18.8,450.0,16.43,206.0,3.2,406.0,28.69,281.0,298.99,566.0
2022,Male,M,6,3864.0,12.66,527.0,5.07,396.0,7.72,350.0,1.6,464.0,60.21,406.0,18.19,506.0,23.39,336.0,2.6,264.0,31.56,321.0,352.88,294.0
2022,Male,M,7,3851.0,12.56,545.0,5.13,407.0,9.06,429.0,1.44,345.0,58.95,450.0,20.14,338.0,20.49,281.0,2.4,220.0,26.62,252.0,295.75,584.0
2022,Male,M,8,3848.0,14.0,312.0,5.11,404.0,9.06,429.0,1.52,404.0,64.96,260.0,17.9,534.0,24.72,362.0,3.2,406.0,32.0,327.0,327.83,410.0
2022,Male,M,9,3526.0,13.33,413.0,4.81,346.0,7.82,356.0,1.56,434.0,65.53,244.0,19.06,427.0,19.98,272.0,2.4,220.0,39.28,432.0,333.45,382.0
2022,Male,M,10,3302.0,13.34,412.0,4.81,346.0,9.75,471.0,1.52,404.0,67.19,202.0,20.8,289.0,24.83,364.0,2.0,140.0,34.88,368.0,350.12,306.0
2022,Male,M,11,3286.0,13.19,436.0,4.77,339.0,7.45,334.0,1.32,263.0,63.71,296.0,19.16,419.0,19.74,267.0,2.6,264.0,33.79,353.0,348.1,315.0
2022,Male,M,12,3228.0,13.85,334.0,5.02,386.0,6.73,291.0,1.32,263.0,60.14,408.0,19.85,361.0,18.09,236.0,2.2,179.0,25.6,238.0,304.93,532.0
2022,Male,M,13,3218.0,13.11,449.0,4.73,332.0,7.5,337.0,1.48,374.0,64.55,271.0,19.05,428.0,20.43,280.0,2.2,179.0,27.27,261.0,349.8,307.0
2022,Male,M,14,3150.0,12.64,531.0,5.5,481.0,6.35,269.0,1.6,464.0,64.15,283.0,20.02,348.0,12.86,142.0,2.4,220.0,16.86,120.0,353.38,292.0
2022,Male,M,15,3009.0,13.58,374.0,4.58,304.0,7.58,341.0,1.52,404.0,63.7,296.0,22.07,204.0,20.86,288.0,1.8,103.0,25.61,238.0,318.74,457.0
2022,Male,M,16,2998.0,13.63,367.0,5.01,384.0,8.63,404.0,1.44,345.0,65.6,243.0,20.28,327.0,20.95,290.0,2.4,220.0,30.44,305.0,404.19,113.0
2022,Male,M,17,2913.0,13.59,373.0,4.66,319.0,7.45,334.0,1.52,404.0,65.17,254.0,20.58,305.0,16.44,206.0,2.2,179.0,28.53,279.0,361.08,260.0
2022,Male,M,18,2896.0,13.6,371.0,4.65,317.0,6.84,298.0,1.4,317.0,61.63,359.0,26.24,27.0,18.43,243.0,2.4,220.0,24.66,225.0,307.28,519.0
2022,Male,M,19,2789.0,14.07,302.0,4.49,288.0,7.88,359.0,1.36,290.0,63.37,306.0,21.16,263.0,16.48,207.0,1.8,103.0,14.39,87.0,295.91,584.0
2022,Male,M,20,2735.0,13.01,466.0,4.47,285.0,5.8,237.0,1.6,464.0,66.42,221.0,19.66,377.0,14.89,178.0,2.4,220.0,25.0,230.0,427.36,57.0
2022,Male,M,21,2724.0,13.33,413.0,4.82,348.0,8.33,386.0,1.52,404.0,64.2,281.0,22.27,192.0,15.24,184.0,2.0,140.0,27.23,260.0,402.85,116.0
2022,Male,M,22,2658.0,13.29,420.0,4.5,290.0,7.84,357.0,1.4,317.0,65.8,237.0,22.09,203.0,15.35,186.0,1.6,70.0,30.09,300.0,356.61,278.0
2022,Male,M,23,2558.0,13.82,338.0,4.33,261.0,8.0,366.0,1.4,317.0,65.77,238.0,22.36,187.0,18.11,237.0,2.0,140.0,27.11,259.0,372.48,215.0
2022,Male,M,24,2550.0,14.47,249.0,4.29,254.0,7.7,349.0,1.56,434.0,67.4,196.0,23.59,121.0,20.16,275.0,2.4,220.0,25.75,240.0,373.38,212.0
2022,Male,M,25,2522.0,14.58,235.0,4.42,276.0,8.03,368.0,1.28,237.0,74.02,65.0,20.27,328.0,22.1,312.0,2.6,264.0,27.4,263.0,384.1,174.0
2022,Male,M,26,2497.0,13.8,341.0,4.68,323.0,5.69,231.0,1.44,345.0,63.23,310.0,21.23,259.0,13.18,147.0,2.0,140.0,9.7,29.0,335.73,372.0
2022,Male,M,27,2443.0,13.97,316.0,4.6,308.0,7.17,317.0,1.28,237.0,65.86,236.0,21.64,231.0,15.96,197.0,1.6,70.0,27.5,264.0,359.3,267.0
2022,Male,M,28,2388.0,13.26,425.0,4.79,343.0,6.08,253.0,1.44,345.0,66.06,230.0,21.11,267.0,12.7,139.0,2.0,140.0,16.5,115.0,397.93,131.0
2022,Male,M,29,2355.0,13.68,359.0,4.68,323.0,7.75,352.0,1.4,317.0,67.77,188.0,21.57,236.0,16.33,204.0,,,21.68,184.0,378.9,192.0
2022,Male,M,30,2291.0,13.64,365.0,4.63,313.0,8.51,397.0,1.52,404.0,71.79,103.0,,,18.89,251.0,2.0,140.0,29.0,285.0,440.49,33.0
2022,Male,M,31,2181.0,14.46,250.0,4.68,323.0,8.36,388.0,,,67.82,186.0,20.1,341.0,20.23,276.0,2.2,179.0,25.65,238.0,,
2022,Male,M,32,2035.0,13.75,348.0,4.46,283.0,7.87,359.0,1.4,317.0,104.9,0.0,22.76,164.0,18.8,250.0,,,15.49,102.0,373.44,212.0
2022,Male,M,33,2029.0,13.73,351.0,4.64,315.0,8.7,408.0,1.36,290.0,69.2,155.0,,,17.37,223.0,,,29.13,287.0,,
2022,Male,M,34,1990.0,14.41,257.0,4.06,215.0,6.95,304.0,1.32,263.0,69.82,141.0,24.79,71.0,17.91,233.0,1.8,103.0,25.27,233.0,385.32,170.0
2022,Male,M,35,1756.0,14.25,278.0,4.54,297.0,5.83,239.0,1.36,290.0,76.32,35.0,23.01,151.0,14.16,165.0,1.8,103.0,17.14,123.0,418.94,75.0
2022,Male,M,36,1724.0,13.38,405.0,4.11,224.0,5.43,216.0,1.48,374.0,70.41,129.0,25.31,53.0,12.95,143.0,1.2,15.0,18.47,141.0,446.58,24.0
2022,Male,M,37,1643.0,15.1,174.0,3.85,182.0,7.28,324.0,1.32,263.0,75.48,45.0,22.97,153.0,14.24,166.0,1.6,70.0,24.57,224.0,435.31,42.0
2022,Male,M,38,1367.0,13.17,439.0,,,,,,,60.5,396.0,,,17.2,220.0,2.0,140.0,20.78,172.0,,
2022,Male,M,39,1197.0,14.42,255.0,,,6.85,298.0,,,,,,,16.16,201.0,,,20.88,173.0,358.65,270.0
2022,Male,M,40,999.0,14.35,264.0,3.49,129.0,6.07,253.0,,,,,,,14.52,171.0,,,21.54,182.0,,
2022,Male,M,41,881.0,,,,,,,,,,,24.56,79.0,22.17,313.0,1.6,70.0,29.86,297.0,400.85,122.0
2022,Male,M,42,645.0,14.27,275.0,2.71,35.0,7.47,335.0,,,,,,,,,,,,,,
2022,Male,M40,1,401.0,13.41,401.0,,,,,,,,,,,,,,,,,,
2022,Male,M40,1,3728.0,13.7,356.0,4.73,332.0,8.17,376.0,1.64,496.0,59.33,436.0,17.91,533.0,21.55,301.0,2.2,179.0,25.98,243.0,314.99,476.0
2022,Male,M40,2,3450.0,13.73,351.0,4.51,292.0,8.25,381.0,1.44,345.0,63.72,295.0,19.17,418.0,25.14,370.0,2.4,220.0,35.34,375.0,329.17,403.0
2022,Male,M40,3,2579.0,14.49,246.0,4.22,242.0,7.76,352.0,1.48,374.0,66.56,217.0,21.04,272.0,20.37,279.0,1.8,103.0,24.03,216.0,356.55,278.0
2022,Male,M40,4,2520.0,14.28,274.0,4.61,310.0,6.68,289.0,1.52,404.0,72.95,82.0,19.21,414.0,17.48,225.0,2.2,179.0,23.92,215.0,398.9,128.0
2022,Male,M40,5,2490.0,14.12,295.0,4.32,259.0,6.2,260.0,1.48,374.0,68.0,182.0,20.51,310.0,19.43,261.0,2.0,140.0,22.69,198.0,373.55,211.0
2022,Male,M40,6,2377.0,14.45,251.0,4.5,290.0,7.32,326.0,1.44,345.0,71.63,106.0,21.23,259.0,19.5,263.0,1.8,103.0,21.08,176.0,361.39,258.0
2022,Male,M40,7,2221.0,14.99,186.0,4.28,252.0,6.21,261.0,1.24,212.0,72.25,94.0,21.34,251.0,16.81,213.0,2.2,179.0,30.76,310.0,360.35,263.0
2022,Male,M40,8,2141.0,14.89,198.0,4.32,259.0,6.7,290.0,1.32,263.0,72.79,85.0,21.05,271.0,17.29,222.0,2.6,264.0,20.48,168.0,401.33,121.0
2022,Male,M40,9,1993.0,15.18,166.0,4.35,264.0,6.5,278.0,1.4,317.0,72.47,91.0,22.27,192.0,16.41,206.0,1.4,40.0,24.1,217.0,370.67,222.0
2022,Male,M40,10,1929.0,14.76,213.0,3.77,170.0,7.38,330.0,1.28,237.0,75.75,42.0,21.64,231.0,16.59,209.0,1.6,70.0,26.99,257.0,385.32,170.0
2022,Male,M40,11,1876.0,14.37,262.0,3.94,196.0,6.89,301.0,1.24,212.0,79.15,10.0,21.89,215.0,19.0,253.0,2.0,140.0,26.53,251.0,439.0,36.0
2022,Male,M40,12,1820.0,14.58,235.0,3.84,181.0,8.2,378.0,1.28,237.0,71.59,106.0,22.82,161.0,17.42,224.0,1.4,40.0,27.07,258.0,,
2022,Male,M40,13,1765.0,15.04,181.0,2.59,24.0,8.1,372.0,1.32,263.0,77.04,27.0,22.79,162.0,20.25,277.0,2.0,140.0,26.42,249.0,421.35,70.0
2022,Male,M40,14,882.0,14.6,233.0,,,,,,,84.96,0.0,,,18.47,244.0,1.8,103.0,30.19,302.0,,
2022,Male,M40,15,560.0,21.7,0.0,2.27,2.0,5.12,198.0,1.08,121.0,138.59,0.0,,,8.89,73.0,,,20.33,166.0,,
2022,Male,M40,20,356.0,,,,,7.82,356.0,,,,,,,,,,,,,,
2022,Male,M50,1,3444.0,13.73,351.0,4.59,306.0,11.35,567.0,1.44,345.0,67.07,205.0,19.74,370.0,32.01,504.0,3.0,357.0,27.76,268.0,385.03,171.0
2022,Male,M50,2,3065.0,14.36,263.0,4.79,343.0,9.24,440.0,1.36,290.0,70.97,118.0,19.47,392.0,30.77,480.0,2.4,220.0,36.57,393.0,399.6,126.0
2022,Male,M50,3,2840.0,14.45,251.0,4.92,367.0,8.84,416.0,1.6,464.0,73.28,77.0,19.89,358.0,24.34,354.0,2.2,179.0,25.16,232.0,394.04,142.0
2022,Male,M50,4,2688.0,13.99,314.0,3.82,177.0,6.72,291.0,1.36,290.0,63.29,308.0,20.79,289.0,18.41,242.0,1.8,103.0,21.32,179.0,311.52,495.0
2022,Male,M50,5,2515.0,14.65,226.0,4.58,304.0,8.35,387.0,1.4,317.0,68.4,173.0,20.65,300.0,21.0,291.0,1.6,70.0,22.86,200.0,364.17,247.0
2022,Male,M50,6,2274.0,13.69,357.0,4.24,245.0,7.88,359.0,1.4,317.0,75.49,45.0,20.41,318.0,20.87,288.0,2.0,140.0,19.0,148.0,427.39,57.0
2022,Male,M50,7,2196.0,14.99,186.0,4.08,219.0,8.31,385.0,1.28,237.0,72.18,96.0,21.17,263.0,21.71,304.0,1.8,103.0,20.7,171.0,368.19,232.0
2022,Male,M50,8,2053.0,14.74,215.0,4.22,242.0,6.48,277.0,1.36,290.0,75.2,49.0,20.69,297.0,20.23,276.0,2.2,179.0,20.3,165.0,424.47,63.0
2022,Male,M50,9,1974.0,14.36,263.0,4.49,288.0,7.93,362.0,1.36,290.0,78.58,14.0,21.87,217.0,20.5,281.0,1.6,70.0,20.69,171.0,451.2,18.0
2022,Male,M50,10,1926.0,15.08,176.0,3.84,181.0,5.89,242.0,1.08,121.0,69.49,148.0,21.69,228.0,15.82,195.0,1.8,103.0,20.84,173.0,338.39,359.0
2022,Male,M50,11,1621.0,14.69,221.0,3.95,198.0,7.22,320.0,1.32,263.0,76.18,37.0,23.56,123.0,16.28,203.0,1.8,103.0,19.35,153.0,,
2022,Male,M50,12,1495.0,15.1,174.0,4.06,215.0,6.6,284.0,1.24,212.0,75.7,43.0,25.46,48.0,14.5,171.0,1.8,103.0,17.4,127.0,402.4,118.0
2022,Male,M50,13,1403.0,14.38,261.0,,,7.5,337.0,,,73.25,77.0,,,25.43,375.0,2.2,179.0,20.93,174.0,,
2022,Male,M50,14,1267.0,17.78,1.0,3.32,106.0,7.64,345.0,1.24,212.0,,,26.43,23.0,23.31,335.0,1.8,103.0,18.53,142.0,614.15,0.0
2022,Male,M50,15,1227.0,17.55,5.0,3.62,147.0,7.8,354.0,1.16,165.0,94.55,0.0,26.31,25.0,21.37,298.0,,,25.22,233.0,514.61,0.0
2022,Male,M50,16,1051.0,16.71,40.0,3.27,99.0,6.1,255.0,1.24,212.0,98.98,0.0,,,19.0,253.0,1.6,70.0,17.04,122.0,,
2022,Male,M50,17,1050.0,14.8,208.0,,,,,,,,,,,27.08,407.0,2.2,179.0,26.88,256.0,,
2022,Male,M50,18,976.0,17.09,21.0,2.94,59.0,6.91,302.0,1.2,188.0,,,,,16.95,215.0,1.6,70.0,16.96,121.0,,
2022,Male,M60,1,1772.0,14.94,192.0,3.79,173.0,8.63,404.0,1.24,212.0,82.48,0.0,22.47,180.0,28.15,428.0,1.2,15.0,20.51,168.0,501.98,0.0
2022,Male,M60,2,1237.0,17.13,19.0,3.35,110.0,7.22,320.0,1.2,188.0,82.07,0.0,26.01,33.0,22.37,317.0,1.6,70.0,17.37,126.0,428.72,54.0
2022,Male,M60,3,1218.0,18.26,0.0,3.06,73.0,8.42,391.0,1.08,121.0,100.02,0.0,26.08,31.0,23.84,345.0,1.8,103.0,19.49,154.0,,
2022,Male,M60,4,722.0,18.03,0.0,3.0,66.0,6.23,262.0,1.0,81.0,115.6,0.0,29.39,0.0,15.81,195.0,1.2,15.0,15.6,103.0,612.55,0.0
2022,Female,W,1,3714.0,15.02,454.0,4.43,411.0,8.23,414.0,1.52,644.0,74.08,241.0,20.7,448.0,21.38,303.0,1.6,110.0,26.64,413.0,403.81,276.0
2022,Female,W,2,3470.0,15.38,406.0,4.24,364.0,9.52,498.0,1.4,512.0,78.54,142.0,21.01,425.0,25.48,378.0,2.2,282.0,24.82,379.0,464.96,84.0
2022,Female,W,3,3315.0,15.36,408.0,3.9,285.0,8.89,457.0,1.32,429.0,79.21,129.0,22.56,316.0,26.15,390.0,1.8,163.0,32.45,523.0,420.12,215.0
2022,Female,W,4,3018.0,14.91,469.0,4.08,326.0,8.3,419.0,1.32,429.0,79.5,124.0,20.11,495.0,15.18,192.0,1.6,110.0,21.55,318.0,444.77,136.0
2022,Female,W,5,2888.0,14.88,474.0,4.01,310.0,8.36,423.0,1.28,389.0,78.76,138.0,22.39,327.0,18.35,248.0,1.6,110.0,22.79,341.0,447.56,128.0
2022,Female,W,6,2588.0,15.41,402.0,4.14,340.0,6.74,318.0,1.28,389.0,77.34,166.0,22.06,349.0,18.67,254.0,1.4,64.0,6.0,36.0,405.31,270.0
2022,Female,W,7,2481.0,16.29,295.0,3.59,218.0,7.21,348.0,1.24,350.0,78.55,142.0,22.6,313.0,18.91,258.0,1.2,25.0,18.77,266.0,406.3,266.0
2022,Female,W,8,2135.0,15.98,331.0,3.4,180.0,6.19,283.0,1.4,512.0,83.79,56.0,25.48,152.0,13.65,166.0,1.6,110.0,12.81,157.0,428.08,188.0
2022,Female,W,9,2128.0,15.46,395.0,3.82,267.0,7.04,338.0,1.24,350.0,82.86,69.0,24.42,205.0,14.77,185.0,1.6,110.0,9.38,95.0,452.99,114.0
2022,Female,W,10,2115.0,15.88,343.0,3.64,229.0,7.48,366.0,1.16,275.0,82.32,77.0,25.49,151.0,16.92,223.0,1.6,110.0,18.71,265.0,468.88,76.0
2022,Female,W,11,2099.0,16.88,231.0,3.6,220.0,6.89,328.0,1.2,312.0,82.83,69.0,23.37,265.0,15.57,199.0,,,14.74,192.0,402.11,283.0
2022,Female,W,12,1850.0,16.41,281.0,3.45,190.0,6.04,274.0,1.28,389.0,92.39,0.0,23.63,249.0,11.9,136.0,1.6,110.0,12.95,159.0,475.6,62.0
2022,Female,W,13,1683.0,16.81,238.0,3.53,206.0,5.91,266.0,1.16,275.0,80.68,103.0,29.19,25.0,12.39,144.0,,,12.75,156.0,405.41,270.0
2022,Female,W,14,1379.0,16.98,221.0,3.56,212.0,5.59,245.0,1.24,350.0,88.75,9.0,25.18,166.0,11.59,131.0,,,,,484.72,45.0
2022,Female,W50,1,3060.0,15.9,340.0,3.94,294.0,8.3,419.0,1.4,512.0,76.96,174.0,21.28,405.0,14.63,183.0,1.6,110.0,22.68,339.0,401.74,284.0
2022,Female,W50,2,1881.0,17.88,140.0,3.64,229.0,6.21,285.0,1.16,275.0,82.45,75.0,27.21,81.0,12.61,148.0,1.6,110.0,16.51,224.0,394.43,314.0
2022,Female,W50,3,503.0,32.3,0.0,1.42,0.0,5.78,257.0,0.84,35.0,176.05,0.0,,,11.66,132.0,,,8.49,79.0,596.26,0.0
2022,Female,W60,1,640.0,21.51,0.0,2.55,40.0,5.43,235.0,0.96,111.0,128.0,0.0,35.02,0.0,12.4,145.0,,,10.17,109.0,647.93,0.0
2023,Male,M,1,5197.0,12.2,612.0,5.52,485.0,8.2,378.0,1.72,560.0,54.47,620.0,16.22,708.0,22.77,324.0,3.4,457.0,37.39,404.0,285.1,649.0
2023,Male,M,2,5035.0,12.33,588.0,5.67,516.0,9.06,429.0,1.6,464.0,54.99,599.0,16.42,686.0,28.88,442.0,2.8,309.0,37.86,411.0,294.68,591.0
2023,Male,M,3,4384.0,12.73,515.0,5.34,449.0,9.39,449.0,1.44,345.0,60.55,395.0,17.04,620.0,29.21,449.0,3.2,406.0,37.01,399.0,338.78,357.0
2023,Male,M,4,4273.0,12.21,610.0,4.74,333.0,8.48,395.0,1.72,560.0,56.32,547.0,17.71,552.0,23.58,340.0,2.4,220.0,19.15,150.0,298.88,566.0
2023,Male,M,5,4120.0,12.55,547.0,5.64,510.0,8.37,388.0,1.68,528.0,57.01,521.0,17.66,557.0,22.04,311.0,1.8,103.0,25.89,242.0,327.25,413.0
2023,Male,M,6,3954.0,12.65,529.0,5.52,485.0,6.45,275.0,1.6,464.0,58.84,454.0,18.19,506.0,19.11,255.0,2.2,179.0,40.59,451.0,338.92,356.0
2023,Male,M,7,3922.0,13.4,402.0,5.02,386.0,7.98,365.0,1.48,374.0,60.16,408.0,18.93,439.0,22.44,318.0,3.2,406.0,25.39,235.0,294.91,589.0
2023,Male,M,8,3625.0,13.23,430.0,5.45,471.0,8.51,397.0,1.56,434.0,61.36,368.0,20.7,296.0,25.67,380.0,2.4,220.0,22.05,189.0,321.89,440.0
2023,Male,M,9,3609.0,12.9,485.0,5.15,411.0,8.38,389.0,1.64,496.0,62.37,336.0,19.34,403.0,22.66,322.0,2.2,179.0,33.85,354.0,367.51,234.0
2023,Male,M,10,3607.0,12.96,475.0,4.62,312.0,9.67,466.0,1.56,434.0,63.5,302.0,19.75,369.0,24.57,359.0,2.0,140.0,37.54,407.0,341.88,343.0
2023,Male,M,11,3153.0,13.8,341.0,4.8,345.0,7.3,325.0,1.32,263.0,61.63,359.0,20.93,279.0,18.53,245.0,2.4,220.0,25.7,239.0,304.0,537.0
2023,Male,M,12,3125.0,13.2,434.0,4.68,323.0,7.63,344.0,1.44,345.0,67.17,202.0,20.15,337.0,22.95,328.0,2.6,264.0,32.1,329.0,371.57,219.0
2023,Male,M,13,3007.0,13.22,431.0,4.67,321.0,7.35,328.0,1.52,404.0,65.51,245.0,20.74,293.0,22.26,315.0,2.2,179.0,23.6,210.0,355.82,281.0
2023,Male,M,14,2954.0,13.86,332.0,4.71,328.0,6.42,273.0,1.52,404.0,63.6,299.0,21.42,246.0,17.66,229.0,2.4,220.0,30.77,310.0,348.58,313.0
2023,Male,M,15,2945.0,13.3,418.0,4.74,333.0,7.23,321.0,1.52,404.0,62.76,324.0,21.95,212.0,18.99,253.0,1.4,40.0,30.14,301.0,342.63,339.0
2023,Male,M,16,2837.0,13.52,383.0,4.78,341.0,9.46,453.0,1.56,434.0,69.89,140.0,20.45,314.0,20.4,280.0,2.2,179.0,24.04,216.0,409.97,97.0
2023,Male,M,17,2796.0,12.91,483.0,4.75,335.0,5.96,246.0,1.64,496.0,65.24,252.0,19.85,361.0,16.97,216.0,2.0,140.0,25.55,237.0,442.73,30.0
2023,Male,M,18,2760.0,13.96,318.0,4.5,290.0,7.26,323.0,1.52,404.0,70.0,138.0,21.08,269.0,20.23,276.0,2.2,179.0,32.85,340.0,370.5,223.0
2023,Male,M,19,2710.0,13.27,423.0,4.51,292.0,9.12,433.0,1.28,237.0,63.28,308.0,22.29,191.0,22.45,318.0,2.0,140.0,27.75,268.0,409.0,100.0
2023,Male,M,20,2689.0,14.11,297.0,4.58,304.0,6.53,280.0,1.48,374.0,63.26,309.0,22.76,164.0,16.81,213.0,2.0,140.0,26.75,254.0,339.43,354.0
2023,Male,M,21,2645.0,13.05,459.0,4.48,287.0,6.37,270.0,1.44,345.0,64.14,283.0,21.95,212.0,15.01,180.0,2.4,220.0,21.63,183.0,375.02,206.0
2023,Male,M,22,2593.0,14.61,231.0,4.52,294.0,7.74,351.0,1.4,317.0,67.8,187.0,21.54,238.0,18.06,236.0,2.2,179.0,27.19,260.0,351.42,300.0
2023,Male,M,23,2467.0,13.78,344.0,4.7,326.0,7.24,321.0,1.48,374.0,72.66,87.0,22.18,197.0,20.51,282.0,2.0,140.0,28.94,284.0,404.45,112.0
2023,Male,M,24,2457.0,13.07,456.0,4.33,261.0,6.42,273.0,1.32,263.0,63.2,311.0,23.6,121.0,20.43,280.0,2.0,140.0,21.53,182.0,385.31,170.0
2023,Male,M,25,2448.0,14.67,224.0,4.56,301.0,6.61,284.0,1.56,434.0,71.32,111.0,22.72,166.0,20.03,273.0,2.0,140.0,26.39,249.0,359.62,266.0
2023,Male,M,26,2443.0,13.74,350.0,4.46,283.0,8.06,370.0,1.52,404.0,66.72,213.0,22.55,176.0,19.05,254.0,1.8,103.0,23.51,209.0,416.34,81.0
2023,Male,M,27,2409.0,,,3.59,143.0,8.72,409.0,1.44,345.0,,,22.53,177.0,27.5,416.0,2.8,309.0,31.35,318.0,353.25,292.0
2023,Male,M,28,2309.0,14.58,235.0,4.3,255.0,7.0,307.0,1.56,434.0,73.01,81.0,22.14,200.0,20.7,285.0,2.0,140.0,24.35,221.0,391.2,151.0
2023,Male,M,29,2200.0,14.35,264.0,4.56,301.0,7.28,324.0,1.28,237.0,73.2,78.0,22.2,196.0,20.23,276.0,,,21.13,177.0,340.91,347.0
2023,Male,M,30,2073.0,14.25,278.0,4.31,257.0,5.77,235.0,1.36,290.0,67.88,185.0,23.37,132.0,15.94,197.0,2.0,140.0,16.82,119.0,365.98,240.0
2023,Male,M,31,2066.0,13.58,374.0,,,,,1.4,317.0,62.79,323.0,,,18.18,238.0,2.4,220.0,21.9,187.0,328.5,407.0
2023,Male,M,32,1711.0,15.09,175.0,3.82,177.0,6.46,276.0,1.2,188.0,73.99,66.0,26.26,27.0,18.87,251.0,2.0,140.0,23.31,206.0,375.42,205.0
2023,Male,M,33,1707.0,14.64,228.0,4.4,273.0,6.04,251.0,1.44,345.0,75.49,45.0,22.49,179.0,13.82,159.0,1.6,70.0,15.0,95.0,424.83,62.0
2023,Male,M,34,1609.0,15.15,169.0,3.99,204.0,7.52,338.0,1.32,263.0,77.24,25.0,28.19,0.0,16.87,214.0,2.0,140.0,24.41,221.0,439.57,35.0
2023,Male,M,35,1355.0,15.15,169.0,4.1,222.0,4.98,190.0,1.24,212.0,73.52,73.0,24.78,71.0,11.6,120.0,1.4,40.0,12.95,69.0,379.94,189.0
2023,Male,M,36,1329.0,13.92,324.0,,,,,,,65.91,234.0,,,23.15,332.0,2.2,179.0,27.19,260.0,,
2023,Male,M,37,1143.0,13.76,347.0,,,,,,,85.79,0.0,21.83,219.0,21.58,302.0,1.6,70.0,23.19,205.0,,
2023,Male,M,38,692.0,,,,,,,,,,,23.66,118.0,13.5,153.0,1.8,103.0,26.71,253.0,423.36,65.0
2023,Male,M,39,645.0,,,4.39,271.0,,,1.48,374.0,,,,,,,,,,,,
2023,Male,M40,1,3579.0,13.47,391.0,4.6,308.0,8.23,380.0,1.52,404.0,60.32,402.0,17.7,553.0,20.9,289.0,2.2,179.0,26.12,245.0,324.34,428.0
2023,Male,M40,2,2582.0,13.57,376.0,4.47,285.0,6.68,289.0,1.24,212.0,64.4,276.0,21.51,240.0,13.44,152.0,1.8,103.0,23.96,215.0,323.11,434.0
2023,Male,M40,3,2572.0,14.47,249.0,4.2,239.0,7.79,354.0,1.4,317.0,67.34,198.0,21.05,271.0,19.98,272.0,2.2,179.0,24.13,218.0,357.43,275.0
2023,Male,M40,4,2491.0,14.21,283.0,4.46,283.0,7.14,316.0,1.48,374.0,72.46,91.0,19.68,375.0,18.1,237.0,2.0,140.0,26.61,252.0,394.73,140.0
2023,Male,M40,5,2459.0,14.32,268.0,4.14,229.0,6.5,278.0,1.44,345.0,71.36,111.0,20.59,304.0,20.33,278.0,2.0,140.0,25.85,241.0,359.87,265.0
2023,Male,M40,6,2304.0,15.73,112.0,3.75,167.0,7.39,330.0,1.24,212.0,66.83,211.0,23.02,150.0,19.77,268.0,1.8,103.0,25.1,231.0,307.09,520.0
2023,Male,M40,7,2052.0,14.78,211.0,3.88,187.0,5.97,247.0,1.32,263.0,70.72,123.0,21.83,219.0,17.63,228.0,1.8,103.0,18.67,144.0,345.39,327.0
2023,Male,M40,8,1988.0,15.41,142.0,3.8,174.0,6.79,295.0,1.28,237.0,74.25,62.0,20.96,277.0,18.08,236.0,2.6,264.0,23.03,202.0,409.43,99.0
2023,Male,M40,9,1978.0,14.85,202.0,3.56,139.0,7.92,362.0,1.24,212.0,77.14,26.0,22.21,196.0,23.06,330.0,1.8,103.0,30.0,299.0,405.58,109.0
2023,Male,M40,10,1828.0,15.98,90.0,4.11,224.0,6.1,255.0,1.32,263.0,75.37,47.0,22.75,165.0,17.28,222.0,1.8,103.0,23.95,215.0,365.07,244.0
2023,Male,M40,11,1745.0,14.5,245.0,3.53,135.0,7.03,309.0,1.28,237.0,75.92,40.0,22.48,180.0,19.95,271.0,2.0,140.0,20.75,171.0,451.96,17.0
2023,Male,M40,12,1701.0,15.6,124.0,3.73,164.0,7.24,321.0,1.32,263.0,81.24,0.0,24.03,101.0,22.47,319.0,1.8,103.0,30.5,306.0,,
2023,Male,M40,13,1258.0,15.52,131.0,3.32,106.0,7.08,312.0,1.28,237.0,,,,,17.4,224.0,,,26.33,248.0,,
2023,Male,M40,14,1177.0,17.19,17.0,3.1,78.0,5.71,232.0,1.2,188.0,77.9,19.0,27.3,8.0,12.71,139.0,1.4,40.0,18.56,142.0,348.24,314.0
2023,Male,M40,15,943.0,13.81,340.0,3.88,187.0,6.44,274.0,1.12,142.0,,,,,,,,,,,,
2023,Male,M40,16,796.0,,,,,7.86,358.0,,,,,,,19.85,269.0,,,20.56,169.0,,
2023,Male,M50,1,3496.0,13.71,354.0,4.74,333.0,10.09,491.0,1.28,237.0,63.21,310.0,19.43,396.0,27.26,411.0,2.6,264.0,32.21,330.0,336.1,370.0
2023,Male,M50,2,3326.0,14.16,290.0,4.52,294.0,11.24,560.0,1.4,317.0,69.26,153.0,19.3,407.0,33.16,527.0,2.8,309.0,28.9,284.0,380.86,185.0
2023,Male,M50,3,2671.0,14.31,270.0,4.08,219.0,6.22,262.0,1.4,317.0,63.46,303.0,20.35,322.0,18.1,237.0,2.0,140.0,24.53,223.0,334.32,378.0
2023,Male,M50,4,2491.0,15.82,104.0,3.9,190.0,7.94,363.0,1.52,404.0,72.96,82.0,21.44,244.0,20.46,281.0,2.4,220.0,32.21,330.0,357.93,273.0
2023,Male,M50,5,2410.0,14.32,268.0,3.58,142.0,8.44,392.0,1.36,290.0,66.95,208.0,22.92,155.0,20.9,289.0,1.8,103.0,24.75,226.0,343.03,337.0
2023,Male,M50,6,2324.0,14.44,253.0,4.48,287.0,9.39,449.0,1.6,464.0,74.8,54.0,23.07,147.0,22.33,316.0,2.0,140.0,23.84,214.0,,
2023,Male,M50,7,2106.0,14.27,275.0,4.28,252.0,7.28,324.0,1.4,317.0,72.31,93.0,21.6,234.0,20.3,278.0,1.6,70.0,23.46,208.0,428.42,55.0
2023,Male,M50,8,2036.0,14.42,255.0,4.09,220.0,7.58,341.0,1.32,263.0,80.1,4.0,21.16,263.0,21.39,298.0,2.0,140.0,23.54,209.0,434.87,43.0
2023,Male,M50,9,2024.0,15.2,163.0,4.12,225.0,8.64,404.0,1.4,317.0,75.36,47.0,21.57,236.0,20.57,283.0,2.0,140.0,20.09,163.0,433.38,46.0
2023,Male,M50,10,1963.0,15.15,169.0,3.81,176.0,8.15,375.0,1.32,263.0,75.11,50.0,22.88,158.0,21.84,307.0,1.8,103.0,22.23,192.0,385.35,170.0
2023,Male,M50,11,1873.0,15.39,144.0,4.0,206.0,5.62,227.0,1.16,165.0,71.31,112.0,22.13,200.0,18.18,238.0,1.6,70.0,22.65,197.0,348.34,314.0
2023,Male,M50,12,1776.0,15.29,154.0,3.8,174.0,9.48,454.0,1.24,212.0,80.61,2.0,23.34,134.0,18.42,243.0,1.8,103.0,25.68,239.0,425.54,61.0
2023,Male,M50,13,1489.0,14.74,215.0,3.65,152.0,7.97,365.0,1.28,237.0,78.73,13.0,26.51,21.0,19.27,258.0,1.8,103.0,17.29,125.0,494.46,0.0
2023,Male,M50,14,1283.0,17.89,0.0,3.34,108.0,8.8,414.0,1.24,212.0,107.51,0.0,27.91,2.0,22.46,318.0,1.6,70.0,19.84,159.0,592.91,0.0
2023,Male,M50,15,1073.0,15.47,136.0,,,6.28,265.0,1.16,165.0,91.54,0.0,,,16.26,203.0,1.8,103.0,22.89,201.0,,
2023,Male,M50,16,1064.0,16.08,82.0,2.38,8.0,7.92,362.0,1.2,188.0,,,,,18.51,244.0,,,21.36,180.0,,
2023,Male,M50,17,1053.0,17.11,20.0,3.42,119.0,5.95,246.0,1.28,237.0,111.69,0.0,29.68,0.0,19.09,255.0,1.6,70.0,15.86,106.0,652.54,0.0
2023,Male,M50,18,516.0,16.11,80.0,2.74,38.0,8.53,398.0,,,,,,,,,,,,,,
2023,Male,M50,19,179.0,,,,,,,,,,,,,,,2.2,179.0,,,,
2023,Male,M60,1,1985.0,15.6,124.0,3.81,176.0,10.11,492.0,1.24,212.0,78.59,14.0,20.68,297.0,22.51,319.0,1.6,70.0,26.18,246.0,439.27,35.0
2023,Male,M60,2,1411.0,15.88,99.0,3.68,156.0,8.75,411.0,1.12,142.0,97.26,0.0,27.99,1.0,27.32,412.0,1.2,15.0,21.03,175.0,,
2023,Male,M60,3,1356.0,15.99,89.0,,,9.59,461.0,,,,,,,35.26,569.0,,,,,366.78,237.0
2023,Male,M60,4,678.0,19.12,0.0,2.59,24.0,6.42,273.0,1.04,100.0,124.58,0.0,31.26,0.0,13.59,155.0,1.2,15.0,16.21,111.0,639.9,0.0
2023,Female,W,1,3708.0,14.36,549.0,4.13,338.0,9.23,479.0,1.36,470.0,72.43,284.0,19.53,543.0,17.89,240.0,2.0,221.0,22.87,342.0,412.74,242.0
2023,Female,W,2,2992.0,15.3,416.0,3.97,301.0,7.87,391.0,1.28,389.0,75.24,213.0,22.44,324.0,19.4,267.0,2.0,221.0,24.69,376.0,460.96,94.0
2023,Female,W,3,2826.0,15.87,344.0,3.33,167.0,7.63,375.0,1.2,312.0,71.01,323.0,23.17,277.0,15.1,191.0,1.6,110.0,15.73,210.0,351.81,517.0
2023,Female,W,4,2739.0,15.61,376.0,3.87,279.0,6.97,333.0,1.24,350.0,74.82,223.0,22.54,317.0,17.63,235.0,1.6,110.0,19.88,287.0,416.23,229.0
2023,Female,W,5,2642.0,15.3,416.0,3.92,290.0,7.49,366.0,1.24,350.0,81.14,95.0,22.36,329.0,20.16,281.0,1.6,110.0,16.73,228.0,431.35,177.0
2023,Female,W,6,2544.0,16.7,250.0,3.98,303.0,6.63,311.0,1.4,512.0,76.13,193.0,23.03,286.0,11.2,124.0,,,14.82,193.0,381.2,372.0
2023,Female,W,7,2280.0,17.03,216.0,3.45,190.0,5.84,261.0,1.24,350.0,79.39,126.0,22.68,308.0,13.63,166.0,,,17.38,240.0,370.43,423.0
2023,Female,W,8,2138.0,16.75,245.0,3.34,168.0,7.34,357.0,1.4,512.0,82.91,68.0,24.65,193.0,13.45,162.0,1.4,64.0,12.68,154.0,420.19,215.0
2023,Female,W,9,2076.0,15.6,377.0,3.93,292.0,4.81,196.0,1.24,350.0,81.24,94.0,23.25,272.0,14.29,177.0,1.2,25.0,11.21,128.0,435.15,165.0
2023,Female,W,10,1561.0,17.22,198.0,3.18,139.0,6.1,278.0,1.2,312.0,87.99,14.0,27.28,78.0,12.58,148.0,1.6,110.0,11.8,138.0,441.29,146.0
2023,Female,W,11,1515.0,17.69,155.0,3.2,142.0,5.15,218.0,1.24,350.0,87.24,20.0,26.63,102.0,15.5,198.0,1.4,64.0,14.15,181.0,464.72,85.0
2023,Female,W40,1,3258.0,15.47,394.0,4.14,340.0,8.62,440.0,1.32,429.0,74.61,228.0,20.21,487.0,18.8,256.0,1.6,110.0,24.79,378.0,425.5,196.0
2023,Female,W40,2,1557.0,,,3.89,283.0,6.66,313.0,1.28,389.0,,,21.27,406.0,,,,,,,434.82,166.0
2023,Female,W40,3,1193.0,19.39,42.0,3.28,157.0,6.45,300.0,,,94.19,0.0,25.32,159.0,13.82,169.0,1.4,64.0,14.66,190.0,453.59,112.0
2023,Female,W50,1,2375.0,17.11,208.0,3.23,148.0,7.67,378.0,1.16,275.0,81.22,94.0,21.47,391.0,14.48,180.0,1.6,110.0,22.05,327.0,406.84,264.0
2023,Female,W50,2,2313.0,16.47,275.0,3.85,274.0,7.37,359.0,1.16,275.0,81.87,84.0,22.42,325.0,14.63,183.0,1.6,110.0,18.67,264.0,435.29,164.0
2023,Female,W50,3,1982.0,18.59,87.0,3.31,163.0,6.9,329.0,1.16,275.0,82.32,77.0,24.83,184.0,14.35,178.0,1.6,110.0,18.92,269.0,395.51,310.0
2023,Female,W50,4,1866.0,18.06,125.0,3.25,151.0,8.09,405.0,1.24,350.0,98.08,0.0,24.36,208.0,17.65,236.0,1.4,64.0,20.02,289.0,488.71,38.0
2023,Female,W50,5,1620.0,17.63,160.0,2.87,86.0,5.64,249.0,1.0,141.0,78.79,137.0,24.83,184.0,11.03,121.0,,,8.77,84.0,363.33,458.0
2023,Female,W50,6,1171.0,19.14,54.0,3.24,150.0,5.82,260.0,0.96,111.0,90.99,0.0,26.96,90.0,12.62,148.0,,,11.84,139.0,418.93,219.0
2023,Female,W50,7,380.0,35.84,0.0,1.19,0.0,4.93,204.0,,,210.91,0.0,,,9.33,93.0,,,8.7,83.0,948.99,0.0
2023,Female,W60,1,670.0,21.37,0.0,2.53,37.0,5.11,215.0,1.0,141.0,97.36,0.0,29.82,14.0,8.79,85.0,,,7.83,68.0,454.38,110.0
2023,Female,W70,1,617.0,22.1,0.0,2.28,11.0,5.73,254.0,0.96,111.0,136.17,0.0,,,12.25,142.0,,,9.62,99.0,697.62,0.0
2024,Male,M,1,4291.0,12.57,543.0,4.97,377.0,7.65,346.0,1.68,528.0,57.64,497.0,19.04,429.0,21.63,303.0,3.4,457.0,34.38,361.0,320.03,450.0
2024,Male,M,2,3914.0,12.55,547.0,4.89,361.0,8.64,404.0,1.56,434.0,57.07,518.0,18.2,505.0,23.08,330.0,2.2,179.0,18.83,146.0,312.42,490.0
2024,Male,M,3,3782.0,13.21,433.0,5.1,402.0,7.88,359.0,1.48,374.0,59.96,415.0,19.38,400.0,20.72,286.0,3.0,357.0,22.0,188.0,298.54,568.0
2024,Male,M,4,3634.0,12.8,502.0,5.26,433.0,8.53,398.0,1.6,464.0,61.85,352.0,19.06,427.0,22.6,321.0,2.2,179.0,30.41,305.0,362.84,253.0
2024,Male,M,5,3590.0,12.52,552.0,5.29,439.0,8.16,376.0,1.64,496.0,58.99,448.0,20.18,335.0,20.47,281.0,2.0,140.0,25.7,239.0,355.31,284.0
2024,Male,M,6,3487.0,13.32,415.0,5.07,396.0,7.57,341.0,1.52,404.0,58.76,456.0,19.29,407.0,18.48,244.0,2.0,140.0,28.35,276.0,328.31,408.0
2024,Male,M,7,3303.0,13.3,418.0,4.38,269.0,8.81,414.0,1.52,404.0,64.96,260.0,21.27,256.0,25.9,384.0,2.4,220.0,35.03,371.0,349.81,307.0
2024,Male,M,8,3278.0,13.09,453.0,4.88,360.0,9.11,432.0,1.6,464.0,63.27,309.0,21.87,217.0,21.5,300.0,2.2,179.0,23.67,211.0,339.68,353.0
2024,Male,M,9,3272.0,13.4,402.0,4.77,339.0,8.33,386.0,1.52,404.0,63.03,316.0,19.87,360.0,24.5,357.0,2.2,179.0,26.77,254.0,357.35,275.0
2024,Male,M,10,3257.0,12.62,534.0,5.18,417.0,6.8,296.0,1.6,464.0,63.27,309.0,20.32,324.0,16.69,211.0,2.0,140.0,23.53,209.0,339.65,353.0
2024,Male,M,11,3224.0,13.31,417.0,4.85,354.0,9.45,453.0,1.56,434.0,64.67,268.0,20.69,297.0,22.65,322.0,2.0,140.0,25.87,242.0,352.16,297.0
2024,Male,M,12,3100.0,13.5,387.0,4.37,267.0,6.6,284.0,1.4,317.0,62.49,332.0,20.19,334.0,17.01,217.0,2.4,220.0,27.6,266.0,315.17,476.0
2024,Male,M,13,3068.0,13.38,405.0,4.49,288.0,7.48,336.0,1.44,345.0,64.41,275.0,20.23,331.0,22.02,310.0,2.6,264.0,25.58,238.0,357.03,276.0
2024,Male,M,14,3054.0,13.06,458.0,4.47,285.0,7.37,329.0,1.44,345.0,63.21,310.0,20.39,319.0,19.18,257.0,2.2,179.0,27.72,267.0,350.27,305.0
2024,Male,M,15,3014.0,13.02,464.0,4.4,273.0,9.0,426.0,1.44,345.0,65.44,247.0,20.81,288.0,22.75,324.0,2.2,179.0,27.82,269.0,377.01,199.0
2024,Male,M,16,2994.0,13.08,454.0,4.2,239.0,7.83,356.0,1.52,404.0,61.12,376.0,20.91,281.0,18.4,242.0,2.4,220.0,23.98,215.0,374.87,207.0
2024,Male,M,17,2954.0,12.99,470.0,5.03,388.0,7.8,354.0,1.52,404.0,66.79,212.0,20.09,342.0,20.59,283.0,1.6,70.0,34.1,357.0,419.46,74.0
2024,Male,M,18,2943.0,13.14,444.0,4.48,287.0,8.1,372.0,1.6,464.0,64.98,259.0,22.79,162.0,16.21,202.0,2.6,264.0,24.07,217.0,358.1,272.0
2024,Male,M,19,2867.0,13.64,365.0,4.38,269.0,8.17,376.0,1.44,345.0,64.62,270.0,21.28,255.0,18.57,245.0,2.2,179.0,24.72,226.0,343.09,337.0
2024,Male,M,20,2788.0,13.96,318.0,4.63,313.0,9.07,430.0,1.32,263.0,70.99,118.0,21.06,270.0,24.25,353.0,2.4,220.0,32.02,328.0,383.96,175.0
2024,Male,M,21,2712.0,13.65,363.0,4.74,333.0,7.63,344.0,1.4,317.0,67.36,197.0,21.25,257.0,15.55,190.0,2.2,179.0,23.08,203.0,344.93,329.0
2024,Male,M,22,2698.0,13.42,399.0,4.47,285.0,9.7,468.0,,,71.43,109.0,18.97,435.0,24.0,348.0,2.6,264.0,36.4,390.0,,
2024,Male,M,23,2691.0,13.76,347.0,4.37,267.0,6.91,302.0,1.44,345.0,63.02,316.0,22.08,204.0,19.44,262.0,1.2,15.0,29.66,294.0,342.63,339.0
2024,Male,M,24,2631.0,13.58,374.0,5.0,382.0,9.36,447.0,1.4,317.0,66.15,228.0,23.2,141.0,17.43,224.0,2.4,220.0,25.04,230.0,422.34,68.0
2024,Male,M,25,2595.0,14.5,245.0,4.56,301.0,7.0,307.0,1.52,404.0,68.71,166.0,21.63,232.0,20.05,273.0,2.2,179.0,25.4,235.0,362.7,253.0
2024,Male,M,26,2509.0,14.39,259.0,4.2,239.0,7.85,357.0,1.32,263.0,66.77,212.0,22.29,191.0,20.84,288.0,2.0,140.0,27.41,263.0,352.16,297.0
2024,Male,M,27,2505.0,13.46,393.0,4.53,295.0,6.55,281.0,1.44,345.0,66.4,222.0,21.16,263.0,15.96,197.0,2.2,179.0,17.58,129.0,376.32,201.0
2024,Male,M,28,2481.0,13.5,387.0,4.66,319.0,7.82,356.0,1.4,317.0,69.91,139.0,24.19,94.0,19.27,258.0,2.0,140.0,29.6,294.0,383.26,177.0
2024,Male,M,29,2468.0,14.02,309.0,3.92,193.0,8.04,369.0,1.28,237.0,63.84,292.0,23.17,142.0,17.87,232.0,2.0,140.0,25.82,241.0,348.51,313.0
2024,Male,M,30,2418.0,13.81,340.0,4.63,313.0,8.68,407.0,1.08,121.0,68.15,179.0,22.19,197.0,24.17,351.0,1.8,103.0,33.29,346.0,425.47,61.0
2024,Male,M,31,2407.0,13.87,331.0,4.32,259.0,7.68,347.0,1.4,317.0,73.01,81.0,21.91,214.0,22.89,327.0,2.0,140.0,29.85,297.0,411.39,94.0
2024,Male,M,32,2397.0,13.18,438.0,4.92,367.0,7.76,352.0,1.52,404.0,65.5,245.0,24.5,82.0,18.72,248.0,,,27.3,261.0,,
2024,Male,M,33,2389.0,13.59,373.0,4.31,257.0,6.95,304.0,1.56,434.0,74.02,65.0,22.15,199.0,18.6,246.0,2.2,179.0,25.53,237.0,410.89,95.0
2024,Male,M,34,2323.0,13.15,443.0,4.12,225.0,6.26,264.0,1.32,263.0,65.64,242.0,25.25,55.0,19.38,260.0,2.4,220.0,22.61,197.0,390.24,154.0
2024,Male,M,35,2318.0,14.95,191.0,4.14,229.0,7.32,326.0,1.36,290.0,66.62,216.0,23.47,127.0,16.21,202.0,1.8,103.0,24.09,217.0,326.37,417.0
2024,Male,M,36,2299.0,14.09,300.0,4.32,259.0,7.48,336.0,1.2,188.0,68.08,180.0,21.46,243.0,15.87,196.0,2.0,140.0,24.07,217.0,366.16,240.0
2024,Male,M,37,2264.0,14.59,234.0,4.14,229.0,6.77,294.0,1.4,317.0,71.16,114.0,22.74,165.0,16.9,215.0,2.2,179.0,22.73,198.0,347.18,319.0
2024,Male,M,38,2234.0,14.03,308.0,3.69,158.0,7.22,320.0,1.44,345.0,66.2,227.0,23.4,131.0,17.4,224.0,1.8,103.0,18.74,144.0,357.57,274.0
2024,Male,M,39,2195.0,14.92,194.0,4.26,249.0,6.96,305.0,1.24,212.0,66.99,207.0,22.26,193.0,16.46,207.0,2.0,140.0,22.54,196.0,353.26,292.0
2024,Male,M,40,2138.0,14.01,311.0,4.0,206.0,6.15,258.0,1.24,212.0,67.5,194.0,22.55,176.0,15.74,193.0,1.6,70.0,18.69,144.0,335.29,374.0
2024,Male,M,41,2060.0,14.22,282.0,4.29,254.0,7.01,308.0,1.32,263.0,70.42,129.0,21.66,230.0,17.24,221.0,1.6,70.0,24.33,220.0,415.74,83.0
2024,Male,M,42,2037.0,13.15,443.0,4.67,321.0,,,,,64.12,284.0,21.32,252.0,21.92,308.0,2.0,140.0,29.3,289.0,,
2024,Male,M,43,2023.0,14.07,302.0,4.02,209.0,6.28,265.0,1.28,237.0,69.95,139.0,22.89,157.0,17.64,228.0,2.0,140.0,21.05,176.0,385.3,170.0
2024,Male,M,44,2013.0,14.33,267.0,4.36,266.0,7.26,323.0,1.36,290.0,71.88,101.0,22.29,191.0,14.58,172.0,2.0,140.0,27.42,263.0,,
2024,Male,M,45,2005.0,14.03,308.0,4.17,234.0,5.57,224.0,1.16,165.0,67.59,192.0,23.79,112.0,16.83,213.0,2.2,179.0,23.12,204.0,384.19,174.0
2024,Male,M,46,1994.0,14.37,262.0,3.95,198.0,8.68,407.0,1.24,212.0,68.27,176.0,28.11,0.0,22.79,325.0,1.2,15.0,29.02,285.0,403.55,114.0
2024,Male,M,47,1840.0,15.15,169.0,3.7,159.0,7.15,316.0,1.28,237.0,71.87,101.0,26.04,32.0,16.75,212.0,1.6,70.0,27.88,269.0,357.28,275.0
2024,Male,M,48,1829.0,15.16,168.0,3.82,177.0,8.13,374.0,1.28,237.0,75.53,45.0,22.7,167.0,14.47,170.0,1.4,40.0,23.68,211.0,366.01,240.0
2024,Male,M,49,1815.0,14.02,309.0,3.45,123.0,6.77,294.0,1.24,212.0,69.29,153.0,24.29,90.0,16.56,208.0,1.4,40.0,21.17,177.0,374.2,209.0
2024,Male,M,50,1800.0,14.33,267.0,4.05,214.0,6.82,297.0,1.4,317.0,73.07,80.0,32.05,0.0,18.7,248.0,1.4,40.0,29.44,291.0,433.22,46.0
2024,Male,M,51,1793.0,14.21,283.0,3.98,203.0,8.13,374.0,1.32,263.0,74.31,61.0,24.6,78.0,16.54,208.0,1.6,70.0,26.73,253.0,477.08,0.0
2024,Male,M,52,1749.0,14.08,301.0,4.19,237.0,8.8,414.0,1.32,263.0,72.58,89.0,24.88,67.0,21.48,300.0,1.6,70.0,,,460.8,8.0
2024,Male,M,53,1732.0,12.65,529.0,,,8.0,366.0,,,66.6,216.0,,,20.43,280.0,1.8,103.0,25.58,238.0,,
2024,Male,M,54,1716.0,14.51,244.0,4.14,229.0,5.38,213.0,1.24,212.0,71.27,112.0,22.88,158.0,11.58,119.0,,,18.18,137.0,353.22,292.0
2024,Male,M,55,1638.0,14.86,201.0,3.79,173.0,7.52,338.0,1.24,212.0,74.81,54.0,24.46,83.0,16.23,202.0,1.6,70.0,19.84,159.0,392.69,146.0
2024,Male,M,56,1561.0,14.32,268.0,4.04,212.0,7.22,320.0,,,76.73,31.0,24.64,76.0,16.79,213.0,2.0,140.0,28.38,276.0,446.2,25.0
2024,Male,M,57,1539.0,15.2,163.0,3.27,99.0,5.65,228.0,1.36,290.0,70.98,118.0,26.38,24.0,12.17,130.0,,,19.2,151.0,343.36,336.0
2024,Male,M,58,1530.0,14.26,276.0,3.9,190.0,6.37,270.0,1.2,188.0,69.39,151.0,28.46,0.0,15.61,191.0,1.4,40.0,24.57,224.0,528.5,0.0
2024,Male,M,59,1471.0,14.33,267.0,4.55,299.0,8.4,390.0,1.48,374.0,69.84,141.0,,,,,,,,,,
2024,Male,M,60,1431.0,14.83,205.0,3.66,153.0,5.43,216.0,1.28,237.0,73.99,66.0,25.12,59.0,16.75,212.0,2.0,140.0,18.65,143.0,,
2024,Male,M,61,1417.0,14.59,234.0,3.85,182.0,5.47,218.0,1.28,237.0,74.24,62.0,24.46,83.0,13.32,150.0,1.4,40.0,20.0,161.0,430.74,50.0
2024,Male,M,62,1316.0,14.78,211.0,3.27,99.0,6.31,267.0,1.2,188.0,71.51,108.0,29.46,0.0,13.11,146.0,1.4,40.0,16.62,116.0,394.43,141.0
2024,Male,M,63,1276.0,15.48,135.0,3.74,165.0,5.41,215.0,1.28,237.0,76.22,36.0,25.51,47.0,10.99,109.0,1.6,70.0,13.35,74.0,380.02,188.0
2024,Male,M,64,1098.0,13.7,356.0,,,,,,,65.05,258.0,,,15.89,196.0,1.6,70.0,24.15,218.0,,
2024,Male,M,65,1023.0,13.12,448.0,,,,,,,,,,,16.96,216.0,2.0,140.0,24.27,219.0,,
2024,Male,M,66,986.0,,,,,9.7,468.0,,,,,,,21.93,308.0,,,23.59,210.0,,
2024,Male,M,67,751.0,12.87,490.0,,,,,,,,,,,19.43,261.0,,,,,,
2024,Male,M,68,749.0,18.12,0.0,2.78,42.0,6.83,297.0,1.08,121.0,92.42,0.0,,,15.24,184.0,,,15.73,105.0,548.48,0.0
2024,Male,M,69,650.0,17.13,19.0,2.92,57.0,5.65,228.0,1.12,142.0,86.32,0.0,30.85,0.0,11.57,119.0,,,12.7,66.0,450.34,19.0
2024,Male,M,70,628.0,,,,,,,,,68.91,161.0,,,,,2.0,140.0,31.95,327.0,,
2024,Male,M,71,505.0,15.7,114.0,,,,,,,,,,,16.28,203.0,1.4,40.0,19.0,148.0,,
2024,Male,M,72,475.0,15.55,128.0,2.76,40.0,4.55,165.0,1.12,142.0,,,,,,,,,,,,
2024,Male,M40,1,4127.0,13.45,488.0,4.77,421.0,8.04,423.0,1.56,493.0,67.9,301.0,19.11,516.0,23.72,389.0,2.8,361.0,31.44,358.0,351.42,377.0
2024,Male,M40,2,3391.0,14.46,334.0,4.35,334.0,7.91,414.0,1.48,428.0,66.23,349.0,21.13,350.0,18.42,277.0,2.0,170.0,28.08,306.0,340.55,429.0
2024,Male,M40,3,3116.0,14.09,387.0,4.27,318.0,7.4,381.0,1.4,365.0,68.0,299.0,20.46,401.0,17.21,253.0,2.0,170.0,23.85,242.0,369.12,300.0
2024,Male,M40,4,3051.0,14.09,387.0,4.24,312.0,7.64,397.0,1.44,396.0,73.23,170.0,20.12,429.0,18.07,270.0,2.0,170.0,27.01,290.0,387.32,230.0
2024,Male,M40,5,2999.0,14.32,354.0,4.02,269.0,6.63,330.0,1.44,396.0,69.56,257.0,21.52,321.0,20.74,326.0,2.2,214.0,21.84,212.0,364.36,320.0
2024,Male,M40,6,2936.0,15.35,220.0,4.11,287.0,6.81,342.0,1.4,365.0,68.63,282.0,22.29,268.0,19.02,290.0,1.6,90.0,31.22,355.0,338.87,437.0
2024,Male,M40,7,2695.0,14.57,319.0,4.35,334.0,6.63,330.0,1.36,335.0,70.79,226.0,22.14,278.0,17.24,253.0,2.0,170.0,14.7,108.0,359.32,342.0
2024,Male,M40,8,2651.0,15.13,246.0,3.81,231.0,7.16,365.0,1.28,278.0,69.05,270.0,22.57,250.0,16.02,228.0,2.2,214.0,18.09,157.0,344.09,412.0
2024,Male,M40,9,2594.0,15.28,228.0,4.02,269.0,7.47,385.0,1.32,306.0,72.75,181.0,21.82,300.0,18.31,275.0,1.8,128.0,25.34,265.0,380.04,257.0
2024,Male,M40,10,2585.0,15.22,235.0,3.61,195.0,7.84,410.0,1.44,396.0,72.3,191.0,22.04,285.0,23.73,389.0,1.2,26.0,18.59,164.0,370.71,294.0
2024,Male,M40,11,2381.0,15.72,179.0,3.94,254.0,7.39,380.0,1.36,335.0,75.8,119.0,21.88,296.0,14.42,196.0,1.8,128.0,19.73,181.0,366.03,313.0
2024,Male,M40,12,2336.0,14.7,301.0,3.99,264.0,7.53,389.0,1.2,224.0,72.54,186.0,21.87,296.0,18.29,275.0,2.0,170.0,19.22,173.0,448.61,58.0
2024,Male,M40,13,2234.0,15.52,201.0,4.04,273.0,5.96,286.0,1.32,306.0,75.62,123.0,23.16,214.0,17.2,252.0,1.8,128.0,21.98,214.0,385.29,237.0
2024,Male,M40,14,1674.0,16.49,106.0,2.95,92.0,5.88,281.0,1.12,173.0,76.22,112.0,27.17,41.0,16.02,228.0,1.4,56.0,18.44,162.0,341.76,423.0
2024,Male,M40,15,1513.0,14.5,328.0,3.72,215.0,5.67,267.0,,,95.89,0.0,22.62,247.0,15.66,221.0,1.2,26.0,21.65,209.0,,
2024,Male,M40,16,1500.0,15.53,200.0,3.0,99.0,6.92,349.0,1.36,335.0,94.89,0.0,,,14.72,202.0,1.6,90.0,18.82,167.0,448.37,58.0
2024,Male,M40,17,1480.0,15.38,217.0,1.71,0.0,9.12,495.0,1.24,250.0,,,,,19.24,294.0,,,22.64,224.0,,
2024,Male,M40,18,1262.0,15.03,258.0,,,,,,,72.86,178.0,,,21.17,335.0,2.4,261.0,23.06,230.0,,
2024,Male,M40,19,1235.0,14.11,384.0,,,,,,,66.09,353.0,,,13.88,185.0,1.6,90.0,22.6,223.0,,
2024,Male,M40,20,1095.0,15.69,182.0,3.76,222.0,7.62,395.0,1.16,198.0,,,,,,,,,13.98,98.0,,
2024,Male,M40,21,507.0,15.65,186.0,,,,,,,,,,,19.29,295.0,1.2,26.0,,,,
2024,Male,M40,22,286.0,16.5,105.0,,,,,,,,,,,13.65,181.0,,,,,,
2024,Male,M50,1,5013.0,13.63,600.0,4.51,490.0,9.45,550.0,1.48,560.0,63.61,572.0,18.2,698.0,22.19,323.0,2.2,286.0,25.04,310.0,331.07,624.0
2024,Male,M50,2,4497.0,13.77,577.0,4.19,411.0,9.19,532.0,1.24,346.0,65.19,518.0,21.36,419.0,24.73,372.0,2.6,404.0,29.93,395.0,351.1,523.0
2024,Male,M50,3,3868.0,14.7,431.0,4.38,457.0,8.79,504.0,1.32,414.0,79.28,150.0,21.48,410.0,27.62,430.0,2.4,344.0,32.95,449.0,408.24,279.0
2024,Male,M50,4,3386.0,14.66,436.0,3.42,239.0,7.76,431.0,1.28,379.0,68.06,428.0,25.15,176.0,18.53,252.0,1.6,133.0,25.47,317.0,336.6,595.0
2024,Male,M50,5,3294.0,14.78,419.0,3.4,235.0,7.62,422.0,1.24,346.0,75.31,234.0,20.92,454.0,22.74,333.0,2.0,232.0,27.95,360.0,413.71,259.0
2024,Male,M50,6,3289.0,14.61,444.0,4.35,450.0,6.67,356.0,,,68.41,417.0,20.87,458.0,19.1,263.0,1.8,181.0,22.42,265.0,365.38,455.0
2024,Male,M50,7,3266.0,15.14,368.0,4.03,373.0,8.2,462.0,1.36,449.0,71.52,329.0,22.58,330.0,20.38,288.0,1.2,50.0,21.79,254.0,386.64,363.0
2024,Male,M50,8,3102.0,14.74,425.0,3.73,305.0,6.29,329.0,1.28,379.0,71.56,328.0,22.32,348.0,23.14,341.0,1.8,181.0,18.96,206.0,413.56,260.0
2024,Male,M50,9,3085.0,15.76,288.0,3.88,338.0,7.78,433.0,1.24,346.0,73.99,265.0,22.84,313.0,21.36,306.0,2.0,232.0,20.63,234.0,394.7,330.0
2024,Male,M50,10,3064.0,15.57,311.0,4.03,373.0,7.8,434.0,1.32,414.0,78.74,161.0,22.07,366.0,19.75,275.0,2.2,286.0,18.09,191.0,415.4,253.0
2024,Male,M50,11,2913.0,14.9,402.0,4.18,409.0,8.7,498.0,1.36,449.0,70.22,364.0,21.97,374.0,26.98,417.0,,,,,,
2024,Male,M50,12,2895.0,16.14,243.0,3.95,354.0,7.3,399.0,1.28,379.0,70.26,363.0,25.56,156.0,17.05,224.0,1.4,89.0,13.98,124.0,342.81,564.0
2024,Male,M50,13,2611.0,16.17,239.0,3.71,300.0,5.54,278.0,1.04,193.0,73.34,281.0,24.49,211.0,18.99,261.0,1.8,181.0,16.69,168.0,355.95,499.0
2024,Male,M50,14,2537.0,16.28,227.0,3.32,219.0,8.95,515.0,1.28,379.0,83.71,77.0,22.8,315.0,21.16,303.0,1.4,89.0,25.16,312.0,468.09,101.0
2024,Male,M50,15,2323.0,15.77,286.0,4.08,385.0,6.35,333.0,1.24,346.0,78.32,169.0,27.86,64.0,14.6,179.0,1.8,181.0,16.02,157.0,424.38,223.0
2024,Male,M50,16,2262.0,16.18,238.0,3.09,174.0,7.29,399.0,1.2,313.0,77.49,186.0,25.1,179.0,16.79,219.0,,,15.76,153.0,377.53,401.0
2024,Male,M50,17,2231.0,15.39,335.0,3.7,298.0,7.0,378.0,1.2,313.0,74.31,258.0,23.42,275.0,12.88,147.0,,,,,423.07,227.0
2024,Male,M50,18,2148.0,15.96,263.0,3.4,235.0,6.42,338.0,1.12,251.0,77.68,182.0,27.63,71.0,18.67,255.0,1.8,181.0,17.02,173.0,431.74,199.0
2024,Male,M50,19,2097.0,17.81,87.0,3.28,211.0,6.42,338.0,1.08,221.0,80.0,137.0,26.25,124.0,17.56,234.0,1.4,89.0,20.14,226.0,370.98,430.0
2024,Male,M50,20,2041.0,14.15,515.0,2.13,26.0,7.67,425.0,1.32,414.0,,,,,22.43,327.0,1.6,133.0,18.65,201.0,,
2024,Male,M50,21,1989.0,15.88,273.0,3.16,187.0,6.52,345.0,1.2,313.0,82.51,95.0,24.1,233.0,13.65,161.0,2.0,232.0,15.63,150.0,,
2024,Male,M50,22,1864.0,18.29,55.0,3.39,233.0,7.9,441.0,1.24,346.0,121.14,0.0,28.12,56.0,22.6,331.0,1.8,181.0,19.86,221.0,588.02,0.0
2024,Male,M50,23,1553.0,14.84,410.0,,,,,,,,,,,25.56,389.0,2.6,404.0,27.36,350.0,,
2024,Male,M50,24,1448.0,17.9,81.0,3.33,221.0,6.18,322.0,1.16,281.0,107.98,0.0,31.2,1.0,19.99,280.0,1.6,133.0,14.33,129.0,,
2024,Male,M50,25,1216.0,16.61,192.0,,,,,,,81.96,103.0,,,25.5,387.0,1.4,89.0,32.73,445.0,,
2024,Male,M50,26,704.0,17.43,116.0,,,,,,,115.17,0.0,,,20.06,281.0,,,24.9,307.0,,
2024,Male,M50,27,230.0,23.94,0.0,,,,,,,,,,,10.74,109.0,,,13.84,121.0,,
2024,Male,M60,1,4907.0,15.9,406.0,3.79,448.0,8.34,510.0,1.48,738.0,72.61,441.0,20.44,403.0,24.25,382.0,2.6,536.0,30.76,493.0,360.11,550.0
2024,Male,M60,2,3455.0,15.81,418.0,3.77,442.0,9.1,568.0,1.2,436.0,79.36,267.0,21.27,339.0,23.48,366.0,1.4,138.0,20.62,287.0,451.63,194.0
2024,Male,M60,3,2805.0,15.53,457.0,3.57,387.0,8.37,513.0,1.16,397.0,88.65,94.0,25.33,104.0,25.73,413.0,1.4,138.0,21.37,302.0,,
2024,Male,M60,4,2740.0,,,,,10.77,694.0,1.28,517.0,,,19.27,502.0,32.16,547.0,,,30.11,480.0,,
2024,Male,M60,5,2276.0,16.74,300.0,3.27,309.0,6.2,351.0,1.2,436.0,90.03,75.0,23.6,188.0,17.3,242.0,,,18.44,244.0,474.82,131.0
2024,Male,M60,6,2074.0,20.64,11.0,2.88,215.0,7.95,481.0,1.2,436.0,98.82,2.0,31.71,0.0,19.7,290.0,1.4,138.0,24.89,373.0,475.75,128.0
2024,Male,M60,7,1952.0,16.72,303.0,,,8.41,516.0,0.96,219.0,,,,,20.62,308.0,1.8,256.0,23.74,350.0,,
2024,Male,M60,8,1913.0,15.48,464.0,3.68,417.0,9.99,635.0,1.16,397.0,,,,,,,,,,,,
2024,Male,M60,9,936.0,19.5,59.0,,,6.74,391.0,,,,,,,16.61,228.0,1.2,88.0,14.58,170.0,,
2024,Male,M70,1,834.0,22.75,2.0,1.86,74.0,4.51,236.0,0.88,253.0,123.56,0.0,,,9.41,127.0,,,8.92,95.0,611.13,47.0
2024,Male,M70,2,724.0,25.85,0.0,1.86,74.0,5.82,334.0,,,,,,,10.41,150.0,,,12.12,166.0,,
2024,Female,W,1,2891.0,15.36,408.0,3.45,190.0,6.18,283.0,1.2,312.0,69.16,377.0,21.91,360.0,13.97,171.0,1.4,64.0,15.88,213.0,352.67,513.0
2024,Female,W,2,2619.0,15.31,415.0,3.77,257.0,7.55,370.0,1.24,350.0,78.3,147.0,22.91,293.0,18.45,250.0,1.8,163.0,24.57,374.0,,
2024,Female,W,3,2456.0,15.59,379.0,3.59,218.0,6.58,308.0,1.2,312.0,73.68,251.0,23.2,275.0,16.63,218.0,1.4,64.0,17.03,234.0,425.29,197.0
2024,Female,W,4,2386.0,16.45,277.0,3.3,161.0,6.67,314.0,1.28,389.0,78.85,136.0,22.67,309.0,13.12,157.0,1.2,25.0,14.15,181.0,367.58,437.0
2024,Female,W,5,2303.0,15.5,390.0,3.81,265.0,6.83,324.0,1.12,239.0,87.06,21.0,21.88,362.0,15.09,191.0,1.8,163.0,23.18,348.0,,
2024,Female,W,6,2116.0,16.34,289.0,3.3,161.0,6.71,316.0,1.28,389.0,69.95,353.0,24.54,199.0,14.14,174.0,,,10.9,122.0,453.21,113.0
2024,Female,W,7,1986.0,16.77,242.0,3.54,208.0,6.4,297.0,1.32,429.0,84.34,49.0,26.11,124.0,14.56,182.0,1.6,110.0,12.26,147.0,424.93,198.0
2024,Female,W,8,1765.0,17.25,195.0,3.15,133.0,4.36,168.0,1.12,239.0,69.78,358.0,25.85,135.0,13.83,169.0,1.2,25.0,12.66,154.0,427.62,189.0
2024,Female,W,9,1504.0,16.8,239.0,3.3,161.0,5.33,229.0,1.12,239.0,82.0,82.0,26.95,90.0,10.93,120.0,1.4,64.0,11.19,127.0,439.04,153.0
2024,Female,W,10,1479.0,16.93,226.0,2.89,89.0,5.4,233.0,1.12,239.0,84.23,51.0,27.27,79.0,14.88,187.0,1.4,64.0,14.72,192.0,450.99,119.0
2024,Female,W,11,1425.0,16.8,239.0,3.47,194.0,4.56,181.0,1.16,275.0,89.32,6.0,26.29,116.0,10.63,115.0,1.6,110.0,11.83,139.0,482.11,50.0
2024,Female,W,12,1387.0,18.62,85.0,2.98,104.0,5.88,264.0,1.0,141.0,89.43,5.0,30.37,6.0,15.79,203.0,1.6,110.0,24.05,364.0,456.29,105.0
2024,Female,W,13,1217.0,18.49,94.0,3.11,126.0,5.09,214.0,1.16,275.0,89.37,6.0,27.06,86.0,13.53,164.0,,,12.73,155.0,459.76,97.0
2024,Female,W,14,834.0,17.79,147.0,2.86,84.0,5.61,247.0,1.0,141.0,86.81,23.0,29.13,27.0,13.58,165.0,,,,,,
2024,Female,W,15,518.0,,,,,5.78,257.0,,,,,,,12.45,145.0,,,10.54,116.0,,
2024,Female,W,16,462.0,16.55,266.0,,,,,,,,,,,15.37,196.0,,,,,,
2024,Female,W40,1,4518.0,15.17,530.0,4.47,549.0,9.44,561.0,1.28,526.0,80.53,204.0,18.26,738.0,30.24,533.0,2.0,311.0,30.26,566.0,,
2024,Female,W40,2,4210.0,15.53,481.0,4.27,490.0,7.3,406.0,1.4,672.0,73.61,378.0,21.56,464.0,19.37,307.0,1.8,239.0,24.74,446.0,413.97,327.0
2024,Female,W40,3,2870.0,16.45,364.0,3.27,227.0,6.25,331.0,1.2,433.0,82.45,165.0,21.87,441.0,13.4,188.0,1.2,58.0,17.59,292.0,403.32,371.0
2024,Female,W40,4,2808.0,17.5,249.0,3.26,224.0,9.6,572.0,1.16,389.0,86.05,101.0,22.82,375.0,22.77,376.0,,,19.23,327.0,450.39,195.0
2024,Female,W40,5,2675.0,16.51,357.0,2.97,160.0,5.14,253.0,1.2,433.0,79.24,233.0,25.05,239.0,14.39,207.0,1.6,172.0,17.96,300.0,415.47,321.0
2024,Female,W40,6,2638.0,17.07,294.0,3.32,238.0,6.08,319.0,1.08,304.0,85.35,112.0,23.34,341.0,15.79,235.0,1.8,239.0,22.34,394.0,461.01,162.0
2024,Female,W40,7,1747.0,19.31,98.0,3.08,184.0,5.54,281.0,1.08,304.0,94.47,9.0,25.93,193.0,14.97,219.0,1.4,111.0,13.95,215.0,471.59,133.0
2024,Female,W40,8,1604.0,18.47,160.0,2.62,92.0,5.11,251.0,1.12,346.0,87.88,74.0,32.03,5.0,12.64,174.0,,,12.14,177.0,414.29,325.0
2024,Female,W50,1,4375.0,16.0,581.0,3.67,454.0,8.23,554.0,1.16,535.0,81.74,349.0,21.94,594.0,15.87,293.0,1.6,243.0,19.95,405.0,443.28,367.0
2024,Female,W50,2,3781.0,17.08,442.0,3.2,311.0,7.76,515.0,1.28,699.0,93.04,119.0,23.08,510.0,18.3,351.0,1.6,243.0,17.02,333.0,473.39,258.0
2024,Female,W50,3,3640.0,17.86,353.0,3.14,294.0,6.03,374.0,1.16,535.0,82.19,338.0,26.89,275.0,15.05,273.0,1.6,243.0,17.9,355.0,390.33,600.0
2024,Female,W50,4,3044.0,17.1,440.0,2.51,133.0,5.39,322.0,1.0,336.0,76.05,505.0,27.96,221.0,14.84,268.0,,,7.49,103.0,367.72,716.0
2024,Female,W50,5,2800.0,18.48,289.0,3.06,271.0,6.36,401.0,1.0,336.0,88.16,205.0,25.15,374.0,9.35,142.0,1.4,167.0,15.22,289.0,453.97,326.0
2024,Female,W50,6,823.0,21.76,49.0,2.06,44.0,5.07,296.0,0.8,126.0,122.37,0.0,34.28,18.0,7.91,111.0,,,10.45,174.0,601.69,5.0
2024,Female,W60,1,2402.0,20.69,235.0,2.35,177.0,4.49,319.0,0.92,377.0,102.46,132.0,30.82,260.0,9.84,202.0,,,8.98,187.0,454.42,513.0
2024,Female,W70,1,2647.0,23.73,167.0,2.13,222.0,5.54,548.0,0.96,640.0,138.98,0.0,35.86,300.0,12.22,371.0,,,9.65,294.0,687.97,105.0
